0020
f9a9
f1ec
f8b1
06b3
05cb
0579
0db7
0887
ff78
04a9
06ef
000c
fe81
ff85
f894
f314
f879
fd29
fc17
fdbf
05a5
054e
003e
0603
068e
0149
02ef
046f
00f7
fc6e
fbe0
fe4e
fb07
fc12
0256
fedf
fb5f
006b
ffbe
fd69
fc60
ffac
0a45
121b
f8e9
0f34
080d
ef10
f94d
04ba
ed66
f71d
fd2d
f81a
faaf
0f9a
0816
0a3e
1408
03b8
fa1c
0052
f6f3
f597
0128
00c0
fc18
023d
0344
fcd0
0242
07ee
ff61
fdbb
0048
fbee
f9d0
fff5
0132
00ea
010a
0296
fff1
fe87
000d
01dc
00bc
0254
0364
00c9
fd31
ff16
fec5
fd7e
0096
00c8
ffd0
fddf
fff9
0143
0027
024d
00ac
fc73
ff98
0064
ff29
035c
04b7
0295
01a4
ff05
fd9d
fd30
fb12
fc62
fe4a
fc3b
fcbb
01f0
0056
0089
05c3
062d
ff87
03cc
02a7
fb13
fc5f
0085
fa77
feaf
01c2
05e5
fb9f
0ca1
fb88
183f
b42d
ed8a
67b4
078a
9e4c
49b5
03c6
b5c3
2522
2ebe
bf16
137c
14e4
ee26
f439
21f1
e9e2
fdb9
f779
fb26
01ae
0d55
f600
157c
0b61
e745
fb31
1c19
e60d
f108
28ba
f76a
e190
274f
0937
e144
0bab
1390
e5d8
e8a8
15bc
010f
df32
146c
1b94
e66e
03f5
217b
f177
ec96
1453
0521
e150
0140
163a
e9a3
f20e
199b
fc68
ec92
0d74
0c41
f20f
ff7a
1673
ff8f
f271
0d7d
0ae6
ef60
0031
0e24
fb01
efb8
0632
0761
ecf7
fa96
1484
f90c
f2bc
15b9
096e
ee45
059a
1279
e9b8
ed58
1274
faaa
e881
12f5
0e9b
ed71
0b3a
271d
fa0d
cbc6
08f3
e435
ecb8
148a
1538
fb3c
10be
22bc
032e
0599
117b
f07e
e807
e8c6
ee9c
f4e7
ff10
0dcd
1b42
06c4
09dd
092b
f1a6
eb5b
fc70
f918
f264
ff84
0be9
fffa
0174
1a36
14b2
f9c7
0257
01d0
e1e7
ec99
0712
fc50
f5f7
0e29
0a61
efc9
00df
15b3
f97a
f76e
1343
fe7d
ee08
0aa4
0ed3
fce6
0576
0e32
fa12
ed5e
fe8f
ff1a
ef53
f9dc
06cc
fb88
f922
093f
0c92
fd6d
0576
107b
fb55
f478
0674
fdc1
f18b
026f
097d
f7c9
fb25
09bb
fae1
f531
088b
05e9
f975
038b
09a6
002a
fcf2
0b10
08c7
fa98
03c1
0fd9
f79a
d4e8
dd42
01ec
071d
038f
20e4
0a99
f60b
1a18
0e44
fbb4
091c
fb22
e37a
eb61
fc1e
fb60
02c8
1310
077a
fa26
0402
f840
f807
fdf3
0112
01e8
0378
04d4
07a3
04cf
06ee
06af
044d
f99e
f4d7
f68c
f313
f764
03f3
0488
0238
03ac
03d6
fe8f
fe3f
0787
0411
fad4
0198
ffc2
f739
0000
0878
0461
02a0
04d1
0185
f7aa
fc5d
025e
fbc1
fc05
03a1
ff0f
f9da
016c
07c6
fe5d
01d3
08d8
fcc9
f98f
032b
fd55
fb93
025e
0250
fea5
fde3
01b1
ff30
fb8f
01e9
0378
ff0d
01aa
0386
008c
fdeb
fe48
0217
fb00
0317
d8a5
0dca
269d
06bc
f0d1
20f8
fd43
ef6c
faa1
f53a
eeb6
f293
f6fc
061e
05a6
0a4e
132d
156c
01f6
f946
039c
efd4
e27a
08b4
060d
f5fc
0f35
1336
f26a
fe4c
0732
f771
eceb
fbd7
f629
f127
ffbf
15a4
0f0f
0ba3
12ad
0a9c
f58b
fca0
04b3
f71e
f3a2
0000
f906
f352
042a
0950
fff4
ff1c
051f
f98f
f598
03a9
083d
ffbe
04fe
0b84
0099
fb84
03e2
0247
f932
fcfd
ffab
f7d7
f40b
00fd
0338
fe4c
0534
0c9f
00a5
021f
0656
00ad
fa82
01ee
03d1
f952
f96c
04a5
fce3
f954
0324
0057
fa23
0004
003e
f80f
f9b4
1513
1445
f9f9
1232
0a8f
ea5a
f78a
0797
f0f4
f206
feeb
f919
f506
080f
0cb4
0823
0bf6
04b1
fe64
f9c6
f81f
ff66
ff9b
fde9
08f1
078b
fb88
fe21
02e5
fa0b
f91e
0234
fe68
f64a
ffe1
0702
fdee
0522
0f52
0087
f920
01df
fcdc
f55d
00b1
06dd
ff2d
fca4
0417
ffe7
f8fc
0234
06c5
fa7d
fba1
0364
fd62
f9b1
08c0
0815
fb1f
fdae
0462
f9a2
f81c
0648
03ee
f8c2
0396
058c
fb65
ff92
0489
feca
fc59
fe75
0012
fb51
fc2a
04d7
045e
fdcc
0491
0704
fcad
fccf
04a4
f9ae
f6c7
01d5
013f
f71c
fec7
f393
e928
2bdd
4350
12c0
d3f1
1a06
e290
cb6c
114e
f914
df85
094d
02e1
0dac
0f1b
22a6
0c56
fcb2
e32a
f64e
e876
f056
fc58
17e0
0504
0156
13dd
11d4
f0be
0053
1185
e58b
edf0
1161
f6ac
efa6
1b85
0ddd
fa10
01f4
109d
f20d
e7d1
0a3b
01da
e968
0d39
127f
f6ee
0216
114e
0320
f29f
0658
022f
e60f
f3a1
07f3
f664
fa8a
0d4d
08b0
fce4
051e
1034
01a1
f99f
0b90
0359
f027
fecd
049c
f6cc
f468
04e1
014c
f209
0251
0ecd
f47c
fe44
1057
004e
fac6
0ca5
0817
f3a0
fb7a
0cd0
f5e2
f7d6
09af
073d
f238
2f3f
e42e
bd4e
3498
d060
cd61
387c
053f
e8da
2ca0
26d5
edf8
2093
10a5
ded9
f699
f1c0
d0e3
fd0c
0552
f800
1f69
1fbc
fd38
0f50
0c3e
e02f
ed7f
09ac
eb02
f0a6
154a
04ba
f653
1ad7
1c54
f360
fa12
0948
e393
de1a
0cb6
066f
ee33
0ded
18b5
ef91
fa0e
1c35
fcca
ee30
0fe6
fd9a
e6fa
0560
1563
0250
085e
132f
00df
eceb
fc50
04ec
f271
f719
09a7
fb50
f4ea
0587
0956
fc7a
0139
0f8f
ffb9
f1ce
02d6
022f
f349
fea7
0c57
ff54
f8f5
0908
05ca
f2ed
004b
09a8
f654
f70b
0a6c
01ad
f99d
0ce9
15f8
0912
0d78
e19d
d15a
fbf3
16d0
f304
0f7b
0d4f
fa2b
0510
0822
09a4
05d3
eea2
f3ef
f238
ee4c
fced
15ff
105c
037f
0d1f
0cb4
e6e5
f5a7
0497
e9a6
efd9
0f31
ff4c
f69a
1205
14ef
0088
0c35
0f2c
f7a2
ecad
fabb
fb6b
f1a0
017b
1121
fbec
f5fb
07f8
fbac
f340
05a1
0a44
f754
fb1c
0a9a
04ed
fd3d
122c
0f79
f71a
f7b2
fcad
f030
f12a
027c
028b
f950
038d
0b29
fd52
feff
0bf5
06e3
fa95
0187
0934
fc3c
f99c
0b28
0266
f543
0426
0409
f11f
f649
045d
fa42
f7c8
0c43
0998
f8a9
066f
0aba
fc6d
fbe6
0ab6
fd91
02b3
f47d
eb3c
0590
fde3
fe8c
107e
11c0
fb50
0090
fc55
fe0b
042d
01e8
fc12
017c
fdb3
f6df
06d1
0892
fb32
ff56
009f
f02b
f717
065f
0495
00a0
0f20
074f
fca2
00c6
0356
f765
f58e
f9cb
fb69
f980
fe12
0a58
03dc
0231
0a67
06fc
fbc2
0246
0509
f9a5
f8ac
0410
fdb3
faa7
0417
028d
f9fe
ffc1
016c
fe65
fdc0
049c
0385
fe65
032f
05b5
fe77
fe6e
008c
fe83
fa07
fa4b
ffdb
f9d4
f91c
0528
0352
fb64
0472
0630
fdbf
0067
07d1
001c
fd25
04fd
008e
f9b9
0010
031f
fce6
fdb9
ff61
fc52
f8d3
febe
001f
0032
ff4f
ffac
f7d7
1977
122a
0f3a
154f
f662
e889
f585
ede0
ea9d
f69f
fb2d
f116
03d5
1331
0eef
19b8
188e
feab
fc05
f3a9
ec23
f425
fe98
0183
07d8
0a0a
068c
fedd
052b
fdf7
f996
fd91
f8a1
f1ae
fc54
01db
0516
108f
1324
0b26
0358
ffc7
f82b
f641
f9fb
faf5
fa7a
fc1f
fb3c
feec
0402
05db
0909
01a8
f9d8
f7f6
f92e
f9e2
0092
07fe
0545
04b2
06d8
0379
0256
041a
ffba
fcb1
fa9b
f9c1
f95d
fd98
02a9
0505
0130
018c
0234
fef9
fbe6
0047
0218
ff4a
03d5
0517
ff08
fe0d
0349
fc60
f9b8
fe32
fb73
f32f
fc1b
fb2d
f364
ed9a
2f02
19d6
0fa0
23a0
f8ce
e792
fd37
eff4
fa2c
e839
fa78
f33a
fb2d
0e38
1073
1378
0d28
f697
f93b
f55f
edea
0261
06d8
0273
0c32
0967
0118
fecb
ffea
f734
f891
f309
f7aa
f71a
fc8c
0852
0f68
088b
10f6
084c
fe07
fd0e
ff58
f7b0
fc17
ff4a
fe8a
f8ce
0143
0240
fe67
0411
059e
fc61
f668
fa8f
fac7
fa7d
04a9
0c83
02ba
0310
0a41
ff1e
fe14
02f5
fc04
f6c6
fa94
fc9e
fd79
ff40
07b2
0511
011e
0385
010f
ff2c
fbe8
fc8a
02b2
fcc1
ff96
0a35
01cd
fccc
05db
fec5
fc46
fe22
04e8
f6d3
09f0
024a
2e10
ca71
c27c
63cc
eca7
95bd
4b39
1033
b6a3
2979
3f88
ce8f
1776
2c10
e63d
e96c
15aa
daa6
eefa
023f
fe65
0912
1bf4
fd36
10df
09e9
df17
ecd9
12c2
e3d7
ef04
24d2
fe94
ec16
2b89
19c9
edeb
0933
10d7
dcab
da31
0c07
ff12
e0db
1285
1ca0
e7f8
ffa0
276c
f9a8
ed9e
189c
0659
dd23
04da
198b
efb6
f769
1925
f925
e2a2
0512
08a1
eb05
fc48
161c
fe71
f636
1370
0d1a
f5b2
033c
0f44
f8f0
ec38
0107
0172
e9a3
fb07
12fa
f9f7
f541
12b1
0977
ee3b
05b5
1476
f1ba
f57d
16c9
fef5
ec5e
1430
1092
f1f3
0c49
0eea
c397
da68
0a20
0bb4
ed1d
1de4
1454
ff69
0b2d
1a1b
0bd3
f66e
f34b
feab
dce8
e876
0d36
08fc
f84f
1350
1356
f808
ee6c
0c03
f956
e70b
0bcb
147c
ee9a
04eb
1cda
fc7f
faa1
16ca
fd79
e3f2
f644
0162
eef7
fafd
1b91
07ed
f369
0d8c
0838
edbc
01b9
0f3d
f646
f300
071e
02f4
f774
0856
153c
fd8d
f22f
03ec
fb60
ebb3
02a6
0d89
f93e
fc9a
0fbd
00f0
f44f
0945
0a41
f392
fa7e
0abf
f9e9
f4e8
0d22
0b90
f7dd
02d2
0cef
f914
f3ec
04bf
ffb6
f012
00e5
0bef
f70e
f95e
1302
035a
f841
0c0f
13ab
ed8a
e4df
f3e2
efbe
0092
15e3
1786
01c2
fb72
132f
0032
f671
0abb
fa7d
e285
f282
02ad
ff61
05fa
1c95
1180
f735
04c3
fec6
eac6
f510
014e
f9a7
f6da
0675
08a1
fdd3
0631
0d5d
0094
f982
fffc
fba4
f1c4
fc94
076c
ff2c
00b6
0c1c
021d
f867
ff1b
0222
f8af
f933
02cb
fef2
f957
0731
0eed
02de
0773
0d06
fee1
f7dd
000e
fe97
f536
fa87
008e
f7cd
f836
0462
013d
fd7a
0692
0883
fec4
01c6
0990
01cd
fa95
03e8
00b6
f8e3
fbb5
0018
fa07
f87f
0267
0386
fca3
0552
0892
0096
011f
0740
02c9
fb5e
fc75
ef4f
0dee
1ec8
1465
f076
fd32
f8fa
ec7a
edd4
f113
f791
f012
f63d
16c2
148a
102c
1dd6
1260
fc91
ee05
f7d0
ed9f
e002
03bc
0d67
fee9
0f78
17e5
fb8d
0065
04d7
fe27
ed62
f437
f94e
f23c
f8ea
180a
1323
06ef
0a74
052e
eebe
f6f4
06db
fae5
f796
04f9
fcb1
f5e4
0417
0b10
01e1
fc0b
fe21
f51e
ecff
fcde
0886
0430
082a
0c55
03f6
fcc8
03e6
0784
fdb8
0070
049d
f99b
f502
ff61
0163
fdf9
0061
06e3
fd0b
f821
005d
0114
fa04
0264
08c5
00e6
fc7a
0553
02e7
fad0
00a8
0409
fa34
f818
feab
f9c0
f247
fe0e
152d
0c2a
fb30
1370
03c3
ec5f
014a
07a3
f134
f876
0292
f87e
f95b
10a6
0b55
0349
0a6f
02a5
f74f
f943
fbc3
fdb0
fefe
022f
0793
009e
007c
0268
ff88
f927
ff5d
ff90
f5a5
f881
0282
fe97
01ba
0928
056f
ffbb
00dc
0301
ff47
ff57
06c9
0396
ff40
0205
011e
fb0d
fb82
0021
ff3a
f963
fdac
01a2
fdf9
fed7
0784
049b
fc89
0117
0142
f8ee
fe94
0546
ff1c
fe60
03f2
ffe9
fad3
fdd6
00c8
fa32
fbf8
01ae
fd96
fd8f
05a7
044a
02c4
0775
05d9
00b0
000a
feb3
ffce
f8d2
ff94
fbd3
043b
f5a1
1988
ce78
d681
6094
32bc
a17d
1bc2
26cc
a2ce
03a3
344f
ca28
fb8a
1d27
fb74
f6b7
2249
00ad
fc7e
f554
f2d6
f7ea
030f
f0c7
0dc6
188b
eec5
f8af
2565
f0b0
e186
2480
0046
d126
1c37
14f9
e1b7
0800
2323
f4ac
ebfd
12cf
0dfd
d9ab
fe60
19f8
e619
efe8
2277
fca6
e9e5
0fbb
155d
e9d1
fadf
19a0
f458
e319
131b
055c
e867
05c2
12a1
f49b
f5ce
127b
0732
ee21
0672
12f0
f313
f901
11ce
056b
f036
04cd
116b
f185
f255
1560
faad
e84a
0b4b
0999
ea8d
fc88
1648
f6b9
ec23
15e4
0ac9
e96a
0d85
180a
ed58
fe09
2233
0ae4
c2dd
fdf2
f660
d140
1042
1dff
fb39
0549
2cfb
0c09
fb2c
1965
fe1d
e495
ed36
f14c
ed39
fb2d
085d
1700
0979
0364
0c64
f80b
e78e
fa57
ffd7
f12c
fbde
103c
0712
fe41
1782
1beb
f98b
fae4
06e4
e747
e168
073a
0113
ef77
0761
11e5
f3bd
fa4c
1979
055c
f1fe
0f33
09c8
eb51
00e6
1476
fbb1
fcdb
0e9a
fcb7
e919
faf6
0365
f246
f75d
0c2f
01cb
f62e
07d9
1026
fe14
ff96
119d
ff5e
edfc
0346
0222
ef84
fde0
0b18
fb9a
f8ab
09dd
03f0
f3e4
03b6
0c2f
f858
fa6e
09f2
00e8
f85c
08d4
0ce2
fa8c
fd3d
0d86
04f7
fb57
e326
da61
fb00
11af
057b
14b1
0cc1
00fd
12e7
0529
0116
0589
ede4
e615
f238
f434
f719
0dda
1590
00aa
033f
114c
f02b
f477
09f2
f8ff
f48b
0afb
0958
fd30
066d
0f1f
00bd
fd22
04c4
fc18
ed43
f95c
0190
f834
ffdf
0e6e
000c
f91a
03af
00c3
fbb5
010f
046f
fdfe
f714
0185
0820
0265
0992
0e1c
00db
f9d1
fd5f
fd39
f770
fae9
00f8
fbb1
f5ca
0190
039a
fc8b
03a1
0a39
fec3
fca3
06aa
00e5
fae2
0793
0888
fd80
002a
056b
fa2a
f528
ff5d
fe25
f42a
ff44
06ea
faab
01e7
082e
0231
fe1a
0772
0275
09eb
e919
ee3c
2a4a
0cff
edf3
08da
1008
df0c
f926
f948
f1b2
f647
00ef
0245
0b9b
1042
117a
12c9
08f6
f2c8
f292
f5fe
e0ce
f6ab
0846
0052
0354
1669
0212
ffa6
06e8
0156
f3d4
f773
f65e
f873
fb91
08a4
12eb
0e40
0924
0901
fad6
f2b3
fcb1
fb03
f5e6
feab
0122
f9c4
00d6
0af7
06a0
ffc1
020c
fbcc
f1b6
fa5f
0199
0009
049b
07c6
0167
01f9
024c
03d9
feed
fe1d
fe53
fdd5
f8ad
fe2d
0327
0390
0290
060b
04b0
fe63
fd3c
feb2
fbd7
fcd6
039a
01c3
fc35
043b
05c0
fc7d
031c
03ee
f8e7
f901
fce5
f7fc
fa82
fc21
fddb
0ccc
12a4
00b3
10f3
07a8
f1d9
fad5
0015
ef27
f3d4
fd06
f6ba
fd96
0e63
0a2a
0a46
1259
0208
fb7e
ff7e
f799
f946
02e1
00a0
01cc
04c4
ffba
fa63
fc57
ff0d
faf8
fb25
fbe0
facc
fdb7
0347
05f0
0888
0903
0718
023c
feb9
fd2e
fc3e
fb72
fe49
ff09
fd52
fbab
fea4
fe9d
00c6
04ba
0297
fff5
0316
011d
ff4d
03f6
0413
0105
ffb2
fed6
fab7
fb3e
fdef
fd24
fc23
ff07
ffd3
fefe
0190
02af
01f4
00b2
01d2
01d6
0073
ff7d
ffd5
00f0
fee9
fdbb
00e3
feb2
fb89
fe3e
fd08
fb53
0146
029d
015c
fdc3
fa46
e6ae
1c30
3510
26bf
df37
fc52
f884
c902
feac
09a5
df09
0519
0738
0c07
1032
2354
1090
0233
ec39
f061
eb75
efab
f947
08e6
0c22
ffe3
09fc
1125
fb74
f2a7
0da6
f46a
e75c
0a5d
0307
f128
11ca
1480
01d7
0102
0975
fca7
e7f3
fec5
0349
f0fe
033c
1305
ff2a
00a0
0a7a
0a30
f6cb
fcd2
0669
eb44
ea4b
0302
fac9
fab2
0db4
0b33
03b1
046b
0802
0419
f969
01a8
05dc
f73e
fc31
058f
009c
fb19
004f
0505
f615
f466
05c8
fbae
f3e1
0abc
0b05
fefa
0966
1033
fab8
f7cd
0544
fc7c
ec6e
060b
024e
1305
03f0
b18f
391b
f1c3
b20b
3940
19bf
cd5b
24cc
350d
e17d
1573
3274
e071
ebe7
0f8d
d2b1
dfde
1045
f5b0
fce4
1fed
0913
ff7c
0f21
f381
eb21
08c7
f728
f2ad
1056
037e
f4ec
1243
13e4
fd2e
ffe2
05a2
eb94
e378
00f4
0389
f4a0
07e0
10e7
f70e
fba5
1518
07f5
f84b
0f45
0437
eb1e
fe2f
0db5
fb49
01da
0f6c
fc0f
eea0
fe1c
0302
f476
feb2
0b83
f992
fa13
0678
0217
fed1
02f8
06ee
0333
f6aa
00cd
ff2b
f342
fd8b
07d8
fbfa
fdb5
08bf
069f
fb8c
05aa
0b47
fb66
fb5c
07f0
fbf5
f554
04dd
0822
0133
13ed
0552
c786
e529
1a0a
080b
f474
2365
043e
f5dc
0b60
0c94
ff2e
f6ee
f38b
f168
e6b7
f6af
0de9
0fb0
0a9d
0f26
0f7e
f883
ebcb
05ce
f657
e81f
0884
0ceb
f0fa
067d
17c0
ffd2
021a
1308
fdad
ebe2
f882
ff60
f310
fd7a
15dc
0678
f4ee
057b
0090
ed6d
fcbe
092c
fa70
f69d
0640
076c
fbfd
0b77
1744
fdcc
f8e4
03ac
f615
ee88
0276
063a
f951
fc76
0815
fd9e
f752
060a
0783
faec
feaa
0ab6
00b3
fa9d
0ad2
09c8
f71a
ff3a
05c3
f371
efa3
01f1
0018
f442
05da
107b
fb97
0064
0f4d
025a
f96f
0bc3
0118
0197
e73d
f2ba
015d
ef17
01a8
1ba4
0a6e
fb19
05f1
0005
f7ac
04c1
0736
f97b
fa17
0199
fb59
05cf
0ac2
0736
0067
fb3b
f5e4
f378
f93b
fe54
0351
076a
0322
04bc
0793
000a
015b
0048
f4f4
f9ec
fb0e
f81e
038f
0585
035c
06ca
06dd
0203
fee6
ff2e
fe4a
f924
fef3
0060
ff0b
0088
0488
0050
0242
0183
ffca
fd03
fef6
fc7c
fdc4
01ed
032f
035d
04b0
fef2
ff77
0094
fb2d
fe26
fedd
fbe2
ffd3
0084
ff9c
00ac
0301
0102
fd6a
0213
02be
fd3a
0135
0278
ff0d
02a3
0201
00ac
00e1
fed3
fa90
fc63
f9a0
f756
f260
0e83
1307
112c
1a96
fcd7
f303
fe83
f601
ec49
f312
f85b
eac5
f9e4
0ff3
09bd
1119
18da
0204
ffaa
f7fc
f12a
f58d
f89c
004c
0c59
09dc
09f3
05ba
0432
fe7a
faab
fc2e
f216
ee74
f6fc
fa0b
ffff
0f0f
130e
0b53
06f4
042d
fb63
fc62
0496
fe8d
f98c
fd4a
f8c0
f838
fdd5
006f
0325
fc2a
f96b
fafa
f875
fea4
09e7
0b73
0974
0840
0598
ff10
fd25
0199
ff22
fa47
fc6e
fbb6
f85e
fcc4
0390
0514
01fb
050c
03fb
ffa8
fd92
008e
00bb
fdb8
0166
0579
fabf
fd03
03ad
fb0e
f9c9
0214
fd84
f7ba
fe0e
000c
f868
edff
15f0
25d7
fb3c
1dbe
0c74
e363
f90e
0090
f176
f00e
f959
f81d
f3ff
0f67
103a
0f92
1147
ff99
f7aa
f9aa
f220
fa25
031b
fef7
06a5
0763
0425
007d
0386
fc11
fab1
f9dc
f9b7
f63f
faa8
0189
06b1
0713
0d1b
0878
ff84
ff1c
fb3f
f940
fd61
0155
ffb1
fc7b
fed1
036b
fd8b
0258
0679
ff83
fb1f
fe71
fde1
fcab
fff6
0679
0100
fbec
0615
00cd
fb09
0412
0149
fa19
ffd7
008c
fc6b
fc7e
017b
025a
ff26
0398
0294
001b
0055
fd7b
00f4
008a
fc16
028b
016b
fbff
005d
02aa
fb77
01cc
021a
0519
f912
0f93
fb92
2566
c846
be0e
6394
fc48
8f36
48c9
1b1a
b811
291d
44c9
cc14
142d
27ef
e50d
e9fb
188f
d986
f36b
030c
f97e
08c9
1d80
f634
0edd
107a
dff6
e952
195f
e4c5
e886
288a
05ff
e806
2a96
1a55
e835
01b4
121f
de4b
d901
0cf3
03db
dea3
0f7d
22b6
ed06
fef2
2732
fe30
eb22
1457
0962
e09a
fe6d
1a76
f43d
f322
19a7
fe84
e34f
028a
09ff
ecbd
f7af
1555
010e
f343
10b4
1245
f6da
027d
10a0
fade
e9ea
ffa1
029f
e958
f45b
11cd
fd28
f140
1412
10b3
f022
0556
170e
f151
ef8b
1161
fe87
ea31
0d84
1134
ed8e
02e9
1dfa
037a
d755
ee0a
f898
f57e
0647
14ab
0c3a
fe17
1c50
0fea
fb74
08ff
fcc6
e49c
e509
f5ab
f6f1
fa2f
1029
1741
0250
07cc
0863
f1cf
f2a4
fdde
facb
faa5
0054
0763
01ac
ff58
0ee6
100c
fa5a
fe71
01b9
ed0a
f18b
081a
04b2
fc68
09bc
08ed
f4e2
fb7a
0c7b
fe5d
f796
09e3
01f7
f225
03e2
0ce4
ffc0
fff6
082b
ff7d
f243
fd40
04aa
f889
fa4c
0794
00e1
f854
04f2
09e7
fcca
ffea
0b50
fdc9
f5fe
0612
0238
f64e
022b
082b
fa39
facf
045c
fb48
f613
03c0
02a3
fd03
0413
0843
03c3
00ba
0790
07f5
fe5e
fe31
0f08
f65d
e044
eab7
f7fc
046f
0b42
1706
08a5
f6a5
0f91
0a8b
fbef
07e8
0166
e952
f01f
ff3f
01b1
003b
0ec6
08d4
f588
f9d0
fb0b
f53a
f92a
039d
03dc
ffc8
04a6
0c41
01fc
0258
07ca
000d
f843
f8d3
fc64
f80b
fae4
046e
050f
01fa
051a
02a6
feec
fcac
01f8
0262
fa4d
002b
0332
fa13
fc9b
084d
0256
feab
03df
037d
f7c2
fc6d
058e
fd66
fc94
0525
fee3
f9b4
fd93
01ec
fc19
fd1d
0589
004a
f971
05dd
042f
ff36
05f0
05ae
fffa
ff2a
0132
fd09
f943
fe85
0234
fd0d
01d2
05c1
0192
febf
00bc
03b0
f884
fe40
ed9d
fe8d
258c
1d5e
f831
fe2f
0761
e94a
f242
ee32
f25d
ee95
ee8e
0844
128f
0ca8
1d67
19ce
0781
f5c9
f45b
f594
deed
f9bf
0fe0
0295
097c
19bb
009f
fd47
04ab
0185
ef03
ecac
f3c6
ef89
f424
10c0
19b1
0ff4
105e
1007
fba6
f60e
036d
fc7e
f1fb
f94e
fcd2
f13f
fae7
0aae
065e
fd3e
0224
fdb6
ef47
f9cb
0840
037c
065d
0d35
07a2
ff16
0271
0645
fd41
fad7
fd8b
f68c
ee9d
f8b4
026b
032a
049a
0ca8
0a46
002f
040a
062b
fc41
fa5f
0206
fba9
f457
fe8c
03df
f8a6
fe25
06d9
fdf8
faa3
01cd
f8d3
f798
086c
1bb7
fda3
078b
0f56
f2ff
ece7
0941
f82a
f31c
fae9
fc35
f479
0301
0b1d
0bce
0a15
02bf
ff95
fe10
f604
00c2
0830
ff88
0398
0d0d
fe21
f81b
00b5
fbe2
f13e
fc02
030e
f737
fb5c
0af2
04a2
0111
0d4f
080d
f8d7
fd68
00d3
f867
fb9a
0689
037e
fcc0
021b
038f
fb10
fd35
0779
fe14
f80f
ff1b
01b6
fbcf
034c
091c
014c
fccb
0348
ffbb
f8d8
ff72
06ae
fd4f
fd36
04a9
00da
fbe2
00a3
021f
fb72
fab9
0203
fe6e
fb29
04c3
0691
ff27
036a
085d
ff6a
fc76
04cc
0196
f757
fff9
fcee
001f
f6df
0fd5
bb48
08e3
6133
0ea7
acae
3cd0
f40b
b7c4
1955
1a8c
c898
1174
0d7a
0019
01b3
22c3
f94c
0478
ea60
f6ce
f933
0065
f244
1bdd
0dc2
ef22
0688
1f50
e4ad
ee48
220f
ea09
dc4a
1ecd
05a6
e1fd
1353
195c
ef23
f2ae
1bb4
00a6
de62
1162
1078
df5f
ffae
1cb9
f146
ef0f
129f
07d8
e666
0683
16c8
eedf
f436
180c
fd19
efbb
0b2e
0be7
f241
fa0c
1127
ff20
ef13
0a8e
0a51
ee14
fe0a
0fc8
fd3a
f09d
0894
0aab
ef24
ff07
179d
f593
f04e
10a8
02d3
e988
055b
10e5
ee23
f3f0
1791
016f
f0aa
16d2
0f1d
f262
137f
1e57
bb15
f72c
f0c3
dece
0a44
119b
0355
0d4a
1ceb
0b6f
13c5
100c
eda0
fb28
ed19
da72
fc68
0c7c
f503
16a1
1e30
fe31
fb63
086b
ebff
e230
ff99
ff87
edbe
05d4
178a
0028
09cf
2559
0847
eff2
0510
f5d2
dd9b
f8d1
0a28
f72f
f7d0
1121
0243
ef60
0d12
140a
f5e6
0332
0ade
f410
fb6a
0ef8
0c88
0397
03c8
02bf
f160
edb4
fea1
fce5
f292
fe33
04ec
fb5b
fd3a
0c8c
0b41
fffd
0b0a
0ab8
f80e
f8fe
0236
f8fa
f281
0098
0445
f6af
fbfc
0798
fcd8
fcba
08e3
07ba
fcd7
0178
090a
ffe0
fb3b
0ece
0db7
04fe
e5d5
d22a
f303
0f7f
fe31
12a7
13aa
f984
0fc5
0d29
00ba
0c2f
f8d5
e90b
ef28
f2cd
f545
0779
121d
0620
fefb
0dfc
f22d
eef0
049e
fb1f
f2a1
0c00
0b86
feb5
092b
123b
02a6
02d3
05b9
f8bd
eb28
f345
fc09
f917
ff61
1013
0844
fd98
0499
02ac
f914
00b5
04b4
fc90
f96a
016e
03cd
feed
06d6
0d63
fe84
f8d0
fe21
f946
f636
000a
06a6
0196
0085
063b
01ad
fc31
022f
03f6
fc5a
fad9
022d
ffbe
f947
030a
07ce
fbf8
0056
06aa
fd10
f8dd
0356
02f3
fadb
042c
091d
fa87
fc88
035f
fa38
f981
0280
ffc5
039d
fe36
dd59
1de4
1aa6
fb55
02a8
237f
e98b
f1c8
f8de
f0a0
ef9f
fe5e
f90d
04a0
0912
0700
1224
1389
fd9b
fb59
03a5
e97d
f0f7
07fd
035a
fae1
115f
083f
f42e
ff06
040d
eece
f3ad
fa8d
f574
fc0b
05f8
1511
11ae
0c45
0f37
04ae
f5fd
fb31
fd77
f080
f063
fb4f
f7ff
f7ad
09c8
0c17
0192
0704
07c9
fa0a
faeb
02c7
0127
fe99
053a
069a
fd32
ff73
0276
fb0f
fafc
fbb0
fb3e
f947
f884
028e
078d
032b
0aa2
0d4e
0029
ff95
01aa
fb02
f7f8
0031
fe58
f7a0
ff54
063a
fe28
01fd
0814
fec1
f853
ff71
feed
fbf7
0041
01e9
fb4a
10ca
1604
fdde
0f8b
03c4
ea54
f38b
f8a0
ef68
f809
fe95
fbbb
03ac
0e66
0cbd
10e0
0efd
fb99
f970
f6d7
ed54
f7af
027d
ff54
0405
0bf1
05b7
fd76
06d5
032d
f837
fc50
fd26
f58f
f835
040b
0392
02c9
09ea
093d
fe06
007f
020a
fd09
fb54
00e1
01a0
fe76
fead
0292
fda7
fdd4
0286
fd90
f9f9
fb1f
fc00
fa31
fca1
05c1
04e0
005c
05e8
04e2
fe89
0252
03a0
ffd1
fcfa
feb0
ffb9
fc1c
fea9
046a
ff3c
fdaa
0169
feb2
f9f4
00a8
054e
ff15
00e7
06cd
0115
fc36
03aa
0006
f890
fd22
012d
f6fe
fbcf
fdb5
f94d
dfd6
0e57
2e03
2b05
0cc8
ebad
07ed
dd35
e4d8
13fd
e35b
eeaf
01b7
fc75
074e
15a3
1d26
0900
f95b
f262
f5e0
e914
fe0b
0793
0d18
0501
0c61
0af5
03f5
f790
01d2
00d7
e73f
f845
01f1
eea6
ff64
164c
0211
0991
0985
0740
f56e
faae
072c
fb42
f677
0b81
fe41
f6b6
036b
0470
fdaa
fdcf
0310
f978
ee2b
fede
0219
fb74
0c9b
0cf4
042a
066e
0515
047a
fd4c
faaf
0129
f6c5
f5a1
0079
fdaf
ff91
00bf
04e1
0165
fb12
0544
02b9
f76a
076b
077b
fe02
047d
078b
fe0c
f77e
fd6c
0072
f2e3
ff9a
043a
02ac
fe97
2cfc
f5e3
a6d7
41cd
edb4
a02b
3556
230c
cf88
222a
45ec
eb2c
0f85
2c93
e767
e21b
ff6e
d45b
e533
00a2
febd
142d
23c7
04c0
108d
093f
e1c5
e833
0a7e
e8e3
ebe7
1953
074a
f360
2438
25cf
f997
fedb
0caf
dc3e
cfe1
02b2
00c4
e2f3
0bbf
1ee0
f298
fb0d
2816
05e0
ed2b
143b
07e3
dd24
feca
17be
f971
fe8e
1aca
0208
e62c
feff
0792
e8b4
f50a
0dd5
fc48
f3b1
0e1e
1059
007a
05fa
13bd
fee7
ecc6
fd14
fda5
e93e
f740
0d28
fdf6
f6b9
0ff1
0b49
f37c
0520
126f
f68a
f41a
0d97
00e5
f113
0ce0
1407
fb69
0b7a
18f7
c63d
c820
0c65
11d5
e744
1e21
1aab
f7c9
0a5f
1e95
0b17
f9ed
f430
f8cb
dcd4
e880
0991
0d6e
0127
1102
1329
fe40
e847
06db
fc25
e399
01f0
153b
f21f
fe36
1d27
0493
f856
15e5
03f1
e33b
ef1f
ffb0
ee28
f44c
190c
102b
f472
0b4e
0fd8
f043
fe15
1487
fa89
ef90
04cf
02e2
f450
073c
1820
0029
f444
04bc
fb24
e8eb
fdc0
0bd0
f85c
f9be
0dbc
0588
f641
081f
0ef6
f825
f80a
098d
faa2
eeaf
0655
09f6
f598
00bd
1126
fb95
f310
08b1
031e
f0b9
0170
0f2a
fa59
f80c
10d5
040d
f4e0
08b1
1276
eb74
dea8
0aea
f365
efee
18be
2367
fb97
00f0
0e8d
fdb0
f051
05be
ff3d
e8da
f1c0
0348
0116
01a3
14e3
14eb
f9b4
f8c9
0566
f359
ef5f
0611
075b
f4e1
028d
0e4b
fc45
fa4d
0cd4
fc52
f087
ff8c
016d
f6c1
fe41
0d67
0482
fdb1
0d2b
090a
f773
fbed
03f9
f85c
f35e
024d
029a
f867
02d5
0cfb
ffe2
ff6e
0c8d
01cd
f627
01b7
04ae
f91e
f9fc
05ec
fd40
f539
03f1
03fc
f733
fd3c
04d1
fbd7
faa4
083a
055a
fbf1
0640
08c8
fd5e
ff80
0618
fe77
f643
fd49
024d
f8f6
fd15
0787
ff1d
faa4
0480
04d2
fa4c
f90d
ff90
1366
0dc8
1a88
11c5
ed0c
f332
fc43
eaf0
e424
f88e
f38d
e70b
08a7
199e
0ad2
1b67
1a53
01ca
f5d3
f50e
f640
e9dc
f6db
0bed
0491
0529
1182
0445
fef4
fda4
ff25
f73a
ee0c
f87d
fcd5
f8c9
0e3c
19a7
0e95
0990
064f
fa26
efb7
f838
ffce
f70d
f907
010e
fa8e
fe30
0941
0aa4
014e
fb2f
fb74
f278
f26d
055a
080f
033b
086c
0739
002a
ff37
05b1
0406
fa3c
ff13
ff34
f850
fc69
0328
00ad
ffee
0396
0383
fc96
fc03
0155
fe0a
fd4b
0531
05fa
ff18
0027
04b2
fff5
fbc3
00d8
ffe0
f723
f8ed
fd76
f5d3
ecd1
16da
21bf
f550
19ba
0e5b
e22e
f70b
07c0
f375
f28a
ff9b
fdcd
f4bd
0e58
10c5
0907
0a56
fe8c
f418
f390
f0d3
fcc1
0604
0237
0fd4
0def
0387
024e
04f3
f7b9
f760
fb32
f69e
f3d5
fcc3
02c6
0472
0850
0c0f
060f
fc80
ff39
01e9
f9f6
fc4c
05a9
0072
fb13
0196
02f1
fa3d
ff0a
0523
fb9c
f8c6
ffc7
fe48
fadc
02e5
0a8d
00ad
ff95
0b64
ff74
fabb
0543
01ab
f8e5
fe29
ffce
fa3d
fa5a
0249
0081
fc0c
042a
0388
fd7b
0316
01ef
0068
00b9
ffd1
01ad
0085
fad6
0191
feeb
fe6b
fe70
0901
fd76
19ae
f5a0
9d30
5107
4077
95c4
0745
4ccb
a8c8
f4df
4886
de28
ebb6
33f8
f8d2
e913
18df
f950
eefe
06a1
f40e
fd5e
12f1
f5d7
fddc
1e38
eccc
dfeb
1e5c
fbbf
d611
2097
18bd
d8b3
1739
2997
ecd2
f651
201f
f587
d7c2
024f
161b
dad4
f5d7
21b6
f1d3
e629
23fa
0d0a
e606
08b1
1df2
e931
f259
1da2
00f7
e510
11b3
0d55
e482
f5f8
1249
f5bb
eff2
1217
0b36
f042
036a
1541
fcfb
f72f
0feb
09f2
ec21
fa40
0f2d
f20d
eaf3
10c0
04a8
e67c
06a5
14f7
efee
f433
198b
ffa8
e7c3
110e
1284
e974
0470
1dd1
f41f
f2a5
1cee
0d91
dfb5
e10c
fc50
e6d8
00cd
11f4
0ef0
f9ce
18e1
1aac
fc5a
086b
0ce1
e7ea
e57a
f756
f5bf
f193
095f
161c
05b3
00ce
113a
fabb
ef1c
fea1
00fd
f260
fd46
08e7
0317
fe58
0d6c
1477
fdc9
f75c
073b
f164
e45e
033e
058b
f33a
04ff
102f
fa9c
f995
0f94
08e4
f59d
05ba
09a0
f0c9
f771
0e92
01a9
fae3
0af5
07e5
f19b
f938
07df
faaa
f6bf
072c
0441
f5c3
ff88
0af0
fdc6
fbc6
0c78
03e0
f1c5
01fe
0788
f5c6
fc4a
0bcb
ff67
f7dc
0547
0439
f3f5
fd27
0876
fa85
f9fc
0979
02b6
f980
056c
0b51
fdcb
fdc5
09c1
0b5a
f6c3
ea8a
e884
f27d
0c22
1075
0ef5
06cc
fc2d
0c5e
025a
ff14
0aa9
f6bd
e94a
f676
fb1b
fdc4
09dd
1603
07c5
f990
0753
f84a
eded
ff50
fee1
f3d4
ff62
08d2
0151
ff10
0eb1
0835
fc79
045b
031f
f3ac
f873
01a3
fe16
fd93
0813
02f6
fc27
ffa6
ff0a
fcdb
fdda
0079
01a7
fa7c
fdda
07f6
07e9
0447
0a76
0593
fb6c
fab7
fd15
f7ca
f5ee
fcc7
fe88
f991
012a
097b
014c
01be
0a3c
04f8
fd66
00c1
0225
fab1
fc05
0396
ff6a
fc1f
0166
ffc0
f784
fabd
014a
fb98
fd32
07c0
03a4
ffc7
055f
03bc
fe31
00d1
0180
014f
f5a5
e776
22c8
224e
02da
f282
1121
e71c
ee77
f460
efea
efaf
fab6
fd36
143b
1346
1a01
15eb
0c87
f4ea
e846
f2b1
e704
eafe
0c20
0ac2
0753
1668
10e0
ff05
0309
fc8d
f39d
ea06
f08c
f1bd
f87d
0505
1996
15ec
1163
0e2e
02a3
f4ce
f7d8
fdaa
f894
f903
fd6e
fa61
fb3e
044f
08ad
0304
fd67
fbba
f3cd
f4e8
ffac
0710
072d
0baa
094a
03fd
0121
0369
0050
fb74
f818
f813
f67b
f777
ffa6
0498
046a
06e3
087b
031e
fe8f
0313
0260
fd7f
00fa
04cf
fc47
fb77
036f
ff9a
fa30
fdd4
fc02
f71c
f9d1
fd8f
ffca
fd40
0397
0f99
1539
ff6d
0c4e
094e
efc6
f420
0438
f082
f2c5
fe99
fbb5
f873
0c18
0b05
03d6
0ba9
046c
f8fb
fe5d
fd7d
fb61
023c
04b0
02ac
0494
febb
f952
f99a
fb50
f98b
fc93
fde3
ff14
ff7e
0661
0792
0786
06f8
04e9
fecc
fd70
fd10
fa9e
fcf6
00b5
ff35
ffeb
ffba
fe0e
fe3e
ffc2
0084
003a
ffa6
025c
0081
0086
052d
037e
0012
006d
ffae
fa5a
fa0a
fdac
fddb
fd4c
01af
0236
001a
03b6
03d9
0214
00db
01d3
00c4
fd2d
fe49
ff94
fe85
ffcf
015e
0213
fea6
fdce
fef9
feb3
facf
0255
ff69
060f
fd5c
12f7
d296
efc8
58b7
2d68
b46f
135e
10ef
af29
000d
2720
cddb
fff4
17cb
0080
ffd2
2810
04c0
fece
f4f0
f20f
f374
fcf3
f715
0e2e
1344
f443
fed7
1c7f
f5c9
e80e
1a9d
fec0
d94d
156b
0df9
e690
089c
1c2a
f765
f1b8
0f61
07ba
dee6
0235
127c
e822
f4a7
1d18
f948
f306
1040
1399
f151
00cf
14b9
f1fb
e41e
0c6d
fb24
e7f1
0578
0cbc
f9ae
feb9
11f1
0b55
f6ac
0671
0f6b
f42b
f7fa
09cc
fef4
f347
01c5
0bb9
f567
f4df
0dca
fc54
e997
0898
0ac8
eee0
0091
1827
fc2a
f3d1
1710
07fd
edeb
08e7
140f
f605
1313
d24f
f07c
eab4
d48e
1d40
0f12
f296
1cd8
2785
f8dd
1376
2ea1
e5b4
ea3c
0786
dddf
d802
14da
0340
f565
17d4
17d0
f387
fb06
05a4
eef5
f070
08a5
05e7
fd8c
080e
0e1b
057f
088f
0a25
fe53
efef
ee9d
effb
f3fb
fd42
0c4b
06f6
0156
0331
0265
02ce
0545
0636
0637
fb17
f702
00f3
0068
fff2
0da2
06db
f540
f902
fcf2
f769
fdb8
0aa7
0649
fc73
06a9
06b4
f8e1
02b9
088c
fbb1
fa84
fe56
fa13
f506
fc10
04bc
fd57
fd63
08df
019c
fb55
0514
0699
fdef
ffad
079b
fe69
f7ef
027c
0206
fb8b
07a4
1428
01de
cf82
e328
1247
0868
ff72
2708
0321
f38b
12ec
0678
f814
00b9
f4e6
e687
e8e0
fca2
044e
0bf6
1870
0e0c
054d
03dc
f142
f940
f8dd
f1c7
002c
04e3
f888
03f5
0b47
01c6
03bb
0c50
fd66
f574
f981
fa75
f9a8
03f5
0dd3
079c
ff02
022c
fa25
f1a6
fc7f
00ae
f910
fe3e
02ef
0266
0494
0c1f
1045
0497
0089
00c7
f6a8
f6eb
0109
feb4
fc43
fffd
ffb4
fa74
fb17
03ca
0204
003a
0415
0414
00e7
0469
068e
0481
ff14
fff5
fba4
f41e
f6b7
fa92
fbad
fd54
0411
09bc
02b1
0544
0b93
00d6
ffb9
0972
fdeb
023f
f880
d219
19b9
0a99
f0b1
0415
22c7
ec67
f9a2
fd70
fa4d
f4c1
032d
fdf2
067c
01ba
068e
0e78
0d4e
fa29
fe01
006c
e4e3
f0ab
0a29
fbc8
f91b
17f6
07bf
f6b9
0b71
0815
f246
faf9
fc3d
f058
f54b
025a
0bd3
047c
0766
0e3b
00fe
f797
03ad
008d
f5d7
fd70
04d4
faa0
fc08
08c5
0507
fb1d
03ca
03f4
f3c5
f794
0596
fc09
fa26
0986
091a
fe37
0350
053b
faca
fb2c
0020
ff42
f7ce
fa58
027b
fdf4
fc98
076f
04eb
fbda
ff9e
0284
fbbe
fd87
07ba
036c
fd32
059e
08f6
fc83
007b
05e9
f8ff
f5b0
fde7
f5d1
ee4d
08cd
1de5
fe4a
1174
137e
f1f1
f31b
0744
f66d
ef03
fa50
f92d
f136
03d4
0de2
0b45
0e8b
0656
009e
fad3
f00d
fa4d
ff9d
f8f2
069f
12c8
0550
01ff
09ac
00f6
f4c1
fd36
fb49
ed53
f3b0
0262
ffb6
0283
1316
0f24
fe55
0268
06b9
fa5d
fc1b
06af
ff8d
f7aa
ff58
029a
fa08
fbe1
05d8
fb19
f0d5
fb9e
facd
f772
048a
0efa
096b
0553
0a61
063c
fae4
fff4
0563
fb0b
f7a5
ff89
fc86
f706
ff40
0548
fbc8
fe79
0661
0116
fb5e
02eb
078d
ff71
0033
0a79
0108
f7b4
0156
fd94
f22c
fb2f
00b7
f691
f995
02ea
fe5b
e7bb
fc11
3344
15d1
25e9
ff92
effd
f72a
e05d
00f8
f590
dfd0
012b
f49a
06f4
1384
1e45
1372
03eb
f794
f589
e85d
f49e
0058
fc8f
095a
0478
0723
05b8
0283
f786
0421
f599
f363
fdbd
fc4e
fa1d
117f
0df6
0cb5
0d70
0370
fc46
f40d
f713
fa40
f6cf
ffdc
03e3
f989
0799
07b3
06d5
08f1
04a8
fd4e
f6c8
f53b
f925
f831
002d
0649
fd68
078e
0565
fdac
060e
01a2
fbb6
03b9
fdc2
fdb6
00be
030f
0145
0137
0352
fc8f
fb0e
0145
f639
fb15
0676
fd40
02b9
0b5a
0483
0170
037c
018c
fd66
f98b
0151
f7c4
003d
02d3
1fc1
00d8
9dda
437a
04ed
8f5b
2e13
394d
c29a
1ddf
516f
e2eb
01d2
36f5
e747
dc1f
0abc
d604
d8e0
041e
fa91
0a7d
2505
08c9
0cf8
1475
ea6e
e588
0f7e
ed72
e3d2
17ab
09da
e8fe
1e6c
243f
f65e
fdd6
127d
e533
d6f6
02f8
0630
e2c4
084e
2057
f4df
f69d
22d9
0672
e8da
0fee
0c5f
dec4
f7b8
1775
f937
f900
1d1d
0914
e9b2
fdbb
0902
eca1
f1cf
0e72
fc59
ed37
05b3
0e39
fc9f
044c
1546
05b1
f107
031d
0600
ef23
f69b
0d33
fdcf
f28c
09b5
0b58
ef7e
fbba
10ee
f629
f027
0f66
0596
f212
0b0c
1747
fb64
005c
1a9f
0e15
d9df
d579
f540
fe8e
fdd0
0d53
16d2
f665
149a
1aa9
fefd
069b
0233
e721
e55c
f5c8
f913
fcaa
0f48
148b
ff1e
0680
03b5
ef3e
f782
fe3c
f8f4
01f2
04ac
0595
099e
07ae
0b1d
0e47
fcee
f7a0
f86f
edf7
f0d2
000c
0236
0081
044d
07e1
fd31
fbeb
092f
0479
fa1c
05aa
02ee
f67b
011e
09ac
0130
0312
03d0
fecb
f440
f807
017a
fd21
f93d
0734
0460
fbd4
02bd
09c3
010e
0007
0881
ffeb
f669
0212
0283
f932
ff67
0544
fadc
f7c6
0000
fdbc
f97f
034e
0437
0081
05e9
0549
0433
028b
000b
01dd
fd4e
f7d0
0809
f963
e08e
010c
fc61
fd4b
0d66
1c0a
0328
f88d
0490
0667
f831
0414
03f6
f3ff
f313
ffda
04e6
01de
0687
0abe
f8d9
f2d3
ffa4
ff87
fc01
065c
0e5f
00d9
fbef
04a1
fcdb
f24b
fe02
fc8f
f635
fb38
0307
0441
0117
0cce
0dbe
020f
012e
03dc
fb32
f5b2
fda2
0199
f985
fc28
04d8
fd4e
fc1c
0807
05dc
ff2c
065f
0804
fe05
fd00
0853
ffa4
f7c8
008f
fd68
f3ce
f9b9
fd84
fb56
fa2b
0454
066e
ff70
05a8
0aeb
0387
051e
0619
02ed
fafd
fb76
febd
f7d5
f69b
005d
fe78
fb44
0382
03e0
fe28
01c2
0745
fce7
faf8
f98b
0e7b
1512
191b
1610
f452
f060
f4d5
ef52
e313
eddf
f695
e99b
fd0b
192a
12f9
1af9
2212
0dc4
fe95
f23d
f314
ea3b
ec90
fef1
064d
03bf
0964
0344
0223
fdf2
0081
024b
f4a3
f27d
faf0
fa14
021e
16dc
1894
0aa6
0789
0305
ef50
f27a
ff62
f895
f494
fcf5
fa3f
fad9
0676
0da5
09b5
036c
01d1
f6c7
f4d8
fccc
006a
ff68
01e7
01c9
021e
ff8b
0235
0779
039d
ff21
01bd
fc96
f852
fe4a
035d
0020
023a
0570
fff7
fc0b
fdb2
0056
fc49
feda
04a3
fef3
fd8b
02b7
02a2
fd9b
012f
05f9
ff15
f8fb
f808
efaa
fc9f
2477
ff50
0a95
111c
ef80
eb2f
0507
f8d9
fd6f
fce9
00f0
f785
0927
0ba3
0e3f
127a
fced
f2b3
fbeb
eab8
f079
0771
01bb
ffae
0e04
097a
fe4c
0396
0591
face
f9b7
00a2
f971
f39b
025c
051e
fdf6
0639
0b50
fbb0
f9b4
000e
fdec
fb0f
04ec
0a86
032c
ff6d
070e
0057
fab3
0428
028e
f55c
f620
fcac
fa7e
fc11
081c
08d9
fcf6
0265
05e0
fc48
ff1b
069b
ff7c
fc0c
00b8
feb3
faed
fd0a
fec7
fb00
f954
fd71
ff4a
ff52
0258
05fc
08d3
04ac
09e1
086f
ffee
fe29
0255
f579
fb9d
f88e
0885
f456
26b1
b684
e518
7090
fcd7
9abd
52a5
fb27
b168
2470
2e9a
c46d
1eaa
1a1e
ef91
f8d9
1da1
e2a6
ffe6
f397
f0d3
0241
0e83
ef3c
1c21
169e
e5f5
fdce
22e1
e0d7
ebce
28a0
f2d6
dba1
281e
0d9f
e219
0d03
19f1
e52d
e81a
1a00
021d
dbb2
10a9
184f
df57
fe59
2596
f742
edf5
18c6
0aac
e068
0134
19c8
e9e4
ed1e
1820
fa94
e6ef
09a5
0f6a
f36f
fe11
19d1
01b0
f010
0d47
0cb9
edf6
fcdc
1171
fe6b
ee19
07e2
0b3f
ec38
f9cb
1629
f595
ecbc
1250
06da
e947
0474
1546
edad
f196
1a0f
fef6
e880
14da
10ae
efe2
0ace
26fa
e237
d2c8
01ff
f364
f82c
0623
1b6e
f550
0d92
18b6
0a26
0563
ff6c
f9d0
ee3c
e1dc
feeb
0623
f956
0daa
1b9f
fd8b
fd9b
04ef
f667
e894
fcd5
057d
f31d
f8cc
12da
01aa
fb54
1d09
0f8d
f04c
01af
022f
e6b9
f55b
0e0b
0018
f4c7
09a4
0741
edfe
fe39
1473
fa7c
f8f4
0e64
fe9d
f482
08f1
0e29
01ad
fe0b
0432
fab2
ed82
fd0f
06f0
f870
fcd3
0ba5
0155
f62e
072d
0a68
f82b
00f9
0bed
f9dc
f58c
0567
02b3
f670
013f
0a7e
fa7f
f7eb
04fe
fd19
f6e5
03f7
0840
feff
fcf8
0951
052b
f8f0
0b0c
148e
00c1
ebff
e09c
e8a4
0647
0b51
1024
1299
fb85
0a28
091a
fbd9
0a51
ffc6
e749
f043
f884
f9c7
037c
1649
0ec9
fc5c
06e7
fbf5
eb1f
f8e1
ff81
f4a0
fdf5
0b2d
0497
0282
0f77
0bee
00bb
02fc
fe86
f2e4
f0fa
fa92
fdf4
fe7d
08e7
0be4
00cb
fffb
027a
fcf6
fbd9
ffbd
0069
f907
fa11
027a
0329
0324
09d8
06e9
fd64
fa57
fb90
fc01
fc22
02c1
05da
fe5e
009b
0393
fe2f
fd88
0353
0190
fa7b
fec3
03a9
fbc2
fe78
0741
ff98
ff2e
0458
fed8
fb0e
fda2
0056
ff6b
ff12
050a
0266
fe62
01a9
ffa7
ff3e
fc78
00ac
fc4a
0280
dd4d
0b17
2f2b
0e3e
f04c
15ae
fa86
e410
fa74
f09e
ee02
fa0f
f6c2
06b2
0eff
0e53
13a7
1606
013b
ef3a
f980
f2cd
e2cb
0620
0f91
0115
0d78
17d2
f96d
feac
019d
f821
ebe6
f283
f2b7
f495
fe22
13e1
15fb
0d8c
0d05
0aa7
fa80
f859
04c5
fb58
f3f7
fb6e
fb49
f3fb
0008
076b
0161
fc3a
00db
fada
f3f4
fe53
092c
06e9
0904
0d9f
0594
ff92
006e
ff2c
fbea
fadb
fa3e
f85f
f4fb
fcbe
05d3
03c1
0571
0c76
0405
fcbf
00a3
00fd
fc6a
ff70
036d
fd8c
fa6b
02b8
027b
fc1d
ff9c
0019
f9ac
f8f1
0002
feaa
ffe8
ff77
0202
0779
1503
fd0c
08b1
0635
f113
f264
0086
f0ca
f931
feea
fcea
ffb1
0e15
08c6
0b2b
0c2e
0099
f86d
0133
fa2e
f9b1
022c
0271
fc7b
0249
015e
f9e3
fc60
015b
faa1
fc93
00d8
ff30
fc7c
0284
03fd
036e
0374
0676
ffb4
fd96
00b8
0068
fe63
00e7
0133
fdab
fdb8
002b
fef1
fd20
0068
00c0
ff72
fe63
0096
ff3f
fd78
00cf
0156
fef1
01ff
01a5
00ee
0267
0519
038e
00ec
fed1
fd9f
fa40
fb29
fea3
fe28
fbbb
ff70
009a
ff25
027f
078e
054b
022c
0389
02a5
fd17
fe3f
00af
fb78
fa0f
ffdb
fddf
fc59
ff52
ff01
f39e
cd39
325b
50a6
f888
cfde
3b25
d38a
d1f6
26af
f645
cf46
1306
fda6
fc7e
0e99
23ca
fd03
03cb
ee58
fc89
f48a
fedf
fb10
163e
ff3c
f429
0cd4
0e03
e71e
02b6
17e1
e245
f24a
1a3b
f12b
f00a
1b35
09b9
f3e6
0281
16f3
f32f
ef3a
1319
0220
e4fd
0b21
0a4a
eb84
fdaa
1598
0061
f3f9
0f1d
07d6
e651
fa67
0bc1
f0de
f818
0e3d
01ea
f89b
07e0
0fd2
fd10
fb80
0f04
ff7f
efe9
0333
044a
f82e
fb19
09ef
0395
f2cf
03b2
0d06
f1bb
fc08
0f76
fa6a
f2f5
0b5e
0519
ed9d
fe7f
1173
f4bd
f710
16e0
036f
f812
1a79
2205
b175
fd6e
02a3
bc45
0ca3
25a7
f4df
073e
368c
0d89
0199
230d
f952
e4a5
eff8
dfe5
e792
0120
fda4
1418
1c1b
06d7
061a
0506
e8ef
e671
00d0
f933
f061
0db1
134e
fc5d
1078
282e
0452
f0f4
04b9
eb6c
d07e
f7dd
0a6d
f2f0
029d
20a2
02ce
f56f
1b7f
1139
ef95
0610
0b2c
e726
f307
1191
022a
fcfa
0ed1
05a0
eb3c
f2ac
0453
f584
f0be
08a0
046b
f877
0810
118f
067f
003a
0ad0
0247
ecc0
f56a
00d6
f2ca
f69e
0cf7
0820
fc21
0aa4
0f35
f8e6
fe87
0cc5
fb3d
f2f6
03d1
0104
f610
02a2
0fc0
042f
02bb
1790
df6a
be38
0057
1cac
efd7
1349
259a
f67f
02d1
19ac
0864
f99d
f218
f231
e1cc
e722
033b
0f58
0b3a
0e20
1054
0983
ec67
fbf9
0613
e9b6
f530
14d3
fd24
f678
186b
1089
f52e
0c67
0e78
e9dc
e8b3
004e
f560
ed91
0ff6
16a9
f60d
0221
1283
f363
f49f
0fc0
ff70
ee52
fdf4
0523
f835
ffa3
16c7
0b1a
f7c6
04b5
0445
ef7a
f9ad
0b5b
fbb3
f5c4
06e6
057f
f45a
0051
0dfd
fea2
f7a9
0888
0505
f4fb
020e
0ce9
fb3a
fb0b
0cbe
ffd4
f0e4
ff4f
034a
f342
f7d8
0b81
00f4
f554
0b0a
0d93
f75f
05ea
11eb
fdf5
cf79
1434
1105
eaa9
fd2c
2e74
f351
f20b
0a37
fe45
e839
000a
03e3
f791
f5ec
0aba
0b05
069c
0a06
10ce
00b6
ee5c
f96e
005e
f02c
fb99
0e8e
fd13
f551
0e60
040e
f3b6
025e
07d7
f09b
f873
08b6
0341
fd2b
0d34
095f
f9b4
ff99
09ae
fc76
f65b
0378
fedf
f342
fe6d
0a08
fd14
fbd3
097c
02da
f52e
0415
0917
f90c
fe40
0842
fd5e
f78c
0521
042b
f5a4
ffad
0889
fa61
f8af
05aa
000f
f910
05e1
07f3
fdec
fedd
066c
fee4
f88b
0175
040e
f866
fc2e
04f7
0104
fb56
077f
07e4
fa7f
fc69
04fc
f7ee
f17e
fb68
15c0
0476
04fc
1c78
fbe5
e8dd
093c
fdaa
e7d3
f866
0001
ea6a
fb7a
141f
0c0e
0ab7
16d6
03fd
f8f5
f62d
f752
f3f8
f7df
0439
08ce
0573
09d1
0799
03bf
fca7
fe9b
fe0b
f2a7
f1bc
fbe0
f9d4
fc9f
0d68
0df5
01db
03cb
05a9
faed
fbf4
06fa
0375
faa2
ff91
029c
f7a5
fcd4
08b2
feb3
f4d2
fd7d
f9e9
f569
0018
0b45
0637
0388
08d8
0449
fb1b
02dc
0846
fcc2
fd3c
01e6
f9df
f75d
fe65
001e
fd3f
0006
0457
0148
fcac
0128
0347
0016
0121
063c
0106
fbc0
030e
0222
f92e
fc92
0228
f9de
f7a5
fb70
fcc8
e284
048f
3320
0f78
259b
0a59
eb72
f6b0
e95b
fa5b
f097
e6b3
fd66
f041
0770
139f
195b
1473
0428
f75c
f5b6
ec68
f554
055c
007d
0b9c
0a62
075b
0400
042b
f6e8
fd14
f464
f36a
f8d8
f87d
fcf8
0cfd
0a6f
0c8b
1044
04d9
feac
fb84
fc6d
f7d0
fa7b
00f0
fc0b
f72b
046b
ff3b
ff1d
0600
04e3
fddd
fb48
fe9c
fc8e
fb89
06aa
03b0
faf0
07d4
0150
fa91
0555
02c6
fb79
03d5
fe98
fda7
ff7a
00a8
fea0
0082
02e2
ff8b
fe77
0661
fc7d
fc66
03e0
fc6e
fea1
03e7
fd74
fd1b
00c0
0148
0205
03f1
0a32
11d3
17a5
950b
2809
36f6
96b3
fbe4
52ea
bd66
f6b8
4da2
f5a8
eb09
3ddd
f9b6
ddba
0e69
f1d3
d9a7
0ac9
fc45
fdd1
1c4b
06ca
fc63
18f8
f42e
de81
0e9b
fd9d
d8f5
1069
178c
e684
0f72
2a69
fb83
f452
13ae
f73c
d7aa
fad9
139a
e961
f6cb
1d39
f943
e701
1b0c
113b
eaee
044c
16f4
e9b9
f09a
1997
0813
f1d2
14d1
0ecf
e9ea
f40b
0b5a
f5bb
ed3b
08ad
076d
ee4e
fed9
0ff4
02dd
fc61
0e54
0cce
f4e1
facb
0aba
f559
ed4c
08cd
0377
edb9
015e
1191
f784
f5dd
1360
03a9
ed09
09ef
0ea4
ef27
0022
17a5
fbd0
f639
186a
11c9
f39e
d78b
efe5
f36a
0114
ffd6
16db
f994
0754
1bc1
037d
0615
1034
ed5e
ec77
f49c
f743
f6e6
0913
0f5e
0346
ff94
0a9d
f491
f4ab
01c3
fc06
fa35
03ca
031b
0285
04e3
0957
0cff
04ac
fcdc
0085
f413
eedf
fe16
0186
fab5
03e6
04d0
fb18
f9ef
0509
07c8
015e
077e
09d0
fb6e
fc15
0711
0042
fc94
01d5
fdd4
f407
f7bd
03a1
ff7b
feb8
0803
073d
fc62
00e8
042b
fe68
fa70
0547
0131
f616
01fb
055e
fa1f
00b6
07dc
ff9e
fad5
0222
0144
f878
ffb1
0938
fc1d
fe8b
07fe
fddd
fa6e
0344
01b5
fa48
ffbb
0567
098c
fc10
edb1
fe9a
f480
0205
12d0
11f6
fdcb
fa53
0369
003c
fc7d
082b
fe7d
f38b
f7f3
fe87
0168
04e6
0aea
0839
f925
fca5
ff1d
f714
fba4
0257
fe04
fcd4
020e
02e4
fc83
ff44
0468
fd8b
01b9
053c
ff54
ff0c
01e2
00c6
00a7
0136
fef2
fe1d
fbb2
fa5b
fe1e
0162
ffb9
050c
03c3
ff36
0290
072e
02d9
0361
041c
fe98
fa03
fc45
fd75
f9f1
f881
ff60
fb01
fb7f
015d
01ad
fe90
041f
0699
01ec
0260
07cf
01dc
00ac
05b2
02c2
fe18
feb8
fd4b
f91c
f830
fa6e
fe5e
016c
03a0
0499
03aa
018c
0062
0164
fe42
fea5
0029
f621
f47a
16f9
1961
1786
004a
f2ec
f426
ec1c
ecab
eb22
f66a
f68c
f8c2
12a6
1b2b
167b
2088
0cb4
fd65
ed1a
e893
ead2
eacb
fe22
0d32
0bcf
10a2
111c
05bc
04d7
fa34
fa50
f395
e8ab
f116
f9ba
fde8
0e05
1b1a
156e
09c8
0472
fb60
f0f9
f822
fdf1
f86c
fa30
fedc
fbc6
fe58
0643
06c7
ffbc
fa6e
f8f5
f3f3
f6f1
0196
08a8
0b11
0a6c
0c3c
07c4
00c0
0312
0132
f896
f7b0
f99b
f631
f8c4
0222
05d1
022d
04ef
0605
fe25
fcf3
fec0
fd58
fe95
0248
031a
fedf
ffa1
032e
007f
fc46
fea3
fd1b
f811
f711
003d
f850
f426
0f18
23d8
fe4c
10e2
13fc
ebd5
ee3d
08f0
f460
f05b
fb4b
fe2e
f09a
06e4
0e7e
07e5
0ab1
036a
f873
fc13
f9a9
00b6
092a
053b
05a5
0909
ff89
f9bf
fbd8
f95e
f0df
f99b
fb69
f73b
fe72
08c8
0896
07e9
0b9a
0a05
fbdb
fd78
0019
f8b4
fba8
0545
01de
ff36
0200
0181
fb7a
fdd4
0268
fd74
f8cd
fdcb
0167
fede
0655
0b55
0564
ff0a
0328
fd8d
f57a
fb61
fe61
f686
fa41
03b6
0056
ff3a
084c
0841
0064
01f9
0359
fc42
ff1b
021e
00fe
007e
027d
0540
ff4c
f964
fd7c
fcbc
f4af
fed0
fecb
054d
fe75
2442
ebe6
b591
5d7a
3ade
9965
0b67
38a1
a6aa
f319
4162
db67
ef01
2de8
ffbe
f026
1efc
ff4c
f267
fc12
f077
fd3e
0bd7
f811
0bf8
1d08
ec04
ec37
1beb
f339
d972
1cee
0b6d
d46c
15b6
240b
eab4
ff06
2430
f5dd
e028
0859
0f7e
d9d7
f82c
1c2b
ec9a
e8d9
237b
08c8
e9db
0ece
1c8d
eb8e
f4ae
1c5d
fd34
e1b2
1078
099e
e57c
fd04
13f8
f55d
f28e
12c3
0b4a
ef30
0392
157c
f807
f6a6
1155
0523
ed68
fd14
0bac
f143
ed0b
0f24
013e
e7bc
09cb
159e
f233
fcb1
1c85
feb1
eab7
1400
0ce0
e5b0
045f
186f
f5d8
03f6
0e8a
d569
e094
f36c
162f
f755
0908
176b
0f25
0075
11da
1ce3
f39b
ea1e
0613
e70c
da8b
0b52
118c
f250
0f78
1d64
fb64
ee16
0b64
f9a9
e21d
00b6
12b3
f1f6
fa7f
19ee
03f7
f881
1485
0b27
ebd5
f516
01ad
f3dc
f49c
1470
0d81
f1c9
0317
08ac
ee0b
f84d
0d84
005c
f498
0381
0a62
fedd
053f
191c
082c
f3a2
fe33
fcc9
e9c3
f5e3
0977
fd5f
f365
0999
0870
f1f0
02ac
1051
f8a5
f8e5
0b52
ffd8
f22f
0449
0d3b
f8df
fc14
0e98
fcca
ef9f
02d9
04c0
f2c1
fe81
114f
0026
f7d4
0f9d
0afa
f976
09cf
1730
f7ae
d513
e1a4
fec5
001c
066c
21c9
0742
f51c
17bd
079a
f5a8
07ec
fc48
e307
ebe1
01cb
017b
0427
1b57
1103
f9db
0402
f77b
ece4
f348
fb46
fd25
fed1
0587
0dac
076c
08b7
103c
0691
f7ca
f88d
f675
ef57
f6c1
04b1
054a
03d8
0726
0430
fbf5
fb55
043a
ff62
f94f
0440
01a7
fb81
0628
09d6
046d
0246
0337
fd5c
f3e4
f989
0212
f970
fdac
07d0
fe70
f9fb
0378
039c
fe01
012a
074a
fea4
fb1c
0521
0425
fb4a
023a
02a8
f827
f867
0446
fe06
fba4
0786
06f1
ff72
0382
058c
0135
f927
0097
ffe8
fa0f
fb49
0a63
d665
0738
2f32
0883
e89e
1cb9
ff69
e519
f694
fbaa
f184
f19f
fc2c
0f1f
0401
0931
15a6
0f23
f9bd
f734
ff2f
ec75
e660
0e31
0b2f
fb75
12eb
16b5
f145
007a
09ec
f407
ead0
fc79
f2f1
f150
0174
167d
0d25
0971
0f35
05b5
f283
002e
06d3
f7ae
f8b0
0492
fa38
f1d5
024d
0719
fb5e
fd03
0453
f4fa
f118
04e6
08aa
01d0
0e29
1199
fe22
fd41
0722
fd5e
f784
ffc7
fe5e
f44a
f42d
01b6
0224
fef8
08d7
0baf
fd54
0048
090c
ff08
fd1b
071f
03da
f836
fb06
02af
f7b6
f647
02a3
fdf2
f50f
01ad
fef1
f8c9
053c
1f70
0a39
024c
12ff
fd1d
e76e
ffed
00be
ef61
f572
ffb6
f57f
fc69
0c31
0e19
0851
04f1
0127
fec1
f3c7
fc10
046c
fe3e
feee
0e8c
05a9
fad0
02e7
0499
f34c
f6f0
01db
f875
f478
0391
082f
fedf
09b6
10ad
fc44
f7ec
0394
fa2f
f471
04a7
05e7
f995
ffe9
0986
ff8f
fb25
0797
02f5
f3f8
f995
0181
fb98
fd6e
0b90
0889
fcd6
00e2
0412
f7ca
f6f0
03a0
ff83
f6db
02f7
07ca
fe39
01ce
0a3c
003f
fa36
0281
ffc6
f757
f9d0
02d6
fe90
fcf0
0816
0a77
fc0a
020f
08d0
fa08
f937
02a5
fea2
f37a
0274
fe09
fd4d
d43d
1288
410b
2654
d0b9
0c62
0415
badc
0bb6
144e
ce91
0795
0ce5
0151
08c6
29f3
09f9
fe95
f335
efb1
e825
f410
faf6
04f4
0fea
fced
072b
13da
fdb8
f548
1827
f8ea
e663
0d81
ff0a
ea73
0cbd
1008
fbb7
fe8b
0845
00dc
e7e5
005b
0a77
f09c
01b6
169c
f841
fc59
0da0
0862
f7b5
ffed
0737
ee73
ea48
0559
fa82
f4bc
0cdc
086e
ff20
0571
0bb5
07fc
fc4b
04f3
0a24
f602
fc02
0465
fbb4
f6b2
ff3d
04c5
f7db
f78e
0af5
f9c0
f314
0bca
046b
f8a5
06cb
0c8f
f9cc
f8ae
0ddb
0172
f0b9
081e
06fd
efa1
0500
16c5
17f1
a857
1532
0323
a8ea
1d69
3a27
dff4
1316
4625
f975
f623
3139
ef49
d9e0
f8c3
e333
d732
0495
05c2
12af
1d9e
0f00
0b09
0454
ea65
ec19
001f
f04d
efcc
0fce
07d1
f64e
15d7
210a
fb35
fbce
0c3e
e75b
d99d
043c
0547
ef4e
0b46
1c23
f87a
f8d6
19ec
06cf
ea5b
0c4f
0873
e203
f7d3
1550
fdee
fe76
18e0
07bd
eaec
fa9c
05c1
ef28
f304
0e74
ff90
f205
08c4
0d32
fc6f
0488
126f
0167
eebc
ffdf
012c
eeb8
fb1d
0cb0
ffe7
f95c
0b69
0813
f308
ffc6
0d87
f579
f42d
0acb
0112
f5c3
0948
1092
fd5b
0160
145b
0e1a
ea78
cdd7
ec55
06e4
019a
090a
1db1
f7a9
0a44
1aad
ff4f
0311
05fc
e7fe
e3cd
f5ea
f845
fd06
13e3
14a7
feaa
0872
052e
ea97
fa4c
ff61
f494
014b
07b8
0396
0532
09c7
0a6e
077d
007d
faee
f615
ee07
f412
fe4b
fd81
045f
0821
ff21
fe30
fdce
ffb5
04ca
ff06
0261
041d
fc6d
0248
0b30
0827
08a7
0676
ffbc
f6a8
f5cf
fa1b
f95a
f930
02cd
ffd6
fc0e
036f
063b
fff9
01df
05ea
fffb
fae4
0031
006f
fb57
0337
0645
feae
fce9
0013
fb35
f68e
ff54
0157
fc9d
050f
086a
0456
054c
04de
01e1
01c4
fccb
02ff
fd7c
d696
10a5
0c2b
f51a
01e9
2438
f6f1
f670
00a7
0027
f1ff
01bd
0365
fcc3
fd42
070a
0a97
0917
ffba
004c
f9d9
e8a9
f302
02ca
fd5b
00f2
165b
099b
fb75
0c19
0727
f2d7
fb76
fd89
f08d
f5b5
0044
0690
02b6
0923
0d43
0028
fc11
044d
fe56
f6b1
fdbb
03b2
fc45
fd7a
0c00
04dc
fc42
046b
01c9
f31a
fb0d
02ab
fbdd
f9aa
086c
034a
fc49
0497
0680
f9b1
fbe7
fea8
fad3
f66b
fc56
0490
ff2d
0197
0d25
078c
0102
063e
052f
fa15
fb6b
028c
f9c3
f6cf
04d3
04eb
faa1
049f
063c
fa99
faa8
fe86
f910
f529
f62d
0e1f
1656
06bc
1af5
0a8e
edee
fb36
0031
e88b
ed92
fa0a
ed3c
f038
0da2
0fab
0c0a
18e6
0d09
ff51
fb53
f6f3
f767
f7bd
fe2d
0aea
090c
042b
0390
020e
f9a2
f772
0178
f81f
ed2f
fa77
fe1b
fbfc
0dcd
1731
0a70
071e
07db
faac
f6cd
00ce
005b
f71f
fa6a
fd77
f887
fc43
055f
059f
ff36
fe4a
fe03
fb78
febe
03fe
0739
0389
ffce
0570
fe95
f980
0297
0206
f863
fd5c
00f3
fa83
fbba
06e8
055d
0069
07e9
06ad
fcd7
fdc0
01fc
fd27
fc28
00fc
feb3
f9be
fcc5
02ad
ff67
fc9b
031b
04ae
f9f8
f9ed
f0be
f39a
269f
1393
1d92
0a2f
ec1e
f1a6
eb3a
f1d1
fd09
ee20
fd98
f73c
0cee
1231
13d2
1cc7
0608
eec0
f2bf
ed2b
e8d3
00de
05a1
07a5
08c8
0ebd
07e2
02f6
fd02
0364
f5b7
f221
fb85
f7e9
f6a6
0c51
0b1d
0775
0d1f
03a2
fcbc
f6db
f8de
f9d8
f9f2
0354
0779
fee3
0396
0595
00b8
0281
009b
fc7d
f3d9
f4d6
faa1
fb6e
02cf
0b27
034a
068f
0682
0255
0369
0130
fe58
feef
f96e
fba5
ff61
ffaf
ff80
ffd4
036e
fe03
faeb
02f3
fdd0
fb23
0689
02ea
0466
0747
05d5
fef8
fed1
fd1d
0164
f4b7
09ab
fa72
2861
d2e3
bb01
62da
f3b6
9758
4ca1
1385
b697
27b1
3af8
cc98
1b18
29c3
e44d
ee8b
1834
d77c
f2f4
03d9
f495
05de
1b40
f70f
1099
12c1
e58a
f226
184b
e3b8
eadc
20f4
fdf0
e69e
266a
1866
ed63
05cb
13d7
e403
dfbc
0f6a
055d
e1a0
0bd5
16f8
e628
f9ec
2121
fcfc
edef
14b7
0799
e1b0
0145
1a8f
f5e5
fa14
1a71
ff30
e705
0419
08bf
ef1d
f878
10c5
fcba
f07f
08c3
0c01
f7a2
0239
1466
02f3
f1ff
072d
06e8
ec3f
f7dc
0ef7
f69b
ed5c
0b17
05c6
eb8f
0494
1613
f3d2
f86f
1875
00a1
ef8b
10cf
0ff9
ef64
0604
1f4d
f72a
c8af
f48e
0145
faab
fb5e
1e18
fd78
fdb5
1b00
0d91
fe8d
08e7
fc38
ed40
e7c9
fe56
01b7
fc48
0aae
1147
fbb7
fdc0
fded
fad6
f4cb
fd42
082e
00d0
fbe6
0d6a
06ce
fc31
0fd6
0d2a
f147
f7ec
fcd0
eea0
f348
074f
06cb
fc21
005d
07c3
f590
f977
0f57
0700
fc41
0bec
06a2
f80f
028f
0a36
ff76
f781
fe86
fae1
ee79
fb2b
0af5
012b
00bd
0dee
05cb
f8b6
00cd
069c
f9d3
fba0
0865
fc85
f496
0322
03fa
f8f2
ff36
05e5
fae8
f58a
0282
00ac
fd32
0671
0b36
0344
00d3
03ff
0322
f719
ff94
0a74
fece
e528
f360
edb8
fbd5
13f3
1c50
1404
05c7
0464
07fd
f5ef
fec3
ff43
ecdc
ea67
f7a2
fc80
0274
0f35
1443
0222
fedf
0166
f562
f524
ffd0
00f3
fbae
03f4
0a9c
01c4
00b1
0901
fc09
f75f
f929
f6f7
f65f
fc2a
05dc
0897
0935
105c
0a89
ffd9
fe03
faaa
f71a
f7e7
fa89
fc0d
f9bd
fefe
065e
0609
06dd
0afe
02f4
fadd
fb4e
feb5
fc84
fe4e
04d1
013f
fd8e
ffe8
fff3
fd36
fe31
0045
fdd1
fa8a
0125
0217
fda9
03f9
0659
0262
0381
00f2
ffff
fd14
fbe8
fed1
0029
fe04
0279
0041
fdf5
ff11
01d5
fd8a
fed5
ff23
fe8b
ee74
0680
267a
1fc7
048a
f86a
fcfd
e4ef
ee86
e964
ec99
f34d
f07f
0207
18ab
1461
20ad
1e4a
07ed
f900
eda9
f12e
e7bc
f5c7
07c2
0624
05cd
10db
029b
005c
fd4a
fbeb
f668
ed8c
f10f
f994
fc8a
0ad6
1cea
17d5
0e37
0a14
fef2
f310
fa59
fb62
f4b2
f433
f8b6
f7d4
fc45
06f0
0c66
06d6
ffbe
fe47
f74e
f3b6
00fb
059a
02fc
0909
0830
019f
004a
03c7
0175
fdaa
fbcb
fbac
f532
f6bd
00a7
04cc
0586
0872
08e8
0247
fc74
ff0a
fe85
fbeb
ff19
0204
fd04
fa71
03a9
02ff
fd37
0203
0391
faa1
fa71
feff
feb3
f5f8
fa2e
06ba
18f0
fb06
0b3c
0fbc
ef23
f287
0a02
f0fd
f7d1
020f
fcce
f6b8
0dbd
0c1b
05f9
0d0c
02c0
f32f
fb38
f742
f5df
01a0
0456
00e4
060d
0530
fe47
ffe0
02fa
fbcb
fe04
fe1f
fb8d
fc73
0184
0211
02fe
03d7
048c
0009
fde0
ff29
fee1
00db
0378
0223
ff7c
007d
ff9a
fbfb
fca8
fe15
facb
fd11
fdf5
000d
0328
03a6
0615
05d0
0167
0330
00ec
fd24
ff65
0077
fc29
feba
ff18
fcf4
fcff
ff73
ff35
fd29
fdff
feef
fe66
ffdf
02f5
0658
0779
0545
04eb
0394
fd41
fbff
fd1f
f923
fb5f
fee3
010a
fc47
09b9
03a5
1240
a673
1a9a
67b3
ddec
b6e2
5ce9
da39
c818
361f
12d3
c2e4
2370
0779
ead7
0046
1b8b
e54d
040c
f4a4
00a8
089c
0ac8
f8f4
1d56
ff12
e1f5
0289
1274
d89c
fbc3
25d4
e8d0
efb5
2de4
000b
e940
1a59
0dc4
e131
f077
1a34
f2ac
e3d1
1b20
0e59
dec8
0dae
19d9
eab2
f3a9
1a49
fd99
e623
0fae
1316
e598
fc7f
199f
f3ad
ef16
0f76
0526
ec15
ff6b
1175
f773
f3c6
13ba
0633
f087
087f
0f12
f99b
f5c4
0bc6
0232
e944
fffc
0ed7
ee4f
f648
151c
02e4
efe5
0f1b
11f3
eadd
faf4
1834
f3da
ef75
17ba
0305
ed78
11c8
2035
d838
d93d
02c9
e1b4
fcea
14da
12e9
fd2a
1c8c
1be4
0625
0b83
060b
edfd
e868
e431
f291
f993
fe0d
1311
16ff
022a
08a6
0401
f183
f025
0028
0013
f9cd
0326
0eba
fdf5
01c9
1b36
087b
ef8c
0187
f771
ddea
f69a
0c38
fb18
fb99
14b6
0655
f20b
0bbf
10cc
f669
0208
0dac
f3e7
f35d
0c85
05ce
fc00
06e0
0839
f49b
f294
ff67
fd5b
f3d9
0084
07e6
fbfe
fcd4
0c0f
0757
fd74
08fe
09c0
f4d9
f8dd
04f2
f956
f433
066d
06c2
f98e
00a7
09ef
fa12
faf8
0791
00bb
f90d
020f
050f
fc01
fd77
0b90
0848
032f
0d34
eee9
cadf
f15b
18f6
fe54
0b1c
2102
fb22
ff73
11ba
07ab
fe9d
f8b2
f360
ea03
eb0a
feb2
0bbf
0bb2
099f
068d
0775
eebe
f5ae
0765
f4f7
f77a
1142
040a
f8be
0f59
1007
f892
0220
09ee
eea1
eafc
fe8a
fb87
f4fd
0a6c
14b0
fdc0
fdb2
0d19
fa09
f4ac
0a57
0117
f37c
fda5
0483
fb87
feb3
0ea9
0d60
fbf2
0141
03fc
f481
f873
0646
ff62
f805
00e3
0409
f7d0
fd86
0a06
01ce
fa6c
055d
0543
f804
ff8a
0a47
ff5a
fa55
08f4
0355
f52b
fed2
03e6
f611
f9c1
0507
ff7c
f6eb
03c2
09fc
fa24
05ae
0acb
0931
d733
0609
2e49
0215
eafd
210a
0168
e1b1
00a6
f7b2
e6a3
f463
fd7a
fe91
0213
0e93
12a9
0ec3
08f4
036d
0144
f3be
e86d
0298
fd77
f951
0bf9
0d1b
f2ec
0543
05ea
f8a7
f699
02f9
f535
f3d8
0442
0e3f
0565
0ca5
0d41
fd2a
f735
ffb7
fe25
f7da
fc45
00ad
f846
fb2d
083b
06b0
ff02
0711
0426
f782
f8ba
0323
fceb
fcec
079c
04d5
fa4b
00f1
03b9
fc32
fe39
07b0
fe55
faab
ffee
0114
fb87
036d
05d7
00de
fdbe
00d1
fd56
facc
fc97
012f
feeb
fc4c
0158
032e
ff64
038a
0761
011e
fdfd
0302
fd72
f46a
fde2
0f82
0aed
f975
0f4f
021e
ebe0
fd2c
050b
f263
f88a
0263
f9aa
f9a5
0c2a
0cdb
02fc
08ae
049d
f881
f7f9
fa30
fabf
fbb5
023c
0893
0734
0392
0221
0097
fe98
fd7d
ff9a
fe03
f895
fe07
0111
fcf7
0364
0903
feb1
f9f7
00d0
ff9a
fc33
0616
09be
003f
ffea
0657
fc9f
f8cd
0154
fea4
f601
fc94
ff51
fc02
fe07
0771
069e
ff65
0107
04a6
fc0e
feb6
0751
0286
ff17
044e
ffb6
f93f
faf3
fd7d
f9be
f8ed
fe88
0120
fea2
0217
07a2
07c0
0523
062c
064d
fe7e
fb8a
005d
f954
f6dc
fd95
fee5
f7ca
ffe6
fe97
f720
db79
1e20
3b1d
25f9
dcbf
0c9d
fcc3
c770
08ba
0b5e
d458
06f7
01ff
0058
0a08
2332
0a1c
02f5
f318
f35e
ef74
f746
fd2d
0a98
0ef0
fc79
067a
1010
f798
f1c4
0f84
f27a
e7b8
0a90
0099
eea2
121a
116c
0096
02ec
0c15
0152
edd9
039a
0737
f0f6
015a
0e2d
f3c8
fbff
07cb
02df
f5ed
0041
0645
f152
f539
0a8d
fc2c
fb9d
0bce
0462
0053
0283
080e
0625
f95e
021e
053f
f244
f99c
020d
fcef
f8e5
02e3
07b0
fc51
ff55
1044
fe5a
f7a7
0ca3
02b5
f4a7
027d
0850
f409
f860
06f8
01eb
f398
13fa
0db6
22cd
bb59
fd8d
257c
ab4f
fc2e
4238
d6bc
f4ba
3f6b
020b
e747
3969
01e4
d709
048b
f69a
d4b5
06cf
0c85
00db
1428
1605
0485
045c
f891
e9d7
f5f0
f567
e838
0443
0b60
f9e9
1261
2254
084f
0214
0af4
f4f9
e00f
f6e8
0388
f198
fcba
0eed
f92c
f1fc
112a
0d4a
f301
061e
0e84
ebff
f7a0
13a2
0702
00d2
1587
0968
eeed
f3d2
001b
ef92
ee42
0681
00e6
f3ac
06cb
0caf
0118
0521
111e
0903
fa98
fffa
04b6
f4db
f5e6
043e
fc09
f41f
00a9
050c
f8d3
fcc8
0b35
028e
f970
08c5
092f
f7a0
01d4
0c88
fbcc
f8e3
0f17
0c8f
0093
da7a
dbc0
fc86
11fa
fd63
15ec
0b08
fd33
1422
0cd1
0557
0ca6
f029
e98b
ef02
f036
f5c2
0b46
0bee
0170
0331
0d86
f18d
f954
0bd8
f9bf
f7e7
0bc1
010d
f91f
0869
0ab1
01a8
0762
0464
f9c5
f22e
f7ed
febf
fb36
022a
0bda
fdbc
f9a3
0271
fe6f
fdbf
051b
0457
fe64
fae6
ff31
00b5
ff66
05f4
0968
0090
fce4
004e
fff7
fd2f
01d1
0259
facc
f85b
fe1a
fbea
fbd4
01fb
0666
018f
0281
0a31
04f0
fedc
06b8
02f1
f737
fc4e
fe2b
f73d
f81f
ffb3
02ab
fc36
02f6
0787
fbab
fddd
062b
fef7
fc02
040f
0366
02f5
053d
e15c
0e6a
03c7
f64c
0123
194b
f340
f886
001f
01f6
fe22
09ea
0356
031f
001f
fd17
038c
07da
f893
fdec
ffbd
ee57
f693
0531
015c
fdcc
0dfa
0568
fabf
028c
044e
f5c9
f880
febd
faea
fb63
0304
096b
0389
01f9
07fc
0297
f900
02f0
03f7
f7c3
fbc2
069f
fdd8
fce9
085b
0409
fa33
0209
0494
f8fe
fba6
0381
fe9a
fbf4
0547
04d1
fcb6
0003
031f
fe16
fe49
01ca
fed1
faed
fb00
016a
0100
fd4a
0331
0544
fcef
ffe4
0493
ff8a
fce9
0226
ffb6
fa2d
0330
070d
ff31
0225
05e3
fc85
f689
ffa6
feb2
f931
fe5d
fc12
f8e5
1c2d
1069
1212
1445
f37f
ed1c
f8a1
eb5d
eaf5
f72b
f48c
f12a
0a72
1211
0e0f
1b79
108d
fa66
fbd0
f2d2
f015
f9c2
01d2
04a8
0979
0cde
0526
fce1
01e2
f718
f391
f99b
f284
f14a
fc4b
045d
09a6
142d
17a5
0e15
01f9
ffa9
f697
f397
fc54
fd22
f9dd
f9e0
fb6e
fc85
ffc5
05d0
0476
fe6f
fc65
fc8e
fcd0
ff13
062f
0c3d
05f6
05ad
0737
fd4f
fb00
fd62
f88a
f864
fa56
fbdd
fe34
0205
07d1
08b5
05cd
05b8
023d
fc62
fb06
fe6e
0085
fd94
0070
018f
fa41
fcff
020f
fed5
fc30
00af
fe40
f8e9
fe87
0074
eafd
06ae
32d7
06f3
1b4e
0c8b
e3ea
edcc
f0f7
f3a3
f661
f021
000f
f81f
0bb2
1489
1753
16c9
0146
f43a
f6dc
e9e9
f19a
06a4
ff33
0303
08ef
07b7
fe79
04b9
fef3
fae6
f74e
fab0
fc05
fab2
0201
0dce
06bb
06c2
0c05
fc58
f744
fba9
f9d7
f82d
0071
0621
0272
ff47
0671
03f5
02a7
0714
029a
f780
f228
f6eb
f6d4
f7fa
0576
087c
fd49
0754
0894
ff78
04af
059d
fd37
fdf0
fcbb
fd41
fda5
ff7d
02ad
fe70
fdfd
ff3c
fbe0
fe0b
fe00
017f
06df
02e8
0897
09cd
013b
00a9
011c
f954
fa76
faaf
ffc1
fa8f
1a99
0592
973e
444b
3300
9255
0d80
4b85
ba8f
fe3c
4e0f
ee9a
f24d
3885
f938
e14b
0d46
eaab
dcb0
fe73
f0f6
ff48
1d7e
04ae
0a13
227f
f2eb
e38c
18e6
f9e6
dab5
16ee
11ba
db9e
0f11
261c
f321
f298
1993
f3d7
d25d
ff5a
1617
e35d
fc31
245a
fb3e
eb19
22f0
11a3
e8bd
04f8
17f1
e249
e978
1823
013a
e977
137f
0e64
e873
f854
14de
fb40
f383
10e3
0cb4
efd3
fde8
1107
f978
f348
0e75
0770
ea46
f862
0be7
f397
f113
125d
097b
efd2
0751
1493
f365
f73b
16b8
fd6a
e725
0a17
0a5c
e82f
0183
1908
fd57
0049
1e46
de48
d33a
023c
1b15
f02b
0a98
1a4c
fe4c
fd4e
0f43
0efe
f771
ec32
012b
ebce
e1cb
0777
17db
fca4
0aaa
1ab5
0079
e72f
04cd
03f5
e44c
fcb5
1881
f505
f488
1ab1
06b8
f318
111f
0cf6
e8d0
eeed
0509
f75e
f1d9
1352
1596
f30e
fe59
0cec
f106
f0be
0db7
0346
f008
01f0
0c97
fcbc
016c
1989
09e3
f198
ff53
0416
eddb
f681
0dba
ff98
f2a6
066e
071b
ef48
fcc0
0ee3
f9a7
f48f
0c25
0673
f69f
0670
12cf
fe5b
fad0
0bfd
ff53
ec1e
fccd
0553
f281
fa4c
0fd8
00b6
f4e6
0d18
0d0e
f928
05f4
19db
efea
dc4b
f165
f81a
fcfa
1089
1d37
0322
f636
1385
03f1
f388
05e5
0146
e5ae
edc2
05dd
0626
00d4
1bfa
171f
f731
ff07
ff80
ed0f
ee45
ff96
ff32
f676
0471
0e40
ff38
01c3
1083
02bf
f58f
fb80
fc66
f215
f732
08a5
0641
0099
0921
08af
fa07
f994
069e
ff35
f594
039f
0377
f386
02b7
0e92
0118
00a9
092e
ff11
f3ec
fad1
043b
f8ae
fb81
07a8
fd54
f5f2
0382
0552
fc78
029d
0cfd
0068
fb3d
0751
0535
f7f3
fffe
05fa
f813
f50e
036e
fc2b
f53f
0398
067a
fbdf
0287
082a
0207
fad8
0485
05fa
fb89
fb59
07ef
e970
ff19
299a
1e22
f2b5
fc13
04fd
e1b4
edad
f5dc
f59a
ef46
f8ea
1011
0fe3
0cf6
1f7d
10be
fa3f
f227
f09e
ee1a
e380
02cc
10b7
05d2
1128
1a55
fc3c
fe97
03bd
f774
ed34
f2ef
f21f
f121
fcfa
1246
1674
109c
102c
08d6
f737
f6fb
0215
fba8
f803
030b
fe5a
f4b8
0003
0753
fd4c
fd56
fd38
f348
ec03
fa9f
0553
0454
0d33
133d
05b8
02ad
05f6
014d
fc87
00f8
fe72
f87b
f6c8
fef8
ff94
fed8
0415
069f
ff2e
fcf3
00e3
fd34
fe48
050c
05cd
02a7
0202
01e3
fead
faf9
fb3b
fa9c
f540
f79b
f893
f4a9
fbb2
1cbe
11f0
01d7
17c9
0450
eb5f
ffaf
0241
f282
f937
0037
f5d5
fac1
0a99
08e8
0ab8
069b
fb11
fe38
f5ee
f402
03dd
043c
ff68
0d13
0a25
fd08
feef
046c
f4ab
f499
fe67
f847
f4bc
039d
07e0
038d
0898
0eb2
03b9
f98a
ff83
fda9
f614
001b
053a
fc4c
fe5c
0640
00b6
f993
033d
0460
f6e1
fa2a
0204
fe07
fee7
0b16
0af0
00d0
015f
045f
f877
f741
009f
fdec
f755
ffd0
0464
fd3f
fdb8
065f
019c
fcca
02cb
0388
fdad
fc2c
017b
02a4
fdd2
0402
094c
fc3d
fb7f
04f3
fbf7
fab1
02d1
0647
f6f0
0714
fffb
1583
ca5b
d9c8
5f68
28ce
a558
1f05
2143
a8f8
0a7d
344b
c9c8
fd91
1fc6
f600
f492
25f4
fdb4
f668
fb87
f699
f581
05d7
f993
0958
132e
f02d
f498
1c0d
f538
e726
217e
0426
dc64
1aa9
1094
e4ae
05b6
196f
f187
eb32
0b83
0a16
dd8a
0229
1a08
eaea
f4af
222f
fa15
ed85
120d
1287
eddc
ff7f
17ca
f593
e7a1
1000
feb6
e58b
01c0
0ca2
f44b
f936
12dc
0878
f4f6
098e
128a
f565
fb2d
0cd4
ff51
efc7
01c0
0a70
f256
f530
104f
fb83
ebe1
0b26
09ee
f044
feb5
14ab
f9d5
efe2
1528
0a18
ec93
0cc9
1437
ebc3
ff73
17ba
0f7e
d6b8
e608
01ad
c759
0d58
21c7
0507
fde3
33a7
0fa2
f1c1
1e5b
04b7
dada
f0ed
f251
e305
f70b
0f84
1274
0de0
0ac4
1054
f727
ead6
f810
f9b8
eed1
fe1e
0bb8
0299
0032
121a
16ee
ff2a
fddc
06f6
ec78
e24d
03a8
014e
f3e1
0b37
139a
f970
fac1
1021
055f
f15f
07fd
09d3
ea5f
fa85
13c7
fdd1
fe25
13c7
04e0
ed61
fac7
01e1
f21d
f337
078c
0036
f511
055f
0ce2
fcba
013e
11e6
033f
f23a
0347
02fa
f021
fdb1
0d2d
fd75
fa53
0a71
017e
f1e2
02ff
0987
f578
fbb5
0c92
0012
fc4d
0bdc
0b16
fe41
0105
0bdf
07fa
f2f8
d577
de4e
0192
07d3
05e3
1c4f
0334
0187
18f5
037e
045d
09e4
ee75
e58e
f67a
f936
f98a
0fb9
154e
fadb
00d7
081a
ea8c
f62c
064d
f6fc
fb48
0df8
09aa
0283
0c4e
0f5f
01c2
fe2a
fe62
f4d0
ec59
f50d
fc19
fb0b
0470
0acb
0023
0038
0410
018c
02c0
01c2
020d
ff43
f783
fd1b
05a6
03d0
0606
0671
ff41
f91a
fa26
fdd0
fc45
febe
0522
0006
fc5e
03f3
03d3
fe66
01b1
0501
fadd
f819
0231
ffea
fc39
05f5
084e
0154
00c4
0408
ff30
f8a1
ff67
ff04
f8fb
ffd0
04d4
fe33
ff02
0164
00d1
fb09
fe62
0115
070f
d61a
107a
2cd7
04af
f13a
219d
f9de
e66c
f989
f657
e9d1
f519
fbe9
0620
08ba
1434
16c4
14ba
04aa
f7ae
fad9
ee82
e372
02f6
03fb
fbda
0de7
1297
f64b
01f4
0534
f3f4
eddb
fadb
f1c6
f64c
0364
142b
12fb
118e
139f
07c0
f5a5
f9b0
fbb0
f07d
f45b
fb64
f7bd
f7a9
0798
0c7a
041f
0529
0784
f7e6
f80e
0140
0296
fda1
0527
062d
fe37
ff44
033c
fc4d
fa16
fd51
fa67
f8c3
fc1b
035e
0561
05bb
0a26
0b64
0442
0104
00a5
fc0a
f7d3
fbc0
fdae
f6c0
fbad
05b8
fe8f
fec9
08a6
006e
faf8
004f
ffbc
f50c
fc3b
0981
1525
0195
09c5
0c12
f4e7
f261
045b
f485
f163
fc03
f8ff
f3c9
07ea
0edf
0ac6
0dac
0b48
febf
faca
f6f6
f87f
fa9e
fc2e
033f
07cc
0265
0142
0146
ff6f
fc76
01b9
ffdd
f716
fac4
01ee
fd24
029a
0b90
03aa
fbc4
ff3a
fb9d
f993
ff05
04eb
0030
0014
02d8
00ba
fee6
0377
04c6
ff17
fba4
fd6d
fc8b
fc0d
0166
077d
02d4
ff6b
037b
00c5
fbd7
026f
0465
fbea
fea1
0163
fb89
fb83
00a9
ffa5
fce6
ffa1
014f
fd3c
fe09
0320
0338
012d
0633
05c0
0142
ffb6
ff6e
fd69
fa25
fceb
fe56
faf5
f660
fca9
e347
08e6
35cc
36f4
f213
f5d6
0ef1
cc55
ee05
13de
ddc7
f509
0523
04ce
094e
1a31
1937
02ef
edf4
eebd
efd8
ea92
fc08
0a47
14e7
02d0
0ad2
1483
0529
eea3
0c37
fd3b
dcc1
fdc2
04dc
e6aa
0696
192f
0513
052f
0d0b
0864
ee50
f943
08d5
f2db
f497
1068
fbcb
f780
0a06
0a14
fbf5
fda9
0921
f471
ea25
ffa5
008c
f5db
0830
0d3c
0488
03b2
0b57
080d
fbc2
fd18
03db
f351
f315
00ff
fffd
f9fc
00a8
0b48
ff0a
f8cd
0c0a
0506
f36d
0748
092d
f7d5
ff60
0bb0
fb79
f546
03b1
072f
eea6
0566
0a54
17eb
f0fe
b975
3f60
e4d2
b8b2
4273
1336
ce5c
29fc
3340
dbed
1719
2ba9
dadd
e9dd
0fe3
d5f5
e7c3
1416
fd32
02f3
1fad
09bf
052d
0808
f082
ec11
0102
ed8d
f3ee
0c24
ffc3
f8d6
17b3
1308
fe38
058b
09e4
e964
e973
0694
0101
f118
0bd8
0abb
ed1a
fa6b
1425
fe9c
f74a
140f
0354
ec1a
067c
1203
f9b3
06d1
12f9
f8e0
ec35
ffb2
fcef
efca
00de
0ab9
f885
fb8e
0606
009c
fc4d
03f4
0a44
0102
fb53
07e1
0029
f625
00a9
0621
f977
f916
046c
ffb5
f2aa
0370
0b1c
f7ef
000c
0ec8
fcd9
f92f
0cba
06ee
f9c0
0ae8
18ae
0220
cbbe
e3ab
04bd
04c3
f843
1b98
00db
f6c6
165d
0db3
0190
0a86
f7a1
eb42
ec97
f8c7
fe07
07a7
0e08
09fc
feb9
051f
f2e9
f792
fdf5
f7a3
fe82
09b7
fe55
04b9
0cbf
05a5
091d
0d1e
fcd9
f7b7
f60f
f374
f7ec
ff9a
055d
03af
fc29
ff80
fce1
f83e
0631
086b
ff71
0296
036d
fd70
0208
0717
07a2
0013
fc70
fd1d
f639
f784
05c6
02c8
fe3e
063c
01c9
f9c9
00ce
04eb
ff58
0117
0435
fe62
fcd4
038d
026e
fef5
ff95
fe6b
f9f7
f72b
fb36
fe1f
fee5
01df
05c6
063a
04c4
02ef
05f8
fff9
0094
04d9
07c7
dc76
f9cb
ff4b
f0d5
01d5
220a
0acd
ff13
0178
0633
f504
fd07
02fc
faef
f1ed
fb61
012e
0767
05a8
0e19
06a0
f4b3
f709
fd34
f711
f935
089f
0607
fc88
0898
0ac3
fd24
ff26
03db
f7cb
f34b
f7cd
fe48
faa9
00ee
0bd1
053b
0429
0cd4
0653
fafe
fe1d
ff87
f8ad
f76c
012b
fe50
fa1d
0368
07e8
fe97
02bf
068c
fee8
f845
0224
027b
fbe4
026f
07a5
fd95
fdab
0163
feba
f8c5
f953
fed3
fa81
fade
03c6
038d
01ee
0746
08aa
04cf
0198
061c
0179
f8da
ff04
0222
f864
fd4a
048d
fc6c
f8e7
020f
ff60
fa50
ff64
ff50
f0ac
0f47
1929
0fb1
1470
002c
f03a
f416
f414
eb54
ed0d
f888
f01b
fc9b
1259
0f92
18dd
1c76
05b6
01f1
f7d3
ed5c
f3b7
f9db
fb92
057b
08e2
05d9
fe23
04ea
ff09
f6bb
fcda
f965
f0b8
f96d
038f
033d
0d1a
16c0
0d59
02bc
03a7
fced
f6f2
fc31
fd11
f74d
f735
fa19
fd68
fe57
04a9
092b
0002
fd55
fe69
fa1b
fc89
01e3
059b
0413
0072
024c
014f
fb94
005a
0458
ff06
fdb8
0151
fe3a
fce7
0417
058a
0002
0183
0169
fc79
f8ff
ff83
02de
fe3a
015f
0798
fe60
fcf9
067d
fd48
f857
00cf
fc87
f50c
faf0
02ef
f991
eca9
05c4
3106
fb15
16d4
17dc
e5cf
ed40
03e8
f197
f7c8
f6e6
00ac
f1ff
0a5e
0fa2
0cc6
108d
0080
f412
f7a9
ef52
f695
0ad5
024b
0924
0ed9
0797
fbf8
02bc
fdd1
f37a
f7d2
f851
f300
f86f
0242
0704
05b0
0c8e
0b80
ff50
0067
ffa1
fbf9
fd91
0422
05b6
00fa
004d
038a
fc38
fce6
01a4
fc1e
f88d
f796
fd43
fcbf
fcd1
09f8
0b74
fd24
06eb
065f
f7cf
fe87
041b
f984
fc04
01c1
feff
fc96
0397
0533
fd25
fef4
0161
fce6
fd3c
fe67
0448
0689
000e
07e6
06b2
fc6e
fc6d
ff04
f54d
fa94
fde9
0415
f68b
1127
01ff
2bfb
b2b2
e3cd
6a03
d8ce
9e04
5f9a
f67e
bd0c
3b4b
31c9
c349
245c
1d3a
db23
eeac
13f0
d0bf
f82b
01b6
0076
0f18
1fdd
fd37
19a3
0724
dd50
f19e
118a
d889
f190
247f
f52e
eef3
3146
1320
eb66
0e90
1053
d89f
dee9
1339
f6ca
deda
1b89
1606
e29b
0728
2448
f46e
f03c
1c65
0225
e00c
0bfe
1ae3
ed06
fdae
1c86
f4bb
e4ad
08d4
03c4
e7fa
fd7d
13e7
f7a1
f48b
12f6
0b30
f5cc
0827
1122
f944
f014
059d
000d
e9af
fd34
118e
f63e
f456
138c
062e
ec97
0a1c
1518
ec83
f633
17eb
fa80
efed
177b
0e09
ef23
0d58
1d2e
effd
cd3b
f92f
f57c
f897
04a0
1ca5
fd8f
0725
1f3e
0bc3
fe6d
09cf
f56b
e74a
e706
f8ab
f809
fdfd
0e51
11bd
fe7d
063e
0130
f73c
f5c9
000f
01c5
ffae
fe39
0bc8
0356
fe64
120c
0d0a
f1f9
ff25
fd13
e79f
f490
085b
fd85
f916
0978
06a3
f50e
020e
1139
fff4
ff57
0f4f
006a
f45d
057d
075e
f984
fc83
0382
f6b6
f165
fe3e
025d
f8b2
fe4d
0bdb
02d5
fb9a
09db
06f2
faca
0159
07b2
f9b4
f72d
0414
fe33
f54b
01fe
0740
fb85
fda8
0730
fead
fa66
0688
07ce
ffc7
01fb
07c9
0018
fa8b
038b
0357
fd9d
02a8
f06f
e114
e8a6
0dbf
0fc3
0e34
18ee
0626
fd3f
0882
01d5
009a
f9c4
f261
f019
f01b
ff6e
0c13
0d29
0e03
06b2
ff76
f574
f29a
fdaf
fa1d
f93d
068f
0593
fe72
087a
0bfc
ff0d
fe19
0646
f76f
f009
000b
0009
f88d
0647
10f8
0252
fe41
07ef
fde2
f560
02da
0142
f8b8
fd85
01e8
ff04
008a
0724
0ba1
00d8
ff12
035e
f8f3
f6ef
0219
ff56
f847
fd5a
0045
f997
fce5
05aa
02c5
fe0a
04df
056e
fcd0
ff4c
05ad
01cb
fc2c
02df
0333
f95d
fc54
02dd
fc42
fbd0
04a8
03e6
fe71
02f5
05a4
fc17
0068
0269
ff0b
ec52
f4ff
228d
1b71
fd85
f9d8
0a71
e6d4
f307
f281
ede0
f045
f6f8
002c
1235
1187
1a49
15d7
0adb
fb87
f01d
f4cb
e51b
f1ba
0867
056c
0a66
1681
06fb
02f5
03cb
fe8b
f6fd
ef00
edee
f065
f656
0642
13dd
126a
0ff3
0910
0113
fad3
fe66
ff67
f979
f869
faee
f678
fb39
04f8
04b1
039e
ff69
f9af
f5d4
f8d5
fe0a
0627
0aa4
0aa6
05cb
05e6
03b2
0286
02db
040f
fb44
f859
f5a2
f375
f81c
0310
02f0
02ae
077d
0537
ffb8
01c8
0400
01e6
ffb3
0073
fe9b
fb9c
0041
00c8
fd91
fe8a
ff2d
faca
f9ed
f789
f97c
05b2
166b
026d
0aef
0c66
f5b0
f657
0749
f93c
f957
fc56
f9f5
f6dd
032a
05fb
07f4
07f6
0290
fc00
fc18
f9f1
fc1f
0337
040c
0404
0802
052b
fdc6
ff4b
feb8
f4eb
f714
fd2f
f7a6
f8a5
036a
0407
03f2
0821
0a69
014c
ff5f
0396
ff87
fd4b
052f
01b8
f9df
fdf0
fe86
f839
fc1e
01bd
fe6f
fc57
003a
02a6
007b
057e
0950
026e
feaf
000c
fdfc
f9b9
ff0b
031f
fcb5
fdde
0151
feb5
fe6b
ff1a
0124
fff5
ff7e
03c1
0294
fdef
0295
047b
0081
fe9c
0215
ff9c
f7ee
fcd9
0018
fcaa
fd11
0869
fec5
050c
fefe
1705
cf74
e36c
5c1c
2b42
aa6b
184b
1ae4
aa99
0443
2f04
cc61
fde2
1c40
fd2b
fc1b
27ab
0448
fd8e
f827
f422
f4a3
ff00
f3aa
0ac2
0fcb
ef9d
f93a
1e62
f32b
e8c7
2419
010d
dc92
1b01
1155
e6b2
0623
19d5
f287
ebfa
0c4b
09f3
dd7c
036f
17d3
e927
f332
200b
fa2f
ee20
0f73
12df
ec3a
fcc1
18fa
f576
e9bc
1452
ff09
e854
01d6
07c2
f37a
f9de
114d
09e4
f6d2
0af5
14e6
f575
fd28
0f29
fea9
ee28
ff08
0662
ef1f
f322
0fd0
fc59
eb91
0bfb
0b63
f04c
0151
1821
f884
f1cc
1559
0a7e
ea1c
102d
161b
08dc
e92b
e0ce
032e
bfe5
0335
241e
f22c
f9de
3246
0e24
f3e1
3209
12f8
d958
fdc6
fc84
d4f2
f1fd
13b5
fdaf
fd5c
11d2
1070
f346
fa05
0416
f4b6
f07a
058a
0718
fb73
0451
13eb
0e07
01f0
0796
008f
ea4f
e8ab
fe8b
fb27
f863
0ca1
0910
f73e
fe48
0ef0
02c4
fad1
0cab
0686
eca3
feb4
0f3f
fc61
02da
153e
ff07
ecce
fc23
fdc3
ee7f
fbbb
0dcb
fec7
f7fc
0c53
059f
f7cc
06d3
0b5f
fb86
f7c2
02db
fda2
f2ec
0093
09ce
f957
fe7e
0c24
01b2
f867
07f6
0776
f77c
0019
09a2
f98a
f613
046c
01ef
f851
0070
0c3e
05c7
0609
ee3c
d590
f85c
1b93
0130
0c30
14d3
fd6a
083f
09d0
0560
0466
edfd
e995
f3a2
ef81
f9ef
112a
11e7
030f
0836
106b
ee8a
f551
0c34
f532
eeae
0ab7
00c3
f17a
0673
116d
fd1f
0467
0e4f
fcee
f0d1
00d1
03fe
f7ce
018d
0ff4
fb16
f391
0520
fb52
f2ac
0334
0722
fb8c
fc72
0648
0357
ff0d
09f2
0d99
fdca
fd88
0361
fc78
f83c
0446
03b4
f641
f86d
0165
f816
f7b9
04c5
04ae
feb5
0371
0b2d
0474
ff88
0877
048d
f5e4
fe0a
021f
f560
f707
0476
0093
f827
04c8
07dd
f8c2
fe8d
0836
fc28
fcf1
051e
065f
fd16
105b
df14
08e4
2250
00f2
e9f0
18c0
f5c9
e965
f6ef
f92c
f70e
ff71
fcea
0c17
08c7
067b
0ddc
1516
f96d
f193
045c
f0e3
e38c
0bd0
0a20
f6e1
0d1e
1545
f3bc
fc8d
08a8
f8e1
eb65
0029
fdab
f84b
0096
1497
0b95
ffdf
0a31
0726
ee05
f684
070f
f5e5
f314
0a30
0294
f6f1
0a78
0f69
fc34
fd43
07b3
f748
ef80
0048
05df
fb62
0475
0d9b
ff81
f9ab
049e
014b
f78b
fd7d
0142
f9ab
f79e
058a
07c9
fe83
0592
0e33
fc32
f842
038b
fcdf
f2fd
ffb8
059b
fa89
ff90
0e7b
0493
fcd7
0756
017c
f4b1
fa19
ffcd
f953
f7c2
ffc5
fef7
1083
0ea6
074d
11be
fcaf
eeca
fd6d
f3d1
ef3f
fc72
fa11
f5e3
0a0a
0cf5
065e
10f9
0e46
f54b
fa66
f9e4
f084
f85d
0735
04c5
0552
0baf
0834
fd10
01ba
ff7f
f6bd
f7a8
f93f
f64f
f626
002a
0923
080f
0ada
0d7f
0330
ffca
0270
fc8d
fd9c
010c
002d
fbf8
fae2
fbba
fc5e
fc00
fe6e
ffa0
fc6c
fb4f
012f
030d
0189
095b
0938
029e
0503
01e2
fc5b
fd81
fd0b
fbdb
f94e
f943
fdd9
fd96
fef4
05a9
0511
019f
0205
03be
01d6
0041
0616
0478
fd54
0190
0031
f8f5
fca4
fed4
f7da
f94d
0051
fd36
fd75
ff3e
f694
e9ec
23c7
2d60
2ab1
ee22
f710
fcef
ce1b
f88f
052e
db4f
faa8
fddc
083f
0bc6
20ac
1a71
073f
f2ad
fa8c
f0d9
f127
007a
0722
07f4
fe6d
05ae
07cd
fd5f
f0cd
09ff
f774
e65d
05aa
041c
efb3
105d
15df
02af
05cf
0a73
0218
ee24
fe07
037e
f0eb
fa7e
0c6a
f6cd
fc23
08f9
08e3
fcc5
0356
0761
f39f
ef2e
045d
fd0d
fcc5
0b57
04c3
febb
0340
0390
0329
fb73
feba
042e
f79a
fb56
0734
0260
ff14
0299
054b
faef
f729
0443
fc9c
f500
07b1
05ed
fe2e
0703
0a6c
fc72
f979
065a
00a0
f644
04fe
0d60
04d0
228a
ae0e
0730
21c8
a5dc
fb7a
3a6a
d857
fe11
4397
05b6
fa89
3cab
fee0
e244
0984
e65d
d090
03c3
fa87
f692
1d71
112c
fc81
1230
fd43
e165
018b
02ab
e933
0473
1428
f79e
07b8
21e0
0ae2
f5f8
0802
f755
d802
eba5
08d5
f126
f6a2
15aa
06ab
f491
135f
1836
fa94
01ba
0fee
ef0c
ec4d
0baf
060c
f93c
0da3
0ad0
eec5
f30a
0584
facd
f47e
07b1
034d
f770
012b
0b09
07cb
0321
0ac9
0a55
f3e6
f4a8
fd99
f1a4
f0ac
0219
039e
f962
02b5
10e9
fffc
fe0a
111b
0538
f66a
049a
04a5
f315
fdd4
0a93
0209
02e7
1ab3
e259
c5d2
fde7
1c46
f44e
0d21
21b7
fb40
03b7
1460
0ac4
ff4e
f151
f214
e769
e463
fbbf
112a
074c
090a
1164
0b66
eb97
fcf2
0a4f
ee74
f574
1673
fdc3
f271
1253
0db3
f579
0a0c
0d92
ef73
eb8b
004b
fa25
f288
0d55
1636
f9db
fbc3
0a55
f72c
f11f
0a4f
05f4
f3dc
ff04
0ab0
fd84
fe9d
141c
0ba0
f512
fdc0
013e
f112
f66b
0946
00cc
f5d4
020a
067d
f6d6
fd02
0db3
02a5
f860
06bd
080e
f846
0021
0cab
fde5
f4f2
0557
0182
ee8d
f8ef
0719
f6df
f7d2
0dff
064b
f769
0b51
0dec
fe2f
038d
1978
f2d3
dc14
0476
f63d
ed85
0f4f
1fac
fd80
fb93
0c71
051d
f4b0
041c
0457
ef9e
ed44
0124
047f
fc1a
0cff
16f2
fae7
f4be
0462
f882
eecf
0149
0afd
f788
ff26
11b0
0498
fa16
0ca8
03e5
f047
f718
00fe
f525
f572
0a0b
07d5
fd7d
074b
0ff5
fe5c
f98b
0795
0070
f242
0023
05cb
f5e2
fb05
0bc4
0083
f9d2
087b
0533
f4d8
fbd8
0887
fce3
f854
09dc
05e8
f7ec
006e
07b9
fa8f
f93c
0495
fef8
f469
0091
07cd
fa60
fe4b
0b77
0221
fa92
0815
07fc
f954
feee
089c
fcaf
f934
0446
ff01
f2b2
fcfd
02e7
fa0c
f965
04af
f4ac
084e
1ca2
1a80
14ca
fc65
f3eb
f32f
eb01
ea8a
f2ad
f2a6
ebf3
014a
1029
09ad
1c7b
1dbd
014a
ff0d
f82a
edef
f0c0
fe86
0511
07e6
0adc
0d6a
fee4
fe23
ff40
f544
f575
f6d6
efc1
f62e
027e
097b
13af
15ba
10cc
08d6
fcb3
f720
f816
f9d1
f994
fc1c
fc09
f7c5
fc25
0289
0278
05df
0169
f7fb
f5a7
f9d9
ff59
066e
0d9a
0e90
062e
030d
0220
fb3c
fcea
ff12
f8e4
f8b7
fac0
fbce
ff95
0330
085d
088f
0249
02e2
0001
f914
fb42
00ff
ff47
ffb4
0227
0023
fc69
029c
01a3
fcd8
fdb0
ffe0
f420
f193
f2bd
2189
13e7
0409
201c
fbc7
e0d5
ff18
f6f1
f283
f6d3
ff31
f375
fee7
13af
0d81
12f3
119c
f803
f857
f356
eac4
f994
02b6
fe4b
0b2c
0da2
056e
0362
0795
fbaf
fa95
f957
f67e
f37c
fbf3
0335
0659
07dc
0f1c
04b9
fa57
fc24
f991
f5a7
fe35
028a
ff55
00d0
0645
056c
019a
0759
0584
fae6
f878
f897
f6d8
f706
02f6
08a7
003e
0303
08e2
fe90
fe55
079e
01df
fb61
00a9
ffc9
fa26
fe26
04f6
ff45
fd9e
027a
fe66
fc07
fcc3
fe23
0332
0007
01f3
0bbb
02f5
fdac
063f
fe50
fbad
fed2
026c
f629
02fe
fecb
1b0d
e60d
a70e
5c03
2f14
9131
1ae0
43c2
ab29
0629
4e50
da16
f37e
3365
f337
e3ca
1acb
f04e
e38f
01c9
f724
fb7b
15e3
000f
05b1
1907
ee7d
e505
199d
f7b6
db01
1d8c
11ff
d963
18ff
2258
e901
fa1e
1af8
efba
db80
0760
12a1
ded8
0161
263e
f11e
ee31
2675
02c9
e4c0
0b27
121e
e2b3
f406
1a6f
fc42
eae0
18e5
0a8a
e534
fcfe
1232
f37c
f2ff
1222
0749
ed83
0537
1303
f7b0
faac
111f
03e5
ee1e
fd03
0b81
f18a
f10f
12ad
037f
ee3e
0b4e
0fa3
f054
f919
1467
fa90
e82d
0eea
0b06
e84d
06c1
1ac5
f3a6
f873
1dc5
09f9
f16f
e3b3
f31d
e19a
05b3
0f5a
0b55
ff88
15b8
1892
f9cd
0a91
10f3
e5a8
ebbc
fa61
f051
f0c2
10e1
132e
0623
03cf
11ec
f60f
ea21
fea5
fb5b
ecd5
00e6
0bbd
ffca
032d
143e
1184
02d9
008e
069b
eef7
e69e
0314
fd3f
f093
073b
0aef
f594
fb15
0b69
0316
f954
0a40
0bd1
f520
0193
124a
0191
ff00
0f68
00e8
ed08
f6be
fe19
f12a
f2c0
05c7
018d
f759
06a9
0ddd
01b9
0247
107b
026d
f35b
0263
0439
f1e0
fdbf
0b4f
fb0b
f6b8
058b
ff58
f220
fff1
0932
f932
fd6c
0ea7
02b1
fefc
0c50
096e
fac0
0046
0760
031a
ec01
e53f
e433
f5ab
0d19
1272
14dd
0884
02f2
1320
02b8
04c8
08b9
f178
e6b9
f481
f865
f96a
0954
1382
ffd6
fb00
08c9
f5b4
f3d1
06ba
0090
f9ff
06b8
0945
ffe9
019a
0af9
0000
f9f0
0009
f9ee
f126
f8d1
014d
000a
037d
0b4a
03c1
fef9
0127
0008
fe88
ff8b
000e
006e
faa5
fc61
062c
03ed
0369
0b93
0370
fb26
fb02
fe7d
fa68
f9c7
0235
0055
f9d6
0266
03cf
fd13
0125
0658
fee8
fc33
0214
0154
fd72
0261
078c
009c
fe5b
02a8
ffbf
f79a
fbf1
0076
fb98
fea5
06af
006f
fecd
0325
0304
fc4f
ff53
fdd8
02db
e575
0052
3069
194f
f678
0509
0509
e15b
f3e3
f0c5
ebe0
ef7f
f723
0383
1311
167a
1d55
160f
0771
f435
eef0
f256
de6a
f9d3
0c41
046e
092c
1982
0082
ff77
0313
fb1c
f08b
f0d4
ee94
f2a1
fc31
0f60
1a92
174e
12a5
09ec
fa14
f4a7
fc0f
fa66
f653
f89c
fa16
f5ba
fd0d
0821
06aa
02ff
004e
f88f
f430
fb15
03b9
0610
093e
0c38
0642
0293
01f1
ff8b
fc7f
f9f1
f687
f8d8
f720
fa20
043d
06ec
0718
0be8
0861
0110
feb5
ff05
fab9
facb
009a
fc44
f7e6
ffd5
0167
fdac
0316
0307
fd7b
fd3e
ff23
fb5e
fe62
09d1
16ee
085b
05fe
0a1f
f7c7
eed4
fc30
f835
f254
f619
fabd
f913
01f0
0aa2
0dac
0bd0
071c
0036
fea1
f69f
fad1
0282
00c1
02c1
093e
0243
fbc0
fe22
ff40
f7e8
fd13
00ae
fb82
fada
0482
03de
0386
08a7
05f7
fd07
fbae
fc36
fad4
fb2f
034e
02c8
0011
0312
0379
00db
0175
0255
fe33
faec
fb55
fafa
fcd8
00b4
0456
04c2
011f
0101
01ac
fcea
fe31
02d8
fe36
fc7e
0175
0117
ff1c
03ec
0487
ffe0
ffcf
ff86
face
f82c
fe4d
fd8a
fc36
02d7
0558
02a8
0482
037f
0239
fd2b
fea4
fcb4
ff76
f720
0b44
e8e2
d193
4a8b
4bdd
cd77
ef55
3491
b5a3
e29d
2ad6
dece
e534
1bba
0331
0161
1d72
175f
fb95
f7a8
e9cd
f5b2
f4c0
f791
044c
1ab4
fad4
fa8a
1e91
07f4
e3ba
14ab
0e7c
d27f
022c
16fb
e54c
f8c1
1fb6
febb
eeab
0992
14a2
e619
f52f
1883
f522
e7a8
1a77
073d
ed6f
0842
1661
f741
f497
12bc
fe6d
e282
03a4
08f7
eaef
fb65
10b9
ff31
f865
0f22
1279
f8d1
fe36
11f2
f86f
f011
0742
02ec
f176
f9da
0ca5
fc0b
f114
0fba
0b79
eba2
0538
1040
f26f
f718
126e
01cd
ed8c
0935
1183
ef42
feca
1ade
047f
048c
d284
058f
ddb7
d73d
2b54
0be0
ea61
20a2
2571
ed21
113b
29e2
dea1
e754
08b6
e0e4
dec3
180d
0c02
fe6f
164f
1747
faec
f254
fd7c
f10c
ed6e
fa8b
08f1
fff2
0165
0f4d
0f33
06d6
07ce
031c
f1ec
e91f
f239
fda2
fb60
073e
106d
015f
f67b
0337
047d
f764
fea6
0b3f
f655
f2f3
0d56
0be8
0221
16d2
11e5
f3ee
f49b
fe0f
ef36
f023
06f4
01d5
f4de
0387
0726
fac8
033c
0d61
0551
fd45
00c1
041b
f628
f9be
07bc
fdbd
f71f
0429
0102
f659
fce0
0819
fecc
faa8
08ff
065d
f85d
0416
08e0
fdad
fec6
0c06
0ab0
06bf
e06e
d4f8
fbb2
11b5
ff7b
1342
0df3
f8dc
0ffd
0ad1
0301
0dc5
f4d0
ea23
f2b8
f762
f7cd
0ca8
1338
02bf
fe5d
0dfd
ec70
ee83
0769
f96f
f509
0e14
05e1
fb7f
0883
0f10
015e
02cb
0504
f92b
ee7f
f81c
0022
fa7b
0286
0f3b
0045
f8d0
02e0
fba5
faa2
058f
0373
feb8
ff90
01be
028f
017c
05c4
0756
fbf9
f92f
fceb
f99b
fd80
041a
0350
004f
fe40
ffda
fe40
fcba
01e3
0493
ffc9
fff7
063b
0373
fe5c
059a
036e
f584
fa77
fc58
f6bc
f938
0248
02ba
ff8e
06ca
09d8
fdc5
01d9
0231
fefd
f8e3
0dba
e0cd
e87d
1e4c
0563
f050
1b97
1c18
f3ac
ff67
0066
f58a
f1cf
fbdc
01bd
fcbe
fc6e
06ae
1271
0235
fe4a
0a06
fb72
e405
0104
076b
f4a1
045e
182b
fada
fb2e
101e
fed4
ecb8
fc9f
fa84
ec68
f4de
0bf3
0a70
02cd
1268
121f
fc4c
012f
0cfe
f99d
f2af
fe92
fb0d
efb9
fef0
0a51
fe39
fd9d
0cf6
0103
f5e3
02c3
05ef
f688
fde3
0927
00b2
fc96
08a8
0580
fb6f
ffa3
02a9
f87c
f4db
fe8d
fe66
f72c
010c
095e
01d9
01e4
0b4e
0798
fb47
00de
047f
f6d4
f7e8
0563
fbf7
f790
05f9
046d
fa4e
00ef
07c2
fbed
fbd1
0050
f8aa
01e8
1769
0368
0b55
0a01
f48c
f2a1
fd49
f206
f2c3
faca
f5d6
faa8
0b5b
0795
0cd8
1815
03e3
fbb5
0101
ee9b
ef76
00a2
ff9f
feaf
0afb
0825
fbfb
028e
08fe
fc10
fb4c
ffe4
f72a
f368
ff06
052f
020b
0677
0cad
0157
fe58
039e
00fa
fd1c
0232
01f2
fb9a
f910
fee1
fd49
fb08
0166
0300
fabc
fbd0
ff79
fe18
fefd
0619
074d
01e6
0255
0412
ff71
fe11
053e
024d
fc6d
fe53
fff0
f9c7
fb35
01a4
00ab
fd92
0113
030b
fedd
ff22
075e
050e
ffdc
05a3
03ac
fa4d
fd49
ffb5
f8ee
f8d4
fef6
fd8b
f8a7
fef7
fe90
f2ba
e880
2a36
1dd8
23b1
0ae8
ea54
ff4c
e20e
f0e3
0911
db99
f9fd
f6d7
006e
0964
1a60
1bad
055d
fa91
f8a1
effd
ece2
04fc
ff92
0bb6
06ec
0857
02bc
0160
f6c3
00b6
fa7a
ede8
fcc3
fd50
f524
09ca
1264
06bd
0a8e
05d9
0290
f314
fc3f
0133
f9b2
fd61
0a57
f74c
ff99
0320
003c
fdd8
0157
fe22
f6f2
f602
019e
ffa2
02eb
0e96
031f
0339
05a1
fa01
fba8
fdc3
f89d
003b
fd42
fcfa
0546
0431
03b9
0497
031c
fcbd
f9bd
005f
fb3e
f94f
0a66
024d
002e
09c9
0356
fa43
fe70
fd45
fd47
f886
0719
ffff
085f
0267
314a
e34a
ad7f
4f51
de5c
972e
4244
18af
c3de
2ec2
489c
de35
19ad
32c6
e2b7
e424
0739
d02d
e611
0399
fe6c
0fb6
21d3
01d2
0fab
07d9
e1c2
e9c0
0d81
e3e3
ef8c
20ec
0505
f1c5
2bdb
214b
f2c9
0172
0d7d
d554
d097
0573
fb3f
def1
173e
1feb
f090
04ed
2b85
00b0
f06a
1a45
02d3
d7e9
ff03
14ec
f104
fb0b
1b13
feaa
e583
03c9
0812
e7f1
f893
1295
faa9
f552
12dc
10b7
fb86
0679
13a0
fa09
ec1a
ff2e
f9ae
e724
f6a6
0df8
ff2c
f977
1359
0d50
f033
0856
15d1
f381
f4bb
11c2
fbab
ebfe
0ba1
0f00
ef70
0542
1cd9
fe87
c8cd
e933
03b8
0335
0092
24bd
09a5
fa82
1c3e
0f62
f7e9
0582
f53a
e215
e0f4
f84e
fb4c
00e0
12b2
1339
ffe2
08a2
ff3a
f73f
fc3d
fccd
00ec
051f
fc20
06df
073a
fd78
079f
0d1a
f452
f567
fe62
f103
f4f8
0bba
0b80
010c
0731
077b
f624
f61e
092f
fd24
f56e
0532
00ae
f4da
04e7
0da5
07a1
0478
0737
ff82
f344
f970
04bd
f8fc
f995
056e
febe
f73f
0319
069c
fb87
fe23
070b
fdaf
f986
06d9
06d7
fffd
056f
0a05
ff62
f94b
ff9b
fb46
f413
fba7
003c
fd7c
ff04
06e7
0802
016e
057e
0bff
00b1
0193
e8cf
f494
efd1
fb73
0950
16e2
0a31
03cd
fcb0
014a
fcef
02e8
fdd5
f932
f799
f83d
0196
0f53
0a6a
0da9
06b6
f731
f22f
f4de
f73f
f9a7
ff7c
0512
0242
01c7
08f6
0404
00ae
0043
ff56
fc1a
f9cf
003b
011c
fceb
0546
0871
fe56
feaa
0079
f82a
f5af
fefd
0164
fd1b
047d
07ad
021a
0563
089d
0654
021f
feac
0039
f981
f747
008a
fcd9
fa5a
0021
fe29
fbbb
fdc0
013c
0297
ff17
0366
0591
fe61
01b8
0600
0057
fdba
01eb
ff6a
f7d9
fd15
000d
f985
fe8a
065e
0138
0138
0478
032b
fec6
01d5
0045
fac6
f02e
0235
13a9
1181
16d2
00fe
f53d
f577
f542
ede6
ea46
f95e
f330
f4da
11fb
12c3
1276
1d98
0ce3
fffa
f3d2
f012
edf2
ed4e
fab4
09a3
07fe
0906
06d4
054e
0085
fca7
0386
f957
f0c2
f901
f96e
fcd7
103c
15c4
0c57
05b0
035a
f8e8
f5e2
fe74
0050
fa35
fc09
fdc1
fa3f
febe
051e
0886
fed9
fb22
fb91
f59e
f71a
0613
070e
0312
0599
069b
01af
fdbb
0481
0540
fcdc
fe3a
002d
f729
f828
02a1
02b1
fcfe
04c5
057a
fa6a
fc7a
03ac
006d
feb4
072b
0599
fcff
fdb1
0419
fcdc
f9e2
01ce
fcf7
f41e
f542
f2ca
024a
1fd8
008c
12be
0e2e
ec8a
f4e6
05d3
f425
ff04
0060
f9f3
f829
0d0b
0557
0980
113a
fb19
f229
fcaf
f097
f1c7
072f
0710
03df
0c70
09b1
fd52
ff40
009a
f7ab
f788
fc1e
fa5f
f914
00eb
07fa
061b
072c
0b61
ffa1
f7f6
fcfb
ff26
fa29
0294
0620
ffec
ff25
04ca
fe82
fdca
0307
fdf2
f8cd
f836
fc65
fe25
ffec
092a
0998
0197
05d0
03ea
fd06
005d
0297
fcb4
fc18
fc1b
fb74
fb45
fd98
ffd7
0127
00f0
00b5
04d5
020c
fdb9
063c
0531
fd2c
0430
03bf
f936
fd05
008a
fad9
f81c
0463
fe55
0257
007f
227c
e618
ab7b
5f85
3505
92d7
13b4
428a
a59c
fee6
4962
d6de
ef4e
2f58
f43b
e513
1afa
f62e
ebc6
0123
f578
fef7
136c
fb12
0971
1bec
ea30
e5de
19f8
f315
d82e
2120
0ead
d89b
1ce3
2610
e99b
fe27
20b6
ef5a
d929
0861
1186
da33
000d
256e
efb2
eafa
2668
045d
e38f
0d69
15bc
e207
f51e
1e8f
fd74
e8d0
1867
0a27
e0f5
fb2b
0ea2
ef69
ef98
1029
09c5
f04e
065f
18e5
f9d6
fb39
152a
0709
edaf
ffcb
0c4d
f0e2
f020
122c
00eb
e7a4
06ed
0c86
ec1e
f808
1904
fac7
ea11
153c
0f4a
ea1c
0b52
20fb
fcee
0105
f74e
e501
d986
08eb
13cf
f30f
07a6
1517
0751
f8f1
187d
12e7
e566
f4b0
02d9
e4c5
ed50
1745
0e60
fa08
0d24
17ff
ef8b
ee90
0b44
f5c4
e423
09ab
0c78
f332
0544
1bec
0691
fdce
1071
02ed
e5b4
efd6
01f4
f185
f484
12f6
075d
f335
0568
0d5a
f8bc
fcfa
0dec
0167
f078
0367
0d9c
fa46
060b
1804
fe2c
ef1a
ff2a
fbde
ebda
fadd
0b8a
fba0
f66e
0dcc
07a4
f567
087c
0f85
f75d
f7c6
0906
fd5f
efa4
0376
09a1
f5a0
fd07
0e09
fdd9
f40c
089f
0720
f422
037e
0f78
f93c
f89e
0c00
004c
f5d2
0614
0aad
fe73
037b
fa79
dac3
e70c
1556
0b5f
0159
149b
02fc
fd37
08fb
0942
0661
f580
ee85
f826
eeb2
f824
0f9f
0f2a
0221
042a
0be8
f668
f2cc
0c4b
fe4a
ef31
072e
06ec
f3bd
0218
114c
fda7
f97b
0d39
ffa7
eebb
ff1f
06da
f88b
fe5d
101b
0223
f369
05a7
02b0
f047
ff9a
07ae
f917
f95d
0724
02f9
fdbe
06c0
0cf3
ff5a
fccd
054e
ff6d
f739
02a1
0437
f7cb
f86a
04e7
fb23
f682
04ea
05c9
fbb6
030f
0b28
036c
fd63
06b1
03fc
f685
fcb7
0387
f7d6
f8e1
046b
00de
f934
03e9
0821
fc8c
fcfd
0918
fdc3
fa27
025c
05e6
f8c4
07bb
f4dd
ea67
2614
21be
f28c
f361
0ee9
e1de
ed81
f269
fde9
f988
f79d
0a8a
1a0f
0735
1597
1adc
0346
e98a
f26c
f758
da8d
f864
18e1
0156
0179
2348
0781
f2bb
0530
0392
e6a6
e9ad
fb21
f288
f100
102f
1bd4
0a46
0d4b
1683
fe07
f02b
06c7
02ac
ecf9
fe88
0760
f100
f591
0c44
0265
f6f6
00cc
ff6d
ebbb
f447
082e
066a
01e8
13d5
0f91
fd23
020a
0b89
fd1d
f7a3
fe37
f8df
eb5f
f6a1
0678
0088
0057
108a
09d7
fa3c
04f2
078a
f9ff
fc34
06c4
00a2
f6be
0276
0796
f702
fb23
0550
f8f1
f259
ff59
fe1c
f75c
fd30
0a3c
0c7f
1236
0517
1017
013f
f24b
fb22
fba6
e99b
f985
fd2d
f679
ffe9
13cd
06fe
0885
1205
0299
f745
0292
fa7f
f468
01a2
0789
fdf5
001a
0283
f915
f5ec
ff96
fbd8
fa30
fbdf
00ee
000c
0362
0bcc
0cc0
0514
05cb
003a
f8bc
f9bf
fb21
fb8f
fa7b
fd63
01cd
009f
008b
05f2
0449
01db
02ad
020d
fb9d
fd75
0279
feea
00c1
051d
fee4
fde2
ff2b
ff05
fee5
fd47
ffdb
ff72
fb70
ffaa
0204
00bf
02e9
03d0
ffc8
fc9f
fddf
fdb4
fa68
00a3
03af
fe3f
0198
06ac
0225
026f
0452
00e2
fb6a
ff45
fb18
0047
f73c
080d
d862
e5b9
4b44
3dda
c6ee
fe9a
279d
b972
f5f4
297b
d67b
f23c
1384
001b
ff9c
20c4
0ddc
fe5d
f4f2
ed92
f6a9
f952
f7b4
06b0
1739
f439
fc23
1b7a
01e1
e6a8
18ef
0845
d70e
0a32
12b6
e347
ff4f
1c47
f89e
ef47
0cea
0f85
e82c
fd29
17e2
f28a
ee99
19a4
0125
eda7
093a
1681
f273
f81e
1401
f626
e0d5
067f
023b
eae9
033e
10c9
ff69
fe16
12e1
10b1
f945
0111
0de5
f210
eef7
054b
0012
f11f
fd38
0bb6
faaf
f494
1113
0808
ee9c
08c2
0f17
f46c
fc5c
1408
fe5b
ec5f
0a0f
0812
ea90
ff39
186f
f852
187f
ee1d
de93
0641
d1a4
063a
1ee3
f83b
06f2
27f7
0746
fe88
2a27
fc31
db79
033f
e923
ce18
052d
0f5b
f604
1934
22a0
01df
fa19
0660
ee1f
e899
fc7c
0045
f652
0244
0d66
05a6
0a9d
18a6
0592
f584
f6a7
ece6
eb15
fb99
05c9
0433
0145
079c
0312
fec7
08d7
0651
fdc4
fff8
f9c3
f822
0270
0714
0d55
0cb5
009f
fa4b
f8a1
f4f4
f728
fe6a
0151
fa20
fe20
0354
fbfe
0338
0bb1
02ea
009a
01b9
fc6f
f885
fc7b
02c3
ff03
fe45
06e9
01de
fdcc
01bb
00bf
feb9
ff8e
0203
0044
fc1c
00b9
06ba
ff54
062b
0e7c
11a1
ecee
c921
f1b8
1473
fb62
09f4
215e
f50e
03a8
1561
fff0
0153
001c
eaf3
e865
f40a
fcc8
06d2
15ba
1072
02c1
0a71
f778
eb81
fe0d
f65c
f26a
098a
0962
feb6
0afe
1115
036e
0726
09ac
f8de
edb3
f457
f721
f6f2
0386
0f1e
042b
fe76
0321
fb7f
f851
033a
02d6
fbe9
fdb3
033a
027e
037d
0ad7
0b48
fee1
fd3a
faa2
f419
f5b8
006f
ff93
fd8d
0124
0562
fefa
0125
0867
043f
fe86
0105
00f8
fd06
fec9
03a6
019b
fb0e
ffd9
006c
f785
f9b1
0145
fcd5
fb23
05fc
07f3
ff32
0428
06e0
0055
0024
0bd4
fcdd
cfda
11ec
0979
eb5e
0174
2bf9
f71b
fc59
065a
007d
f0ed
fe9d
feeb
fc66
f67e
0015
0b6e
06c6
ff41
0c2a
0403
eb93
fad4
05e4
f69d
fbd0
12a9
028d
f743
0c8b
0856
f197
fdf2
0151
ef07
f2fe
005f
053f
fe44
0748
0ff5
02e9
ff9f
0e8c
05b1
f5a2
0122
04ca
f1fe
f719
0a04
fd5b
f666
06a3
041e
f3d5
ff00
0840
fbbc
f9a1
083d
04c4
f91d
03f0
0a28
fc8a
fdeb
06d0
ff56
f6e2
ff88
046b
f840
fb52
07e6
ff9f
f910
06c3
034b
fa1b
0114
080d
fcf0
fa98
0551
03f6
f931
01e2
075e
faef
fb28
0491
feb3
f6a1
fce0
fa62
03e3
164c
094b
12c5
093e
f3b6
f5f7
f9cc
ec4e
f424
f83d
eed9
f944
0d4e
06ff
0e97
1a89
0687
fb9d
0098
f204
ef60
fd5e
032f
01ee
08d7
0dd9
029d
ff07
0635
fbb9
f704
fa2a
f484
f1a3
faf5
0186
074b
0bd1
0ce3
06cd
0177
ffd3
ff47
ff45
fefa
ff20
fe87
f8cd
f9a9
ffc7
0089
0318
02d5
fd9d
f955
fb13
fe6d
014d
0547
06b5
00cc
005b
013c
fef3
00f7
01bf
00ca
00ec
fd38
fd4a
0053
fe1e
01c8
04b8
00f4
feb3
021d
fd57
fae4
0285
019d
fdce
014c
ff98
fa3e
fef8
0096
fdb5
fd7c
0148
f977
f817
e604
182b
260c
18ab
22ce
f495
ec2a
efc9
e48d
ff23
e993
f3a7
fa7a
fa9c
1255
13d9
1b1a
16d1
fd69
f233
f6d7
e63e
f403
0248
0673
0965
0c0e
0bc1
040a
fedd
fb2b
fe0f
ef5b
f63c
fa5b
f726
ff43
122f
0ad7
0e54
0985
0146
f769
f3f0
f8d6
fa81
fc75
0490
01e4
00b4
0771
04dd
0641
0457
fea9
f9b5
f3e9
f5eb
fa1c
ff14
0504
0395
03a7
05d1
fe3c
0105
0323
ff0f
00c5
0230
fe3f
004b
0043
0292
ff63
0048
019b
fb2b
fdc9
ff78
f76c
00b3
03b1
fef0
0729
0616
ff54
01f5
027c
01be
0170
0058
0241
fd2d
021c
0c5f
1994
8cf7
1f6f
3540
9116
f62f
5c91
c8db
fc49
572f
03cc
e534
3ddb
fe1c
d935
0658
f0d6
d20a
01c5
fba8
026b
1d59
0ec3
ffad
172e
f27c
dca8
0928
feca
da40
0f4b
1ac0
e65b
0c6f
2e02
fb95
ef7b
14d2
f626
cfb7
f807
15f4
e604
f74f
281b
ff1e
e885
21f0
13fe
e708
0487
17f7
e4d0
eabf
158b
05cf
eeb3
13d7
134e
eb0f
f291
0ff1
f66a
ec1a
0fe3
0a8f
ed79
0045
1266
ff2a
fafd
0fe5
0a7e
edb1
f637
0764
f384
eebf
0c79
0953
f2f6
055d
147c
f6c2
f590
13ef
016c
e891
046b
0d40
ee44
fd13
1997
ff97
f3fb
17a5
0fa4
fcc8
e24a
e326
ea7b
079d
08c6
0d2c
0981
07e2
1b3d
03d9
03dc
0f98
ec75
e482
f46a
f2a4
efd6
0c4b
164d
08b8
01b9
139e
f88d
e8a2
0129
fcbe
eb05
018c
0b1b
fcb1
037e
12d7
0cf8
0592
00db
039d
f2a1
eb86
0023
0076
f4a8
0787
08ba
f561
faf4
0679
00da
faed
0545
08b5
f8c6
fb94
0fa9
03ae
ff78
0d88
0499
f244
f81e
0198
f6f9
f606
04f1
0141
f6d1
025d
0818
ff1a
fe80
0c29
04f2
f51e
0233
0698
f59a
fd8a
0a67
fc5a
f7eb
0454
0095
f330
fe3a
0a9a
fbeb
fe0d
0da0
024c
fcdf
08ef
0684
fa1d
0135
0370
0708
f029
ed1a
f9ed
ee7d
02a8
14f9
0eeb
ff44
ffc9
08e8
0039
00c1
0c03
fdad
f278
fc05
fe54
ff2f
0514
0b76
00d1
f55a
fc59
f95d
f40f
00a1
0799
0163
0200
0a24
0662
fcad
0492
048d
f755
fc8e
feae
f638
fa3a
0181
01dd
0194
068a
03fe
ff27
fede
ffab
001e
00bc
0062
0356
009a
fcac
01bf
049e
fdc9
0234
03b0
fc51
f993
ff06
fee2
fa99
0096
0585
fca5
fe21
0510
fe60
fb02
034c
011d
fcab
012e
0351
ffa1
ff54
05c3
0151
fba5
fd7f
ffa1
fad6
fa66
01bd
01d0
009e
05b9
0656
011f
004f
0049
fc81
fa74
fb9e
fc13
f085
0210
206e
1b0d
1355
fb5e
f76f
edb5
eba9
e95d
eb66
f33a
f220
fc6c
1501
1602
1d9e
1c54
0bb9
fccc
eb2b
ed54
ec1b
f2e8
0698
0f28
0f15
0ff8
06c3
04b3
0044
f6bc
f89b
ec40
e5fb
f238
fb6e
0471
1a09
2041
1470
0a3d
0132
f544
f3a2
f935
f913
f7a5
f857
f950
fc36
01c7
07a2
0b33
0109
fbb4
f8fb
f585
fb97
05ee
0b93
0bac
078b
07ff
0228
fa69
ff8d
fcd9
f6b2
f986
fa3f
f8b2
ff4c
070b
08e5
05d8
06b3
043c
fccb
fa06
ff72
feb1
fdd0
0156
02af
ff11
ff7e
0170
fdb2
fbc1
febc
fd42
f73e
f765
f895
fa9f
178d
1587
04a9
1201
fc97
e9e3
fbcd
fc7e
f8a2
fdbe
fc0a
fa12
0164
0984
0c78
0e30
0482
f5fe
f931
f5e8
f1cb
027e
0a6a
021f
09a1
0b2b
fe95
fb26
0001
f760
f47e
faf3
fc9a
f756
001e
09cf
06a6
07a6
0bf7
0249
f9d1
fb9d
fb56
fbb5
ff64
0392
024c
00f2
0314
03b2
ffed
00c8
fd7d
f9ee
f5a5
f7b2
ff49
0274
04a5
0d93
08d3
01de
0671
ffc0
f7fe
fcd0
fb36
f5c0
faed
ff15
fecc
00ca
07ba
066e
0136
01fe
ffb2
fb37
fdb9
0040
00df
029f
0642
065c
0398
01fc
fee2
fbbc
f59b
f829
fcbc
ff39
09c2
164a
a781
2c23
6624
c85e
cda4
592f
c3d8
cc1d
353b
fe20
ce4a
2ca9
0a82
f1ac
0f15
13f0
ea7e
03df
edb0
f852
064f
03a1
fb64
2556
0114
e664
10c8
0f25
d21b
03e4
1d2e
d5ea
f44b
2afa
f779
f03b
2210
0c1b
e415
fb39
1a77
ebf8
e5e5
1815
feb2
d910
1044
16ec
ec09
fe87
2232
ff20
ec22
1548
101b
e407
ff25
1380
ecf7
ead1
0f0b
02c3
eaff
06fe
15b2
f333
f657
1401
ffca
ef6b
0acc
0fd2
f794
f71b
113b
0132
eb2f
0711
0c5a
e5bb
f499
1088
f610
ea7f
1230
0e1b
ea80
0686
1e21
f42f
f754
1ea8
07fc
fb01
029e
e786
e075
e9b8
1c05
ff44
fb55
109a
1689
f9f1
06d1
24ad
f943
e4ac
08ea
f5fc
db71
07a6
176b
f428
00c8
16d0
fd45
e435
017a
0154
e6ab
f9ba
1830
ff6e
fb08
1b9f
12f6
fd42
0aa1
0dc5
ef9f
e86a
f925
f973
ee75
0522
11c9
f836
f721
0cee
01fe
f5da
098e
0fe8
f752
f9a5
10a1
0454
f9c2
1196
0b27
eb40
f1a4
00b1
ee73
f1ae
0dd1
0824
f8ed
094b
106c
facb
fdf4
0e60
016e
f18f
fef1
02d4
f161
f7ad
0b7b
fe2a
f5ac
0931
06e7
f3ab
feec
0dfd
fd1b
f94f
0ef6
0794
f44c
04a8
0bfe
f6d0
f9cd
0b54
032e
fc41
f17e
ddf7
e9b5
1289
132a
0c01
1280
030c
07e2
05ff
00a6
0957
f46b
e44c
f24b
f3d9
f4c0
09e6
16cc
07d6
fe48
0f8e
fbe4
eb04
062c
0503
efb7
0267
0c95
faf9
fbde
0f70
0499
f79d
03bd
0113
ef32
f6f8
0714
ff75
feb7
10cd
0aed
f7e6
00b4
0408
f584
fc2c
0348
fc3b
f6c3
fda8
03dd
0052
037f
0e84
03e5
fbec
02eb
01a2
fc51
0168
0453
ff26
f57e
fc23
fdeb
f6b9
fc93
05d9
ffa0
fd6a
070a
083e
fef2
0563
0ba7
fc3a
fd12
0613
fcc1
f776
009e
01b2
f8e2
fb5e
056e
fba2
f967
027b
00ec
fc0f
096b
fcf8
e119
2315
2380
fb4e
f529
2035
efde
ed5b
f2ae
f343
e8a8
efcf
0122
1014
04da
0f88
1ca0
0d94
fac4
0320
0578
e124
f213
0f3a
fa0c
f649
19bc
0524
eda3
04fe
0857
ebb4
f23b
0193
f482
f3df
0dfb
19fc
09ad
0b3c
13fc
fd1b
ef3d
04f9
00e9
ea57
f837
026f
f22b
f532
0fed
083b
face
07b5
0824
f2ce
fa76
0a9b
ff27
fa71
0a77
06c4
f816
fe05
07e8
fc21
f79b
02db
00b0
f357
fc88
0772
fecf
ff90
0b09
0826
fc03
02de
069a
f9a7
f78e
058a
fc87
f452
01cb
05ab
fa20
ffab
0849
fed6
fa44
05ce
0095
fae0
fd31
0123
fd5f
0f06
06f5
02b3
07e4
fc63
f511
ff18
f692
f824
fc25
fb68
fb1a
098f
067d
05a5
1058
0672
f580
036f
fa18
eeac
fdfd
064c
fa4d
0278
093e
00dc
fb86
0969
03ed
fa67
ff8a
026b
f5bf
f980
044d
009e
fc5d
059c
04e1
fb58
ffa4
0663
013c
ffeb
039d
020d
faf0
fc29
0239
fc4e
fd62
0463
0138
fb88
006e
042d
fea8
fd24
0302
007d
fa44
014f
03fa
fd40
007f
0622
0144
fd4c
02ff
00c1
f9d1
fd33
037d
fc8d
fbc7
0438
0270
faa0
0241
0803
0051
ff07
067b
fecf
fae9
0185
ff69
fa27
fbb6
01aa
fb4d
fe65
ff0f
0575
e075
e9df
40f5
3cee
e2d4
e936
2a3d
be67
e60f
2444
db9a
e47d
11cd
fe56
fe9e
1a3d
1cb7
fc80
fcfc
f18c
f859
ef79
fff4
0247
180e
fea7
0319
1294
03b8
e7b1
0d0a
05b7
db27
0068
0d39
e836
ffea
1d54
ff4d
fb40
09cd
0e7a
ea42
f773
11bc
f605
eefc
154c
ff7a
f17b
0637
0fbb
f79a
f810
0d78
fc27
e644
0717
06db
f074
070c
0f2c
fdc2
fe88
0a3b
0762
f858
fc81
0a86
f809
f620
085d
0209
f95a
025e
0b2a
faf8
f469
0863
01e9
ee6b
0660
0b84
f7e1
fdf6
0f80
feb2
f159
0650
09de
f0e0
033a
10f2
fa74
fced
266c
0d58
a2d9
2233
eba0
b218
2305
251e
e1c9
1a46
3e87
fa7e
0b06
2c00
ebaf
e2b4
f2bd
d8d7
e4b1
04a9
ffd1
1b89
1d5c
065a
0ea7
05e5
e3a7
ec1d
0192
ea7c
ee41
1270
06bf
f832
1d73
2524
fc02
fdf8
0c66
e2e7
d3bc
0299
02d1
e8bc
09db
1e14
f561
f813
21e4
0753
eb9e
11e8
08c8
df62
fcae
17e2
fc88
fe16
1882
0332
e618
f8ae
0586
ebe9
f15a
0bb8
fe09
f31f
0c27
11a4
017b
04dd
14ad
ff80
ec77
fec0
ffeb
ebb7
f9ab
0c06
0008
f951
0beb
0b95
f4d1
00f1
107e
f791
f5a5
0cc1
0012
f44f
09e2
1139
f9c6
001b
135f
0a3a
d0b7
cf1e
fee0
09d3
f884
1d29
1932
f28c
17ac
19c5
f9ed
05ad
fd64
e4d4
e3b1
f939
fcb4
0045
128c
1350
fdd2
08a7
fc50
f248
fcde
f985
faae
0981
01ee
048c
0bb9
0347
04cc
0c75
f9b0
f144
f720
f1d1
f1c4
02e3
0b91
05c8
0486
0874
ffb3
f814
04e6
05d0
f874
000b
01df
f4f1
fcf2
09a1
07b3
0409
0501
0272
f822
f664
037b
ff72
fad6
05cd
03b3
f8d4
002b
0578
fd64
fd80
0391
fd53
f90f
013e
051c
00dc
02e4
06bd
01c8
faf8
fe15
fc73
f8ee
fc8d
00a6
fed6
0190
046e
058b
0242
fdd0
07c2
fcd6
0633
e113
f66d
1293
fddd
fbe1
21cb
0ce0
f61b
fdb0
f820
efd3
f7a4
f8cd
fd21
fe6d
fff9
072d
17ec
0c42
0610
0a57
f611
e522
fc17
fab9
f58a
0528
0f0d
fa61
003c
0b67
0258
f672
02a8
fc82
f5b7
fcdc
0966
071b
0520
0911
08ff
fd79
fca8
0212
f5f6
f13e
fc52
fd28
f7e7
04a5
0b48
02ad
0199
0a15
0287
fca1
0103
0265
fa4f
fade
039c
ffac
f9b1
02b3
02b0
fa0a
ff77
0359
fca2
fa1d
ff8c
0165
ffd1
0133
08ba
03fb
fedd
04b9
0219
f906
fd7d
0154
f6fe
f8a9
0634
0262
fe6e
0819
0781
fe7a
0191
0539
f809
efde
ff10
1467
feae
0d50
1327
f264
ef54
059a
f5c0
eb3e
fcc5
fb63
ee7f
0301
1407
09f7
110e
10f7
ff43
f61a
f3d8
f584
f556
f987
050e
0b3d
0631
07ae
09cc
049f
fbf4
0238
fe2f
f10f
f389
fc21
f8d5
fe4f
0ff6
0ede
021a
0487
0389
f90a
fcfc
0959
ff6d
f870
fe63
fc49
f535
fcc9
0739
ff6a
f672
fec6
fde6
f703
0405
0c63
030f
014c
08a9
048e
fd90
0793
0960
fc57
fb9e
01bf
fa7e
f49e
fcbd
0024
fa0a
fed0
071a
00a5
fe5a
0664
056c
ff42
01c0
05e8
fcdd
f4ab
fedb
ff19
f4dc
ff92
062f
fa74
f8a9
f3a5
f881
2bcb
0eff
20ef
0c93
e693
f6a5
efad
eb8d
ff4b
edb0
f8a1
f3d3
0c46
0d83
1039
1e36
073e
f11f
fd4d
f5a9
ea53
038d
04bc
0782
040c
0bf1
0121
fb22
f6f6
fe81
f5a3
f263
febe
ff9b
fae0
0d41
10bd
08d1
0ab9
073d
fd46
f326
fce1
fd0c
f6ea
00d0
0528
f9d7
0168
033b
003a
0380
013c
fffe
f891
f821
ff16
fe4f
027f
08cd
0046
009b
0037
fdf5
0233
0017
0150
06c7
fea3
fe89
03df
003c
fc8b
001a
0051
f8d9
fd28
02dc
f8a7
fe7f
08cb
fea2
01e5
09be
0079
fc2a
ff90
ffdc
ffa3
fd57
05bb
0028
05e1
0e8e
2119
9285
19b8
4464
97cf
dfb3
5d88
cb70
ebf3
5243
0e86
e079
3b3b
053d
dd0f
037a
f5e9
d2da
ff9a
f62a
fe00
1c40
0c3c
ff42
1f48
f612
da81
0d33
03ee
d86a
0e2b
2026
e5ad
07b2
2ff7
0003
ec09
13bd
f88b
cb8e
ee84
16ee
e830
f113
29ab
0630
e386
1c6f
1b88
e992
0087
1d54
eafa
e459
1551
0cfa
ead0
10e0
16da
e7aa
ee19
0d54
f9f7
ea3c
093f
10a3
f1b4
fbea
1618
02b0
f52d
106c
0e65
ebce
f3a2
085f
f409
eb6b
0c71
0e69
f317
034d
16cc
f8cb
f12f
1466
05a8
e7a2
0386
0e93
ecbd
f980
1c53
0691
00b1
01d4
de53
ddbb
0a05
1793
f94b
0f8a
10ff
08f4
fd61
0d2d
130b
efd9
e73c
fa71
e9f7
e546
0b02
1895
ffd1
06f6
1e00
fd3d
e791
0d8d
024d
e223
022a
0fb8
f027
fa6f
16e1
065d
f8e9
0b12
0828
eba7
ef9b
0754
fd1b
f5e8
12f8
10ff
f2dd
fcff
0bfa
f5ff
f292
0813
0229
ee70
fdaf
10a4
fec2
0294
1b83
0564
ede6
ff8a
ff99
edcb
f8e0
0b62
ffd1
f540
0791
0aaf
f535
003f
0ece
fb68
f3d8
0876
0581
f37f
04bc
1205
fa1b
f79b
0d77
fe68
eb12
fee6
05cd
eff6
fb5f
0f2f
fe0b
f8db
0f75
0a3c
fa62
0443
0be8
ff8d
fde8
f31a
f058
e51c
0214
12c2
09c2
089a
08b0
fe9b
03c6
04a4
0919
fa07
f2bf
fb54
f54d
f878
0f24
0e91
032d
0170
0344
f4a5
efed
0159
fd10
f495
0192
08b2
fea7
00d1
0dd9
0581
f77e
075a
05b3
f32a
fdec
0799
fabd
fc57
0b80
055f
f782
ffc7
01a9
f390
fa2e
06a7
ff5f
fca9
07cc
0644
001e
0468
08b7
014c
fabc
ffbf
fded
f6bf
fca8
048d
fdaf
fc06
0579
013e
f87e
0147
043a
faec
0009
0693
00a1
fc06
0242
04bc
fb86
fdb7
050b
fd4c
f9d0
01c0
02a8
fe2a
04a4
09bb
035b
fe4e
0444
fcfb
f6f0
fc39
fe70
f5b7
f979
f9b6
f6d0
1a10
24d8
17eb
f34e
fd7f
f233
e9f7
e9ec
f340
f9d4
ed3c
fb54
1b5a
0dbb
13b9
235c
0ac1
f372
ef10
f16b
e951
ed3a
0db0
100c
039d
14b9
0f67
f8d1
fe17
000b
f3a8
e92e
efc6
f4dd
f2c7
017a
1ca8
189d
0eb7
123e
0861
f17b
f706
040d
f423
f3c9
0439
fa27
f11f
0595
086d
00dd
0035
023a
f45a
edb6
fe26
0982
03a6
0ed3
1166
03f3
ff7e
03d6
ff9e
f897
fa1e
fa6a
f29e
f3c0
00e2
0520
03fe
0c0d
0cc1
01cb
ff1b
026e
ff38
fb48
ffbb
05d6
fda5
fbd4
02e4
fed2
f766
fe9e
00fe
f71d
f7ea
015e
fd3f
f60c
0138
13fa
1cf9
fcde
1330
097f
e683
f43f
0571
ec12
f6a3
fea6
f835
f642
1149
0b8f
07b5
0edb
03cc
f3d4
fa2e
f9d0
fbd8
0351
0696
064a
060d
0087
fdc1
fcde
fbf2
f84b
fd3f
f79f
f93a
0037
0242
03c1
0a51
07d3
0326
febb
fdb9
fd98
fce4
ff59
0278
fffe
0028
0279
0005
fe87
00d0
0008
face
fc1f
fcf4
fd85
ff90
03a0
0828
0446
fede
02a2
feb0
f9e1
0033
0031
f9c3
fed6
0261
fe9c
00d7
057d
0310
fec8
01a4
ff51
fb37
fdf9
feac
0087
03ae
0143
0487
0497
fd49
feeb
ff58
f9a3
fb2d
02bd
fb77
0444
0488
1900
eab5
b218
53d9
415a
a533
fb9a
43a3
ace7
f377
44f5
e49f
e8e1
2f0a
fd4c
ec9e
196c
01fa
e955
fd3a
ef7c
faf7
0b49
008b
06ad
1e3d
f227
ea10
1712
fedc
d856
18c8
15a1
d88f
10b0
2669
eca9
f98b
1f26
f681
dd50
00ab
110a
dde0
f7dd
211c
f690
eab3
22bb
0a5f
e91a
06b7
18b0
ec66
efee
17b0
fe4d
e1df
0e08
0c12
e866
fdd2
1487
fa38
f34e
107c
0e40
f208
02e7
1702
f8f4
f44c
0d02
03dd
eeb6
f999
084f
f324
eb89
0c43
0691
eab1
07bc
1865
f7b7
fa97
1aa6
02ba
e7d3
0b0e
0daa
e4dc
fde3
18b4
f7f7
01a2
1730
de58
dd81
f28a
0b9c
fef5
04b5
1817
0ef4
075b
0eeb
1c18
008a
e7a2
ffe4
eb3f
d21b
fc0c
0d4b
f16e
0941
2283
0569
f37c
0cb6
011c
e7c6
fd89
1278
f671
f670
12e5
06bf
f708
11b4
0eee
edd1
f12a
ffaf
f075
f1ca
0e34
0df7
f5a5
0335
0d79
f6af
fa94
10b8
ffe8
f436
0283
024f
f923
02a2
1175
0a00
f95b
009c
00d3
f0d2
f824
0955
ff26
f539
027b
05d9
f40a
feb2
0f26
ff58
f97a
089d
02d6
f4e0
004c
0b2c
fb30
f8eb
0c8e
0321
f51e
0381
06a4
f631
fa90
0b04
ff69
f3c2
06e1
0a47
f848
05bd
155b
0958
f1f6
de2e
e6e3
02fb
0970
0bb5
1768
fbc1
03a9
1001
fc27
0205
06ad
ea4e
e804
f880
fbc9
ffb5
16f7
197c
fcf1
058d
0611
e9ba
f42a
00bd
f74f
f7f5
070f
058a
fff1
0906
0f4c
04a0
02bb
0228
f865
efc3
f807
feab
fd73
02e5
0841
ff4a
f9b8
fcec
fdde
fef7
01df
0470
0139
fe4e
0338
06e0
03e3
085c
07da
fec4
f96b
fa10
fb8e
fb10
fbb0
01a9
fda3
f97e
fe3d
006a
ff2a
0381
06f1
028b
ffff
04ee
03c1
fc7f
0386
0093
f8ee
fbc8
fecd
f91a
fc23
03f6
02a5
0215
0633
04c8
fe8c
018d
ff94
0284
fd0d
092b
d50e
033f
2368
01cf
e9ae
2033
01c4
ed44
fe02
fa4b
f27f
f984
fa2f
0b1b
073c
0708
1060
10d5
fc00
f7b9
0499
f037
e165
075a
068b
f569
0e17
19b0
f61f
01b7
0ce7
f999
ee49
ff28
f851
f0b9
fb3a
119d
0848
03c2
0cc2
074a
f459
fd9d
0a02
f9bf
f67d
082b
fe82
f42d
0772
0b85
fb36
fda1
05a1
f4be
eed4
01fa
036f
fa1f
0687
0c43
feb7
ff34
0aee
0418
fd95
027e
02c7
f84f
f5f1
02a5
ffe5
f93f
00d7
07fe
f9f5
fb51
07f7
007e
f88a
0578
0647
fa05
007a
080e
fdf2
f9ac
0495
ff30
f628
fd96
0000
f8a3
f616
ffd5
0484
1256
088c
0c5b
0f35
fafb
f6a6
055e
f393
f2dd
fc0b
f5ae
f3cc
08e7
0578
0120
0cf7
095c
f6b9
ff6d
fe43
f64f
fb0f
0754
0429
042c
0734
05d6
f9c3
fef5
fdd2
f9c0
f77c
fc83
f909
f9ba
02bd
0910
05f7
0720
07e0
0307
ffc6
020a
0387
00f4
0048
0315
fc19
f9c1
fc6e
fc49
fb4b
fdc3
ff96
fe28
fbe6
02a0
03a4
0354
04e3
027f
fed8
fe14
fee0
00e3
012a
00b7
0267
ff06
fd0a
018f
006d
fb27
0201
04d2
fda0
0031
0565
ff28
0154
0468
00c3
fd20
fe65
fad7
f8ef
fc99
fead
fd12
0087
003c
fe39
f36e
e4d2
29a2
3fa1
1773
d74c
18fb
e796
cc1d
1223
f992
d7e8
0907
fea7
061e
0fc2
2562
0b64
0322
eea2
f86f
ebb1
f5b8
fbdb
0ed3
0491
fe1c
0b57
0db1
f286
fb9f
0edc
eac1
ef60
0ca9
f827
f233
1623
09f9
feb8
025a
0ba8
fa01
ec27
074f
0443
efd9
0774
0daf
f606
feb1
0b6d
04b7
f5f9
0590
02b9
ebc0
f6c5
08bc
f97f
fcc7
09c7
0376
fd75
026f
0aab
0152
f95d
08ea
03a1
f688
01be
029f
f9fb
f8b8
01c6
0238
f7c3
01e3
0ca5
f825
fd9b
0d64
ff87
fad8
0812
0436
f3f5
fc23
0893
fbe8
f690
0f65
01df
012e
095d
35b1
af56
e688
3233
aa32
e6d0
4b52
ecdb
f02a
44c2
18f9
e8b1
2dae
067f
d904
f2e2
efc8
d637
000c
04d2
0a1d
207d
121b
0374
0f70
f3cd
dafd
fa77
fbcb
e0b4
0394
19e3
f90f
0b20
30b8
0dc0
f370
0b68
fa1c
ce67
edb6
101a
ee5c
f1ae
1db6
0724
e942
1568
1b1a
ea74
fd96
151e
eb0c
e9ef
1599
0cb8
f9a8
1211
1671
f276
edaf
060a
f6ef
e4d8
01d2
06f0
efe0
fe68
10ff
056b
01cb
1159
0fa6
f321
f4b7
05cb
f5e9
ed41
091f
08bd
f463
01ad
0ee4
f8c2
f3bd
0af4
013d
eca7
0151
0cf6
f768
0206
1a52
0910
f926
0f14
0d6e
0026
e540
cda7
e417
0826
0550
0af0
17cd
0349
1620
1239
03e6
0e32
f7ac
e2b5
edc3
f1ee
ef43
04ba
16cb
0ad8
fdf6
107a
fed8
e5fa
025b
0158
ecc1
046f
1330
012a
054c
170c
0ade
012e
0146
fc9b
ea43
e5a2
f78e
f94e
f564
0b13
0e0c
fd9f
0520
0c78
038d
018b
0668
035a
f4fc
f78e
069a
021d
ff5c
0b67
0450
f678
f9f8
ff90
f7c6
f995
02c1
01db
fa38
0477
09a3
01ca
fff3
0a97
038c
f627
fe79
0413
f445
fb98
0c25
ff15
fa2a
06a9
01ab
f649
ff9c
07f0
fa79
fbd1
0a43
0040
f8d7
062c
03b1
f800
007f
0198
06dd
f585
e6cb
172d
ff33
f6ac
0ff8
1b72
f12b
fec0
006e
f805
f666
062d
fb46
f889
ff22
0268
066f
09db
0475
0215
fdcd
f4c7
fcec
0107
00f0
0359
0705
fcb0
fcd4
ffbe
f96a
f55c
fe39
f7fb
f9cb
04d6
051c
08ee
0ce0
0a74
0882
0387
fe0d
fcc8
f962
f71c
fa4e
faf9
f93a
fe8d
033f
0007
00e0
0618
012b
fefa
04ff
04d8
029c
02c4
04a6
fdb3
fc53
feb0
fbc2
f705
fbb8
f976
f7b6
fe94
034d
0264
0674
0b46
08ca
0707
071b
0394
fdcc
fb99
fae3
f824
f884
fa3c
fb41
fe4f
0047
048d
044f
00fa
01d6
0299
0077
ff81
01ab
f508
0764
1bb9
0463
1189
086f
e6c1
ef42
f64f
ea5a
ec2e
fa18
f6ec
fe12
1242
1670
16eb
1f25
0979
fe37
f7bc
eb4c
ee55
f431
f9e8
0368
086c
06c8
ffac
065c
051e
fbaa
026a
ffe0
f164
f64b
009c
006f
09dd
12e6
0b14
feed
fc0c
f87c
f360
f8d8
00a8
ff69
fae1
00f9
04ba
016c
055a
0cd8
01d3
fa28
fc67
f7e4
f3b0
fec6
0430
0275
020f
08b5
04e9
fcc1
038d
05df
fba8
fbc4
0184
fc1b
fbae
02cb
03e4
ff6f
ff12
ff7c
fb24
f746
fc9c
01eb
ff78
00aa
0848
0444
fd5f
0630
043b
f960
fde7
0187
f8b7
f2b5
f59a
ee07
1e67
1b97
14ea
19e3
f4ad
ea1b
f7ec
ea62
f9ed
f44b
f950
f567
0563
1046
1017
1abd
0e95
f3f5
f669
f3ab
e786
fcce
075c
03ed
0a94
0e95
0696
0068
0018
fa9d
f90e
f132
f80d
f67d
f7c2
04e0
0c4f
07f8
0e8f
08a0
0106
fac5
fb09
fdc1
fa27
ff7c
06c3
ffd0
ffe9
0607
02d8
027c
005b
ff0c
f690
f17b
f7fb
fc99
fcd7
0a35
089d
0335
07e3
0425
0265
03ae
feb8
fefc
fc87
f958
fc33
fe76
ffdf
000d
00fb
0037
fc2d
fff0
0003
fda9
0322
04c7
038c
071b
056e
0255
fd49
fea1
fa96
fcdf
f8ae
06f8
01d9
293c
9edb
0589
6055
b668
c9d2
672c
d506
d53f
4414
1249
cf8f
3683
0a80
df06
01ec
0576
d496
0229
f945
f946
1336
1153
f93e
1ef4
0131
dd35
0521
0cd0
d606
02ab
1fcd
e4a3
f94d
2d62
0288
ecf5
15b2
0660
da2d
efc3
1b49
f4d8
ec24
1cc2
0a53
de1e
0bf8
1b59
ee9c
f797
1cda
f5e2
e2db
1182
1232
ec70
0984
1636
eea0
e95b
0acf
0197
eddb
0680
1270
f2d5
f538
0fee
0420
f504
0a4e
127d
f678
f34f
0d41
fee6
ea9d
07b4
0f34
ecb9
f83b
1318
f9a0
ef06
1124
0d0b
ebc0
007c
1550
f23c
f551
19a6
0b4c
fabe
0fb8
e537
d47c
f95e
1d6b
f7f7
0480
1434
06cf
fba6
09ba
17e8
fda9
ea8f
043e
f50b
e202
037b
1a2f
fc57
0088
1502
00a5
e1a7
fe74
0510
e701
f7ef
19d6
fdc4
f516
19be
11cc
f718
0ab1
0e14
ee08
ea4b
0109
fd48
f11b
098e
14f0
f7ad
f6a8
09bb
fa2b
f096
06d1
0a77
f591
fac2
118b
060e
fc67
1567
0ede
ee02
f592
0163
ed07
ef06
0ad0
03d6
f40c
069d
0e2d
f7b2
fd7c
10b7
00e0
f317
03e2
08a0
f537
fd8d
0fe3
ff3f
f407
07b3
019b
ee0b
fb6e
0850
f8c0
f890
0f28
078d
f64e
0933
0f73
f8c2
fdae
0da7
01b7
fa48
f148
efdb
e31f
031a
1755
0da5
0998
0872
02be
010f
020d
0bfc
f9c9
eb5f
f7e7
f663
f61d
08cd
0fd1
06a0
fcc5
03df
fc08
eeca
ff44
05d8
f913
01ff
0eca
04bd
feb3
0ac2
08de
f51e
fcf1
02b3
f25b
f2a2
05ac
0166
fae6
0b6a
0c8e
f9fa
ff7c
061b
f9d8
fb5e
04b1
ff0e
f8da
ffe7
02db
fe95
0082
0647
0246
fb6e
00b2
01fd
fede
02a7
05c1
0159
fb68
fe28
ff8a
f852
fa92
03b5
fdc4
fb8b
0426
0487
fd75
0217
07ef
fe67
fd4d
05b8
fecb
faae
018e
0281
fc90
fe0c
0419
0154
f98f
0198
fec3
f983
fc4d
0031
ec47
10ed
28a0
1949
f200
053d
0097
e858
edc9
f036
ec07
e86a
f3f9
1106
0c45
1187
1ffb
1440
ff7b
f9dc
fcbc
f00e
e786
05d1
0a3e
fdfb
0f2a
114d
f698
fd25
02ab
f376
ea3c
f436
f4c1
f2d8
02d5
1ba5
177e
1011
1054
0696
f4c8
f9f5
05ed
f7c0
f246
fdf3
f7a6
f1f5
056c
0b4e
0081
ff06
015a
f48b
f1a7
0183
06f0
0413
0b38
0c51
01aa
feb9
03b4
008b
f942
fde2
ff06
f5d8
f7fe
02b0
0227
0497
0992
09b3
02b4
fe94
ffbb
fce1
fa5d
ffd4
0136
fd1b
fc08
0282
01a6
fcbf
0267
02f4
f963
fbab
ff49
fe51
f9e8
fb2b
00bd
124b
0629
fe3f
0fd3
fbde
ed80
02f2
feed
f436
fd28
0180
f8ba
0568
0f29
04ba
0934
0995
f4fe
fb46
fcf9
f5c3
feaf
06d2
fe10
0372
077a
01ab
fbe3
0562
0054
fa05
fb7a
fdb3
f7f3
fa42
00ff
027c
0026
044c
02f1
fc24
fe23
036b
03e6
0285
0632
04d4
feb6
fe85
0188
fc2a
fc14
fef6
fbfc
f997
fe2e
0153
0057
0282
049e
026c
ff78
0399
0409
01b7
01c9
01ed
fcad
fbfc
fce6
fc4b
f9ae
fb30
fd96
fdf0
ff49
0318
05a3
0175
028e
07d4
030e
feb7
0702
0102
fa4a
fecd
fef9
f961
fcc7
ffdb
fe4d
fde3
0592
0694
01e1
ad93
35a2
5c26
d192
cbe3
58df
c27f
d1aa
3767
f772
c84f
2464
0327
ef4f
0ede
1be7
eaae
0744
f493
fe70
014a
050d
f8ab
1b69
fa9d
e83a
0b48
0a82
d813
0599
1eba
dd29
fb9f
2820
f5d0
f098
219b
07ff
e7da
fc19
1869
e7be
e68f
1be2
fec6
e038
178e
10b7
ebe6
018c
1d30
fa75
ec79
11a3
093b
e0b5
00b3
12f3
eb27
f556
12ff
ff37
f115
0a42
0fac
f3b2
f998
1309
ff0e
f34a
0c6f
0d1a
f86e
fb33
0e2a
fc59
e923
025d
0530
e7ab
fb16
14a8
fcc0
f459
168a
0d41
ea1a
03d8
175a
ee4f
f4d2
1a65
fab8
eedf
199b
1f8d
ccbe
e82f
04f6
d471
0418
1860
0891
fbc4
2488
177a
00d1
15ad
04b6
ec1c
eb3c
e71f
ed15
f9f8
fbe7
11c9
118c
ff2f
0998
034f
ef57
f572
056a
fb7d
f89f
0920
0b1c
fb5f
074e
1ab4
021c
f3e8
0491
f42b
dc9d
fc66
0856
f43c
00c2
1828
ffb7
f548
1227
1019
f3aa
05f5
10a0
f006
f40f
0fa6
00d2
f7c0
086b
0601
ee6c
f3b4
066c
fcff
f469
06df
090a
f762
fe4d
0e97
0167
f8d2
0a47
03be
eeed
fc65
0633
f5de
f9e9
0b5b
065f
fa72
0461
0a89
f8b5
fb56
0a56
fee6
f737
060a
048b
f8a0
ffe2
0c22
00ef
fc6a
0cc6
0e37
e4b5
d13d
f908
0fdb
fe71
12ff
1f7f
f115
04bc
17c5
fb1c
fdce
0187
ebd3
e36a
f726
01b3
0025
1002
16da
ffb0
0338
00a7
f3b8
fc8b
fc9c
fc10
0590
021a
0263
09f0
0401
02db
087d
ff47
f619
f9ca
f930
f645
ff53
0995
0514
fe3a
0124
ff28
f2db
fc60
0657
fa67
fc5d
06d0
feb1
fe9f
0a74
0c07
0566
034e
0324
f967
f2ba
ffbf
0017
f61e
fee7
0468
fa8e
fbe4
0719
031c
fe45
0595
059e
fbf7
0153
0503
00b1
007f
0327
0198
f9ec
f9d9
fb76
f5f9
f714
fef1
01e9
03fb
05d2
0889
0825
0113
0907
ff23
04b4
e8e3
e447
2087
0e4f
eef0
08c1
1915
e82f
fb90
f92d
f333
f491
f94b
fec1
095c
08c6
0d8d
18e0
0ef4
fa2e
fe9a
fc06
dcdd
f3b1
084e
f991
0124
1898
01dc
fb5b
0a0d
05cb
f0de
f8bb
fc39
f02e
f548
0a02
0cc0
072b
0b73
0d05
ff24
f8b5
0451
ffcb
f49f
fcd9
0084
f702
fe66
0acd
047a
fdcd
04f8
018d
f387
f966
0420
ffcc
fced
06f3
0596
fb85
01cd
06ff
fc50
0036
03ea
fca5
f84c
fb95
0043
0035
fea6
07b3
05c8
fcee
02f9
04f8
fc1f
fcec
047d
fe78
f9c2
0240
0501
fa39
00e5
0545
fb2b
f9cb
026b
f864
f1ee
febc
15ab
0428
015d
15c5
ffa2
ed79
0497
0263
f106
f87a
015a
f450
f9d9
0cfa
0808
0357
0b4e
001a
f97e
f830
fa83
fe41
ff56
02b0
0c8d
0554
000a
037f
007a
f817
fd6b
0101
f693
f651
0038
fe8c
fdb9
09be
0bc6
000b
003f
05f3
fc8c
fb5a
0855
0357
fcec
0128
ff18
f843
f6b9
0016
fec5
f560
fcf1
0421
fb9c
01e4
0ee8
07dc
00b5
0840
06af
fa2c
fe70
068a
fba4
f91f
0101
fe14
f74c
fd98
0298
fce1
fc96
0547
0233
fc7f
0266
059f
0148
022e
0673
032a
fb69
fe42
00e1
f4eb
f8e6
fdf1
fa78
f477
fb83
e4c1
19ee
32e8
3898
eed3
f6fc
0dc9
c849
f2b4
0bab
d7cd
f8c8
fc4d
07a3
0a2b
1cfd
1c1a
0a85
f219
f2e5
f059
ebc8
f8fd
0686
1472
fe63
0a24
10d5
fd8b
ec3a
0c2d
f6f7
dffd
0357
03f7
eb3d
0c16
1c1d
07a7
052f
0eb3
076e
e88c
f937
062c
ecfa
f4b9
1052
f89d
fa51
0940
0bb3
fb88
0014
0aa4
f76c
ec09
039a
00ba
f838
07d8
09b0
0165
fd8a
058e
072a
f963
fe69
094f
f522
f616
0616
010d
f9a5
0505
0a90
fb72
fa8c
0c15
fab7
f384
08af
0013
f67b
02a4
095e
fb41
f959
093b
07f1
f54f
0b1e
0807
ff80
021b
363c
b2a9
e62d
34e4
ac92
dfa8
4479
ed3e
ed05
3c6a
1c32
e9fa
2c01
0bad
e0e5
fcad
f0e7
d7fc
01fa
ff1b
ffeb
2265
108e
fbe8
11d1
fb2a
d55f
fd2d
050b
e06b
0121
1ff1
f7e2
0118
2c4b
11bc
ec81
08d9
00db
d05f
e783
124b
f0f8
ed50
1edb
0cd9
e885
0e7e
1e59
f37e
fb85
1d01
f4f7
e8c5
105c
1010
f5f1
0ad6
12d7
f088
e629
0205
fa8d
e84f
02aa
0dc0
f6ef
fd0c
10a3
09f4
fc9b
0b67
10d2
f484
f0b6
0556
f6f2
ebcd
04ab
0b69
f690
fdcc
112f
fee5
f206
1052
0a7b
efbb
031f
0ed1
f53f
f91b
133b
09b1
0504
0182
d2c0
d86c
0a48
1282
fa7b
1a24
0cbd
07ed
0624
0a06
0e18
f9df
e691
f4f4
ebfd
e84b
034c
1701
05cc
00f7
179f
0089
e3b0
0562
03ed
e4ab
0106
1571
f934
fc71
185c
0b1b
f9d9
0904
06be
ea12
e850
0034
f9c8
f355
130d
15de
f860
0241
0e6e
f825
f5e7
0924
01c8
efff
fa1b
09db
fdf3
ffe6
1831
0a43
f459
ffb8
0099
ef64
f62c
071e
fe72
f487
0476
07b4
f599
fea0
0e3f
ff25
f6dc
081f
0774
f64f
031f
1111
fe30
fc14
0dfb
01f0
f023
fe95
051e
f19c
f773
0d0f
fc3e
f33b
09de
0577
f95b
0386
0d28
0009
05a7
eb2e
ff8b
fd12
fb02
08b4
1765
feeb
fe85
fd32
f8af
f8ad
068f
fa24
f9da
0121
ffd9
fd2d
130e
0c82
00ff
049c
fbce
ede4
f624
01ce
fc45
fe9c
084a
00da
fe9e
04ae
01ca
feac
fbfe
fbe5
ff8f
f787
014b
0a5e
0103
02ff
0999
023d
fac1
ffcd
ffe9
f4fa
f988
0322
fe61
ffcb
0996
03c0
fe98
0563
01c7
fb33
fd31
ff48
fd51
fca5
0021
0369
ff70
fe00
0186
ff43
f94a
fe58
007d
fab5
0065
0761
02ec
01d2
0730
03cc
fbdf
fe1a
009e
f957
f902
00f8
ffad
fd7c
069a
064b
01d1
03bd
0270
fb2a
fb76
fd7b
fe86
fb2b
fcf8
f8f6
fe48
1b77
0f25
16fc
0a19
ecc4
edaa
f537
eb56
ee0e
fd43
f6d8
f548
0e1e
1231
0e40
1e55
0b71
f952
f8d2
ed4d
ee94
f873
01c2
090f
0b69
0b8f
076f
016d
02c9
fbec
fa78
f8cd
f2b6
f284
faeb
ffc5
0875
1304
1042
088f
03e1
fcc1
f7f7
ff10
fcac
fb34
fd7a
fa87
f893
ffac
0011
0517
0431
fd85
fb7a
f802
f9c6
0063
04ea
08d1
0798
06b2
0554
003a
0335
028a
fdea
fcdd
fa42
f885
fa6b
fc64
01f6
0358
0239
0203
0031
0064
ff90
0453
02db
ffc7
0432
00ae
f988
0129
ff9f
fae8
fe33
fd93
f93e
fa4a
fb30
f9a7
ea44
05f9
2ff2
fe72
1aac
167d
e4e8
f267
ffe3
f3f0
f60d
f1fe
fc75
ef84
0759
0f23
0f92
13d9
03a0
f807
fd2a
f309
f86d
098a
0140
054a
098f
028d
fa29
ff73
fb4c
f65d
f667
f9b8
f827
fa7c
04aa
0aea
0973
0c31
0c18
ffc5
fbc5
fcc6
fb7c
f8e5
0011
0233
fdc7
fcf4
0479
feea
fe0c
0521
00cd
f9a1
fa91
fecd
fe69
ff70
0afb
0ae2
fec4
07df
0529
f814
ffbb
00cb
f7a1
fb57
fda7
feb5
fe8e
01c7
041b
0098
fe91
0021
fed5
fd63
fd25
0537
05b2
ffc2
0977
080f
fbfc
ff15
00dd
f7a8
f860
ff1a
0003
0017
0a07
183b
13ee
8fbe
364a
4402
928d
eb6e
5fcc
b2c0
ebc9
5527
fa31
de54
3fbe
ffd3
d927
09bd
f7d0
d41a
03f1
f8fb
0338
1c0e
0ffb
03f6
1e47
f043
dcfd
0b08
fdad
d2d4
1114
1acd
ddd6
1051
3201
f802
f32d
190b
f1ad
cd4f
f506
143d
e2a0
f809
28f9
012b
e893
23e2
15df
e64d
00a9
193a
e2ca
e67d
1c09
0689
e996
158d
1421
e835
f551
11e6
f512
ea68
0d4c
0ab5
ee30
02d2
16ed
0012
f997
10ae
089b
ebce
f4d8
07aa
f013
ec23
0e2c
0965
f04c
06bb
170f
f7c6
f5bd
173f
ff7c
e2c5
0653
0e72
e9ae
0192
1f4a
037e
fdfc
2629
ede5
c7d4
f82a
1286
f287
fb0c
2011
fbf7
fd6d
11f1
16d6
01be
f229
01e0
f1f0
d94b
fe28
14dc
fae0
04d8
1cc8
0471
eb5c
0318
061c
e549
f4c8
1316
f942
f02a
174e
0fac
f513
1200
16c3
f0bc
efe5
0373
f372
eb0a
0840
10ec
f2d9
fc6e
12fd
f9e4
f2d3
13ff
0a81
f184
0150
0c88
f7c8
fc76
13a7
0865
f256
fdf8
00ad
ebd0
f2fa
09e5
fec1
f27d
074d
0c21
f69d
015d
1428
0249
f995
0921
0536
f25c
fbb6
0940
f913
f2cc
084c
0184
ee8d
ffa0
0ab8
f731
fad6
1248
078b
f6e3
0a76
10b5
f6df
fe7f
1154
03ce
e352
ec4f
ea1e
eeec
0b46
16e6
0e6b
0108
07b2
1098
faa4
0524
0c5b
f053
e6de
fa40
fb9a
fbd0
0d47
180e
fea7
f86d
0434
f1a1
eecb
0427
042b
fa6c
0404
0edd
045c
0037
0fc5
05b9
f695
fdb9
fa95
eda7
f579
0169
00f2
0136
0b7e
0a70
fc59
ffca
076b
0045
fdd0
03f0
006a
f88a
fa09
02a1
fec1
fe0e
050c
01e3
fa12
fe49
0345
016c
00a9
0885
0359
f99d
fefa
01a8
f941
fe02
05a6
ffe6
f959
ffbe
0361
fa2f
0049
07a6
fd92
fdce
05b9
00a7
fcb5
050c
0610
fe0d
fdce
039e
fc0e
f90a
fe5f
0303
f9e9
0220
f14a
fba7
2870
200c
fa4b
fad2
0952
e9e1
f188
ebc9
f2ae
f0a3
ec59
0642
16cf
081c
163c
1905
023a
f1cd
f90f
fb0f
e0d7
fc3a
13f7
0470
0635
1de1
019d
f571
0112
fd33
e930
ee4f
f5eb
f28f
f6ef
10e2
1d79
116c
0d23
11cf
fc66
f0ab
046c
006e
edcb
fa33
ff1d
ed4f
f736
0b9f
04ca
fbb8
01f5
fefa
f0b1
f9c0
0b81
078b
049f
106e
0879
fbbd
0066
067c
fc1b
f93e
fed1
fb12
f2ae
f912
0265
016b
0209
0d00
0ac8
ff3a
0585
0711
f9ef
fcfa
03a0
fb19
f4cc
fbbc
fe92
f77d
fc5f
08f8
0185
fdc9
04bf
02af
f90c
fc72
05e5
107f
0245
0145
0d86
f6f6
efd9
06f6
fbc4
f106
fe49
ff37
f3e1
0585
10d0
0531
08d1
0f43
fc2b
f97c
fe68
fa4d
f7e5
ffc5
02d3
ff4a
fda9
0499
fcee
fc85
ff71
026d
fce3
fd01
ff0c
0168
fd38
05c9
0825
0029
ff95
02d8
fcf1
fc35
03f1
0316
fe11
027d
0140
fb00
fde4
0036
ff39
0034
0040
02d7
ffba
0029
01af
0228
fd10
fb42
fde6
fb87
fa92
03b8
0557
ffc1
0588
075b
fd30
fe85
0281
f9ec
f899
0006
fc9a
fa71
03e3
0344
ffdf
05c8
07e9
0297
0024
011a
ff57
fc38
fbfb
01ca
fa8b
0440
fcae
0e7c
ba2a
0474
619a
0cc4
aba3
3b0c
f570
b5b4
1d20
20b5
c700
1463
13e7
fe70
018d
2699
fabf
fcff
ed2e
f54e
f505
fc25
f517
14e6
0893
ef0c
081a
1d5d
e82f
f51e
231d
ee3f
e3b2
20cb
03fc
e4fe
1299
14fd
ed01
f3a3
1761
fc95
decb
0e59
0f93
e3a3
047a
1e45
f2eb
f1a0
151d
0923
e970
0512
10c4
e758
ee43
14a2
f994
f04a
0d6f
0ca6
f389
fef1
1531
03b2
f1b0
0fcc
0cf8
eec7
ffd0
0de8
f91a
f1c6
0640
0635
ecf2
fcd4
1233
f2f5
f1a8
11ef
03c2
eea6
0922
1360
f1db
f889
16e9
fe34
edea
1302
06ac
ecea
04e5
299f
e502
c76b
1aee
d38d
eb6d
24d1
1385
f567
210b
240a
f880
0f62
0ee9
e7cb
eaf3
eb84
e7c8
f669
ff61
0bf4
1c4f
0960
088b
0a01
f576
e81c
fbe2
fd32
ee83
fc88
0f93
fd76
fd3e
207f
1204
f290
044c
0365
dcbc
efca
0ea7
f9fe
f210
12dd
09d0
eb27
05b0
18bd
f583
f947
1411
f971
ed30
0ee5
0e96
fbe5
090c
10ea
f7ae
ec7d
0092
fed2
eb7a
fcc2
0ada
f665
f794
0b6b
06ef
fc3b
09a4
116e
f95d
f4f7
070a
faf3
f038
045d
08b0
f92b
fcae
0b51
fc73
f3f3
07ef
071b
f4f3
0001
0b00
fd47
fbf4
0fbd
09bc
fa03
0919
0f5b
03ad
f4ee
d613
e1cd
0941
081f
0512
18b4
fd0a
05ca
12bc
fed1
07b6
01ca
e6e0
ed09
f7b9
f50e
00fe
172b
10f0
fbcd
0af6
06a3
e732
fcfc
054d
f164
fd53
0eb8
0154
ff3d
0f5b
0aab
ff1b
032e
0180
f2fc
edb8
f9d6
fe9c
f947
0491
0a9e
fb9f
fc68
05c6
ff49
0031
0607
05d6
fcc9
faba
05a7
0642
00d5
0a66
06a0
f805
f714
fc00
f843
f750
fcf9
020c
fb5c
ff44
0681
0303
016f
08e1
0879
fd4b
fd90
0410
fa3a
f8a4
0676
0165
f838
001e
0197
f828
facb
060d
ffa3
fab7
08f1
061f
fc1b
06b7
04bc
fa9b
fbdf
02ad
ff98
0386
d526
14de
2023
f9a4
f3e7
24da
f33e
eded
fe71
f802
ef06
018c
ff49
053f
0971
0e18
0c3b
1085
fdb7
f323
f93f
ea68
e8a4
07a4
0647
ff10
13d2
12ac
f8e2
0338
0415
f383
f082
f8b5
f142
f6bb
01ad
0ebd
0e2e
10c0
0f38
083d
fb1e
fe14
0012
f70f
f843
ffa1
f9c9
f972
02a5
0501
fecd
fd4e
00fe
f7ff
f7f0
042b
0542
0176
0be4
0b61
015f
0154
045a
fbd7
f7bb
fa66
f6f9
f47a
f923
fedb
01f0
0565
0891
0bf3
0737
039b
0467
003a
fb57
ff57
ff42
f8de
fb10
0303
fc70
fa67
038a
fe53
f8a9
ffca
ffab
fd67
0182
ffb6
0560
1b1b
06e6
069c
0f97
f22e
eab4
fc7a
ef25
ed76
fc35
f9a5
f62c
0d79
10a1
0bed
1588
0bc2
f997
fe7c
f5b0
f298
fb67
026c
ff87
03e2
05c5
fe2a
fb74
028e
fc14
fa16
fe86
fb46
fa8a
021c
0601
0835
0a5a
0ac8
042c
fc23
f924
f8e8
f81a
fb1a
ffa8
feec
fe70
01da
0263
0261
067d
0498
fd44
fc31
fd24
fb65
ff02
0324
037a
01e2
02c5
0349
fff0
00f9
0068
fbfd
fbae
ff0f
fe5f
ff93
005a
0246
02f6
0009
0064
003a
fc94
fbe5
fe5d
ffa6
0101
0344
040b
017e
01e6
0304
0119
fd94
fd97
fdf2
f49c
f7b3
e858
00e6
2a99
3044
11dd
e767
08b1
e5df
dbec
0c4a
ebca
e8e0
0130
0064
0c1f
132b
1e28
0ce4
fc35
edb8
f5a6
e83c
f7f2
00d5
0eaa
08b0
0658
0e3a
0c62
f54d
fec2
0839
e6bd
f1c4
0413
f2e2
fa07
1815
0c71
0825
06cc
0c90
f747
f374
029c
f9b3
ef42
0666
0242
f6db
018b
08e5
028d
fa06
042b
fed3
ea8c
f73d
0561
f979
0577
1128
097c
06fe
0850
0750
ff7b
f80d
ff6c
fa24
f179
fbf7
03cd
0023
ff36
08b7
05eb
fa89
0154
0618
f6bd
fb0f
0733
ff46
fccd
0736
0539
f5da
fe7b
0409
fbc8
f52d
124a
fdad
2870
d421
ccfe
47db
c8c3
c54b
5007
f573
d858
3868
215e
d943
2d85
1981
d933
faac
056d
cc11
f8ed
0d3f
f81f
0fd8
203f
fdd4
0796
04c0
e462
ef8c
079d
eccb
f8b2
167d
ff4b
fbfb
1e5a
12c5
f92d
0453
034f
e0dd
e5cc
07d4
fe3a
efb8
0e10
0b7a
ebff
ff96
17a6
fbd8
f98e
166e
fd89
ed42
0d96
1175
fb1f
0adb
0f66
f3bf
ea7f
fcd0
fc4d
ef7a
0041
0aa3
f8b3
fde6
0aed
06ab
0261
0a6e
0db8
ff9c
f572
0309
faa0
ee12
fe6c
059c
f516
f955
08c1
003c
f661
0b7f
0db8
f97e
0245
0e6c
fa78
f9dc
0cf4
091f
ff65
10ab
e1b9
c7ff
f953
1c85
f548
0b1d
1aff
fdb0
04b7
1255
0d55
01d9
f094
f4b0
ed5d
e61c
fd9b
12fc
0772
0563
103c
089d
e78c
fa09
0761
eb8a
f43f
1791
0151
f520
1563
123f
f82e
0aee
0be8
ee37
e970
fa02
f8fe
f207
0838
15d0
fcf5
fb63
0c59
fdbe
f353
0740
0710
f4af
f948
0747
0164
fc9b
109c
0e75
f527
f892
029c
f353
f476
0a07
08f5
fad1
049b
0b87
f9bb
fb9c
09f8
01c8
f39b
fdae
0411
f5c7
fa0c
0eaf
0281
f703
0939
05ae
f2d4
fcac
08f1
fc53
f8c0
0b12
059b
f4a5
0388
0882
f787
fbf3
0bea
ff41
00e8
eb2e
ff04
fb26
faa2
0d9e
1b88
0489
0152
014b
fc90
f6e6
05be
fb62
f278
f9ce
fa77
f908
0b96
0e82
0832
071a
01bf
fc69
f781
fde0
fe2e
fbb4
ff06
fd9a
fc43
ff7b
fec2
0264
fde4
fbf4
059d
fcd4
ff30
0947
05d7
0101
0633
03a5
fc0c
fb60
ff8a
f9bd
fa86
0206
ff6b
fe0e
03cb
062c
0258
043a
062c
0275
fdaa
ff11
fdbb
fc3c
fe0b
fd59
fbb1
fab2
f98d
fc9b
fc77
fdde
0355
028a
02c2
06f0
066a
0190
02a9
040f
fd35
fb05
0008
fe14
fbf2
ff0d
ff37
ff37
027f
0388
0144
fdcd
001c
fcda
fac4
fc1c
fb25
f6c7
151c
16c4
1723
103f
f3c2
f432
f578
ef3b
e8ee
f306
f452
f05e
04fd
179c
0da9
1d36
160b
00ce
f999
f0e7
ef9f
ec4d
f4dd
044f
0845
0c69
0ed7
05ba
0718
0092
fb60
fab9
f057
f205
f880
fc17
0743
133e
10ff
0942
02e1
ff48
f79f
fca5
020d
fb9a
f9d9
ff19
fbb0
004b
04be
0667
02bc
fb2e
f7cd
f470
f46c
feb6
042d
0665
0610
04bf
04e7
0195
027e
06ec
01c9
ff59
ffaf
fc37
fc21
fe1d
01b4
02e3
fe6c
00cd
ffae
fa64
fcd1
0164
feec
ffb0
059f
03ec
fdb8
0222
052d
fc74
fd99
01d2
fb5e
f5b4
fef2
fcaa
f275
f279
25a4
0e45
fd73
1fd8
fbcf
e149
054d
fcae
f2c8
f555
019e
f34e
fd16
11f5
0993
0a65
0a62
f626
f7d7
f6db
f38c
0223
078f
0265
0dbe
0a23
029b
00d3
03de
f786
f7b9
f7fc
f6b9
f346
f9bf
0283
03fa
0557
0d87
03ed
fef1
0380
0101
fecf
0435
072b
011d
fd10
ffb6
0003
f6fd
fe7c
00dd
f940
f8de
ff26
fdce
fc1a
05b1
0a88
ff17
02cc
0984
fcbe
fd48
064a
ffc4
fb27
ffd0
fe8a
f912
fb15
0106
fd33
ff0a
03ab
0165
042f
027a
017f
07e0
01e0
fe17
074c
fd62
f843
00cd
fd47
f760
025b
01d2
01ae
ff08
1149
0052
2354
9dae
05af
63c1
c360
b185
693a
d954
cacc
42b6
1692
c195
2f8d
0b97
debc
ffbe
13ba
d5b4
07e4
fdd9
fe24
1297
1618
f220
1b42
fe41
d792
fde9
1026
d31b
ff4d
281e
e98d
f753
3300
0449
ea59
14eb
07b9
dab8
eba9
18cf
f3b8
e569
1e3b
0f53
dfc9
0f16
1b36
eade
f478
1ba1
f8bc
e331
0f6f
15b5
e9e1
02a7
1bda
f1eb
e976
0c06
ff74
e99a
0479
1208
f62a
f766
1321
0718
f3bb
0a32
11a5
f6c6
f2b4
09fd
fe70
e8a7
01ff
0fe7
f1bd
f72a
1422
0035
ecff
0dba
0f8d
e869
fb7d
1945
f3bf
f1f5
1c92
0827
eaf3
124a
1acd
e95e
d1fd
fdcd
ed46
fadb
0be6
1834
fec5
0e71
21ac
0713
0344
0d94
f0bc
e58d
e97f
f5c9
f68f
000e
1189
11b4
fc95
07fa
ffd8
f09e
f61b
024a
fdb1
fe55
042b
0d03
02cd
05a6
1558
0a81
f24d
fdee
f780
e3ad
f46d
0850
fbb3
fba2
0e8f
0447
f5a4
086a
10af
fa37
fe55
0df9
f9bf
f2b9
0abe
084d
f989
02c2
068d
f5a2
f365
0453
02cd
f92c
017e
0a23
fcfb
fb7f
09c2
0615
f7fe
0388
06d4
f345
f5fa
0670
fc15
f74a
0743
0795
f9fe
ff44
0802
fa53
f9bb
0993
021f
f8d7
0383
0594
fc82
fe44
0773
031e
fb4c
061e
0f4f
eb36
e22c
f273
07cc
0916
10b9
193f
fa83
fc22
1328
fd56
fa82
01d0
f225
e5b6
f2eb
03cc
03fe
08d1
1816
02eb
fa69
0231
f866
f7ad
fc65
ff94
ff17
fd61
0262
0943
01c8
03a3
0705
026a
f92d
fcbd
fe61
fa2b
ffef
07c4
0443
0072
ff12
004b
f4cd
f6c5
0346
f988
f608
05c2
0122
fd30
0b21
0fb6
0774
0772
0896
ff08
f537
fd1f
fe37
f42c
fb87
00b7
f99d
fa36
0445
0351
fe1c
040a
0780
fdaa
fe7f
0515
0121
ff4d
0303
031c
fc70
fb72
ff65
f92b
f80f
ff64
0223
015d
045f
0887
05ba
fff4
05d0
02a9
fb91
f853
e61a
17d1
2257
0617
eee6
0fd0
efc6
ee53
f080
efd3
f2fd
f3aa
fae9
164e
1193
16b2
1dd3
1579
fa92
eeb7
f8fd
e196
e182
07c1
049c
fe9d
15be
1185
fc09
0608
06f6
fb17
eea4
f581
f1c1
f173
0030
145d
1038
0d1b
0dd0
04ff
f331
fb7b
01e2
f817
f543
0045
f8dd
f6e1
068f
0bc7
038f
0110
00b8
f621
f165
0145
0438
ff83
0860
08b3
fe37
ffff
0664
0302
fffb
00d1
fe58
f821
f53d
fc9c
00ea
ffc6
0384
0911
ff44
fc91
0300
002a
faa2
042f
04fa
fb28
fcf5
056c
ff00
fbfe
02c5
01f6
f8a2
fc01
fc80
f456
fb7c
1097
0e71
fe53
0e0f
0824
f1f0
fa56
088d
facf
f6bf
0109
fdac
f6c8
0602
0c70
0316
0285
004c
f775
f3f4
f97a
fef2
02ea
039b
0ba6
0a25
ffb1
003a
0213
f9a2
f93f
fe37
fd99
f63b
fd59
0353
ff39
02f8
0b5f
01ca
f9c7
02b0
019e
fbe9
0664
0c13
0313
00fe
0425
ff36
f7bd
fde8
ff9b
f6ef
f759
ff21
fe32
fb5a
0912
09a1
fe64
0497
07ae
fc3a
fcab
05bb
ff59
f99b
ff6c
ff31
f87c
fc4b
0060
fc4f
fbea
00c5
01ef
0060
042c
0845
070f
03a5
0506
059f
fd90
fabe
0111
f788
f727
f8cd
ff85
f26e
0b35
e160
e094
5249
48db
c662
fd3a
2ea8
b0e3
edb3
259f
d566
ebeb
114d
0068
fdc0
1f00
11ee
01ef
f8eb
ed49
f641
f89c
f316
0526
1c12
f6e6
faac
1e3e
0263
e0ed
14e0
05c8
d0f2
037f
1450
e6a4
ff4b
23e9
045e
f6b0
10b2
199d
e38e
f503
16da
ec68
e29d
1696
fdf7
e96a
079c
1789
f701
fa24
1a4c
ff4f
e350
0a23
0769
e8f5
ff4a
0df9
fb7d
f598
0c68
0e51
f60c
fec3
1292
f831
f245
0c4c
07ae
f2d1
ff85
1185
fb0b
f2ce
117b
030a
e7ac
0291
0a6a
ee72
f6b0
12a8
fed2
eedd
0fe3
137c
ef94
0978
16fd
f99f
f824
2b8f
edc0
b8c4
16f0
d66b
e27f
2042
128b
f7b4
1e3a
2508
ffa3
15e4
0bf1
ea5a
f0a4
e99a
e15e
fe4e
0186
fd10
1f7e
0f6d
fbcc
071d
ff9f
dfed
f318
0873
f56d
faeb
175d
094c
fa1f
1b3a
195e
f018
f748
0460
df28
e34c
0f2a
0499
f3fe
0d92
13cf
f0f2
fb84
17f5
fcf5
ef09
0f11
ff29
ea8a
0652
1375
ffbc
02ff
0b74
f9f6
e93b
f977
01fa
f497
fd2a
0c9e
01f8
fa12
0589
0c09
fbc1
fdda
0ea0
fc52
ef1b
0474
032c
f55a
0246
0dbb
ffe4
f82d
06ce
ffd3
f242
020b
091c
f82d
fcaf
0a03
01d8
faa0
09a1
0f58
054a
05ff
dcd9
d12d
00ec
1458
fbb7
18f1
113d
feaa
0c6b
077e
04a0
023c
eb4e
edb2
f053
f01a
fda5
1599
1411
05f7
0ed6
0e9a
e71f
f6fb
04bc
ea19
f145
1073
ff82
f9c3
1217
1292
fd25
0741
0a7f
f2bc
e9ca
fe77
fe54
f3ac
0864
16b0
fed1
fd9f
0b45
f99e
f0d8
01a3
0066
f26f
f8b5
084a
0222
0168
15d3
11cc
fc1f
fe87
ff74
f3a0
f382
fff8
0071
f834
fe32
07d8
fd31
fc2b
0aca
0483
f8c7
026c
0833
fc1a
fbf3
0b38
037d
f8d5
0706
04f7
f305
f70f
01fe
f797
f4d7
0a78
0617
f6ef
0886
0a50
fcf0
0091
0ae3
fa54
057e
e621
e952
19fa
05c1
f3cc
1236
12da
ee1a
ff4c
fb5c
f564
fbf3
ff06
fb02
0705
07e6
02f0
128c
0dd9
f702
fc76
fdb0
e2b5
f604
0966
fd49
fdd1
178c
03d3
fc69
086a
05fb
f399
f62e
f782
f6f5
f4a1
0475
0da1
0690
08da
0cf2
021c
fa43
0318
0120
f4c1
f864
013b
faa4
fbd4
09c5
0832
fd12
029a
020b
f6b8
f962
0261
ff3d
ff46
0746
074a
00da
0338
079c
028f
fa9a
fda3
fc4e
f29a
f642
0088
fe48
fe46
0796
07ea
0022
0314
06c5
fee7
fe42
0582
007f
fa1c
0302
0533
fc76
012b
01f3
f8f7
f66b
fbba
fa4d
fcad
0042
00f4
ff3f
1c8e
1033
0a11
1470
fb79
e8f7
f75a
efac
ec42
f63d
f9b8
f333
0617
0d22
0c41
1686
1120
fbba
00f3
f73c
f06a
fe91
0384
ff06
0622
06aa
ffed
fa9a
0271
fd25
f58c
fd34
fd91
f2ec
fda7
0788
02da
087d
0fae
0794
ff12
0126
fe6e
f973
fa9e
fdc9
fdd0
f950
fcb4
0012
fdac
0137
0764
0130
fe25
004b
002a
fd6b
01d3
070b
0164
fe40
01eb
fd53
f9d2
ff97
014c
fcd0
fdd5
ff7e
febb
feb3
04b4
05d3
027b
005c
0265
ff5b
fb99
021d
0426
fd70
fffa
0206
fb0c
fa2f
0089
fe2a
fba4
01b7
03d0
fcbe
ff2f
01b6
f22f
e72e
2907
1f28
2043
fb56
ef09
fa3b
d95b
faa3
0806
e17a
ffa7
fdbd
05fc
0de4
1d59
17cf
0383
f240
f4a4
ec90
e9f5
ffbc
0426
07f9
038e
0be2
082d
0231
fc1b
0a53
fb2c
f0d5
01c8
fdc1
f3c5
0bf9
0d8f
0099
04b3
0365
fa0b
ef1d
fe20
0192
f6bf
039a
0cb9
fb86
055a
09b5
05fb
0176
0218
fdd8
f0ae
ef3a
fc54
f7cb
fdfa
0d13
0474
04a5
07c4
0276
0416
01bc
0051
040a
f9ae
fc39
00f4
fcfc
fdf9
01bf
fe74
f80b
f93b
01c9
f9ae
fd55
0c51
0399
049b
0bfb
06cc
fc11
fd41
ffb1
fa44
f42a
055f
fc36
03ae
0988
332d
a0e7
fba2
443c
a2e1
ddf7
5a60
dd65
eab2
4cd6
1867
e157
3666
08c4
d711
f6f2
ee4a
ca88
facb
fb33
0219
2353
19b1
05ed
1d24
fbbb
dc08
01f9
0557
da99
035e
194c
e9b4
ff3e
2dba
088d
ee23
1101
ff5d
ccd0
ebac
157a
ede0
f410
2710
0c18
e96c
19e0
1e2b
ec95
fc8d
17d5
e8dc
df08
0fe7
07dd
ec58
0f6c
16fc
f0c4
f016
0fee
fda2
ebd7
06bc
0d08
f141
fcd3
1367
03bb
f880
0df9
0d94
f114
f387
0639
f47d
eae8
07fd
0ced
f767
044c
16ca
fe61
f4cc
10bb
05d8
ea25
00b0
0b46
ee3a
fa92
1782
0768
fc53
1fff
f680
bb5e
edb0
1c81
f715
f88b
28d1
ffcc
faac
1509
1529
ffb8
f213
f83c
efd9
dcca
fbd3
155b
0602
0715
1907
0ccc
ebb7
f654
088e
e86f
eaf9
12c6
00e9
ec71
1200
169c
f6d5
0a12
18f0
f292
e64b
00d4
fc54
ebef
08cf
1b49
f898
f634
1169
f975
eb9c
0bbd
095d
ee36
fb3a
0c6e
fb2e
f9d8
1713
1199
f607
fd4a
063a
efe6
ee4f
0851
02f5
f207
0266
0bfb
f6a7
fa8a
13e0
05a7
f6c3
09e6
0a6b
f5e0
fd42
0d8e
fe3f
f1f3
04e8
0349
ebb3
f7bc
0881
f8b8
f6af
0e82
0a15
f72a
07a4
15e9
f928
fd43
108c
085a
dbbd
f2fd
0204
e94e
0121
231a
0e02
fa6e
07ca
0bf4
f529
fd8b
09cf
f662
e7f3
fca2
0132
fcf4
078c
1958
05d6
f4d6
00ab
fb93
edba
faf8
09c7
ff4c
fc15
0dde
0906
f97a
07b2
09cd
f45f
f85c
01b6
f7a2
f61f
0402
0695
fe1e
02f8
0b4f
ffe5
f8b1
03b4
0262
f611
ffc3
06e2
fb40
fd94
0835
050f
fbe7
032c
0646
fa11
f78c
023c
fe38
f6eb
0242
04ab
f8fc
fd91
06d0
fef7
fd3d
0654
0534
fab8
00b4
08f9
fcca
fb9a
0803
fe9f
f7dd
0060
00cf
f860
fbbe
02d0
0011
fcf0
0686
0548
fd1a
fd56
04a1
fa96
f5c9
f4a6
06f2
1175
1486
19fa
f818
f4dc
fef7
f7c1
e970
f31a
fb91
e937
f79d
189a
0c32
0eb4
1c7e
0759
f86a
f152
f637
eec0
eeb2
0634
0d6b
03e0
10ac
0d30
ff3e
ffbd
00f6
fc0b
ef50
f267
f80c
f5ef
fe83
1637
1394
08d6
07f8
0571
f48e
f8af
073d
fe5c
f6ee
0258
fb18
f3b6
01eb
084d
0049
f80f
fd92
f6f3
f009
013a
0c9e
064b
0af6
0d86
0406
ff2a
0242
0399
fd19
fe45
003c
f85a
f56b
fdb3
0060
fdf9
02c7
079c
0082
fcc2
01af
025a
0080
03da
077e
01b2
fb7a
0091
00b2
f766
fbe6
0000
f919
f5ed
0030
fb90
f250
f9f4
2346
110a
fd82
1fb4
fff8
e144
033c
003d
eb89
f694
0187
f20a
fa77
14dd
0bc0
0869
0fc2
fe43
f71c
f945
f8a4
feb2
01c7
0166
0878
ff61
feef
fff6
fc6a
f6f1
fd03
fc9f
fa3d
fc3c
0471
0416
042a
08e4
0833
fcd7
fa87
fdc0
f94b
f9bb
0385
04ca
01aa
0295
0423
ffd3
fd91
0402
039c
fb90
fe7a
febd
fde9
feab
051a
05b3
fbe8
fd29
02dc
f97d
fb48
069b
fecc
fc10
0526
006e
fbb4
0269
035d
fc0f
fe63
01ed
fd07
feb0
05a4
0147
032b
0466
02ff
02aa
ff88
fa9e
0112
f96f
fec3
fcaf
09eb
f938
273f
ce61
c15d
69a8
1d68
8e15
3469
224f
a6c6
0fa5
4325
ce0a
09da
2b55
f64d
ef4a
1e7d
ebd5
f5f5
f8a3
f266
ff6d
0f66
f17d
1330
17ab
e86f
f1af
21a4
e6ba
e065
2529
0187
d7aa
25a5
1c21
e6a7
0646
20a5
ebc0
e06c
0df0
08c0
d5af
01ff
1b1f
e7a2
f543
28b4
04f3
ea66
13fc
15a8
e26d
f9a3
1d17
f1a3
e79d
16f0
03de
e5dc
040f
12b1
f268
f3ff
136f
01e9
eaae
08c0
1126
f2e4
fbd8
147b
03e3
ee2a
0599
0cc3
eaff
f27b
13a6
f99c
ea33
102b
0f47
eeee
02b2
1b56
f606
ec6f
1443
038d
e395
09d6
14be
eb7f
fdd4
230a
0a22
d888
f411
f9fb
e699
079e
1185
03ce
fc08
1dc9
101e
fd7c
0fe6
05b8
e9b9
eb6a
f68a
f3f4
f656
0aee
139a
024e
051f
0c58
f6d4
f122
008b
fe4d
f334
fc22
0a50
019c
fc43
1303
149a
f9d0
ffb8
0819
ebe8
ec6d
072e
fde0
f1ed
0635
0b32
f4b4
fcfa
13d6
03d3
f79a
0f03
0669
f0d7
01a2
0dd9
fd6b
fcc0
09a9
ff1f
edec
faae
0477
f439
f815
09c2
fff7
f5df
06d2
0af8
fed2
046b
129a
0156
f4b9
045e
012f
f050
fd39
06a4
f76f
f7e5
0736
ff06
f6e8
05f3
0b3f
fc29
00c6
0999
014e
fba5
074d
0927
fbef
ff23
0bf7
0597
f11f
e64d
e2c9
f7d3
0ceb
0aaf
1063
0476
0242
1394
0355
069a
0b02
eef5
e88a
f45e
f3b3
fa0a
0b03
1096
014c
00cc
0d33
f57e
f91b
088a
fe40
f5e9
0620
0599
f9a3
0208
0b98
fe07
fbcb
019b
fa92
f417
fa69
0235
fea1
0163
0b18
04c3
ff51
05e1
0343
fef8
fd5e
ff87
fcbf
f4a1
f922
02ee
fdf2
0269
0b0a
02e3
fdf5
0415
034e
fed6
fe28
02ed
fcf4
f8aa
ffac
009b
fade
fe76
050b
ffc4
fc0b
054c
034e
fcf3
0616
07f2
fe41
0095
0338
fd78
f78e
fe4b
ff84
f8e7
feb4
061e
fdf6
ff84
028b
ff42
faa3
0319
ffbb
0772
e99a
fd9d
3086
17d9
f261
0654
0502
db62
f2c8
ee3b
eba3
f428
f9b9
083f
1607
179d
1cdb
18cb
09d2
f2dd
efab
f398
e0ee
f853
0b04
024e
0699
1476
ffc8
fe82
0097
fc09
ef89
f1c0
f471
f76a
ffa0
1100
1aa6
15b6
0e87
0899
fa75
ef5a
f71d
f7f3
f19d
fb63
fd1d
f81d
0235
0b19
07a9
0385
0048
fc8e
f422
fa3f
05ee
04d0
0788
0ab8
034b
00c2
ffe0
fe89
fb3a
fa22
f85f
f8b6
f76e
fedc
06d8
09ef
0765
088e
04ea
fd30
f9bf
fd75
f9dd
fb47
0170
0153
fc8c
0336
060c
0131
01f8
039f
fa1b
f9ae
fb89
fbef
fb7c
fb9a
0275
1387
06d4
fe86
101c
fd9c
ed68
020a
fddf
efb8
fcc9
00a5
f70e
0524
0f0a
0603
0951
09bf
fa66
fa31
fa21
f89a
fcfd
01b4
011b
039e
03e0
00e8
fdeb
020a
fec3
fdf7
0016
fc03
fcf7
00b6
00f4
021b
03b2
024e
003d
fd6e
fcbb
fd85
fdd3
0003
040e
03a6
0196
0188
018c
fe5a
01d2
0047
fde4
fda1
0001
fd67
004c
043e
0393
00e5
021c
0121
fe1d
001d
0157
fce5
fd21
00f5
fddb
fed0
ffdd
fd53
fef1
feb4
fee0
ff53
ff39
0061
03a5
0284
042f
06bc
04a4
005d
ffac
fc79
faa4
fa43
fc65
fc10
fbe3
ffb3
fc2b
cb09
3069
55da
f882
cbb3
38c8
d53d
ca87
2516
fb05
d027
1633
0315
fbcf
0e1a
2249
f81c
fe5e
ec9c
f6c3
f2c2
ff9f
fb5d
1ad4
0736
f587
0f49
141c
e2d3
fd0e
1729
db7d
ed60
1b23
f494
ef54
2036
0e66
f6d7
02af
1930
f34c
e9dd
1195
000d
e125
0c35
0d9b
ec5a
fd64
13c8
ff5a
f193
0baa
0a73
e573
f8f1
0ed5
f267
f683
1131
05fa
fa1e
08a7
1103
fc56
f6dd
0de2
ffaa
ef40
029b
063f
f804
f7eb
0bb6
0568
f0cc
050c
0f14
efec
f98f
0ff9
fda2
f229
0b70
0999
ed15
fdeb
13cc
f630
f3cc
1927
043a
0bbe
0924
c830
114c
d519
e614
2808
fe34
f158
2acc
18ce
f0b8
28ae
1885
d795
fda0
fd87
cbe0
f229
1890
f665
087d
2351
0a8f
f4c2
04a2
f73d
e3da
f9cb
0272
f912
014b
0c1f
078c
0b52
14e2
0a8a
fa6e
f720
f036
ebcc
f6a8
0211
045e
0069
03b2
feef
fb4a
0542
0557
ff12
0570
fbef
f9a0
07d3
06db
08b2
1526
0471
f7fe
faea
f58c
f3ad
fbbe
01da
fbe5
fa04
034e
fdf1
fcfe
09e7
0388
ff34
02b3
fc0e
fa08
fbb5
0003
02e2
fee2
016e
04ac
ff52
fe6f
0202
01b6
fd30
01e8
0443
fc16
fe7b
06e4
00f1
05d1
10b5
13e4
e3eb
cccd
ff3e
1423
f3a8
1218
1ae7
ee5d
0504
11d7
fcf2
0079
fd0e
efd7
e95f
f42f
0385
0a19
0fff
10f9
046b
047a
f225
f266
fbd9
f21a
f6d0
0d71
039d
ff5d
116c
0de1
0051
0bea
054d
f1ef
f1dc
f8ae
f57a
f87d
097e
0e4b
00a0
ffc3
0461
f7f7
f75c
04b3
025d
fa43
0262
065e
01c3
0417
0ebb
072a
f881
fb5a
f7ee
f023
f8cb
03a8
00e9
015e
069b
04bd
fddf
0198
0406
fffd
fdf9
ff9f
fffb
fe25
005e
0718
0329
fc4d
03b0
feae
f5a1
fc22
00eb
fced
ffe4
091c
06f3
ff1e
0636
0344
fb55
fd3c
03d9
f497
0690
e537
e9bb
1883
04f9
f5ac
194b
1573
f1ad
ff27
fe5d
f694
fa40
fea7
fe50
0190
ff76
01de
10d4
0748
fd50
06e5
ff46
e8ce
fe14
07b8
fc50
014b
137b
fb78
f7e2
0562
fd62
ed89
f9f1
f82f
f464
f95e
09d7
0db7
0700
0cc0
0ec3
ffca
fd62
04e1
fe29
f4d5
fd67
00b2
f612
fc47
06db
ff74
fa38
05e4
016c
f74a
fefd
07c6
fef3
ffe6
0cc8
0710
fcf9
042f
008d
f6eb
fa24
fcbc
fa72
f6a1
fca1
0360
012a
01aa
0ac5
068a
fdc1
0296
0496
fafd
fe00
045b
fc5e
f8ad
029b
028b
fb51
0212
05b3
f96f
fb8f
018b
f8a3
f287
1551
172a
001b
16df
07bc
eb6e
f88c
0013
efc0
effe
f91c
f43e
f6a4
09fc
0ecf
1011
1147
058c
0441
f9be
f163
fc32
fcf7
f885
06e8
0a9e
000b
ff26
068c
fd69
f6b5
0265
fac7
f007
fbf8
04a4
00ca
0864
125b
090c
fc27
ffbe
ffa0
f959
fee7
03ec
fca6
f943
006a
01c0
fbb0
02e0
08dc
fbdd
f63a
fd6c
fa89
f7dd
03ab
0a01
00de
ffb1
06b2
ff53
fa40
064d
0498
fc04
ff34
02b4
fdb0
fbe6
02ed
05cf
fc03
fea3
04fb
fc9b
f841
012e
0140
fa5b
00da
07d8
fd48
fc4d
08a8
00f4
f968
04a9
03a0
f59f
fad8
fe59
f4ee
dd50
1419
25f9
0e2e
226a
fb62
efc2
f3ea
ecd6
0599
e942
f340
ff86
f64d
0d55
169c
1abf
101c
fdbe
f58b
f290
e622
f910
00a6
ffdd
0a09
09a1
064d
05b3
058d
fcde
01fc
f4f1
f718
f7c8
f5f9
fce1
0cd2
049a
0c9d
0931
00d6
fd0c
fc7d
fd37
fd53
ffa4
0524
fd8a
fd2d
0642
fe74
00d3
06eb
ffd0
f886
f916
f9a1
f78b
fce0
0821
02c0
015a
0ca0
036e
0237
08c7
00d9
fe6f
ff56
faf5
f9e1
f84c
fdb3
fe0e
fdce
01ee
0111
0291
03d5
fd00
0504
0378
fc56
0558
021f
fbfc
ffd5
00a5
fd05
008f
ff65
0634
f85c
0d8d
fdd0
2d4e
cabb
bf9a
587e
d6aa
a0dd
5978
0945
c762
3a99
3696
cd0f
1e19
1ff4
d8f2
e9dd
0d1a
cf2b
f401
0c26
0268
1474
267f
fb6c
0e74
04d6
d96b
e915
0d76
dea0
f234
2217
ffa2
f674
2f03
176a
f0fc
04b6
07fe
d682
db5b
0b17
fba6
e385
17c3
1a36
eaf3
0538
22f5
f71e
f0e1
172b
0094
e084
07ed
1878
f65f
03e3
1d4d
fa67
e634
0117
0029
e5d6
f989
108a
f93e
f6e8
10fa
0df9
fdf3
09c2
1392
fba9
ed2c
0144
fbe6
e7dc
fb8c
0e13
f9ba
f7d8
0eb4
071f
f0b9
075e
13cc
f2c7
f631
1513
fc9b
f3ae
150c
1012
f1ad
0991
1a58
fcd7
cd96
e425
f778
fe65
0067
1b19
0c85
ff7e
1d3c
1150
fd2d
0a00
f6c7
e385
e54d
f61c
f7fb
021e
127b
11d5
ff40
080f
fced
f39b
fa24
fc52
faca
0397
01ba
0795
0929
06a7
0bd9
0bc7
f67b
f5f5
f81c
ec28
f232
0432
0488
01ef
096e
07df
fcdb
fed7
0975
fee3
f8ed
042b
fe0d
f5cd
0591
0b2a
0351
0503
0669
fc12
f2dc
fa4c
fef1
f89f
f9e4
0409
ff33
fbb8
0603
0826
fdf9
00e6
05f2
fa57
f825
0398
007d
fd27
061f
07c4
ffb1
fd77
0245
fbf7
f7d0
ffb6
fef2
fb81
02e3
05b3
0352
028e
084b
03dc
ff1f
ffb6
0cd4
e823
ed65
f955
f9db
0375
16e4
118e
0012
fbe9
08c1
fe7f
fc2a
003e
fb55
f092
f74f
03bb
09f4
0328
0e4f
0817
f330
f7a5
fbdb
f6b7
f9e2
072c
0656
003e
04d0
0b55
fd0f
ff6c
0576
fbc7
f728
fb64
ff6f
fbd3
ffaa
0a12
07a2
00fc
0368
0288
f9fc
f90d
00ff
fea7
f8c9
0413
02df
fbde
0251
096d
ff72
0015
05a2
01e0
f761
fdfc
03f2
fa61
feb6
066b
fcd5
fab1
ffff
fff1
fb4d
fded
04dd
ffd7
fb36
056c
04c8
ffc6
03eb
060e
fd7a
fa6f
013d
fc10
f774
0179
056d
fef6
03b9
08f0
01f8
fc9d
0115
00cb
f613
f282
f805
0ea6
136e
1bd0
03b1
f3b6
fbca
f51b
ee0d
e876
f7e3
f17a
eb4f
0d62
15b6
0c08
1d8e
17d2
0251
f488
f215
f17b
e868
fc24
0d86
073b
0b02
0ddf
0222
014c
fe8d
0026
f71e
eadf
f18e
f7b9
f725
0c8b
1b6f
1082
09da
0c8d
ffcd
f3d7
0074
01b0
f42c
f867
fdf3
f2e0
f9eb
0471
0377
fd57
fcc9
fd0a
f5e2
faf0
0883
0a47
07cb
0bd0
08b8
015b
feb0
0208
0197
fc1e
fb0d
fbe5
f6a6
f7e3
03f0
05f5
0194
0712
082d
fd92
fcf7
0372
ffbf
fc96
0297
0151
f9c0
fc36
01fb
fb06
f6c3
0136
ff74
f873
fd73
fdac
f5b9
12fb
208f
0288
1227
0765
ea33
f270
001d
f7d3
f6dc
fae6
fa33
f8cf
085b
0d02
0fa3
0cd8
fabc
f7a1
fa6f
f2f4
fea8
0bc1
0340
0580
0c06
fff9
f837
fdf5
f7de
f1d5
f91e
fd94
f810
fe47
099a
0be3
081b
0d7f
0a9d
f8dd
f848
fc60
f5a3
f95b
0485
0211
fbfa
00d4
074e
ff88
026b
0992
fe56
f5d4
fd63
ff75
fa42
0291
0a15
ff83
fcfc
04dd
fcde
f84f
00e1
0057
fa36
fe6f
01fa
018e
011c
0548
0629
0134
003f
fe6d
fb43
f934
fb2e
fcf4
ff20
fe0e
0558
060f
ff97
07dc
078b
0014
fe3e
06b1
f9fc
0e36
f3a3
abb0
4daa
49e2
ab21
f770
45e1
adcc
e75a
3a82
e420
e5cd
2c61
012b
f4aa
1d60
0a4c
f553
03c5
ee07
f490
02e1
f2e5
fb81
1cd1
f5b4
eb67
1ec7
0666
dcaf
1a87
1823
d62b
09f3
21b7
eb71
f4cd
1e16
fdba
e131
0256
18db
df77
f213
1d93
f472
e35c
1da6
0e70
ee14
0748
1fa9
f63a
f03a
17a1
0437
dcd0
053e
0bfb
e314
f422
13fe
fa4c
f2a9
1314
1143
f523
02f2
1581
fc6d
f3d4
0bbd
0a9f
f1a2
f894
0d30
f5b9
e921
0a86
05cc
e5f9
ffed
138f
f494
f4b1
1c7f
085a
eb5e
0f89
150b
e934
fcc8
1795
f024
f24a
1a3b
0d08
c9c7
f2d6
fd7f
ee84
08b7
1793
0b73
fd32
1cd2
0f3f
0023
0a26
fbc4
ef1f
e78f
ee8f
fc4d
fd97
01a8
1826
0958
fe44
0667
fdca
ede6
f62e
02d5
fd8b
f856
09a7
0a9a
fa18
0881
18f9
fae4
f339
05ed
f11c
e4e9
07bb
0abf
f8ad
03dc
1227
f8e4
f3fa
0e1b
09b0
f296
071c
0927
f1da
fcab
0ff6
02e7
fe7b
084c
0202
ee8e
f670
0531
fb9c
f906
0918
0564
f915
ff37
0946
fed5
fb39
095a
0267
f2c4
ff8e
06d6
f957
fe77
0c02
0288
f792
0305
0403
f688
fc57
0855
fd37
fb10
0510
04cc
fb79
032e
0e19
094e
0233
ee54
d8ad
f165
157b
09ce
1066
167e
fdec
0721
0349
fef6
0336
f1ea
e8a8
f098
f317
fcab
102a
17b2
0950
05a3
0d91
f14d
efca
0464
f84c
f08e
0796
066a
fb4d
0597
1153
ffab
fc68
06bb
f8d5
eb84
f9ec
02f3
f9e9
037c
1464
067e
fb3f
05e4
fd8b
f282
fd72
0256
f9fa
f854
037c
03f8
ffd5
0acb
10a7
ff4a
fbde
fe2d
f80a
f603
ff5d
0392
fdfd
fd0f
04eb
ffd3
fa5d
0385
0430
fb19
fe5b
0488
ff30
fc7a
0509
064e
fc78
017a
05b5
fa5e
f6f1
ffc1
fe2b
f7cd
01e8
07c2
fc14
011b
098a
fffb
005d
0732
01e3
0146
fd21
e146
1c3e
2075
fdaa
f3ec
1579
e750
eca7
f2b2
ef57
f225
fc04
fd72
1350
1345
1215
1814
16c2
f900
ef00
fe68
e4a1
e4ac
09cf
0637
fb97
14bf
10cb
f872
0239
04d4
f5a8
ec98
f786
f903
f7d0
0376
1907
10a3
0a17
0bbe
0491
f3a1
fa84
00d3
f859
f3b0
00a3
ff2f
f91f
07a6
0dbe
fdd8
fc0a
0185
f412
f071
00c2
04bb
00c5
08f2
0b3d
039a
0065
0496
0266
fbfc
fc36
fd85
f655
f4e0
0194
04ae
fe63
02cb
0755
fd64
f9e7
01ce
0163
fad6
03c5
078f
fe98
002d
0b3f
021d
fcb2
01be
fe6c
f528
f86b
fd87
fc4e
fae0
ff12
00d3
0abe
117c
fec6
0d8a
042b
f0c5
f83b
fd4b
f221
fc4e
fe11
f8c9
00ff
0895
0330
08ea
0b0c
fada
fc8c
0117
f832
fe45
0a62
04f4
033b
07bf
00b3
f765
fd11
fe0c
f659
f936
ff52
faab
fa6d
049c
0479
0341
08b1
086e
01b2
01f2
032d
013d
fde0
0060
01ad
fbb9
f98d
fe60
faee
f942
009b
018d
ff1c
00f0
041b
014f
02a7
080b
05b4
ff2b
0064
00a9
fabd
fbef
ffb1
fd28
fbb4
fcba
fe9f
ffba
008b
046c
0348
ffce
0253
03ea
006c
022b
05cb
00f9
ff04
030e
002a
f9ca
fc7b
fda3
fb0b
fabc
021a
fc9c
0068
fe27
07ee
ddc1
f410
4860
3b56
d85e
f658
1f2c
bc63
ec4c
2103
d606
ea6c
0ebf
00ad
013b
2046
18c7
0263
f9e2
f330
f922
f29c
fbc4
074f
12c7
f820
0005
117c
fdde
e826
1279
0361
dde2
084d
0f92
ea85
057f
1cc2
0061
f7cb
0900
0be7
e3f1
f816
100b
f093
ed4e
1556
fe31
f2ee
09ae
137e
f865
fa54
0fe8
f7fa
e371
0437
023b
eeec
04dc
0f76
fd8c
fdcf
0d4d
0af1
f98a
0215
0e82
f7a1
f674
0a8a
03d0
f88f
026f
0b50
f7db
f17a
0756
fd59
eb85
04e5
095a
f64f
018d
143f
004d
f4a7
0a16
091f
ed02
0487
0b4d
fb8a
fb34
33f9
dca7
c323
298e
c784
dbd3
3179
0838
f0d8
2d19
291a
fa0a
219e
1415
e446
f0e5
e76d
d1f4
f81e
fcce
fde3
2238
142e
0157
1068
00f3
e06f
f8c4
064f
ecba
f85c
1775
0124
fba8
22ae
1969
f195
febc
01ce
d607
deaa
0ac0
fb57
ee9d
162e
175e
f178
0790
20b0
fd8b
f63b
10c6
f874
e32b
03b6
1021
f9ad
067e
1302
f9e1
ea43
020c
0319
ef27
fc2d
0a41
f8dc
f92f
0e34
0f05
0004
05aa
0cbb
f54e
ec9a
009f
f9a9
ee94
01cd
0cf7
fded
ff2a
1067
053f
f62e
0700
07dc
f073
f8cd
06ca
f8de
f8a9
0e6d
0eb7
0135
137c
07f6
c3c8
db2a
1aae
05f2
efe7
2597
08b5
f62c
10cb
1413
0296
f87c
f1d6
f025
e3f8
f46b
0bfb
0f3b
0719
0ce1
1116
f789
ea67
097e
f7ba
e65b
0a11
0f71
f12a
071f
1e81
0169
ff4c
1763
fc29
e2ad
f805
fdae
eacc
fac3
1749
029d
f1fe
0be9
059d
ef47
0502
1017
f7e8
f883
0aa5
0335
f8cc
0d3c
1425
fac4
f87c
048a
f50f
ebb7
02f4
07d6
f6f5
ff4d
0eff
fee4
f9d0
0c8b
08bb
f896
ff83
05bd
f7a3
f547
07b5
042c
f51a
0076
09dc
f688
f5ac
08cc
ffba
f337
07fa
0ce8
f95d
ff91
1268
feb2
f911
06f0
0d00
e0c5
e01d
1e09
fa5d
ecbc
1de6
2300
ef1e
05e2
0ac2
f52b
f014
03c7
fc56
eeda
fa78
05a7
0301
03fd
0e62
0ab1
f8ec
f0f3
ff9b
f6eb
f61e
08b0
0f51
f8c8
029c
0e2a
fc26
f684
0744
f71f
ed21
fcdc
0435
fee6
052b
0ea5
070e
fd80
0a26
0a53
f916
fae5
035f
f404
f189
0321
0226
f97c
0274
07cc
fc2a
faeb
0813
0147
f81e
053f
083b
fa8a
ffd5
09f6
fe04
f957
0513
fed6
f626
fb2b
fe11
f911
fab0
06e1
05de
ff3e
08ad
0acd
003d
0251
0778
fee1
f73d
fb91
ffa1
f99e
fbec
0797
009a
fa0f
039f
00a1
f515
f6da
0cb5
1663
00a5
1784
0fb3
e9a6
f73c
0745
ed50
e986
fcb8
f085
ea16
0a98
1156
092a
1723
114b
ff15
fd61
f90f
f959
f85e
fb69
05a2
05fa
ff99
04cb
042c
fd27
fab0
ff66
fa7d
f2b0
f9ae
0262
fe36
07a4
1399
0980
0032
0769
ffbc
f474
00bc
0389
f6fa
fa71
feef
f91b
f9cb
0530
0758
fc9d
fe90
008b
f81b
fd41
08fa
0645
0269
011c
0010
fc90
fa1d
032c
04d1
fd11
01dc
0428
fd91
fd66
038f
00e6
fc2c
0059
0287
fcb8
fd85
00ad
feeb
fd1a
01d4
041a
fc64
fb3e
0494
ff2d
fc42
05fb
0477
fb6c
ff97
fcf4
f557
dfa1
1560
1f9f
ffb8
210f
fbf2
e63e
fc2f
f510
00ed
f046
fa8a
fd9d
f809
10b0
1193
14bd
0fb2
fc7a
f3c2
f3d8
e8e0
fa26
ff13
ff12
0bab
07b2
064d
068d
042c
fcf1
01aa
f789
f7b7
f8cc
f978
fc4c
0604
0438
0962
056f
00e9
00e5
fef2
010d
012c
051d
066d
fea7
fdad
01d5
f938
ff22
0125
fc1f
f87c
f875
f90f
fa13
ff9d
09f2
036c
0087
0ad4
031e
00fd
0a12
0475
ff09
004a
fbf8
f921
f9ac
fd84
fbae
fd07
0235
fea2
0034
06fb
ff8f
04a5
0596
00e8
0491
033c
fcf1
fe33
fbaa
fec8
fb8f
0455
fe88
1b37
fa29
9898
500f
210d
8ca9
2673
41e4
b1af
0e77
4f2c
dca0
fadd
375b
eb81
defb
1335
e3f9
e45d
07c1
f853
0297
20c5
015a
08f1
1cd1
ed3a
e4c8
1730
efa0
da3c
1976
0ac2
dd79
1783
2399
f07a
fbad
1b01
ef89
d927
0840
0f92
e33e
0025
1ebc
ef62
ec2c
20b6
09bb
e68d
0bd4
11e3
e291
f312
1ce5
ff30
f2bc
1bac
0ee0
e98b
fe23
113a
f24b
ef72
1028
00de
e90c
00aa
0b39
f50d
fa84
11ec
08a2
f445
03f3
0dac
f329
f16a
10d8
018f
eb9c
06c4
0f71
ee76
f87c
16fe
fbab
eca6
1166
0a15
ea2d
06f2
1871
f495
fb94
1f2c
0f98
e6af
df53
f7a4
f344
ff94
08e5
0f24
f6bf
0f6c
16ef
0028
07f1
0c63
edb6
e83b
f7ac
faba
f605
0d34
14cd
00b2
0256
09e4
f1e0
f459
fe01
fa33
f873
fef9
0509
0364
0259
0f2a
124f
023c
fe65
047c
f2b5
ee80
0146
ff5a
f7ef
0176
0461
f752
f80a
07ee
0534
fb4f
0912
0a24
fa04
00bc
0d94
0228
ff01
0525
ff5f
f20c
f595
00f8
faf7
f742
050d
0233
f901
02da
094c
0092
02d6
0b69
0429
f8be
02b4
062a
f816
fc26
05c6
f8d8
f611
0040
fd3d
f674
01aa
084b
ff9c
035a
098b
022b
ff7c
04ca
0595
faca
fae8
0212
073e
ef8d
ed1a
f646
f29e
0686
148f
1067
027c
0108
0d2a
0204
01e7
0ca9
fb1c
f00c
fa35
f9ea
fd83
02eb
0a12
00dc
f63e
fd6b
fa9e
f76a
01aa
04ee
0127
04e7
0911
039e
fe9b
0281
005d
f8dc
fd50
fcca
fa2d
fc8a
01f2
02cc
0242
0479
0482
0028
fe24
fe54
fe4c
fee3
fee8
0326
ffe0
fc30
037d
0506
fd6c
039e
03e3
fcea
fcfe
023b
010b
feb2
03a2
0293
fd10
ff05
017b
fba7
fb03
fea7
fdf2
fa07
fd32
00dc
fe91
01e3
07f9
05c2
0544
0328
0246
ffc7
fc32
ff28
004e
fcba
013f
fffc
fa17
fb46
fdf3
fbdd
fd8b
ff88
02d6
f6b0
0233
25b9
2152
1109
f771
fb83
e828
e9e9
e7c1
e88b
f24e
f0e5
fd71
1858
15d8
1faf
1e77
0ada
f9be
ec56
eec9
ea4e
f02c
0744
0ae5
0767
10a6
07d5
ffbc
ff45
fa98
f8a1
ef38
ef9d
f6aa
ff42
0896
19b8
1c87
11fa
07be
ffac
ef71
ee57
f888
f55c
f516
fa7e
fa80
fc21
05ba
0c77
0bd7
032b
ffa9
f97d
f4af
fc78
05cb
05a9
088e
0620
0320
ff7e
fe17
fefa
fdc5
f803
f8c4
fabd
f9e8
005c
0871
0991
077c
0786
032f
fb49
fbc9
fcf7
faff
fa7e
02fd
00bd
fa66
02d9
04a6
fdef
0223
0252
fcb1
f967
fe2b
fbdc
f717
fee3
1c24
0dd3
fba9
133c
fe56
e4f0
ffa6
0344
f244
f843
03e0
f9c8
fef5
103a
0a34
061d
069a
f7c9
f73e
f7c2
f807
0120
06af
02eb
08ea
0614
febb
fd3a
01c9
fb82
fa73
0158
fd55
f9e0
0282
04da
01ac
03ea
03dc
fb69
f8ac
fe50
fe53
fe18
0466
07df
03e1
0290
0442
0068
fb23
feef
fd99
f8df
fa01
ff91
fe7c
fea4
066d
0735
0073
01d2
05a9
fa3e
fa7a
0432
fea6
fae0
01ec
0137
fd77
007f
0262
fea6
fbb1
007c
fe85
fa5a
021a
0456
02dd
0423
069d
04b1
fdb7
fe5d
fdac
f988
f572
fe42
fcef
03ee
042b
1efb
a9f3
130a
6f2a
e21d
aedf
59f5
dd7a
bdd9
314c
19c7
c29f
23b4
0fbe
ee6b
fe33
1c70
e3df
fbb7
efaa
f972
0251
0f1c
fc73
2430
0c37
e88e
091d
18d1
d4b5
f5ac
2294
df07
e6d8
2bf0
feff
e653
1d01
1236
e329
f3b4
1d7a
f3cd
e1a5
1c3c
0dd6
dce7
0f40
1ec1
eb19
f3f9
1b43
fad7
dff1
0ace
1065
e4f3
fb66
1b6c
f79a
eebe
14e0
0c36
ee03
042d
1435
f37f
ef04
0d15
0378
edba
05d4
1171
fa5e
f61c
1112
076b
ecce
04ee
130b
eded
f36f
1426
fdbb
e857
0afb
0ecc
e56f
f7b4
1aa7
f44a
f081
1d3f
0e5e
f5c6
204a
f20d
db78
ea88
000e
0958
f245
0bfc
0e65
079f
ff64
1d35
10a4
e583
fe31
0291
daab
f06b
1985
fd17
fa95
1c08
125e
ec08
fb54
090f
e732
e8a5
0fc0
01b5
ed52
0e6e
145a
f93c
0d64
1b32
fb23
eef8
ff06
f655
ec5e
ffd6
118e
f816
f62d
0be4
fc72
f1bf
0be0
0ab9
fbac
fde1
06ef
039b
fcec
0afb
1338
f833
f470
0164
f26d
eab3
0232
04f6
f571
fd77
0f16
007f
faf1
128c
0c49
f95f
0603
0aa7
f5d1
f564
067c
fe63
f0f9
01c0
061b
f491
f8d5
09e4
0194
f7c3
0ad8
0e19
f903
ffd8
0ff3
fbc9
fbbc
13ab
0ce7
e261
d25a
f4c8
080c
fbcc
15a2
1f04
f313
0b62
19a1
fc0a
00b7
090e
ed25
e3bc
f571
ffa0
fd66
0edd
161e
ff7a
ff0a
ffaa
f3dc
f64e
fbe6
0063
0282
040f
0825
0917
05b1
0527
06c9
fe02
f345
f6af
f41b
f102
fde7
082d
064f
0823
09cc
02db
f9be
fe23
053b
fc8e
fb35
02c4
fb45
fa6b
0633
076e
01b0
0268
0345
f904
f79a
030f
0428
fc2f
03d1
0487
f96e
fa28
0285
fe06
fa86
03d5
0281
fb47
0278
06b0
0060
00f3
03fa
0016
f94d
fc59
ffbb
fa77
fdbc
04b9
0240
00d1
0063
00ef
fd86
fb7d
00e7
020e
fab9
06d8
fe41
da1e
21c2
2809
f808
f60a
22b0
e91a
e8c7
f73c
f83c
edab
f807
02f7
0cc1
04ce
100f
1881
0baa
f911
fd55
ff09
e250
f318
0f50
ff8d
fc42
187a
0698
effa
04ec
03c5
ee4c
f2c2
fe1e
f442
f83d
0c75
169b
0d0f
0d53
10b7
fd86
f021
fe3e
feae
f094
f962
04d3
f8c4
f842
0d5c
07d9
fc66
04c7
037b
ef8e
f5c1
0530
0047
fe6c
0f68
09ec
fc02
04b0
07c0
f917
fc13
fec6
fa06
f6e7
fc52
0471
02dd
0129
09f7
080f
fa14
fe66
0111
f75a
f85c
05c0
0274
fa68
0551
096e
fbd6
ffe4
0673
fb1a
f46e
ff20
f6fc
f24f
0743
1e18
fd51
07a3
135d
f515
edcf
0883
f949
f123
fb52
0102
f6c1
04bc
108c
0c96
0763
0424
fcf7
f7d3
ef73
f690
fcf7
f9ff
021a
10fa
0763
0011
06f7
0428
f49e
fd45
ff5d
f2b8
f45e
0326
fff9
ff7d
0cb3
0c61
fb10
fe2c
0500
fd30
fa83
0942
02c9
fa1e
039b
095e
fcc1
fe69
04e1
fa00
f197
fa18
fca6
f7d1
0031
0daa
05af
00f9
0b51
0700
fb40
01a5
0493
fa9b
f941
ff4a
fb40
f595
fce9
02f3
fc35
ff2e
07b2
030c
fde0
0346
0812
0118
00a9
099b
02f3
f880
0208
02b8
f710
fb14
0223
f8f4
f664
03a5
fdfd
efed
e47d
29e9
3e43
1c5b
dd72
1795
ea66
cb54
0de6
f6e8
cfde
06fa
fc36
03cb
12d1
28f3
0a76
080d
f693
f82c
ef3a
fdc6
fde0
0981
07da
fc45
06f0
0bc0
f544
f45e
0d01
ebfe
ea52
0954
fb1a
f331
16f1
0fe2
0438
06ae
0d75
fd40
ee2c
02e7
ff81
ece6
0153
07c1
f222
fd85
0cd2
06c8
fdc0
06e8
077a
f2ba
f775
05d2
f924
fab8
072b
014e
fdc7
ff8b
06bf
0171
f9bf
03f2
04f4
f857
012f
0459
006a
fcb6
047d
0604
f863
fd4b
094e
f46a
f677
067f
fa84
f592
05cd
069c
fa6f
fffb
0dd5
02d3
fb88
0f01
05af
fc37
052a
203b
fd4a
a158
2bb5
e1a3
a7ce
3109
2640
d6fe
291c
46dd
ec89
0e54
3213
e6c4
e370
feec
d988
dd6a
0591
00c7
10a6
18c5
0911
03dc
01c2
e4a5
ecd0
04a3
f072
f657
1c70
0ab4
ff1d
239d
2067
f651
fc7d
021e
d997
d40a
0156
fbb0
ea3b
125f
1d6d
f6bf
052b
2395
0351
f123
1488
01b3
e0dc
fd59
121e
f697
00fe
18b5
fe8a
e89b
fe27
018b
eca9
f8c4
100f
fc82
f82c
0df6
0dee
00a1
0750
0f8f
fb70
ea23
fb92
fac0
ea8f
fbe2
0db3
fd80
fece
0f31
08d8
f7f0
063d
0e0b
f6b1
f69a
0b2b
fcec
f494
09a4
0c12
f5f5
0299
14cc
05af
d836
d63e
fb05
09bf
0196
1ae8
175d
f767
176d
13c8
f9b5
03a5
f683
de7a
e415
f42b
f847
0561
14f8
1288
01f3
0b49
fe46
f21b
fcb9
fb0b
f7a0
053f
045d
044c
077b
07ed
05cc
0705
fc0c
f735
f46a
efba
f767
02ee
0653
0a4c
08f5
0305
002b
faa0
ff39
00c9
f86e
fc15
fea0
f8b5
0118
0c75
08f8
0812
097c
016f
f866
fb93
fe41
fa57
fbe9
03d7
ff0e
fc5f
01fb
03ae
fe2e
0080
034c
fbb4
fb8b
0236
ff8c
ff7f
05e3
0504
0187
fe3e
ff8c
fc08
f8c7
fed8
000f
fdb7
04da
0529
03c2
0344
0450
013b
0297
fcf3
0d94
e10f
f1b4
147e
fc63
f45c
1b4c
0cd4
eff5
fb03
0154
f5e1
fae7
02a7
01e7
fcac
0335
09e8
11c3
04ee
043d
072c
f2d7
eaa0
ff4d
fbc5
f4e4
057a
0d7f
f736
fd2a
0a33
fa12
f476
05fb
fb03
f7e7
0256
0a10
0658
05b6
0d3c
070e
f9f4
fd8f
0180
f4f7
f617
fea5
fdaa
f75a
0378
0927
fe5d
01d4
0910
fd3d
fb28
0545
00a8
f95c
ff77
0495
fa3f
f991
0423
fd78
f7d4
0165
01b9
fca2
0051
064d
04f8
006d
0659
0986
ff0d
ff4f
038e
fab6
f50b
0042
fd5f
f5b9
fcb1
06f5
ff2e
0165
0a49
03cd
fca5
02a0
01a8
f3cf
f228
fd38
16da
03d4
10e2
1682
f0ae
ed95
059a
f3f0
e8e0
fd5e
fcb7
eb59
05f6
1867
0ac5
180b
187c
0044
f8b4
f1d0
efe4
eeef
f59e
0390
0aff
0669
0687
059f
0369
fcb8
039f
01bb
f327
f3b3
fcb0
f975
01be
13cd
0fe8
026b
0541
01f4
f3db
fac7
05c2
fc38
f8f6
00a2
fbc4
f984
02f1
06bb
016f
fcaa
fd5f
f8e4
f75b
01ae
08f9
0506
05b7
0854
04bc
ff9b
0351
067f
fe77
fbd3
fd0b
f74a
f298
fb51
01fe
fc95
0009
0749
fe65
fddf
0531
0430
006c
03c2
05f6
ff80
fae7
011a
ff11
f72b
fc45
ff80
f7fa
f3bb
fa88
e826
0d6a
26ab
0f87
1e24
055f
ef3e
f5d5
f03c
fe53
f60c
f395
f877
fac7
0ae8
0d7c
16d0
11df
f6e6
f181
f738
e826
f502
0a9a
06f4
0692
0ecf
0b48
fddd
ffee
fcf3
f7a0
f0c2
f834
f954
f7a5
01bf
1032
09c4
0e48
0fe9
0263
f9bd
fad8
fb48
f5db
fc1a
0585
ffbe
faef
04ed
00f1
ff4b
03e6
0284
f7f3
f580
fd91
fbd5
fcd4
0b04
08df
013e
098e
056c
0045
0232
fe2a
fc2b
fbe3
f841
fc38
fe59
ff12
0207
03ea
027b
007d
024f
0480
fb90
ffd5
0609
fc80
00a0
045a
fc7d
fcf2
016d
0026
fd08
034e
051c
100a
0e7a
995a
37d8
3ff9
9dbf
fcfc
5341
b8f0
f400
4629
f018
e592
38fe
f922
e332
10d6
f7a8
e028
0c13
f992
faf2
16e4
031a
f83e
1a98
f3b8
dd5c
0f1e
fea2
d805
1509
1a64
e352
0ea6
2961
f63f
f6ac
175f
f8de
daf8
f9e5
139a
e937
f762
1e77
fa10
e4f8
1727
0ea0
eb77
044a
180a
ed37
f056
18e6
0a2a
ef37
0fc9
0e6c
e8b0
ef70
0c34
f799
ec91
0bd8
08cb
f192
0031
106f
ffb9
f910
0c82
0dc4
f3b5
f9e6
0c88
f5f1
ee2f
0a47
04d6
ee32
0006
0f31
f6bc
f58b
15a7
06e1
ecf3
0cdd
11b0
efda
00aa
1845
fada
f4c0
15d0
112c
dfe7
d879
f9b9
f3fa
ff77
087a
15ff
f731
122d
1a2b
03a2
06eb
088c
f027
ea11
f2ae
fc7d
fb76
05c4
10ba
058c
fe33
05fa
f84f
f4b3
fb81
fed2
fe6d
018c
052a
08b1
0442
05a1
0ff8
005e
f4da
fdca
f4a4
ec37
0052
0755
feb3
0309
0978
fde9
f6d3
0559
0916
f9c3
026d
09c6
f8db
fd22
0b0b
0570
ff6c
01b9
ffda
f364
f481
02d7
ff9b
fadf
061e
0493
f962
fbd0
052d
ff7e
f980
05a4
03b4
f797
02e4
0952
003e
0221
07c9
ffc4
f8c4
fcc4
fece
f6ec
fc26
035a
fefa
ff8d
05fd
05ee
0112
031e
0a08
0adc
00b8
ee25
e91a
e6d5
0479
1045
0dae
0fd5
01a0
ff6f
0338
ff58
0240
fa6d
ef27
f100
f612
002d
0a40
1344
0ffd
01e0
045a
faa3
f0ac
fb50
f9a4
f44b
ffb9
04a8
03d8
06bb
0b5e
09d4
0000
047c
fe34
f42d
f751
fcae
f8cb
ffc0
08df
058c
ff68
0258
fef3
f8f4
ffce
027d
ff02
fd20
01ff
0233
04ca
08f0
0a59
031f
fe27
fa1b
f5bb
f6dc
fb7a
fe71
fe87
fdaa
01cb
02f9
0094
0525
071d
016c
0169
02d3
ff02
fe40
01f9
ff83
fde7
0181
ff9d
fb5f
fc8a
fea5
fda5
ff17
0430
055b
02c0
036e
03ad
0080
00dc
fd77
fc38
f789
f782
ea74
0a9a
2333
1c80
fb60
fea4
fd9d
ebcd
f314
ee35
f44a
f4ee
f02f
0c3f
1498
0e15
1aa5
159c
fece
ef2f
f2e8
f249
e580
02b4
11da
0770
0cbb
1572
ff4b
fc8a
fe0f
fadb
ebbf
e976
f0eb
f61e
fa0b
13ca
1c73
10f3
0e41
0b7c
fc64
f7da
0330
ff3d
f3ca
f712
fc3f
f413
fa40
064e
0406
faec
fd80
fc21
f188
faa7
0a57
0954
09de
1033
0966
004a
fead
0202
fcb2
f8b0
fae6
f77f
f0e4
f8fb
02a1
0566
0581
0a4e
0811
fc36
fd73
048c
fe57
0025
0788
02b0
fa5a
00b3
02d5
fc3e
f93a
ff37
f8e1
f41a
fd5f
ffcf
fe76
fe70
05d3
0e4a
16bd
01bb
0dff
04e6
ee5d
f4f3
00d0
edce
f72a
ff3c
f8c1
fbe7
0fd0
081d
06da
0ed4
00d2
f929
023a
fd9f
fc73
055b
04bd
fee3
ff48
fea4
f6cb
f8d8
fd0e
f9b1
fcef
00ec
01f5
0202
0699
0876
06a2
0473
0299
fbb5
fbeb
fb52
fc5b
ff6a
ff51
00cb
0164
ff2d
00dd
ffbc
fc70
ffe2
fe73
fe94
ffaa
0227
02f8
01d5
0342
041d
ff95
ff79
ff46
fba3
fda1
ff30
fd2f
ff9b
005f
0002
01e0
0287
018b
014f
fd88
fb8c
fcc1
fd4f
feaf
02eb
0455
0175
056f
0612
ffa7
ffce
ff9c
faef
fa99
ff7f
fdbe
0071
0191
0f42
f420
b079
4444
4fd2
bc1e
e3e5
4c58
b81d
e43d
3e48
f076
dace
2a41
01eb
ef86
11f4
0e90
e961
fdb2
f020
fd82
05a5
03a8
0281
202f
f91d
eb4d
13c3
0686
d8b4
0e31
16ee
d73b
0272
253d
ef08
f58b
1fbd
ffe0
e244
fd2b
172e
e3d8
f21a
21ea
fd2f
e4f5
1f66
0f14
e98c
040d
1a92
f054
e9fb
1175
01f9
dccc
0728
1281
ebc4
fcc6
183e
ff4e
f6bf
0ed1
104f
f3d5
fc23
11ca
fa5e
eeae
09ac
06c9
f140
f821
0a98
f853
ec2d
09c8
0a0f
ee5c
0477
1774
fb47
f705
176d
07a3
e753
05c2
0f47
e676
f99e
17b2
f8df
f794
22c1
096e
c1b0
fe78
f290
edbf
0b26
167e
0376
0848
1dea
0d68
09cd
09fd
f422
efb2
e21b
e50c
fbf9
003a
fe72
1ec6
1328
006c
077b
0329
e998
f3f6
0382
f9e5
f3e6
06ee
0a3a
f7bf
0c67
1e57
fbf8
f3f7
0708
edee
e2f5
060e
0ae4
f5d3
035d
1364
f751
f454
1252
05df
f38d
08a2
0617
f068
fdde
10a7
0623
0094
0a6d
0231
ef90
f70f
02dd
f86c
f513
02e5
00e5
f4d1
ffe1
0d39
01df
01db
0f45
0452
f813
02cc
04cb
f9ca
fabe
047b
fee8
f541
0034
02ad
f4a0
fd6f
0854
ff35
fc28
07bb
07cd
fe1a
0436
0fba
06d8
07f6
0620
d5cc
d26c
0b1e
0e41
f843
1a15
0e06
f779
0a94
0d58
065c
002b
f353
f289
ed95
f2f6
045a
1210
097b
02f4
083d
fbed
e3db
004c
0083
edf6
0409
15ae
fe00
041b
1a74
0a4d
f93b
0b3f
ffc8
e5ed
ef9a
ff15
f33c
f74d
127e
0bd5
f699
08ba
09ef
f38f
ffa2
0ce1
fa34
f5b2
0285
01d5
fb00
0563
0fc7
02d2
f977
00ff
fb44
f130
fd05
06b5
fc55
faa3
0769
016a
f913
06e0
0ad6
fd6c
fecb
067e
ff68
f77e
01d5
05ce
fabf
fb86
0844
fc52
f41a
03b9
02d2
f544
013c
0baf
fe72
fc15
0dc5
0374
f985
0484
0a36
ef00
d36a
2035
159d
ec9f
ffb2
278d
e87e
f7f0
057a
f6be
ec9d
fea8
0422
0019
ffc5
10e9
0efa
0523
055a
0153
fa41
e7d4
f533
03d4
f93f
0264
15db
019b
faf1
0e6c
0184
f263
fe3c
fba4
ecfa
f6b9
07de
0a36
0579
0e26
0b67
fb27
fc0d
099a
fd32
f5eb
03a2
fc68
f1f2
ff0e
08b3
fe88
fe69
05f0
fe43
f2b3
ff6d
053d
fc9c
03a5
0eb1
00f9
fd12
06e6
01fc
f795
0288
01c9
f6a8
f6f0
fde4
fcc4
fbca
03f7
0775
02d5
0272
05f9
024b
ffec
0377
0482
ff1b
fba6
013d
0111
f97a
0165
023c
f645
f9c4
019b
f464
f562
06d5
19d5
0165
0a47
1616
f77e
f082
0aac
f8db
ed61
fa8b
fb67
ec78
ff54
0d0c
05b4
066e
0bed
feda
fbbb
fbd4
ff01
01e3
02c7
06c4
0c06
051a
0221
02bd
fcfa
f2e6
f890
fa74
f1ea
f59f
038e
ffe1
0041
0e78
0c0a
fce5
033c
0456
f897
fc7a
07dd
0050
fc40
0134
0014
f7fe
fcf3
0509
fd20
f701
00ab
001d
fc50
06c1
0cb8
042c
001f
0229
fe28
f7a8
fdda
03e8
fad1
fc28
04a2
ffd7
fc82
03b6
0418
fd78
ff8c
04c1
00a6
fd09
00ff
03f4
ff44
ffa5
0531
0163
f8b9
ff2e
ff28
f5d4
fd4f
020e
fae0
fc98
018c
ff4b
ee01
ef4f
2cf0
3179
1943
e102
0ca2
e6ed
d277
0f29
f411
de1d
0cbf
fcba
09d7
167b
2493
0ac0
04bb
f0d1
f382
e8dd
f7e6
fa99
0a1c
0a33
ff96
07e4
0eb2
f526
f956
0ce1
ed71
ef28
0932
f6cf
f649
152d
0986
045e
0531
0962
fa9f
f0a9
0376
ffd4
f1e2
07cc
0780
f77f
0597
087e
0459
fc08
03eb
0115
ef3e
f6c4
03c1
f749
fde3
078b
ffcc
0174
04d5
07b8
0678
00a6
048e
022a
f7b0
fe2f
ff6b
fd5e
faae
0130
0260
f91b
fd2b
09b0
f794
fa62
0a02
00af
fca6
087c
0845
f93f
fe9c
08a1
fccb
f79d
0e13
0c57
122e
a45f
1aa4
1460
a13d
1927
3d5e
cefe
0cf2
4842
f3b9
f762
3ce2
effa
d9ea
0c63
e691
d463
0af7
043b
fc4e
1b17
0fd7
03ca
0b5b
f756
e84e
02be
f745
ead5
0ae8
0af3
f2ec
1105
1c8b
fc3d
f8b6
0b40
ed68
de42
0083
0a59
f309
05a6
1729
fa0b
f690
16a4
0954
ef90
07e2
08dc
e50e
f7bf
1320
00a7
feeb
17d3
0787
ee53
fae0
0729
f24b
f630
0e27
ff54
f3ef
056f
0750
fb9c
0102
0ab4
0330
f59d
0013
0491
f4cb
f867
0a08
00ef
f781
05c9
0af2
f50c
fb8a
0c8f
fa5f
f3e2
0926
01e5
f29d
0638
0ff7
fc75
00da
1650
1171
fc94
d8f2
e5af
0003
0882
faf2
14f6
fe7e
ff44
1423
04dd
03be
07f6
edd1
eb55
f517
f78e
fc38
118c
1355
0256
064f
0943
ecb8
f6f6
023e
f239
f71b
04ae
fd4b
fe4a
099b
0bab
0944
0878
045d
fca1
f37a
f80b
feaf
fb55
00eb
0534
fca6
f96f
fd69
fda8
014c
037f
0533
02a0
fd59
0287
074b
0247
05f5
0632
fd5e
f92b
faf3
fd55
fc2f
fe34
019a
fce3
fb4f
ffea
0017
fed6
0479
05b6
02ad
0150
0636
0244
fcc3
0213
018c
f83c
f8fc
fc63
f90f
f7b0
038d
051b
ffbd
082c
087a
ff3f
05a2
071a
0137
fd5a
01cc
fe56
06c8
f74e
e511
0db3
faa2
f519
0b34
15d8
f46f
fbd9
02b7
ff96
fe63
099a
00d0
fd10
fe52
fd00
05bd
05b9
fd69
0173
fc78
ef30
fe42
04fc
0072
0456
0dd3
ffcc
fe36
0584
fff1
f797
fc30
fbd5
fbcb
fb1a
023e
04f2
00bc
032e
0797
fe54
fc4d
0471
ffc6
f97d
ff38
03b6
fc0d
fe42
06de
fe96
fae9
055b
000b
faee
01bb
01b2
ff7c
02ac
06ac
0348
fcb1
ff4a
00c9
f9a2
fa67
feb9
fb91
f85a
fd9e
018f
fee9
01fc
065a
03d2
011b
04f1
0408
fde5
fe38
0171
fa20
f90e
0302
0394
fdd3
03a3
04ac
fcfb
fb89
01ba
ff0c
faa0
000c
f711
00f9
1b2e
0e81
1593
0965
ed15
f0ac
f401
e921
e85a
f805
f1b4
f66f
1322
15f8
1366
2239
0d4f
fd52
f8ad
eb78
ebb7
f376
fb33
04cc
09dd
0db6
06a5
048d
079a
fce6
fd04
fc4b
efbe
ef4e
fb9c
0184
089b
16b7
14c7
0511
02f5
ff0d
f303
f8ee
fe0d
f977
f77d
fa0d
fc27
ff57
0465
0a2b
0379
fea3
fd97
f80b
f8c3
fea3
0306
07d7
04e2
0789
0809
01d8
0331
0457
fe91
fb78
f9cf
f8a1
f7c0
fd6b
047d
019d
00f5
0526
014a
fddc
0075
0481
014e
fdd2
022f
fe6a
fbb5
020e
019d
fcd7
fe9a
fffc
f8b1
f7ba
fa19
f3e6
e695
240e
1db9
05c5
220e
0087
e3c7
fe6b
f806
fa73
efda
fb25
f3c7
f9b8
0c9a
0f7e
1464
0da9
f5e0
fa20
f5f2
ed25
0130
08ab
ffe7
0989
0af7
0069
fccc
032b
f8a7
f6d9
f77c
fb4b
f3d9
fb07
06f1
099a
05fc
0f3c
06fd
fbb4
fcc9
fdd2
fba2
fe81
0587
0465
fbb0
ffc0
027f
fbc3
009f
02e5
fbf6
f67d
f939
fdd4
fe10
0240
0cd4
0590
ff40
0879
007b
f963
02d6
ff2d
f88f
fca8
fea1
fc9c
fd36
029a
03d6
ffba
01d0
0377
ff53
00ba
0347
04f4
0377
0463
056c
fe08
fa98
fb37
fc4d
f5b2
ff55
fd18
0ba6
fef5
37ca
b1f8
e5f1
6df4
d6c5
9e7f
5fb7
ee55
b9fa
3441
2a04
c63e
2991
1967
e8b1
f793
1376
d880
ff01
f813
f978
0e80
15bf
f6e1
1e3b
0923
dad7
f99c
1540
d537
f2dd
28b9
ef34
ec54
3415
118c
e9fa
12da
120d
dc04
e242
1458
f8b0
dbb6
1447
15bc
ddb3
0727
2728
f247
eea4
1da9
00b1
de09
0ab9
19f0
ed76
fdc8
1d32
f695
e56c
07bb
0603
e95e
fce1
1484
f8ab
f187
13a0
103a
f6b5
07d9
16e1
f9c3
ea96
0657
ffd6
e122
fb29
0f98
ed7b
f373
175f
0549
ef69
0e7f
16fb
ee05
f921
1a79
f842
eb86
16f1
0ccf
f0dc
1475
0650
c6f5
e4cc
10c2
0677
ec9b
1f5b
0e18
ff19
086c
1cee
0a36
f110
fac1
0086
db55
edfb
11d2
01a5
f51b
1365
0f12
ecca
f334
0ff4
f448
ea95
158c
103b
ec28
0c25
1be0
f4bb
ff0d
17ba
fa1a
e50a
fbc9
fe9f
ebdb
fc35
1a6b
000e
f2e1
0fd8
057d
ef00
0983
12a2
fa63
f8df
0a44
00a6
f3f5
069b
0fda
f3c5
f298
0467
f8b7
eea7
08d4
0e8c
fa98
0053
126b
fea1
f2ad
0b3a
0714
efc4
fce3
08b3
f5c6
f4ab
0d22
070e
f53b
062e
0d19
f499
f7da
0c19
00f9
f319
08f8
0f1d
f387
fc1d
11e1
faed
f45e
1257
070a
dc26
e613
f551
ff20
06db
1df8
1a72
f7c3
0847
17a0
f62d
fa44
075d
ec80
df16
f60b
0491
fc71
0c83
1dff
03f4
fa4f
065c
f8de
ef84
fad1
053e
f92c
fb9b
0acf
0589
fb4b
0716
083b
f9f8
f48d
fe22
fa4a
f2d5
0388
0d83
02f5
0606
0da1
0026
f509
ff6a
01e2
f3f3
f8f3
050c
fa2c
f826
0d0b
0a20
fe1c
064c
08ef
f9e1
f9b8
0825
02b4
f7ce
065d
0682
f5bf
f939
02b7
f946
f435
02f0
03ab
f6ae
0203
0c24
0005
0103
0ad4
0563
fa44
ffd4
04d1
f90d
fa17
086e
0068
f922
02df
04b3
f8fa
fa11
050e
fdff
f7ed
0343
0472
e4c1
1542
3379
1356
ecf7
0e88
f63a
dd9f
f194
f3f7
ea87
ef66
fc7e
130a
0d0f
169e
22d0
0e8f
fb78
f51e
f393
e701
e82d
076c
067c
00d7
14af
102b
f54a
02bb
014c
f59c
ee8e
f8ec
f3d7
f5f3
0730
19a1
1546
12a9
108b
013f
f29c
f875
fd51
f349
f6e0
0058
f5e7
f41b
0580
056f
006c
03bd
ffce
f544
f512
00b6
06c0
0452
0e6b
0c93
fe21
fe64
01d1
f8d8
f9ef
fdbd
fb9c
f7c9
fb20
031c
03af
055f
0a2d
0899
0048
fe50
fdde
f892
f8b9
0212
017a
fcdd
0237
0406
fed0
00c1
04d4
00e3
fac5
fe3d
f891
f367
ff0b
1a54
03a2
ff4f
114e
f6d5
e857
052b
ff92
f4db
fe37
01e8
f79b
018d
0cfc
0bec
0a13
0557
fbaa
faae
f3ed
f70c
014b
0115
ffd5
0c31
0881
fd18
02c8
05f5
f647
fb35
0390
fa06
f734
04b8
03b4
fe85
0554
0913
fb24
f690
ff29
fbad
f925
0788
08b5
fefb
04f7
0a39
0015
fd52
044c
fe11
f4ea
f7cd
fcb0
fb74
ff0f
0bff
0a1f
0170
0598
0450
f8fd
fba5
0368
fd47
fa8a
01c4
01a3
fb2e
fe36
03df
fd68
fb03
0032
fd33
f81f
fc07
03fb
0245
01ad
09ad
0b10
fef7
0190
0648
faf8
f9ea
0112
0082
f2d0
04f3
fe09
0c4f
bbdc
057e
618c
1269
adc8
3c24
f9b3
b4e1
1e6f
1ef4
be4e
109f
0f20
f3fe
fdff
278e
f15b
fbc5
f2d5
f6ab
f5ec
0775
fa4f
1468
102b
f411
03ed
1ce8
ec1f
f1ad
1efb
ef26
df94
1c7f
0167
e394
0fb9
14d2
f088
f561
14fb
00fe
e375
0dbf
12a4
e505
02bb
1989
eefd
efbc
1421
05e3
ebed
0746
1357
ecf9
f292
1450
fa42
ee8d
0a72
0958
f4be
fdf2
11f9
0132
f278
0d1b
0b1e
ef61
0162
0c52
fb44
f3b8
072d
0984
f153
fe03
13e1
f759
f2cc
0ff4
01e4
ed03
032b
0e76
eed3
f4d2
15e7
ff47
eebf
133d
0f13
ec8f
08a1
1bdb
0f8a
c3cc
ffe3
f127
c578
1c56
1eea
f69c
0935
381a
fe67
f8d8
267c
f62a
de8e
f66d
ed57
e33a
009a
0f71
1488
0fee
0d72
0a38
f2b4
e9c7
f64a
f8bf
efdf
fec0
0ceb
02df
0274
185e
19bf
fc9c
ff77
02be
e3b6
e085
03af
fa5d
f0d9
0c3c
11b8
f474
feeb
17c8
01a6
f4db
130a
0692
eb88
0433
1266
fab8
02b7
144a
fe0d
e97e
fa94
fc98
e986
f646
0b3d
fbd0
f892
0b9d
0afc
ff90
09b5
13e5
ffcd
f25e
0317
fcb3
ebdf
fdc4
08dc
f96d
fa5c
09fd
017b
f426
078d
0b4a
f713
fdfd
0cf8
fe3d
f966
0ad7
0932
f99d
0393
0ed7
0597
eac3
d2ab
ea6a
0af7
0472
0ce4
1d02
fb8a
0c72
1973
fed7
077d
0552
e4d4
e576
f505
f2c7
fa71
1282
1192
fc1e
0b26
0622
ece7
ff3c
0637
f6cd
023d
0b79
02bb
01e2
0ac6
060f
01f8
00d3
fac9
f3e4
f0bc
f635
fcc8
ff8e
06d4
0a73
ffdc
00f3
02a4
0030
02a3
00b0
fea5
fe26
f8e2
fcf7
0501
0513
060a
06f8
01e1
fca9
fd9e
ff87
fc2a
fd62
0377
fe5a
fc0f
01b4
01bb
fc76
00eb
051e
fd28
fcc9
042f
ff1a
fce3
06f9
03e9
fd75
012d
009e
f94a
f71f
fc9f
fad4
f809
01a1
03eb
0084
0538
07ed
01c1
05e1
01ad
0df9
f0d9
e172
2693
0fbc
eb84
048c
19e8
e28b
f4f9
fb7a
f3a9
f034
01af
03a4
08d4
0b2f
12c9
1446
0a2f
fadf
fbeb
f437
dd51
f299
0391
f876
01f2
1915
003a
fc01
0dfc
054d
f1dd
fe56
fd12
f052
fc12
0b76
0c8e
0a1d
0e0a
07ea
fa36
f783
002e
fa10
f2dc
fec1
024c
f7c1
0277
0dfc
0230
fd6b
0371
fbdd
f0ea
fb90
036e
fd23
010a
0df7
06bb
fff0
074d
0468
f8b2
fc05
ff39
f795
f643
fe53
01a6
007b
032d
09c1
05a0
fe81
0199
003a
f99e
fe6d
06be
fda3
fde7
08d0
05fa
fcd4
0490
0332
f46e
f4a3
fe95
f5da
f1dc
0032
1467
0e87
064b
18a5
01b7
ef45
ff09
ff2c
ecf8
f772
ff09
f088
f8d2
0d97
0a25
0a1d
0ee6
011f
f886
f6f9
f65d
fe1f
00dc
033b
0de3
0871
01cd
036e
ff0b
f60d
f859
fcf3
f55d
f4f9
ff12
00f5
0136
0e4f
10a5
0403
034d
02e2
f957
f97d
04ef
0205
f98e
ff1d
fe0f
f61e
fc30
016d
fdff
fa39
fb22
fe86
0015
04b8
0df2
0b14
044a
0444
007f
f91e
fa81
fd33
fa4a
f691
fc7c
00af
fd53
039c
0ae0
0418
023d
05b4
0015
f9c6
fdac
feae
fcd2
ff2a
033b
009c
fd20
00b8
00c3
fa79
fb62
00dc
fdd2
f6e2
fe23
f1eb
f3f7
2b21
3555
2274
e88c
0468
ee6f
ca8a
0291
f4d2
dcb8
fed8
0052
0c40
145c
25f4
1955
04f2
ecb9
f488
e956
ebfc
fd9f
0cd5
04a7
0250
0fa7
0b5b
fbef
fda4
0dba
eda2
ea62
04fa
f6c1
f1ff
16e3
10d4
0604
0be3
0da9
f94b
eee7
fe91
fa37
ed53
01cf
07e6
f546
026c
0cc3
07f1
0059
07dd
03bf
ee0d
f39d
0028
f57b
fc97
08cf
0211
03f6
0599
08d3
0613
fc8d
02c5
0122
f3fc
fd09
0431
fe4a
fdf5
0715
0742
fa21
fe6a
0832
f4c4
f468
0636
fc37
f8b2
0885
09c8
f984
0330
0b55
0319
f849
108d
05e1
1c02
a76b
ffa2
2e53
a269
f48a
4f13
d2c2
f545
4a03
044a
e973
3fcd
0410
d988
0b82
f90c
d0b2
058d
065d
f63d
1172
1190
fa4d
0837
fc11
e3cb
fe6b
009f
e9b3
08f4
14fb
f480
0bd0
2104
0206
f84e
0b4d
f339
db3d
f415
0aea
f243
fc63
1884
ff99
ee97
12fc
1076
f404
0888
12b2
ee1f
f3c6
11df
0765
f898
10e8
09a2
ebc0
f205
020e
f634
f2fa
08a1
063a
f6dd
02e8
0c90
013d
ffe6
0bd7
091c
f5ce
facb
0568
f40d
f24d
06b2
024f
f4d2
03b0
0b57
fb0a
fc9d
0e77
0300
f532
0750
0966
f3f1
fda5
0e7c
fb6f
f8a6
1370
1394
f445
d30f
ee2b
057f
0706
00e0
1d05
fc57
0334
1500
0290
015c
05ea
e8ea
e976
f039
f88d
fcda
0c83
106d
0681
05d5
0971
f2ab
fab4
0154
f63b
ff0b
0575
fe0a
fffa
06e4
0471
086f
07cb
fd9c
fb78
f6c7
f52e
fe03
029f
0425
063a
fefb
fbfc
f92a
fb1a
021b
0139
007b
0416
fdab
fd7f
05a0
079b
0539
042e
00e3
f970
f749
fee1
ffab
fd0a
014d
003c
fa20
fd71
0197
003e
0032
0683
03f6
ffb3
0595
05ff
ff7b
019d
002c
fcb3
fb29
f9e8
fa60
f93b
fcf8
011b
0129
038f
055e
0286
03d6
0459
05b4
09ee
0490
e23d
fbd2
f5c3
f4a1
07d2
1b14
05ee
0123
000b
0358
fa99
018a
0067
fa58
f591
fa15
037b
092d
066f
0f23
0634
f6dc
f83c
f93b
f5bf
f86b
0392
01c0
fe08
07b1
09e5
fea0
0483
02a7
f9f0
fa26
fb4a
fcb7
fe7b
00f6
05b6
059f
00da
0537
0203
f85f
fb58
0074
fc63
fbee
0476
02cc
fdd0
05d7
096b
00a6
026f
0287
f9f7
f671
fecb
ffb1
fcd2
02e4
0526
fe45
fe5c
0077
ffae
fca9
fc9c
0036
fe39
fca8
01fa
0232
fedb
0282
05df
0025
fdec
02be
fe05
f9c7
0196
0587
fe9b
02c6
0672
ff47
faa0
02f3
fe4a
f8c5
fcc3
f94a
ef5b
119f
1677
1599
10d7
f5cf
f119
f4fa
eec6
ea60
f5c4
f7c1
efd8
0799
1675
0d48
1c93
1955
0027
fba9
efea
eab7
ee17
fa23
031d
0ab6
0d9e
0c98
030f
055b
fdf7
fafb
fdc8
f0fc
ed3f
f7a1
fb3e
0262
128f
13ec
0b44
04d0
0161
f9b2
fb61
015e
ff06
fa07
fe16
fc31
fbf3
fff7
057c
02f0
f9de
faf0
f782
f4a6
fcb0
05b9
085f
09af
098a
07e3
03b9
02fe
0484
00ab
fc80
fafe
f7e1
f635
f945
ffa3
036a
00c9
03cf
0352
fcdc
fe72
05f0
03bd
02ea
0691
02d3
fc0a
ff3d
017d
f82e
f7ee
fd63
f85d
f424
fe3a
00d9
f788
f335
1282
2a53
fec1
1bee
128c
e6f6
f34c
0398
f0a6
f475
f8ac
f909
f075
0b52
0d4b
0992
0fbd
001a
f559
fad2
f335
fad7
072c
00d3
06e9
086d
00f9
fab0
0034
f9f2
f751
fbdd
fca4
f9d9
0032
0658
0982
09e2
0d88
0a3d
fdcc
fdee
fc12
f80d
fae9
ff01
fdfc
fbed
fcfc
00cb
fca3
fdb0
05e8
fea8
fbae
ff9d
0208
fe8c
025f
0917
0571
fcb6
05b2
0149
f71e
ff2d
0131
f700
fe58
0165
fdaf
003c
0653
03cd
0094
017f
ff1e
fbde
fc5c
faf2
01a1
01d2
fde4
0674
046b
fd06
02e9
02fa
fb2b
01e2
0457
02e2
fda2
0c2d
07d5
183a
930e
1a79
5810
ada7
ca1b
6696
c9ea
dc68
4ce4
102d
d087
393b
0a20
dd6b
040f
08e7
d284
013b
f935
fd97
10ac
0f49
f85b
1b5f
fa9c
dce4
083a
0eb8
d7fd
0b28
2709
e7c6
01e2
31aa
fc7f
eb06
141f
fd2f
d17d
ed5c
1612
ebce
ed12
25d3
0c16
e3f6
17e8
1942
e9ed
f977
1bef
f21e
e401
14c5
0f1d
e525
08b9
185a
ea37
eded
11f4
fcea
eb78
0a24
12ac
f5f9
fec0
16a2
04b5
f356
090f
07d0
ecbb
eefa
0681
f66b
e8de
08b3
0fe7
f3f7
025e
1938
007b
f2c3
122e
0b13
e701
fe87
12f4
ee7d
f4f1
1981
ffcd
f0f5
173b
170d
d735
dcef
0438
f783
fbd5
1179
1870
f598
12f7
18b6
fe67
fff2
fe9f
ecfb
e306
ebc1
ffff
ffe9
03e6
1aa4
11d9
006d
04c3
00ca
f29e
f290
ff98
0038
f5d8
0177
0c9e
fdf5
02f9
1865
03be
f125
0281
fa5b
e915
fff4
1089
fe34
fcf2
0e61
fe0f
ee8e
0418
0995
f3d0
fe62
0c11
f963
f984
10bc
0c2c
ff69
0571
04ab
f376
f0fb
ffec
fd85
f5e1
ffff
07d6
fc05
fd4f
0c02
07ab
fc19
08d6
0833
f678
fd32
08a1
fce3
fa11
05ec
03c4
f626
faeb
02b9
f717
f758
0547
0275
fc00
0579
09b5
0267
011c
0c40
0725
0203
f868
e720
d859
f6a1
1468
0861
10dd
137f
fd2e
069f
08be
0657
012e
f3fd
f14d
f112
f47f
0600
0fdc
0f10
059f
02ac
ff84
e9eb
f4e6
ffc0
f39b
fac5
0d80
03e6
0203
0fa8
0e84
fb36
042c
0416
ee78
efb8
ff6f
f87b
f8c5
08d9
0c93
fd41
0138
0756
f9e7
fa70
0645
fedd
f93c
00e2
0550
0045
042c
0d35
085c
fc8e
fee6
fc0a
f514
f79c
ff80
fdce
fa95
00f3
036e
fc33
0321
08e2
005a
fe02
03bd
00b1
fb46
ffc9
05c0
ff83
fd44
06f6
0187
f885
ff6c
00bc
f859
fd96
0542
00a1
fdc3
04dd
03fd
fc29
020d
00fc
fe62
dde3
0dbe
2931
0b25
f021
15d7
fbcc
e94b
fcc7
f3d0
ed08
f3e0
f921
08c9
0a41
1301
1a0d
0d4b
0219
f7f8
f5cf
ef26
e736
03c8
06ff
00dc
1120
10bd
fa68
066e
01d8
f73e
f23f
f56f
ef86
f4b3
ffb0
1055
1061
0f10
0e30
0509
f848
fe22
0258
f9c0
fb5d
fe65
f725
f989
034d
039a
01c7
0050
fb7a
f302
f399
ffe4
0295
05c7
0d56
0aa5
0235
0442
03c2
0072
0058
0063
f918
f81b
f7f1
fafa
fe92
028c
03e3
04a3
0214
02ff
01bb
0038
ffb7
00f8
0281
fd7a
fc9b
0024
fc6e
fb6e
ff79
feb7
fa36
ff52
fa47
f7c8
0101
1593
0bb6
0094
0e92
fefa
ecf1
fef3
02d8
f752
f9b8
fecc
f99a
ff3c
09fb
090a
073b
0525
fb66
fcdf
f97b
f8c3
00c8
0214
ff83
0869
06b9
fea8
fddb
0015
f887
f80a
fed8
febb
f9bb
0306
06fd
024a
062a
0ab6
fd82
f80a
fece
fd32
fae1
04e3
074a
01b3
0170
063e
028d
faea
0191
fef8
f601
f8e3
0020
fd29
ff46
0822
05e1
fe38
0179
025e
fba9
fd08
0326
fff4
fe19
00ef
01e3
fdf7
ff37
01ca
ff79
fd55
0013
000d
fe13
fce2
045e
05e8
00dd
0454
0971
fc91
fc8e
0327
f9fb
f8b6
fdd9
001d
f6d2
040b
fd7c
0cf2
c622
04eb
5b7c
1d77
b418
2a84
00ff
b153
1365
1dbd
c5db
0bbb
1180
fb4c
0203
2967
fbbe
fddb
f2b6
f325
f2bf
0194
f826
115c
1198
f50e
01f4
1ce4
ee9b
ecbb
1f0c
f0da
de53
1981
03d9
e5fb
10bb
15a7
f4a7
f7df
108a
02b3
e0cf
0a84
1026
e6db
0070
1c2e
f11c
f5d4
105d
06fe
ec04
02ad
0eee
ef45
eeb6
11c2
fc17
f034
0a58
0ac5
f7d6
0055
1308
0513
f4ae
090d
0901
ef33
fb12
07e1
fb9e
f279
0605
08d1
f48f
fc7e
12f2
fb07
f26f
0d7d
04d0
ef4e
02cd
1122
f2d9
f437
12db
0393
eb98
1660
11a6
10a4
dbec
f32c
0503
bef3
10c0
25a5
e85e
ff27
317e
ff47
f26d
3082
014b
d88a
03f4
f77f
d97a
02e6
15bd
025a
0aa5
1680
0ae9
f483
fa28
f942
ed7f
ed72
fe79
00e8
fc36
0488
1241
0f4b
07e2
07dc
0470
f011
ecd9
00f6
fdb1
f980
0a3c
0781
f234
f9d0
0ad3
ff3d
f768
0a46
05da
eef9
0315
13f1
0313
0a9c
1821
0072
ee5d
fb29
f8e4
eb4a
f88c
0812
f910
f663
0880
033e
fad6
08ef
0cbf
fdd8
fd17
06ff
ff25
f681
0448
04dc
f73a
fb6e
03cf
fb88
f53b
0362
05dc
fa00
02c4
0d9c
0025
fd76
0b21
0668
fa9f
0145
08e9
0341
0268
df9b
d414
fd7d
1576
fb07
118c
101f
fc4f
0d4d
0b89
084b
06c1
f1d4
ee79
f2f4
f227
fad7
0f36
0cbe
fcf7
0317
0984
e8e0
f7f9
0d14
f575
f7ac
1170
0497
fb60
0f22
1103
fcfb
0303
06d1
f481
ea8e
faf0
fdd9
f38d
0539
1064
fc01
fc1f
0acd
fe26
fa9a
08a5
0689
fb5b
fd91
0373
0087
fdfb
07e5
05e8
f83f
fa30
ff61
fa60
fb5d
04cb
0610
fedb
008f
087a
febf
fb18
048f
002d
f885
fca5
0357
fd09
fcd4
0659
047e
f9dd
0305
05a0
fa8a
fbda
07e9
0123
fb6e
061b
054e
f7d8
ffc3
0446
f810
f91a
0197
ffd5
fea7
09ad
deb6
1648
1d3f
005a
f8af
21fa
f24c
ef0d
f6c3
f725
ef54
fb74
fa0c
04ac
03af
0426
0d2f
137c
fb90
f97d
08e7
f0a5
efcd
0ed5
06fe
f7fc
0f30
0b6e
efe4
fc04
02ea
eedc
ec18
fe49
fcaf
fa1c
082a
1a8e
0dca
085c
12b6
05ff
f1bc
fc43
ff78
ee4f
f16a
0118
f853
f310
076e
08e7
fba4
02ec
0b3f
f9cb
f968
06f2
0609
fdb5
0652
0a2d
fe07
fa1e
03d7
fdcb
f6ef
fd37
fd8a
f579
f8c0
0631
0613
01ef
09d4
0e9a
ff5b
ff9a
068d
fc27
f5f8
fefb
fc94
f41b
fdcb
07ea
fe71
fffd
0824
014e
f90d
02cc
0365
fc81
fd1b
0210
01fc
152c
08e4
08cd
0a14
f281
ebad
f9e1
ed71
ef4d
fb5e
f9cc
f9ac
128e
1271
0d2f
188c
0c8c
f50a
fc87
f539
ee19
f984
0241
00b2
06e5
09ec
0389
fd0f
0397
fed9
f81b
faff
fbb3
f66e
fc9e
0410
06af
0990
0a9d
03f1
fcf9
fc59
f9cc
fa3f
ff3d
00ce
0172
00a1
fead
0190
0336
0180
0249
00b1
fa94
fa82
fdfb
fdb0
004a
067e
01ad
fe96
039f
0005
fc5b
0111
fedc
fd45
fe29
fe55
ff50
0121
01dc
03a3
00c0
fea3
ff1e
ff2c
fb6e
ffa7
044b
ffac
014c
04f3
fe87
fe30
0158
fddf
f9ee
fce9
fced
fc57
f8cb
fb4a
e4ec
0615
2b14
2633
1a3d
ebe5
004d
ebcf
dedf
0c07
ef95
ecb2
fffb
fe09
0bba
0f4b
1d92
0ee0
f83e
ef66
f5a9
e807
f97e
037d
0ca4
0780
06d7
0d06
0889
f825
fcd0
0658
e9e4
f1d1
0336
f482
f8cb
15e0
0767
06eb
08a9
0975
fa05
f7e8
0494
ffe5
f6c1
0a52
0429
f7ab
0355
053e
ff4e
fb84
ffd1
fb42
ee04
f552
023b
fa9e
0811
0fb1
0630
0789
068a
033e
0177
f92e
fe12
fcc6
f2d4
fca4
0250
fff9
fffe
06e6
0574
fbb4
00d5
06a2
f801
004e
084b
00d9
004c
04a7
028b
f60a
fa98
0138
fa55
f4a9
1135
fc11
2b5f
de58
c654
4e09
d958
b4bc
480f
0229
ce1f
2fd8
2c5b
da3f
24f3
211a
de2f
f472
0786
ce77
f244
0461
f4a3
0d8d
2189
00f9
0e43
0c59
e6ac
ec7b
094c
e820
ef15
147c
fd5f
f323
2025
1937
fc21
08a5
0d40
e685
e2cc
07ed
0045
ea6d
09ac
10fe
ee28
fe4d
1c44
ff4e
f4e3
1364
ffd0
e38d
0325
10e6
f79e
03da
1610
fc42
edbe
033f
02bd
f091
fe62
0a36
f73f
f638
0751
07d1
ff6f
074b
1212
029f
f551
04aa
0008
ed36
fa04
0834
f5cc
f675
0c06
03d1
f544
09af
0e2a
f74d
fd5d
0e5b
fbae
f4fb
0d4e
0b73
fbfc
1494
0cb4
c4a4
dc7f
13e9
0820
ea69
206e
08aa
f71f
0da5
1822
06af
fb00
f87f
f917
e299
f34b
0d45
0aac
0256
0c85
0c00
f4a4
e940
05fc
f88f
e93d
0af4
10e6
f128
0768
1cb8
ff38
ffe3
1658
fd66
e631
f7d8
ff0e
efeb
f9b2
1526
053d
f1da
07d5
0549
ed89
021b
0f7a
fa6d
f818
0a4b
05e7
f951
06f9
1394
fab3
f269
01cd
f78f
ecd9
0416
0b3d
fa6f
fe5c
0cd1
ff97
f705
0975
0a47
f6b9
fc5c
0a15
fbde
f52f
0a3f
08c2
f300
fe1f
0860
f3d7
f44c
0768
02f2
f5da
0811
1139
fb43
fd9f
11e8
fe21
f805
0d06
090a
d545
ef89
fc2c
f004
001d
2439
12d1
fcfa
0540
137d
f876
fb55
0866
f8a9
e3be
f6b4
038d
fdcd
00c7
1823
0a75
f400
00b6
0415
f1ee
f858
0edf
0213
f98b
0ec6
0aa5
f55a
0058
072d
f1c0
ef51
fbe7
fc6c
f23d
039f
0f8e
0456
05e2
11b2
065d
f84c
0081
04a6
f67f
f761
0673
fc95
f2e8
06c5
094e
f7af
01ad
0b8e
fa55
f648
08c0
05e8
f8b6
056a
0a98
f9d2
f8f9
044a
fb10
f1f6
fe94
0476
f7a6
fe61
0d23
02d9
fd1b
097d
0886
fbfe
ff3c
0807
fbf8
f598
05e0
040f
f61b
006d
050b
f6ed
f675
0441
fda5
f654
0006
024a
f160
136b
22e1
1bd8
0a69
f7a7
f480
e7d5
ea23
ed47
ee5e
eee1
f2cc
098d
1397
139f
25a4
1859
00d0
ff80
f0e3
e855
eeeb
fb18
0127
0870
0d6b
0b57
ff1d
039b
ff1a
f5df
f92b
f587
ec6c
f54a
01c8
092d
13d1
183d
0ed0
025d
fdbf
f6b6
f697
f9cc
fac3
fb95
fabd
fb1e
032e
046a
06dc
0b4d
ffa4
f5fd
f6c8
f61d
fb59
045f
09c2
0800
04de
0477
0117
fc6a
02aa
0336
fdd1
fc65
fe66
fbe4
fc95
021f
05ec
01e5
00f1
ffba
fac8
f840
00f0
03db
017c
05f8
076d
fd34
feab
0532
fdb4
fa24
fd24
fa5d
f1d0
f13e
f8f3
213b
0af3
084f
1c32
f714
e87b
073a
f85d
f562
fc28
ff67
f10f
016f
0e17
06a2
0d5b
0bd7
f62c
f9c1
f6f4
f2af
ffc8
07f2
051e
0d42
0a52
0327
ffad
00c1
f56e
f6f9
f6a6
f467
f4ee
fd7f
025b
077f
097a
0cff
04a6
0081
feed
fdc3
fb88
0077
02c9
ff91
ff98
02b7
fe4f
fbd9
02e1
feea
f8f7
f9bd
fc54
fcb2
0069
0789
0c62
02fd
04b7
0532
fa09
fc1d
0114
fafb
faed
fec4
fe5f
fc3a
ffb3
0426
ff86
00ca
030e
fee9
ffb1
fe0e
ff26
0476
01ce
019e
07d4
fe8f
f9af
ffa5
f849
f850
fe4d
073c
fa2e
0f74
03b1
270a
cfc3
c329
67f2
1504
891a
3123
215f
a402
14bf
4315
c935
094b
2ad1
f032
ecba
21fe
e901
f339
fe13
f893
01b4
16f2
f9ee
0f42
143f
e4c8
e7f0
17a4
e622
dcff
2518
0751
e011
2a65
2131
eb7f
092c
1cc7
e6b6
dd45
0a1a
0456
d4df
0449
1f59
e8fe
f8cf
2a3b
fed8
ea84
140a
1004
e26d
fe42
1d43
f60a
ef80
1bdf
02d8
e2f5
0048
0a7a
ea7b
f1c3
10ee
00a7
edba
0c3d
1635
faf7
048c
16f0
0259
edf0
00d4
066c
e835
ef65
0f39
f8a2
ead6
0f67
0e99
ef48
0277
19e4
f6e9
ef97
172a
063c
e95c
0e94
1585
edde
fbbe
1ab2
02b2
e4d7
e34d
f3cc
dc1f
0c46
1307
0c97
04d9
23d6
1776
fdd5
115f
0b8e
df58
e849
f399
e763
eb72
0d82
0f8f
036b
076b
1466
f57b
f075
045d
000d
f1d4
07b5
0d86
ffc4
02cc
13fd
0cfa
faf7
fc5b
fe9c
e793
e560
0143
fc4a
f4a6
0d12
1140
fce4
02e3
120a
0395
f859
0acd
04d3
ec54
fd70
0b50
fa32
ff25
0ff2
02e0
f298
fde2
04b4
f5c1
f92b
0971
fffd
f782
06ff
073f
faec
00c8
0c29
fcd9
f068
016d
01c0
f0e9
010a
0c75
fc77
fe1c
0ccc
027b
f616
05d0
09b3
f72b
feac
0a7f
fd8a
fa04
093c
0510
f982
02ac
0cc6
04a9
ed11
e4be
e6df
01e5
0dc7
10a5
14b2
ff82
01e6
104b
faf0
030f
05ff
eacc
e920
f954
f996
fe26
1268
16ef
fd83
0082
06d1
eded
f477
03d3
fa3e
f7e0
08c0
0815
fe94
0735
0d37
0029
fe39
fff5
f999
f453
f9bf
0206
00df
0428
0a72
00df
fc5a
fe25
fa85
fcec
fc83
fde8
ff35
f9aa
ffe0
0ab7
08ea
0993
0d3d
0409
f979
f98d
fc1d
f710
f6c6
fe57
fb15
f934
ffd2
0505
ff0d
0394
0af5
035e
fd66
070c
044f
fbca
045f
0800
fb53
faa0
001d
fa88
f49c
fd41
ff30
f98d
0246
0964
020e
0504
0775
0456
ff68
fd22
fe50
fc96
da01
18f8
282b
020a
ede9
1787
efa5
ea1f
fa0c
f679
ed5c
fa05
fde6
0f1c
0e84
19d8
19b0
0d97
fa68
ed8d
f210
e461
e5a8
086e
08b8
057f
17d8
10f8
fb10
0671
0465
f41b
efcd
f3d1
ecf6
f38d
0391
150a
15f1
13d7
0f5f
032e
f51f
f968
fe8b
f5ad
f76c
fe1d
f70f
f8cf
07f2
076f
021d
021a
fd4e
f16e
f3cd
fe6c
0168
0243
0cd3
0a5d
0472
07c0
07b8
02c1
00f8
fe14
f9eb
f478
f537
fbef
febc
0052
05e8
068d
00ca
0049
0106
fde2
fdaf
0290
0112
fd60
ff54
043a
010d
00a8
03d4
fdaa
f946
fa62
f9e4
f37f
fea1
0d98
0db2
0084
0f1b
0491
f591
faa3
04b3
f65c
f970
fd24
f9e6
f822
05fd
0a01
076f
06dd
0276
fc5c
f94b
f79f
0060
031d
ffb6
0857
09be
fdb5
ff29
017c
f857
f8ac
003f
fa82
f896
ff4d
037f
ffd2
06cb
0c1c
0295
fcb6
00a8
fd0c
fb99
0309
037f
fe47
00cd
013f
fbcd
ff53
0008
fe77
fc43
fabc
fcab
007c
0089
05b8
0a95
04eb
01d8
0532
0016
fc29
ff64
00b4
f9f9
fc81
ff16
f947
fb55
01c6
ff49
fdc7
0399
029e
ff61
02d0
04e2
03bb
039d
054f
03c4
feb5
fcab
fbf0
fa70
f508
fd9f
fb08
fcbd
fadf
09bd
cda3
1476
5b8c
1d67
c188
2aeb
f5d8
b85c
104d
0fec
c885
0a80
0a6a
0126
0843
27eb
02e9
02ee
eda0
f52b
f429
faa3
f65f
189f
0b13
f3cd
06c5
1899
e94d
f228
1b31
eb67
e210
1a27
00d5
e98e
1641
17fc
f678
fc1d
1460
fc84
e1ec
07e9
0644
e2be
fdf8
14e5
f306
f686
144d
0c31
f28d
0a35
1487
ef76
f398
1124
f790
eea9
073d
05b0
f545
fd2e
0eef
022d
f33a
0923
0952
f139
fe9b
0b60
fc4d
f4d8
06f3
0a97
f2bd
fdb5
134d
f717
f09b
0e6d
029e
ed30
0660
11fe
f1ef
f946
15b0
029c
eff2
1899
0dd0
1066
d9d8
e414
0b86
b581
ff52
2e62
e8ef
fba6
39ba
0b30
f25c
3bb7
0938
d8ca
0359
f9b4
d06f
fc3e
155a
fac2
08d3
17bb
08ea
f3ee
f9b7
f3b6
ed19
f423
fd1b
05ae
04b5
07b0
1346
13c1
07db
071c
ff2d
eb94
e46d
f3e4
f9df
f9f1
0764
0dd8
feea
fcbb
0dbe
0870
fadb
0a4e
08be
ee49
fbde
0e27
0006
0402
1581
0037
ecb8
f93e
fc34
efe5
fb22
0ca5
fe01
fab0
0b9b
0363
fcf1
07ce
0763
fc3e
f8cb
ff2f
fd18
f3de
feeb
078e
fcd4
fe6d
0a00
01bb
f893
0345
06ed
fa77
fdea
072b
fc27
f7ea
04c8
04a2
fab3
020c
0e4c
09d1
0423
dd32
dde5
085a
14e8
faa2
1679
0828
fa2f
0f22
0664
0419
037c
ea69
ec2b
f1e5
f200
fee1
122a
0ea1
025c
07ef
0b16
ecb1
fa62
076a
f179
f859
0da3
fc93
f796
0b98
0b2a
fe55
0718
0720
f6e7
f14f
fe5c
ff44
fa1c
089a
0c1f
f939
fa19
020a
f90c
fd26
073e
04f5
fd6e
ff52
0526
036b
01c5
09e9
0645
f98a
fa7e
fda3
f8b6
fcd3
03b3
006e
fb28
fe8b
febd
fa81
fdcf
0339
0426
02a8
0449
095e
04c0
fff5
0804
019f
f656
fd82
fc0d
f342
fa0b
0206
fe7e
fd57
08ce
0777
fc43
0616
0627
ffba
00da
0fde
d7d2
fd26
17a1
fa99
f086
236c
0861
f23b
fd44
0156
efec
f5f4
fdef
04ac
fb08
00f4
0e05
1018
fe86
06fe
08df
f134
ebeb
04f4
fc7a
f159
0997
0ff4
f3d9
04ef
1290
fa48
f2f3
0694
f870
eda2
fafb
0c95
fed5
0027
0fae
0676
f88d
0732
0ae3
f589
f7ce
0585
f923
f153
0942
0632
f8fc
00bc
0b50
fa7c
f84d
0868
0348
f36f
0293
06aa
f874
fd7e
0a32
009d
fba8
03fe
04e9
f86a
fa27
040a
fe80
f7f1
02ef
06e1
faf0
fecc
0953
fe90
f814
05c7
0257
f453
fe6f
08d4
fcec
fe21
0cf2
03cd
f7f6
0453
03e4
f6e5
fc9e
fe7f
f1f9
0952
15f2
0430
11d7
081d
f236
f718
f8f5
eeaa
f4bc
f5f6
f234
ffb2
0ae8
07a8
1472
16f0
fdf7
0003
fd9f
ebea
f47c
04bc
fee6
0229
116e
0a67
fd11
097b
06f9
f4e3
f90c
fafd
eed4
ef24
ffb4
04a5
03a1
0fae
11ff
0342
031a
0661
fe81
fa58
0009
fb6f
f573
f7b4
fc54
fc75
fe7f
0438
02a4
fac2
faf1
ff20
fefd
0003
0890
0902
0167
05ed
0807
ff64
00b1
0429
fe57
f7ab
f9a2
fcfb
f95b
fc31
0603
015f
fe83
04dc
036d
fc5d
ffca
060c
ff0f
fb7d
0476
ffb6
f856
029e
0414
fb42
fdf8
023e
f9bb
f961
0053
faf3
e833
f86b
306d
1136
22c3
050b
ec75
f610
e3d2
f837
fa58
e03d
fedb
f6bf
0848
1409
205b
1acc
0516
f73e
f839
e91e
f060
038e
fdb9
06fb
088c
0919
0234
04ea
fa9f
ff3d
f629
f0a2
fa67
f912
f945
0ded
0b6c
0976
0dac
02d3
ff9e
f67c
fa73
fcfb
f94a
ff56
0611
fa6d
050b
06c3
0378
0224
01a0
fb48
f22d
f5e7
fbeb
fa45
0632
0d51
029e
0a19
0b32
0153
0281
0180
f869
fa3e
f8e4
fa95
fcc9
0287
0431
015c
0345
ff98
fb85
00ec
f93f
fe6e
078e
feab
0558
0b83
01ed
fe9b
019b
fb80
fca2
f77f
02b2
f5cd
0814
ff89
3698
b46d
e21b
5c48
bd15
bb05
63fd
ee89
d296
433e
27c6
ce6c
2c1c
15b2
d74d
f034
025d
cadd
f9e6
04fa
028c
1937
1f26
fd32
17cf
ffdb
db34
f7f2
0b11
d8e4
fb6f
1f7a
f1e3
f87d
2ddf
1055
f05a
0d63
09ce
d56b
e207
1356
f489
e735
1f55
0fe0
e2cb
09ec
1ff3
f080
f59b
1dbb
f802
e1fc
0fc0
13b8
f10e
06f1
19d4
f3cd
e8df
0c29
01af
e7c4
022e
0f01
f3d3
f872
0fd9
05a4
f5d7
0622
0f75
f528
f0e3
089e
fc1e
ede3
06d8
0ebc
f646
fb30
0fad
fea6
ecfc
0b1e
0c70
ed79
fca0
1442
f8ea
f6b9
17ee
09b2
f474
0f2d
1d25
e622
c685
f8b0
04f7
f7c0
066f
2521
f529
054a
2041
0648
feaa
06ea
f5a5
e5fc
edeb
ffd9
ff3a
02ed
1202
08ee
fa55
fc22
f65e
f54a
f5ff
fc3b
08bc
02b9
0057
11f8
0a42
0019
1273
09c7
ee3d
f8a2
fb78
eb82
f829
0df5
03d5
fad7
069d
03ef
f23f
fdf7
0e43
fe04
fc42
0b42
009d
f93b
092d
0c6a
0048
fd1e
0013
f54a
ecbf
fc41
047a
f93d
feb1
0cca
0322
fa4c
0ab1
0a0c
fa02
0201
060d
f7c4
f8cd
04d1
ff69
f9d0
0271
061c
fa1f
f8c0
02f9
fdea
f8c1
0339
07ed
00e3
02e4
0a1f
0570
fbb6
05cf
024d
ffb0
ecab
eae4
f0fa
efab
0a2a
1839
12b0
0b8e
04aa
0645
ff1e
ff18
00bd
f5ef
edd4
f4d7
f6e3
0277
0ab0
0e06
08c0
ff2e
fcbd
f618
f6dc
fca3
ff5f
0210
06b6
07cf
0561
03b0
050b
ff00
f854
fbd9
f42e
f235
fe37
fd06
0111
0ab6
0d91
0654
0831
0523
fe9e
fb20
fec8
fba2
f99f
fbf8
fcfc
fdb0
02da
0533
073e
0336
0299
0102
fefe
fe81
0251
00fb
fe99
fe75
ff3d
faf1
fb5f
fed5
fbc9
fabf
ffdd
fe25
fdfb
038d
06b3
05ee
063f
0769
0478
fe2f
ff64
fd5c
f894
fd93
fd9c
fc4e
ff32
fe82
fed0
01d2
0307
0110
fb39
f40e
111f
1907
1ad6
093a
fa29
f955
f10e
ee96
e7ac
ef9e
f185
eb76
059f
11c6
0e7f
1d6a
1888
06a6
fe32
f3c6
f439
ed5b
f823
07c5
05da
0735
0a77
fd85
fe15
fb48
fa54
fa36
f15b
f39a
fd35
fe11
0d0f
1c0d
14c5
0c60
066a
fb7b
f30b
f810
fca9
f7d4
f6af
faad
f820
fa63
02a2
0860
048d
fdc1
fe76
fa20
f97d
02f8
09e1
071a
0528
02e3
ffb6
fb0a
fbdf
0125
fcf8
fa57
ff96
fd1c
fafe
0371
0866
040e
0487
0806
0025
fa66
fe4f
00a9
fcf8
0098
03a0
ff63
fb35
005f
ff9e
fc69
0056
00fa
fcd3
f5c6
f8bb
fae1
1980
10d0
02e5
1184
fa0f
e6e7
fdee
f9aa
f630
fd8b
0015
f8e9
064e
0e67
0ba1
114a
0be0
f49c
fa2d
f72f
ee24
fb65
06e4
ff6b
06fc
0aa7
0026
fc0c
02b7
faa5
f7dd
fbe2
fedb
f9f2
fe57
07eb
0876
0499
09cc
040c
f84e
fae7
fd82
f9cd
ffcb
068c
0231
0031
03c9
0523
fcb3
017c
02bf
f919
f8bd
fcc7
fbff
fcfb
04f3
0779
0057
fec7
0206
fc07
fb7e
02e5
029a
ff14
0075
ffaa
ff9c
fff8
004b
01ea
ff0b
fbce
fe11
000f
fb38
ff0d
06da
ffda
0010
0b9b
00c7
fb72
0640
fe9c
fabe
fded
040d
f5eb
05a5
fbd9
204d
b74a
df1f
6f7a
063d
9828
4972
0ba9
aea6
20f1
36f6
c329
124a
1fdf
efdd
f127
209a
e780
f795
f7b7
f659
fe4e
0ea7
f742
15d8
12df
e83f
fa13
20f7
e44b
ecb7
28f1
f7d2
dde4
2863
0ff3
e2de
0d34
16ff
e5ab
e5a6
14cf
033d
dc17
1003
1b12
e334
fc9b
243e
f3a4
ea1e
1540
05bd
e1c6
018c
1953
f22a
f442
1c33
0160
e810
09ff
0d5d
ef56
fba7
1604
001f
f125
0c0a
0c29
f09c
fee8
10d6
fc75
ed49
06e9
06cc
ed05
fbb9
142a
f839
f1a5
10b1
06a8
eb48
0571
1629
effb
f1bf
17fa
ff14
eb27
1590
16c0
fa2b
ff7c
edd2
e55c
dd07
148c
08ca
f6ca
0988
18ad
01e7
fcac
228c
087f
e0f3
ff95
fdf1
de0c
f8d3
1a50
01d6
fd8f
15db
0fcd
e98e
faad
0a33
ec36
ec06
0efd
007b
f082
0ce5
130f
ff4b
0398
0ff5
fc0a
e937
f70b
0288
f307
fe32
13fc
feeb
f03c
06f8
054f
f4df
ff84
0c08
fb86
f07c
0896
0cdb
fd33
0e01
1779
f9b5
f317
02e1
f93a
ede9
0073
0a85
f6b4
faea
0f7c
ff40
f66c
0d08
0b49
f4fc
fc6e
0974
f67a
f2a9
09a5
040f
f3a5
0456
09e4
f6ac
f93c
0baa
0055
f678
07b9
0a1a
f64a
ffb4
0df6
ff2c
faef
09aa
082f
0212
05b3
ef3d
d523
f3fb
16b3
0175
0692
13b9
fd64
03c6
0904
0add
05be
f30a
f26e
f788
eeae
fff8
1204
0b86
00b0
0532
0610
ea67
f6e1
0aae
f3ab
f369
0e2a
02fb
f77f
0aaa
138c
fc1b
019a
0d2f
f8dd
ecc4
0075
00bb
f0dd
01a2
0fe5
f83d
f6a1
0b5f
fcb0
f5b1
09ef
099b
fc64
ff26
06cc
fff0
fb99
06d6
081f
f8c8
fb22
0172
f985
f85e
064f
0328
f8b3
fe07
060f
faee
fb69
086d
0439
fb7c
0424
075d
fc9d
fda1
0527
fe65
f52d
fe5c
03cd
f98b
fbad
0690
001c
fa30
0787
07b2
f912
ffd4
054a
f7d3
fbc4
0169
02e6
f9ac
0cab
e59b
ffef
2f1c
18ce
eaa0
0af3
04a0
e231
f080
f63a
f667
f55f
f58a
0dbb
0ec3
07f5
13c7
178c
f9f8
ec4c
ff2a
f3aa
dd9d
0bc7
1455
fc63
0b16
1eb1
f68e
f508
03c1
f9b9
e164
f5db
fbb7
f35b
fc88
1bc2
17be
0a2a
147a
1092
f1c4
f599
09a1
f9df
ee31
03f5
004d
eb5e
fe03
0c94
fb4d
f925
0407
f9b6
ee64
006f
0fc7
058e
05f4
14a4
0527
f742
037f
0489
f3d7
f823
ff1b
f5f5
f0f3
0252
089e
000c
05f5
1129
038a
fbc6
06fc
0497
f570
fd34
05ee
f866
f50a
0554
00f9
f68a
031a
06ea
f7ec
fb5b
06fa
012d
f9f6
0329
05a9
0990
09ce
01de
0c8b
fae5
f07c
fe6f
f6da
ecc6
fd7d
fb54
f3db
05cb
0e6b
02b9
0e4a
1296
fa49
fa93
01e0
f56f
f80b
0586
01b9
fe8e
01bf
030d
faf5
fe3d
0301
fe5d
fc3b
fff3
ff12
fcf8
009e
0607
048a
0011
03cc
0122
fcb7
fcfe
ff4d
ff36
fdba
01f7
023e
fcce
ff0a
011e
fdd0
ffe8
0187
ff83
fd0a
ffaa
026d
0099
0263
0360
febe
fed7
005f
0067
0164
015f
00a7
ff7c
fdf7
ff31
ff8f
fd8d
fe61
ffd5
fd5e
fd6f
029e
00c9
ffe8
05db
04e6
028c
05df
024f
fd42
fc31
fb0e
fb24
fb62
fea0
ffa0
0009
fdad
0165
d388
1fdb
4f51
13ee
c5bd
2677
ea0f
c43e
1435
05fc
ccd8
0acd
026f
0328
0616
2446
023e
02ca
edc4
fc76
f613
028c
fd6f
16bf
09cc
f455
04cd
1208
e6ff
f1e6
1822
e87d
e82e
1c8b
01ce
ee89
1a90
1385
f72f
fa2e
1133
faed
e539
0a73
081b
e5df
038b
1138
effc
f7ae
0d66
0501
f085
04de
0ddc
ee66
f37a
10e9
faa6
f57d
0c53
07aa
f64b
fede
0bf9
0063
f69b
0ae7
0ac5
f41a
01ca
0db6
ff5c
f60a
0675
030b
edaf
f936
0c95
f284
f5c0
0ea8
02ed
f601
0806
0cd7
f332
f7c8
0fe5
fc45
efcc
1513
0bf1
0c50
098f
c8ab
1103
db1e
d0f4
2284
04c5
e711
25e0
25b1
f4ce
2626
29b6
e334
f8ce
0490
cfe6
e32c
0fc1
f472
fed3
1c84
0f7f
f9ce
0476
fb73
ebd1
f896
0212
f9c1
fff2
0991
0754
0c46
1533
0d52
00da
f97d
efc2
e7ed
f30f
fbfd
faaf
fe8c
0462
0050
02ad
0e07
0c59
0577
0c0f
0010
f56b
014e
02cc
ff23
097a
056d
f595
f654
f890
f8fe
fba4
02ec
032b
fb9c
027d
059f
002a
0b3a
0b55
0302
00ab
fc30
f7f8
f5a3
f6ea
fb7f
fc3f
fcae
02c7
03ab
02fe
04b5
075e
04eb
0412
0537
ffd5
f9c9
ff0f
fef0
fd33
02f8
0e00
0583
cbe5
d97e
1096
0bf8
f757
2635
0be5
f718
14d9
0ee8
fead
02e8
f5e9
e955
e787
f5d7
00ba
097f
1071
092a
06c9
02d4
ecac
fce2
0040
f437
027a
0ed0
fbeb
007c
0de6
01f9
fe25
0a84
fdad
ef95
f3d6
f9ce
f796
fdd9
0f27
0d0c
fe48
0414
02f1
f517
fe07
07f9
fd1b
faf7
0235
002c
fe16
063f
0cda
0264
fa5e
0069
fb91
f4ba
0220
07fb
fea0
00b2
0510
fee9
f97b
00fe
0214
fb43
fc87
0341
ffae
feb9
083b
09ad
ff15
01fa
0442
f962
f552
fd8c
fe70
f90e
fece
076f
01a2
fe77
0b85
01aa
ff27
06c1
0ef0
d50f
f6f3
13d4
f346
f3e2
2789
0da7
f662
04a1
0528
f279
f72c
feb4
fc12
f4e3
fd5c
0740
0ab3
04fa
0cd4
0f42
f694
f13e
047f
f57f
ef03
0735
07db
f191
0643
0d60
f88c
fb89
07ac
f88f
f3b4
fde0
0700
ff86
0225
0efb
05e8
f9ee
070c
0709
f480
f81b
02b5
f85e
f473
061a
066c
f9fd
042f
0e6a
fc31
fc0b
0a7d
ffaa
f54e
0240
0396
f722
fc93
0833
fd35
f8cb
0400
0179
f756
fd01
05c1
fcf6
fb43
087d
04e5
fbb9
0473
07fe
fda9
fb6f
03f7
0037
f657
fe3a
05dd
fafc
fe04
096c
0167
fade
05d7
02cd
f954
fb47
fdb0
f0ce
0f39
1457
0700
1203
034a
ee4b
f953
f744
f02c
f69c
f849
f205
0287
0c36
0a2b
17ad
15d4
fb90
ffa9
f81b
e910
f440
011c
fc67
0709
0e2d
0894
014b
092b
044b
faa2
fc46
fb54
efdd
f3a3
0033
02a8
03f8
0ded
0b67
ff5e
0056
01b8
fc92
fe4a
01ef
0056
fa7a
faa2
ffb8
fc3a
fe9e
07f2
fe5b
f703
fbb9
fc42
fb01
03b1
0acc
05b5
022e
065f
0256
fe3e
042c
0316
fdad
fb37
fb1d
f942
f813
fcd9
02e8
0168
0111
039c
0421
ff01
0279
08d2
00a0
fe9c
04c8
fb7e
f793
011c
fd6b
f7ad
feda
fe67
f3a5
ec1b
ef25
2a39
1004
1daf
1d0c
ee3c
f0b9
f75d
ef12
fd97
ed22
fec1
f1b2
01b7
11c7
11ad
1726
0e3f
f67e
f2f8
f00d
ea63
fb0b
0007
09c9
0a39
0dbb
0969
06fa
ff8a
fea4
fa83
f03f
f296
f698
f654
0179
0a8f
0c0a
0f79
0660
03e7
f9d7
f927
fd13
fdba
0137
0450
fd65
02bc
01ac
01a2
066f
00d9
fb4f
f64b
f400
f681
fae0
04a6
0b96
02b6
092f
0959
fe09
03d9
04e9
f9fa
fe98
fead
f8ae
f9cd
ffad
010c
fd2d
03be
0486
fd78
0228
ff78
fada
04d5
0209
0169
07ab
02b9
fd75
ffe4
ff2e
fff4
fc97
0325
fa22
05b9
fee4
241e
ede5
a0c5
5123
0adb
8811
300f
370a
b3cf
1a63
4efb
d8cb
03c0
3497
ea25
e217
1517
ddd5
e5ae
06e2
fb3b
0717
2202
0223
0952
12ba
e5a9
e181
1273
eba5
df94
1b6c
0b20
e36b
20ef
243b
f22c
fe99
1a54
e7d7
d78d
0989
0b02
de4d
0881
1f77
ed28
f2bb
240c
011b
e66a
1096
0f91
dea5
fbb0
1d0c
fc8e
f8aa
2001
0806
e674
fc46
0913
e947
ee51
0eb1
fe09
eba3
08e8
10c6
fc28
05bd
17bd
070d
f045
fef6
0635
ece3
f0d8
0dcd
fe21
eec5
0a9f
0c8e
ecbc
fd34
1528
f76d
eedd
1373
0851
f024
0f68
1a05
f66e
fe48
1a47
03b4
f2bb
dcbb
e189
e8e2
0c8e
04d8
10b7
08d7
146e
19df
053c
08b0
0d0f
e59e
e635
f2fb
ee0f
ec84
0d4e
101f
fecb
04ab
12ab
f04d
f255
086d
fdb8
f56f
0dcc
0cff
fef1
07f4
1290
08e4
fe8f
fe8b
fca1
e8c9
eb66
022b
faec
f6c9
0c85
09d1
f76d
00b9
0bd8
0278
fc63
09f1
03fb
f291
ff0f
0964
f9ef
ffa3
09a0
fcf7
f242
fe68
0372
f93f
fd1e
0a5d
023b
fa93
0862
0829
fcce
00ca
0993
fcd6
f4d2
0439
01d3
f3a0
036c
0ca2
fa8e
fc32
068c
fd83
f3e1
0175
045a
f827
ff04
0a02
fdde
fd19
097f
049f
fa62
031a
0695
085a
ec21
f5f0
f508
f41a
0a96
17df
0beb
fde1
fc8c
07cb
f825
ff1a
0676
f4c1
ef31
fe4f
fd6e
0146
0bd7
108a
01f2
fa77
02af
f721
f453
0287
032c
fae7
01eb
0496
fe6e
fd49
0573
00f4
fc18
0262
ff2c
fc02
fea5
0424
0439
017f
03ff
0068
fadb
fb67
fc57
fdac
ff15
004c
03d2
ff25
feea
05f8
03e5
0078
06b9
041f
fc09
fd4b
017c
fd4f
fba0
00ff
ff88
f8a0
fd02
013b
fba9
fe5e
0676
037f
fe3e
05d0
0641
fefd
03e9
05c4
fddf
fbaa
fe95
fd7e
f9b9
fc2f
018a
fe88
ff11
05a4
0329
ff4c
01c4
00f3
fde4
fe44
ffa3
fbc9
efa6
0f78
2179
1577
fcd7
f72c
f695
e6f4
f127
ee5c
f20a
f60a
f8c8
0a41
19b8
17da
2202
142c
0454
f297
ea42
eb3a
e8a7
f8b4
08d5
0827
0b89
0dcb
0184
02bc
ffad
fd43
f77d
f00c
efb2
f55a
fea4
0ce8
17ed
185f
0b99
01f7
f893
f0b6
f8f9
fc4b
f988
fcbd
fc07
faf6
01df
06bd
0a55
0649
fc86
f963
f2ce
f4d4
ff4a
040b
096e
0a6c
06ad
062c
009f
00bd
01d7
fc51
f8fa
fb56
f96f
fa61
0182
067d
0566
066a
066f
fed4
fbff
fb4c
fad2
fcaa
ffaf
01a0
006f
fecc
035b
011f
fe9a
0060
ffe0
f857
f6b3
f2b1
f92e
09cb
1a81
08fb
1081
0998
f5f8
f6af
02a8
f893
fc3e
f898
f8ca
f8ab
0507
0843
0d66
0a6a
fcea
f84d
f98c
f30a
fb56
07d3
0307
057c
0d6c
02a3
faf9
00e1
fae3
f30a
fb2b
faee
f65b
f981
04ae
04fb
0706
0e3f
0a92
0023
0063
ff9d
fc23
feb5
0228
0195
feef
fe7c
000e
ff8a
fee6
0046
fe69
fa6b
fa02
fff1
00d2
0305
0a76
07da
001e
02bc
fe6c
f8b5
fb9d
fe0e
f8fd
fb84
fe6e
ff22
fef2
03eb
0564
01d8
028e
00e6
fdc9
feb4
0050
fff9
0159
0290
041e
0309
ff2e
fe35
007b
f7f3
0097
fcfe
06f5
fafd
22cb
c139
e492
6bd2
1371
9d1f
399c
05a3
a963
121d
2df0
c6d1
10f9
1fc6
f9cb
fdd2
279f
f2e8
fe9f
f3a3
f1aa
f893
0487
ed76
14cd
10e2
e8b2
fc0f
22b0
e5de
eb36
27a5
f6c0
dc25
2453
0ffd
e50b
0df0
1bae
eb00
ea6a
1679
0365
dc18
0b6f
16b6
e3d7
fa82
21ea
f944
ee64
1519
0d4c
e69b
002d
1704
edc5
ea3c
15b3
fcff
e64b
065b
0d8a
f2bd
fc2c
1714
07e9
f2d3
0c24
1163
f114
fbd4
1177
fc94
eaf4
0264
06c7
ec5c
f963
15d8
f9b5
eebb
1273
0bc7
ed78
03ba
1718
f196
f0d8
1809
0180
e8b3
0fec
1453
f9e4
00b8
ee38
e8f5
d8e9
0dd7
1516
f5c5
0a56
2180
062b
fbcb
2207
0c46
de5e
f8e0
fc79
db0d
f1a8
1b98
0346
fc3a
170e
11ba
ed54
f983
0952
edd6
e9db
0af1
045a
f382
0958
1589
00e2
00b9
103d
fe7c
e9b9
f6ce
0043
f3b9
febc
1606
05c1
f717
0478
0638
f692
fc6f
098a
fcbb
ede5
02d1
0988
fc9d
0bd0
178a
fdaf
f3ad
02ca
fd13
ee16
fd3a
0a92
f5ba
f516
0bf9
ffdd
f470
0ae7
0bb7
f87c
feda
0b3a
fc06
f57c
08fc
0797
f5e1
016a
0af5
f7ed
f4f3
07cb
0230
f340
0460
092d
f519
fc37
0c27
0180
fb93
0b29
0c4a
0363
033e
e81b
d61a
fa72
1483
016e
0b89
0a8c
fd40
0974
0635
0b09
08a5
edad
f276
f572
f097
fdb6
116f
0e1a
ff8a
0517
0b68
eab0
f800
0e3b
f52b
f64e
0eff
0118
f648
0a66
0f14
fc4a
0347
0b50
f580
ee43
0172
feb8
f49a
03f7
0b97
f58c
f691
04a4
fbc8
fb82
0c43
07f7
fe34
017d
062b
00f9
ff00
086d
0803
f91c
fc2d
0250
fbc9
fcd4
06c6
0316
f8b9
f9c9
feba
f63a
f9b1
0764
056c
0020
06fa
0a03
fed0
fec7
0767
fd3c
f1ce
fd00
fe3a
f5a6
fe2b
083e
02c6
ff8c
0a5a
0863
f97f
00af
0262
f9b1
f8a2
11a9
e087
edbb
2c9d
11ef
e619
11b8
16f9
e451
f70a
fc94
f21f
ee67
fc3a
0bf8
04f7
035c
14d7
134b
fb99
f918
0462
f26c
def9
0569
0c4c
f6d2
0a8d
1f8e
f891
f947
103d
fa64
e607
fc6c
f8a4
ea03
f865
1241
0da9
03fa
13b9
0e60
f5ea
fd2a
0ddf
f807
ef92
0565
fee2
ed84
0447
0dc1
f9b1
fc0a
0995
f8e0
ee2a
00ff
069b
f863
02c5
11d0
0268
fdd2
0d04
0789
fa22
0277
0302
f6ac
f14e
fd36
fd31
f615
00ec
0b9a
007a
ff89
0d70
0541
f9e2
05d4
0819
f7e3
faa2
0619
fde9
f696
04a6
02f4
f327
fd1d
05e8
f6cb
fb70
0283
fd1c
033b
1a1c
0801
0d28
0c9e
fcea
f438
fb1c
f0c0
f2ba
f268
f49d
f9af
04fa
0474
10b1
1506
04a8
00e2
0791
f544
f386
051f
ffb9
f783
0813
059a
f612
ff04
080d
f7e2
f80d
007e
fb5b
f3f6
018f
099a
029b
056d
10e6
046b
fcce
042a
02ab
f75b
fd2b
00cd
f858
f558
0041
fe3b
f9ca
0268
0898
01a4
ff74
06e5
02c4
fabe
0217
0505
fa6e
fb31
01a3
fbe2
f92f
00bf
0393
fd4f
fe2f
060b
001a
fb91
069b
0715
fc77
0112
0639
fb98
f95b
031a
fff0
f7a8
ffd0
037c
f962
fdf3
0780
ffff
fd31
04be
04de
f9e7
034e
fef1
fb18
d5d6
129e
3ef6
26c3
d62d
09e0
03d0
c072
04bd
11aa
cedd
ffba
075a
0110
07df
2809
11e7
0351
f506
f78f
eec1
f2d3
fd58
0786
0af9
fd10
07ae
0ebf
fbe2
f4a7
12c7
f912
e5dd
0d2c
fdc7
e833
0e2a
1050
f9fb
00a6
09c0
0127
ebf6
02b8
0d2b
f2df
ff5d
1559
f826
fa25
0d9e
0756
f4b1
fff2
06b4
ecf9
eba8
07b8
fae8
f65d
0db0
08cc
ff2d
0586
0ae0
040a
faff
0437
056e
f3cc
fe4d
0552
fd32
fadf
0083
0361
f63a
f668
086b
f959
f4e7
0df1
05cd
fb7c
08d8
0df5
fa98
f836
0874
0014
ee40
0c4f
03e8
f978
feae
33b5
dc79
b9f5
3c45
c427
c6a0
4004
0e15
dd88
3924
3421
e893
2106
1b0c
da2e
e956
f0c0
cffe
ef1b
0414
01d5
1fb1
1c16
07d3
131f
ffb6
e151
f307
021b
e415
f6b4
15ee
fb5c
f940
2755
19d1
f4fa
0685
095c
d688
e01d
0d7a
fbbb
ecc2
1bd3
177c
eb92
05c3
21c2
f412
f2d0
17b2
f739
deeb
0964
11a8
f69f
09ed
1a83
fa9d
ebc0
04ff
fece
e9e1
fc7c
0a04
f752
f8ed
0da9
0b53
fb87
07bd
120b
f68d
ee47
0425
fa64
ec45
0338
10e7
fcd0
ffc4
120e
01e7
f05b
076b
063a
ee81
fa01
0c40
f88d
f78a
1297
0e52
fa8d
0cf4
1a75
f36c
c0a9
e944
0ca4
fd1a
0026
2ce7
fcce
fc53
229e
0a2c
f85b
05be
f12d
df39
e933
fdce
ffc4
07f4
1599
0c51
00f2
0014
f3df
f6a1
f58c
f6a5
0443
03fb
fe89
0d80
0d97
0258
0df1
0d45
f2df
f2f7
f9fa
edd0
f4a2
08cc
0830
0052
04a1
061a
f952
f9ae
0acb
00eb
f769
047a
0243
f7e2
03b6
0ed1
07aa
fef9
029e
fb9e
ee02
f64b
0139
f7f0
f9bc
0772
03b7
fc35
0954
0d0c
ff3d
01c2
07e2
fc77
f9a3
02bf
0197
fd7c
ff22
04df
feed
f864
ff65
fbf3
f6f9
fead
055c
0224
034e
0936
0a15
fefa
058b
03bf
0496
eaef
e0cd
0d78
f6fb
f5d5
15e8
1d54
fb54
06ae
0340
f9d1
f757
0049
f8ab
f5ff
fa69
ffbc
0753
0c1b
088d
08e8
ffb8
eef5
f5bb
fb88
f76f
fedc
0d3a
022e
02ef
0aa8
05df
fd15
0001
fab6
f5fc
f67f
fd24
0252
ff9f
074d
0b5c
03b0
01e2
0730
fe8e
f8d5
fd02
fc9c
f8f1
fde5
0289
ff9c
ffb5
03c3
0106
fd04
fef2
00a4
fe9a
fcfa
02d8
0290
fea5
036c
04d6
ff9a
008b
0136
fc0b
fa6a
fcd5
fca1
fc3f
ff14
02d1
01ca
0330
05a3
0491
016a
0082
02af
ff89
fa3c
0191
01c7
fa14
0224
00fc
f973
fd75
0264
f6fe
f5da
f71d
1356
0bf6
0ee6
1939
ff2f
ee57
013d
fa3f
ea13
f16e
fa42
eb01
fa57
10cc
0b69
1015
17ee
0460
fded
f852
f737
f7ee
f914
02f8
0bbd
05d3
05e8
026f
022f
fa18
fa86
fe76
f5c5
ef20
fc01
fc01
feb9
11ec
1491
06a7
0625
04e4
f8ac
f97a
046d
fff9
f781
fc3c
fc0d
f7a1
fc09
065f
043f
fb25
fd5e
ff1d
fa6d
00bd
0d1a
09f9
030f
0538
05ec
fb29
fb25
03ef
fd1e
f5d5
fcd2
fa92
f68a
fdc0
0519
03c2
041d
0777
056e
fe19
0015
04ed
000b
fccd
036c
0025
f79d
fce9
02b2
f968
fb90
0088
fce7
f386
f655
efbe
273d
167a
1652
1ed1
f22d
e971
fa0e
e97e
f79b
ecac
f9f1
f1df
03f5
11ee
0fc0
1c51
1613
f660
f8b9
f72e
e808
f975
05dd
0403
067b
0af7
05c0
fe38
fee1
fb96
f8fd
f0ee
f852
f94d
f9ce
050f
1036
08ca
0c45
0861
ff37
f7ff
f970
fa7b
f860
fcc7
0422
001c
0201
09db
02f2
06e2
0667
ff45
f6d8
f56b
f7a7
f748
fe55
06a1
00d7
0306
05e1
ffbb
02fb
0535
017a
0095
ff0c
fb6a
fdfa
ff4d
01f2
00b2
0304
fff3
fbf9
017d
fc9d
f835
0405
fdee
fc31
0828
04a3
fef5
0662
029f
027f
fe07
0659
f96f
0696
f7e4
2e66
c86a
b7f0
6851
f114
8c5e
5200
1b66
ae49
2ec0
425f
c548
18ae
2753
e30e
ea8f
17d5
d9bb
f39c
0206
fac1
08cb
1c10
f56a
10b1
0e9d
dc86
eb2d
1bd0
e41a
eb6d
2acc
0034
e2ba
2c04
1887
e538
0456
1318
db60
dad9
13d0
08ac
e06d
15b2
2345
e55b
fa60
2837
f5e5
e7f2
183d
0614
db5c
04a8
1d1c
f32a
f99c
1d0e
fc29
e1cf
019d
0800
eac0
f9b9
16a2
00f6
f1da
0d3a
0dc5
f1f5
ff05
12a0
fa90
e995
0397
065f
ecb7
ff4b
1938
fbf0
f2cf
10c4
03f3
e932
0254
130e
f20f
f401
173e
026b
efe5
1350
19af
f8bb
06eb
efd3
d1f7
e6a6
18b8
015b
fb8f
1456
0e4f
00c6
031a
174c
072c
e515
f92d
f975
e21c
f795
1ce9
08d6
febe
1373
1029
e4da
f3c6
0ade
eb39
e9fa
1431
0547
f194
130c
1b4e
fea1
05ef
12b1
f716
e53f
f8bb
0111
ee90
fef9
17ec
fecc
f1ff
0b17
0304
f08e
01dc
0bb7
f6c8
f403
0cba
0b00
fbd8
11ea
195d
f609
f12d
022c
f1c6
e878
0218
07a4
f57d
feac
11a5
0115
fab9
101c
0cbc
f528
fc0a
0a51
f69f
f26c
0d18
0715
f21f
04af
0c79
f0bf
f5b8
0ac5
fc2b
f271
0b58
0ac7
f4dd
03cb
12a3
fc9f
fa67
0bbd
0112
fa80
fe95
efc6
e3a6
ed15
12a0
0fae
09a2
13d1
057e
fe36
070f
086e
fe7c
eff6
f26a
f505
ec0f
ff4a
1083
0967
039b
08a4
0341
f137
fbe3
09c9
f8d9
fa4b
0b53
02ef
f982
06a6
0915
f7fb
f89e
0765
f7a2
ee67
034f
03e4
f9b3
0913
1255
0191
fda4
0931
fd6e
f22a
00d3
02d2
f4ad
f929
02b8
fc6a
fca8
08a3
0aa2
fdf6
0000
06cf
fd68
fc06
071f
028a
fa48
fea6
058b
fada
f7c6
05b0
ffbf
f5cf
047d
0757
fbff
ffd2
0858
0115
fcb3
061c
0427
f8b8
fe68
036f
fa50
fa7c
0505
021d
f8af
ff9e
04f3
fae3
fece
054a
0430
fabc
040c
f6e6
0163
2309
237b
fe4f
eb0f
fea0
e615
e62f
ec2f
f92c
f382
efc0
0b66
1bb6
0d95
1f46
1f92
02a0
f070
f3cc
f593
e36b
fc32
1236
00ef
0260
1569
ff8d
f4a6
00e4
ff9d
ee35
edcb
fbcc
f8bd
fa14
1459
1d44
0fa6
0ea9
0c31
f8d7
ec8d
fc15
fc07
ef54
f8e1
024e
f14c
fa7e
0dfd
0851
0116
055e
ff33
eeec
f60e
0652
0438
037b
0eae
0819
fb9f
001b
07bd
fcc0
fa9a
0084
fae9
f346
fc9d
05b6
03a0
0281
09f8
04c8
f7d9
fcf1
ff22
f78c
fa93
05ed
035a
fddf
04f0
0816
fdd2
fe76
0605
fd84
f495
fbf7
fe2e
f62b
f8d8
02f9
105e
1116
fccd
10b3
fee8
ead1
fed3
0408
f11b
0006
0403
f87c
00fe
1332
038f
04f1
0bc7
f6fe
f152
fb9e
f859
fa47
079d
08b0
0436
0478
0431
fc19
fd25
feb8
fc22
fc5c
fba9
fd37
fecb
00c6
0495
05b0
02da
0157
fe26
ff7b
ff18
02ab
05fa
02ec
0254
0268
fe6e
fc3c
fce5
fc4c
fa42
f863
fb3c
fbf5
ff2a
0410
060f
0737
061f
03eb
04ca
0070
ff5b
013a
fd4e
fae2
fe88
fbf8
f9ec
fe3b
ff87
fdaa
ff1e
0110
fed2
010c
0377
0343
0796
074a
0415
0629
0103
fb5c
fd0d
f768
f671
f801
fd15
f914
07d8
01e6
1bc4
b3e9
0a3d
6c5d
f9d0
ab23
4d8a
eca6
b904
274d
1b87
c282
19cb
104b
f1d7
fcaa
2125
e92b
fdc5
f3a7
fb1b
01df
0e8b
fadf
1af7
0b7b
e70b
ff13
182c
ddbd
f115
246b
ead0
e604
2a2a
0618
e81f
17a4
131b
e619
eefa
16f4
f9db
df2b
13bc
11f1
e095
068e
1d49
ef3f
f223
16d3
0325
e5a8
06dc
143b
ea0d
f4d6
18f3
f9cb
edcc
0f55
0c77
f218
00e1
146e
fce2
f251
0d33
087e
eeec
ff91
0cfe
f98f
f053
088e
05f0
eafa
fe30
13c1
f520
f4e9
1396
05d1
ef23
088b
110c
ed17
f46a
15a5
f7ea
eca8
16cb
1004
f99f
1806
f1e5
e112
e6f0
fa85
0ca6
fa15
06e7
12e6
0b5b
0066
1bce
14f3
e9ea
fa97
0063
d9b3
e989
1450
ff5d
fab3
1a21
1369
eec4
fb0b
0696
eb0e
eb54
0c92
03ac
f172
0ca2
156d
ffbc
0c54
1874
fd66
ed94
f87e
f504
ebd7
faa4
0ebd
fc20
f693
0bcb
0341
f91d
0b5b
0c56
fda2
fc64
0318
0384
fce7
0998
1311
fc0c
f4fb
ffe6
f3da
eb64
ff49
053a
f7b5
fced
0bc1
00a2
fb5e
103c
0cb6
fb04
024d
0602
f3f5
f39d
0344
fe21
f31d
006b
0775
faa4
fd63
0a5a
0480
fabc
08b8
0cd5
fa58
fef1
0bb3
fd08
f9c3
0c7d
0d0f
f91c
d72b
da1c
fd9d
077a
03a3
1f5e
0936
fb40
18ad
08e9
ffe0
0e12
f6f3
e395
ed63
f9a1
f89b
079a
1902
07b1
fbae
0b43
f3c3
f159
01f0
fed6
fab8
07d9
057f
003e
0533
0934
03dd
011a
fae0
f61b
f02e
f22a
fc30
01ca
0711
0d5f
0953
02af
00e8
ffa6
02e0
00ec
ff20
ff89
f9eb
f986
02ac
01f5
032b
0742
016f
fd27
fd1c
fdd5
006f
011e
00e5
0051
fce2
fc1e
fd59
fd5c
fe0b
019b
00c9
fdbd
0160
03e8
01d8
042e
0613
00eb
00f9
ff58
fd8c
fc9f
fe92
000c
fe36
ff16
0264
fc88
00a4
ffae
041e
ffbb
0d19
e272
f29c
25e5
09a3
ed99
148b
1197
e9cd
fce6
f879
f072
f3d6
f791
ffc8
062f
044b
0ada
16a6
0668
fb37
0740
fe2d
e305
0182
0670
f691
0151
1770
f819
f850
08d0
fda8
eb52
fd5f
fa41
f2ee
fbac
0d6f
10fd
09a6
0dd7
0fa5
fb46
fa69
068c
f9a3
f117
fd79
fd35
f012
fbf6
0c74
ffa7
fcac
0ab5
0011
f462
038b
0701
fd58
01ff
0a41
0056
fb80
03a4
0227
f90d
fd3b
fef8
fc3c
f677
ff7c
03b8
fe3f
0139
0ae6
0318
fe31
04f8
0356
f99c
ff5a
047c
fb34
fada
074a
0083
f986
04cd
0492
fbd1
ff4f
0397
fe2d
fa5e
fc47
fcf2
08a1
0f28
009d
0cec
00eb
f1bb
fa72
fe0e
f3fc
fbc8
fc46
f69f
00a4
0b14
0454
0ac7
0fbc
fc3c
f9f8
0001
f370
f73e
04a3
0245
00a6
078c
060c
fe83
0023
02a9
fde5
fcef
fe47
fd3b
f94e
fed7
052b
030f
02c2
05ec
fdd7
facb
fe44
ff8d
ffa4
0135
040b
00bc
faa7
fe57
0079
fc1c
026a
0176
fb60
fd21
004c
fe20
0237
0467
01a9
fe84
0027
0047
fea9
01c0
04b9
0331
0345
0009
fd73
fe37
fb3f
fc6a
0018
fdcd
fc4f
0128
fef3
fd4d
0755
0614
0144
04ff
0315
fb8c
ff0d
ff65
faf9
fb62
fe25
f5c2
f5ef
de92
0839
306c
33b2
fdd7
f03b
0d50
d510
ed99
133e
e221
f652
04a0
01cc
0a3b
19e2
198f
07b8
f68e
ece7
eeff
eb6f
f979
01d3
1537
069f
0bc7
14b7
0846
f1a8
05b0
fcae
e1bf
f656
0101
edab
0048
161c
0a12
0769
092c
0b1c
ef59
f4b6
0508
f847
f661
0f27
007c
fa26
0579
0b0c
ff4a
fd69
0391
f62f
ea2b
fbd4
01b3
fd62
0a78
0e68
0764
0465
03e5
04e4
fafd
f88a
01c9
f948
f54a
0161
01ff
fec1
020e
09bd
01cb
f8ec
0424
00d6
f12e
0089
05c9
fa5f
febd
09ed
ffe4
f818
051c
0811
f842
02dd
0b28
fdf4
0091
1cd8
19bf
9b2f
2258
0c88
985a
159b
38ad
d273
0caa
49c2
f9a8
f6e0
33cd
f3d6
dd39
024f
e4c9
dc53
0705
00a1
0e45
2149
0950
0523
0d1c
e894
e17c
0571
f289
e5f5
11ec
1279
f2df
180e
2c8b
fda0
f596
113f
eaff
ce68
fd52
06a5
e224
0024
1fde
f717
f35c
2128
0e85
eb2e
10d9
134a
e510
f6d0
179f
ff43
f8e4
14d4
0a4c
e96e
f57a
08c8
f05a
edc1
0dc9
02bc
f0bd
0860
11a9
0125
024b
1321
074a
ed06
fb5d
02b1
eccb
f1d7
0921
0114
f3e0
07c4
0f0b
f593
fc38
145f
fd76
f12d
0cba
06ff
f141
05bb
123d
fb46
f94d
12f5
0a56
fd1e
da8c
da23
f5dd
11ab
0336
1588
0e1c
0476
15d0
0908
0176
0881
eb29
e408
f050
f4ec
f3e8
0eb8
156e
04e3
02d2
131f
f075
ef4f
054b
f787
f198
0a6d
08b3
fcf5
07ed
111d
0780
01aa
0181
fcc4
ecd7
f1ac
02b1
fbd8
fd8c
0cf3
032a
f7cd
006a
03c4
fb12
faf6
04a5
0081
f717
0242
0d9e
0459
07b1
0e54
0342
f71b
fb14
fd46
f519
f85a
01e2
fd0c
f7f8
0507
0491
fd5e
0313
0a30
0155
fb38
055b
04f5
f9d2
040c
0ad0
fa8b
fa98
02c4
f82b
f09a
ff02
016a
f86a
005d
0bea
02d2
02e4
08f9
0601
fb9e
02d2
01f9
08b4
e965
ef12
0fc1
f4d5
f7c7
1674
0f4f
efc4
fe13
0231
f7c8
fded
0b7e
0019
fdcc
055e
03ae
07d4
04cc
fe1a
fcea
f249
efda
f9c7
fbc0
ff98
0761
0cfb
02a7
063c
05cc
fd0e
fb46
0166
f8f4
fae1
fec4
00a8
028b
0451
0735
0368
feb0
febd
fed5
faf6
fc9e
0194
0218
fe01
052b
05e6
fd4b
fee1
03ab
f91a
fbff
0151
fe45
fd8e
01b7
0203
ff3c
006f
0438
ff41
fc63
01d4
fd46
fb60
0058
0315
01d8
030e
03cc
0344
0127
018e
fe8a
fc50
fb99
fcc4
fd91
fcd9
ffd4
0688
0247
01dc
080b
01cf
fb9f
ffd8
fca2
f6c3
f89c
f9cb
f4ac
153d
1726
10ae
175d
fff4
eea8
f619
f170
e801
ed88
f5c9
ee9b
00c9
143d
10aa
1a53
18f5
033c
fe68
f359
ec98
f061
f9e2
02b6
0a93
0d6a
0828
01d3
063e
ff61
f7f9
f9de
f1c5
e949
f395
ffcd
0518
154c
1c2b
1032
066b
00d4
fa26
f68b
f9c3
fa39
f77f
f503
f91c
fd33
00bf
0756
0a83
fffb
fd83
fd4c
f84f
fb9c
055c
0944
071a
07e3
07a0
00c3
fda8
00c0
fc29
f675
f6f9
f794
f7e7
fc74
065b
0845
0932
0a47
07c9
02b1
fe31
fe76
004a
fad6
fae5
ff1a
f7fb
f881
0271
fe7e
fd71
0349
01fa
f83d
f6b0
f149
105f
232c
0cd1
1f7b
02f1
e770
f775
f305
f1af
f757
f3d0
f30e
f86f
0cf8
0e18
16a6
19d0
004d
fa43
fdab
ee4a
f49f
0586
ff9f
0103
068a
01bf
fb3a
00f9
fa60
fad8
fcd4
fb47
fd50
fce7
01f6
0c69
0a5d
0bd4
08e9
fd8e
f805
f69d
f652
f8e7
fcfe
02a6
021d
01ec
050d
0782
067c
079f
0387
fc50
f497
f66f
f8d3
fc2a
011b
03b1
ff23
0451
0035
fef2
027a
ffb2
fd9d
002f
fde6
0056
00d4
03df
0347
0118
03bd
fe5a
fa4a
fe1f
f97c
fa4a
01c4
01bf
04e7
0801
04af
012e
0412
fdf3
01a4
f960
07d5
f785
29a5
c333
c5d5
688f
f771
952f
4ec9
0ec2
b3d7
26cb
3cdf
ca28
1c15
2852
e86c
f164
19f3
d9b6
f5d5
fce3
f1c1
0380
16f9
f52c
16fa
11e4
e445
f5a4
1d60
e436
eeb0
2675
fa60
e27b
2734
13b6
e849
0867
1459
dfe3
de06
10e5
0505
e160
10d3
1c31
e49b
fc7b
259c
fda5
ee5c
1847
0a3d
dfaa
fe72
1834
efc9
f3db
18e0
fac3
e57e
043c
09b0
f0be
fbec
15e3
0194
f19a
0b3b
0f3a
f4b8
ff38
150d
0010
ecb2
03bf
04fc
e850
f952
11b2
f767
efeb
1100
077e
ee1e
0792
1842
f3ff
f38e
1579
fe4f
ea2e
0f4c
1275
f7e6
0968
f691
d560
e932
155c
087a
f5a4
1371
1221
fe14
03de
19de
07b6
e994
f9cc
fe69
e0f6
f377
16ba
060b
f91d
1410
0fe4
e8b6
f5b1
0c3f
ed09
eb13
11b6
06ff
f14c
0bcc
17af
fc82
002c
12a3
fb02
e645
fae5
01eb
f1b8
005f
191a
01d4
f549
0863
04e8
f237
ff52
0cdc
fa7b
f026
0840
0a02
f860
0bec
16f9
f6e6
f23b
04ac
f90f
ee83
068b
0dbc
f7eb
fc97
0f6c
fcb2
f2de
0a5c
0785
f11c
fce8
0a77
fa44
f7ec
0dff
0873
f5c3
02ba
0b05
f3d1
f4c5
0ab2
00ab
f2d0
086e
0b9d
f426
fe4f
0d62
fe6a
f7ea
0c32
066f
016f
f9ea
f282
e6b8
f497
166f
0e40
0466
0a24
fed2
013a
fe58
0855
053f
eeae
f2f3
fb9d
f2f7
0186
11fa
0b1b
007b
02f8
04b0
ee60
f6de
0860
f8a1
f912
09d3
060c
fb1b
064f
0dc6
fd5e
fbd3
0804
f909
f23e
0289
029c
f858
03bf
0b0f
faa5
f6a6
03a2
fb49
f63b
04ed
04da
fc0a
ff99
0695
0152
006e
07fe
06fd
fac8
fe52
01d6
fc7a
fd08
053f
03d2
fa71
faab
0013
f850
f7d3
02c4
01b6
fdfc
04d2
07df
0249
00e8
076e
02a7
f83a
00c0
00b9
f597
faaf
027c
fd82
fd89
06a8
086a
fe8b
02ba
04cf
fc63
fb6a
0644
eed1
f0ce
262a
2052
f9f4
f6df
1084
e8c4
ee8b
f236
f26b
edff
f17f
075f
1387
0b95
1cc1
1b8b
036d
f7a9
f605
f466
e17a
f4e4
0bc8
ff50
05bc
1d9f
04fe
fb30
0ad5
006e
ee54
f0ff
f77c
ee62
f553
0e4e
1536
0bfb
0f3d
0b15
f82d
f455
0415
ffb3
f347
feb0
00e6
f360
ffb1
0e0d
04f4
ffec
0210
f991
edeb
f55c
0391
ff8b
03d0
0f8b
065c
fe5e
0696
07ca
ff74
0050
0311
fad0
f30c
f876
fd7d
fbd6
ffe5
05a9
015b
fcf0
03c8
027b
fd40
0349
07f5
0152
fe81
0326
023f
fbce
ff3d
01bc
fa50
f955
fcd2
f860
fa51
faff
fd5b
042e
18b9
026b
0863
0fac
fc2d
f7b5
081e
f5c6
f683
f7e4
f7c3
f670
0519
037d
0690
0bd7
021e
f9b8
02a1
fb02
f8a1
054c
069d
fcba
04b4
072e
fb65
fce3
0626
fa3c
f6da
fda1
fb7d
f4e8
fe0f
0646
03b6
0434
0c8a
0882
ffef
057c
06bb
fc5b
fdda
00e2
f993
f5f4
fcce
fcbe
f989
018b
03c1
0009
fffa
05c8
03ed
feee
0265
04b6
fbc5
fd94
01c3
ff35
fd3b
0263
02e1
fe98
fcd4
00f1
fccd
f972
ff94
0209
fd6c
010c
0808
0353
fe22
05f3
06e6
fa46
fde4
043e
f940
f8d2
02f8
fcb5
fc0a
0309
087a
fb76
0947
fea9
1158
ca9b
dc1e
5b59
2c08
a907
1dfb
255b
adff
0a52
31ed
c88d
f87a
185c
f69e
f48f
2536
00cd
fb62
fbed
fa90
fc65
04a8
f7e9
090c
0ebc
ebf0
f56a
18aa
f30c
e71c
224b
06b7
ddac
1d4f
13aa
e2b0
0626
19ef
ee06
ec60
0cdf
079d
df65
0425
1a88
ed79
f56f
1dff
f94e
ec97
0f66
0f05
ec4e
fb11
1653
f3ab
e7d7
11f5
0342
e893
0572
0dd2
f55c
fa09
13fd
0720
f315
0a5e
1081
f3f8
fdd4
0d4f
0085
f310
0172
0930
efcc
f05c
0e4f
fa8b
ebe8
0e73
0e90
f326
0236
16b6
f8a6
edbe
109b
05f4
e86b
0870
127b
ec8f
00e4
216d
0c75
bc45
0d4e
ec0a
d56d
1927
1f66
f6ab
0cf9
30d8
0375
0189
1f30
ee79
e2fe
eaa4
e5e4
ea29
0032
07ca
1cc1
0dea
0a47
0dc1
fb69
eb2c
f9be
fd67
f2bf
fa08
0d6f
01df
fca6
169c
1965
f91e
fd7c
06c9
e466
dff5
0742
0093
f0dd
0d89
160c
f2c1
fd41
17c0
ffee
f2c2
1106
0504
e780
015b
12e6
fc17
01b2
1509
013c
eaa2
fc34
0252
ee24
f596
097a
fd16
f65e
0825
0e7e
ff30
03bc
1369
fd8e
efb8
03b3
fecf
ed3b
fdb7
0b13
fc40
f99b
0b94
02f9
f292
04cc
0a48
f733
fc28
0a2f
ffd8
f964
0acc
0cfc
fb64
0455
14fb
fdfe
cc5c
da9f
0807
041d
fb64
2540
0b11
f25f
1be0
121b
f89b
0943
fc8d
e2f2
e89a
fd05
faee
01f9
1281
09fe
fb96
02e8
f6f5
f850
fbd9
fc6e
043d
081e
0286
0b23
0b39
0449
065f
0a64
f661
eefd
f7f4
f1ab
ef5c
0533
0b1a
0090
0432
0865
ff4c
f9ef
0891
06b0
f759
fea7
02a2
f513
fe30
0d08
0774
00a0
0552
0216
f43e
f816
04fd
fd4d
fad4
06fe
0543
fb44
0381
09fc
ff3e
fd3f
048d
fc76
f46f
fdbc
0154
fd5b
ff9c
0736
04ab
fc04
00d5
0491
f9f2
fb8a
0597
fe76
fc5a
04ff
036d
fd33
0182
040e
010f
f736
d767
1caf
14d6
f784
00cc
279d
f12e
fa1a
ffbb
f52d
ed8a
f9d0
f809
ffcd
023a
081b
0e26
11d0
0305
feba
0224
ec6d
eda4
0769
fe76
fa4e
1326
0793
f3ae
03b1
02c1
f3c6
f59a
fbc1
f3ba
f740
0394
10d0
0b62
0d75
10b6
0733
fba4
04f2
00f8
f57a
f982
fb63
f333
f567
0227
01cf
ff16
0119
03a8
fc5c
fd0b
05a1
07a3
028c
0705
05a1
fccd
fadf
00c3
fb1e
f894
fc97
fd45
f6d8
f936
0339
024f
028c
0987
0ac3
0357
04c0
04b2
0090
feee
0249
00ba
fa1f
fdd8
00dd
f9e6
fb93
01b9
fd36
f9f6
00d9
fec1
f9af
fe1b
1293
1208
fefa
1196
0552
ea5a
f758
026d
ed36
f385
ff3e
f79a
fa1f
0e5b
0f79
0a63
0d85
0463
fb94
f852
f709
fc87
fc0d
0077
097e
06f0
feed
00b9
00a8
f8ce
f91f
009e
fbaa
f6ed
0057
055b
00b2
0998
0fdf
0505
fe06
001d
f991
f58f
ffcb
02af
fb07
fc79
0134
fd1b
fab2
033d
0539
fb78
fbe4
021f
febd
fef4
089f
0997
fee7
fec1
03a0
fbdc
f792
0424
0122
f73c
0067
03f4
fbd5
ff79
06d8
02eb
fe58
0299
0089
fb01
fc9c
0075
ff99
fcec
02d2
057e
fdf2
ff26
04fc
fc81
fb2f
ffdf
fedf
f529
f9ca
e6a4
09af
28b0
2ff1
0f0d
e611
0737
df09
de00
0a13
e7b8
f2e7
003a
02fc
15c6
168b
1f14
133f
f996
e902
f1a0
e307
f0f2
feb1
1187
04b9
09e8
132a
0b89
f73c
068a
0602
e571
f40e
0481
ee9e
fa78
169f
07f4
03a1
087b
0a2c
f3e3
f30f
04d2
fc04
f2a3
0bfd
06df
fa39
043c
0a83
0105
f9fe
0423
fb11
eb59
f8ff
0133
fa62
04f3
08b0
0630
02cf
0422
0b31
02cd
fce6
0830
fed1
f37e
ff01
ff48
f9be
f9b6
0482
ff40
f656
0666
06b7
f602
0746
0989
fc10
01f7
090e
ff24
f8dc
fe46
0502
f67c
fed8
0535
053c
f8f2
2a77
f49c
a5fc
4326
eb9c
a093
3837
21a5
cbee
26c9
41b4
e37f
12ce
27a5
e2b2
e841
0242
d559
ec97
06c5
fb0b
141f
24e4
023c
0f88
0f0a
e164
e650
0e00
e789
e6af
1b3b
05c8
eb61
20b0
2247
f336
fda4
1195
e0c3
d52e
09a4
0767
e476
0db6
2149
eecc
f639
2365
0208
e7e4
12db
065d
de42
ffae
1a6d
fd09
0279
1d99
04a4
e87f
fd81
0572
eb50
f223
0bd0
fc99
f0ba
0755
0cd9
fdbe
038a
1445
0460
f03f
0123
0348
ebd1
f855
0fe9
fe1a
f45c
0c1a
0821
eed4
00b4
112a
f5d9
f413
0e7b
00b9
f322
0e24
17c8
019f
0f7e
edfe
cb5f
ef93
1d7f
fb0d
0336
17cf
019f
0226
0943
0ebe
054d
eaed
f21b
f505
e630
f86a
1731
0fa8
0249
1119
1433
e89d
f1f4
0b45
ebe0
e6bb
0fea
025c
efbc
0ec1
1a3d
fd15
071a
14a5
f902
e682
fc57
0167
ef4c
00b3
1966
fdfb
f35f
0c6d
00bd
eef0
0364
0ba1
f4d1
f4a6
09dc
05db
facd
1298
16f4
f886
f603
032c
f357
eb3e
0190
067a
f4a8
fb9c
0c83
fed0
f97d
0e5e
0d9e
f83e
0074
0f10
fb8c
f53a
0d63
0506
efde
02a9
083c
ef2c
f31c
0791
fb01
f1f2
09f4
0c9d
f6fc
0428
1136
fe0a
faa9
0c43
ffc7
fa38
fde9
eb39
f859
f651
0402
0d66
1095
050a
0648
fb37
017d
0727
02b2
f7db
fdf6
fa44
f241
03e0
0e85
fe2a
feae
037d
f689
f0da
00f7
0749
fbd0
055a
0ad3
ffbe
ff3b
085f
0234
f782
f941
0181
f82f
f423
07d3
04cb
f9b7
06cb
0e28
fce6
fdee
09b1
fc5a
f5ad
0437
02bd
f81f
017b
0645
fbb8
fb38
0457
011a
f8ee
0003
062e
fe25
00b0
0a27
0411
fd73
0257
0467
fb12
f7fd
003e
f973
f318
01cc
04ca
fa26
0164
0927
000d
fdd6
07ec
057a
fc9d
0158
056c
fc42
fbab
0589
ff62
f8c9
004c
ff46
f4da
fbeb
024e
0082
fd0e
0493
fb39
1143
1a20
18e7
1639
f607
ebf7
f099
e81d
e37d
f036
f766
ec00
02c6
184d
0e36
1a23
2301
0361
fa36
f7dd
efd6
ecde
fba5
0645
0595
087a
0d57
0093
ff79
fe41
f87f
f767
f308
f25b
f96e
fc12
0713
1553
1422
0e5c
094e
0197
f6bc
f719
fbac
f6fc
f79a
fde5
f701
f984
047b
04b1
06cc
02d0
00f9
fa05
f6a6
fe39
03b4
02d7
078d
0737
0224
023f
010a
0175
ff92
fea5
fb58
f7ec
fb50
003f
0331
06c0
05b6
035e
0080
fe13
fd3a
fe7d
fd35
fd45
ff82
ffd7
fe05
fee7
034f
fd41
fec4
021e
fe6d
fab2
0061
fb7b
f677
ee03
1fb4
1efd
f962
20e6
0303
dbdf
fe03
fd41
f3be
f59b
fea0
f874
fb18
157b
0ca9
0e18
1058
f3ad
f465
f6f6
eb64
fac8
088e
fdcb
0b1a
0b51
0416
fde2
04f3
fa7e
f92f
f809
fa78
f6dd
fc50
03a7
07ca
05ba
0c6f
07f3
fcde
fea0
ffaa
fbcf
ffa3
04dc
02d5
ff85
00bb
0298
fdd3
fef2
0297
fa56
f605
f919
fabf
fab3
0178
0b99
0582
00c9
0a14
030b
fbfd
03bd
00e4
f7ce
fce0
fca5
f975
fab3
0239
000f
fef8
020e
007c
fff2
003a
008c
07a7
0372
0114
0bc7
03f2
faba
0297
fcea
f8df
f938
025e
f6f9
055f
fef8
2af8
c2fe
c4bd
6dca
0197
9345
4a8d
1970
b1ab
2110
41a5
ca3e
0d4a
2839
e98d
e54d
1824
df0f
efbf
fe57
fdf5
08d0
1d64
fea5
1648
1183
e294
ed1c
1790
e200
e4e7
247d
fc06
e0d2
28ee
1872
ea4f
097a
178f
e669
de72
12a5
07d2
de77
102a
1e34
e602
f901
2451
f688
e57d
12b1
0816
dd77
028c
1d60
f52a
f68b
1dce
00c2
e404
049a
0c2f
ea0b
f72e
145e
fc86
eeee
0d80
0fd8
f6ca
015f
13f8
fe57
ee18
0691
079e
ec2d
fb89
1262
f7f0
f098
0fd7
0919
ec03
01fa
1648
f236
eed9
17d4
01c6
e982
12a2
1644
f3bc
0ccd
0aa6
ca5a
e0c1
0903
0d5b
ec84
1687
105b
0000
04fb
1ad6
12b5
f4cf
f616
0363
e180
e9a2
1125
06ef
f44e
10f4
1265
effb
ee07
0c4b
f507
e595
0d2f
11e3
efa2
068e
1d23
fd9a
fef5
1847
00e8
e5de
f602
feec
ecf5
f7e0
175a
03fd
ed7c
0a91
0a72
ef77
0379
1417
fab0
f4d6
094f
066f
f7a9
079d
1500
f97c
f03a
0456
f8a6
e9d9
01b3
0b81
fa06
fd6c
116b
03df
f518
0a45
0d29
f616
fad1
093e
f883
f1a2
0885
09cf
f5d3
022a
0e39
f8a8
f3cd
09a1
0393
f04d
023f
0e5a
f724
f898
1225
0055
f4a7
0ab5
1046
ef79
e1d5
ec50
f36a
0727
16a0
1cd3
0a0e
fd42
1567
036e
f600
07d2
f693
de05
ed91
fdc0
fd6e
0869
1fe4
12f4
f9b4
082e
ffa2
e9d7
f6f6
02c3
f5fe
f7af
06f1
0671
fd2c
088d
0b40
ffb3
f933
fed4
f916
f237
ff2d
07e9
00db
0574
0c4c
0268
f914
fc71
0113
f7ab
f7d7
03b6
fd5a
f874
07d4
0b85
0381
0a5c
0bbb
fe09
f9f4
ffc2
fd30
f74e
fdad
027d
f93e
f95c
03f3
0080
fbff
04a4
0608
fc25
ff20
069d
0073
fb11
0523
01b5
fa5b
fd53
032d
fa8b
f8aa
02d5
01ee
fbec
0633
084e
ff9e
ff06
05e9
fff0
fe2a
f723
eac1
1a92
1cd8
036f
f1c0
0e9e
f0ef
f535
f029
f40f
f532
f250
fa5c
1700
0da9
1164
1952
0f88
f53b
f1ef
fe42
e683
e7e5
0d5b
0386
f970
1403
0d9c
f813
0407
049d
f816
ee7c
f94d
fa03
f47b
0468
1ac2
0c8f
04a7
0bec
019f
efa4
fe5d
0749
f6db
f8e8
05e5
fa73
f4e7
08d5
0a02
fb82
fe0c
00f2
f0c7
f1fa
0493
0733
0145
0a0b
0c2a
ffdd
fce0
06c9
0381
fce9
00fb
00fc
f73c
f716
009f
0130
fc75
011d
05ed
fa72
fae6
063e
02ee
fb8c
0650
08de
fbcc
fe1e
0946
fe7b
f8a9
02ff
fff4
f7b1
fd9f
0098
f965
f3d0
0031
0ab5
0be9
fe8e
0ff3
06ca
f623
fe18
09df
f495
f7fa
ff69
f879
f615
0bea
04ee
fe58
095e
02f6
f5e0
ff4e
006c
fc58
ffdc
0608
0540
0127
0207
0236
fadd
fe41
ffc8
fc88
f8d9
fe82
fc74
fa72
0010
05b8
00b6
0000
0256
024c
01ef
0536
0795
04c3
02c9
0250
fc50
f885
f9a8
f8fe
fa87
fc18
ffac
024e
02b4
044e
0858
062d
ff23
0056
0009
f885
fcdd
00e2
fcf9
fe97
02d3
fe38
fc7e
ff7a
000b
fb72
0031
0327
fc38
013d
07f1
01ee
0447
0964
0358
001c
001e
fb78
facb
f9ee
fb2d
f9e1
ff89
fb70
0c88
ea4a
d377
4ccf
4e7a
d150
ec69
34cb
b65f
e237
28b0
df64
e03f
17d9
022f
fe8c
1c82
1ab0
fe75
fcce
f032
f7f3
f7f3
f822
0224
19d7
f8af
f784
1beb
0478
df64
1182
0908
d5aa
02ab
17e7
ed3c
fe7e
2419
056a
f46d
09c7
1443
e3c0
ec75
1200
f08a
e2c0
15db
06fe
ed88
0801
1a97
fab4
f622
137c
0114
e05a
0527
0cd0
ecaf
fe31
115f
fc5d
f5ab
09ce
0b4b
f4d0
fae6
1012
fa8a
f4ca
0af6
08b0
f8c1
0067
0f7c
fc73
f10b
0a3e
030f
e791
fdc7
0a68
f1f7
f4c3
111f
039b
ee7b
0cb3
12e1
f1fd
0201
1a7f
f83c
fa22
1853
1f94
ba44
f1cd
06f7
bbd2
049f
28be
f7dc
ff19
3542
135c
fa74
259c
03e1
e511
edc5
ebd3
e493
f863
00e5
13da
1005
040f
0ab1
0170
e9bf
f13a
005c
f5df
f459
0d84
0e97
fe33
12fb
24d8
02d8
f646
08ba
ee70
d56e
fc3e
0668
ec60
fdf6
1850
fbc3
f37b
1980
1081
f026
0ae1
110a
eaec
f6bb
14b9
021f
f997
0f19
0824
ea18
f23c
0658
f5cc
ef23
0a20
0660
f35f
045e
1131
01e1
ffc4
117c
05f6
edbf
fc45
052c
efbd
f52e
09d8
0215
f554
059b
0be6
f632
fd74
0fe3
fdd9
f7b3
0ab3
05f9
f747
02f0
0fd7
fe9d
f723
0c19
0881
fb03
de98
d74d
f865
1089
01d9
1693
11e5
fde2
15c7
0aad
feda
08e2
f093
e350
ef9b
f5f3
f497
088e
1572
04ea
ff26
1392
f610
f1e6
07ce
fbe7
f588
0a6f
0a8e
fd0c
033b
0ce8
00ae
fc58
014f
fb3f
ee78
f4a3
ffb2
fdaf
01a7
0e4f
05f1
fc3d
01d5
01db
fc5d
fe5f
0315
ff02
f766
fdad
0700
01df
05d4
0c05
018c
f9f3
fa7c
fea7
fb15
fbb9
0385
01e1
fa92
0205
0527
fe31
feae
06fa
00d1
f918
03da
03aa
fa90
028e
0b17
fedb
fca2
0375
fc63
f2b0
fe88
0066
f8c1
030c
0977
fe5c
02e7
04c4
01f0
fc49
005f
0142
089c
f4fe
dec0
256a
0fd3
f01c
033e
1dab
e269
f4bf
fb7b
f526
f31e
04f6
00be
081f
0b46
0f51
1041
0d48
f988
f813
f83d
e29d
f260
0715
fd1b
fffb
149e
028a
fb2b
05de
003d
f400
f88a
fb7f
f785
fca8
0931
112d
0c2c
0df2
0cef
fdbd
f544
fc37
f8f0
f34a
f952
ff77
fa7d
fe03
0ae8
061d
fcd5
0581
01ce
f34b
fd28
0321
fe0c
ff55
06b4
0440
fe20
001b
03ef
faf6
fc1f
ff1f
fa59
fa73
00f1
03d9
04f2
053b
0860
0664
fe48
fe35
feb8
f888
f8a8
ffe5
0033
fc00
0522
08b5
004c
03c2
04e6
fb88
f9cd
fe25
f8ec
f86a
f953
fb0e
0f11
13a6
0179
113d
0564
ed5e
f886
fe82
eec3
f689
0067
f83e
013f
123b
0b88
0f86
116b
fcb6
f780
f7c7
eebc
f571
ff93
00fb
0692
0bbf
0570
ffeb
0228
0246
facc
fbfb
faed
f44b
f861
00ff
041a
081b
0b66
087f
0194
fc04
fc43
fc75
fd94
01a2
ffdd
fe41
fd2c
ff2b
feee
ff4c
00bd
ffcc
faf3
fca6
fdfb
ffe3
04a7
0749
07b1
05d5
052e
0221
fd5d
fe82
fed5
f8e5
f96d
fcd9
fb9f
fc88
00ba
02de
03ff
01a4
019e
0082
fecc
0024
0456
0205
0067
0239
feb7
fb11
fe0f
fd4b
facc
fb89
fdd5
f952
f87b
ee2e
fb98
29fd
2807
2a25
f339
f76e
f685
d633
fc6b
f8ad
e38f
fbff
f8c6
0968
104e
1ff1
14e6
02ae
f269
f618
eba3
f42f
00d1
0848
09b3
04e3
0919
082f
fdf4
f488
059b
f19e
e94d
017d
fda3
f681
13d2
1311
0969
0b0e
0a0c
fb11
efe1
fb7c
fc92
f054
002d
060e
f8ed
010c
085f
07dd
0185
03a4
032a
f250
f3b2
01b2
fc77
012d
0aca
03fe
046b
013e
017e
030f
f79b
fb33
0151
f679
fde8
0579
052e
01e7
05a9
07d9
fda5
fabf
04ce
f814
f52c
050c
026b
fded
06c2
0753
fb59
fd43
02b6
0042
f5cb
09a2
00d4
1fb3
f82e
ac24
46eb
f79d
a043
36ab
1f41
c171
1d7a
3d71
db59
116c
35af
e804
ec99
15c5
d91d
e67f
0b44
f564
0241
1efd
00c1
0372
0fb5
ea00
ea0c
0c93
f252
eded
1639
0496
ee90
18bf
1cbb
fa92
0111
0e02
e9b3
da9e
0172
0660
e888
0530
16b8
edb0
f657
1e19
08ec
f55a
173b
0cc9
e6c6
fca3
1541
f89c
fb2a
1485
fa94
e782
fb22
017e
f25d
fb94
0cbd
feda
f674
06c7
097c
febe
022f
0ee9
04d7
f138
fe55
0279
ee8d
f732
0bbe
fc4c
f5b5
0ac5
0a80
f6e0
0689
14d6
fc75
f85c
0d15
fd74
efbe
0753
0c6d
fbf5
0dc7
f9d6
ca1d
e92d
1975
084c
fa70
1e1c
069b
fbdc
09b0
11c0
0515
f425
f54b
f582
e448
f32f
0f7c
0c3e
00b7
0de5
1081
ef94
f09a
0c53
f61e
ee3b
1129
0a42
ef92
07fe
15d0
fad9
fe68
0f1e
fb3f
e8b0
f9fb
054e
f6bc
007c
187a
0434
f39a
052d
ff79
ee1c
fd77
0acd
f9e5
f560
09f7
09cc
fb83
0cdc
16fe
faa0
f4c3
0168
f64f
ef22
0470
094f
fa02
fd20
09c1
fcfe
f400
067d
087b
f58c
fd58
0ae7
ff59
fc09
0f82
0c43
f82a
fedd
0582
f17f
f09c
0412
fe0e
f191
0768
0eaa
f980
02f4
129d
01c1
f978
0b5c
0157
fd3b
f427
ed03
f676
eed9
06f0
11fb
0bf6
0220
044f
fcfc
fe5f
05e1
05a3
f906
fbc7
fe4e
f6aa
02ab
0d72
0586
ffe3
fe44
f865
ef81
fbe8
0194
fdbf
04d9
08b7
0237
0405
05e7
058e
ff54
f793
ff97
fb37
f56b
0329
0426
fb67
01a8
061b
fd87
fcc1
025d
008c
fa52
0567
07ad
ff0e
0091
0772
fd65
fc79
01ef
feef
f818
fcfe
ff4f
fe7f
028b
07c5
04e2
fffd
ffe1
0198
fc6e
f97d
00f0
fef2
f91c
014a
05be
fe93
0027
04e5
ffb2
f9d1
01f7
0273
fcac
0276
05a4
ffde
0368
075e
02fb
feed
fec1
fb17
f792
f55e
f794
f0ae
fe4f
1a06
1aca
19c7
0134
fd9a
fb44
f47d
f11b
eef3
f347
eccc
f53b
0f6b
0aa2
1271
1c9c
06a3
fcae
f5ed
f11e
f029
f438
02d1
0aae
0a2d
1247
0a5e
0149
0332
fa67
f529
f1ec
ed78
eeee
f8b1
01dc
0f3a
17fd
12f9
0837
0680
fd00
f9e7
003f
fa53
f67a
f8c8
f422
f6ff
00a1
0311
053b
00fa
fca5
f964
f781
ff5d
05d1
0915
0c3f
078f
05c2
04c8
fe44
011c
00c6
fae6
fa40
f7c2
f6d8
fa5b
fd9c
03fb
04e6
04be
06f1
03f9
ffd0
00b6
0395
fe69
fe99
032a
fa60
f77b
ffe5
fb78
fa9f
0252
ff4d
fd27
fe96
02ea
fb73
f609
02d3
27c1
fe20
09f9
1845
f106
ead2
09f7
f452
f20a
f5d1
fc89
f0a4
07d5
0fd6
0ad4
118b
099e
f8af
fedb
f61e
f5b3
019e
ff33
fb8e
06c7
0388
fcac
00bd
0546
fa34
fd83
0034
fa24
f987
019f
0263
0444
06fc
0a25
ff57
fb05
fedf
fdf5
fbb6
02b8
0389
feaa
fcee
0189
0139
fc0f
04f1
03a7
fa5b
fce9
01e6
fde5
fdfb
0613
0406
f8df
00fa
033a
fa40
ff53
0543
fde0
fe95
0292
012c
fe53
fe96
01bd
fdca
fad1
fe9d
0170
fd66
fd47
0332
0512
fdff
0318
07b7
fc26
fbdd
046f
fb17
fba5
02d6
06a7
f94f
0dbe
ffad
1dd1
d9d2
b068
5e05
2042
89c4
2727
37cb
a7b0
10c1
4c11
cc2b
fd19
2df1
ecdf
e400
1d7a
ea7e
eb10
0338
f98c
018d
1822
fe26
092a
171b
e8e7
e798
199d
f0b9
df66
22e8
0ecf
dc44
2069
2016
e408
fcbf
177f
e76d
db7b
090a
0dc6
dfa7
079e
27b9
f249
f5ac
28ec
ff6b
e60d
0f67
0d8a
dfb4
f60d
1869
f6d0
ed3a
184f
085f
e6b0
011d
0fdc
f121
f425
15cf
0459
ef46
0a33
11db
f539
fcac
0ea7
008c
ecf0
ff29
0826
ef8b
f25e
1295
011c
efc8
1013
12a7
f107
fe48
1707
f595
e69e
0ed3
06fe
e667
09cb
1924
f089
fdb3
2172
0976
dd15
ebaf
f8ea
e48c
0b76
0fe3
0b23
fe85
1d1e
1044
fcf8
0aae
032c
e44a
e912
f18d
f5cc
f7b6
10af
17b6
08b2
0415
0f54
f26b
ec0b
fc44
fa7a
f067
0086
0958
0198
02a8
1491
136b
00ea
004d
045d
ebfb
ea84
029e
0023
f5d0
09a3
0bce
f4a2
fabd
0d93
ff50
f509
0953
042e
f0f2
0204
1017
0183
0193
0e91
031d
efbb
fadb
02d0
f32c
f494
06f3
0008
f71f
05df
0cf5
ff3e
006a
0f16
0132
f2c5
03a3
029f
f2e5
ff8e
0ac6
fb68
f915
06e9
014f
f452
0248
07fc
fae2
ff6f
0b56
02f8
fc8d
07f1
07fd
fbf0
fe7d
0e83
f96d
db0e
e08a
fa57
0787
0944
1e32
1032
f5e8
11c9
0fb9
fb35
0579
fe33
e69e
e9df
fc4c
007e
007c
1201
0d4e
f86e
fd57
fc0e
f654
f91d
01a4
0384
0272
0442
0b79
066c
03cf
0588
02ed
f915
f5e7
f9b1
f5de
f79c
043d
0529
021b
02a8
030f
fe3d
fa16
02a9
052c
f911
fffa
0470
fb70
fed8
0c2d
064c
019b
04c7
0265
f51a
f74f
0096
fab9
f8d7
03c4
024f
fc3e
010f
08b1
01a3
ff0e
0677
0061
f683
00eb
01c6
fb67
0169
05b7
00b5
fdba
00ec
0135
f9d1
fdb0
0423
ffb3
0065
06a5
03ca
ffbb
fd65
028b
f858
fb5f
de1b
0716
25dd
10dd
f1fd
1325
021e
ef9f
fb1b
f41c
f092
f063
f142
06b2
09c3
0c19
17ff
1586
04a1
f4be
fcfd
f2f9
e0db
039e
0cd5
fd86
0dfe
169d
f9cf
0013
034a
fc7c
edec
f338
f424
ee24
f776
13a7
1516
0d9c
1135
0dc1
f854
fad0
05f8
fb73
f524
fb70
f9b6
f241
fe8b
08b4
0421
fe5e
02de
fbc3
f24e
ffa8
0aaa
04bd
078f
0cc7
03b2
fb44
007b
02d0
f9ed
fa61
fc4b
f3a9
ef85
fb85
01af
0293
0685
0e74
08dc
0273
0710
0757
fe29
ffab
0404
fb0c
f60b
ff62
ff1b
f805
fef9
0133
f996
fa70
fef1
f7a9
f969
0ca8
18da
fe0e
0bd2
0f01
f523
f339
0848
f7d4
f208
f9d3
fac8
f34b
0268
0e13
0bbd
09a9
062e
00bc
faca
f85d
0069
01c2
fd45
01f8
05b9
fb6c
fa7b
0240
fc95
f706
0135
016f
f88e
ffcc
09cd
017b
0314
0d19
0505
fa4f
ffa1
fec8
f797
fa0f
0564
01fc
fc61
000b
0369
f9c1
ff6f
0978
fdf0
f895
0267
00d1
fa2c
044a
0964
fd1d
fa49
02da
fc73
f843
047e
052e
fc37
00d7
03c8
ff21
fe41
03fc
017b
fd48
fe91
0089
fedf
fd3e
0226
03c3
fee9
00a5
0534
ff91
fbff
01a8
fef4
f963
0068
0454
fb9e
fdf3
f719
d0ac
3024
50bc
f624
ce6d
3236
d098
d0c2
1e3e
f7d6
db26
1357
03f6
0799
10ca
1e95
