f992
f850
fcc7
fa45
f7d0
003f
0574
01ce
03aa
06ef
0085
fdca
0177
02a0
fe7b
0107
02de
ff4d
fe51
0291
00b4
fb8c
fbfd
fe68
fb79
fe1d
0345
0304
00fc
0158
014a
ff0f
ff2a
0161
00d9
fe03
00e9
033d
00e1
027c
04a4
ff95
fabf
f575
f862
08db
fc0e
f79f
0a0d
0226
fc6f
0bcd
04a1
fb74
040b
00c9
f95b
03b0
01ec
fa90
008c
0111
f8af
ffd2
011d
fae6
fe7d
0372
fd58
0016
06bb
03e7
ff75
03f7
010b
fc42
ffda
0103
fdc9
fe6f
004f
fec9
fd7a
ff3f
0083
fe75
000e
00d4
ffa1
ff7f
016f
022e
0216
020f
0256
010b
0034
ff86
ffc2
feb0
fd79
fdc0
fd77
fe63
ff81
0067
00d8
013a
00df
fff6
ff46
010a
01f1
013a
0173
02c5
000b
fdf9
ff59
fe87
fbb9
feb5
010c
fcf4
fd9d
02d3
ff5f
fec5
0419
0264
fedc
038b
0140
ff9e
fda8
030e
f61d
fc4d
dc20
323a
4457
b857
14b8
3c85
9923
e11f
37ee
dcc9
e8f3
387e
f6bb
e18f
2f2c
1b70
f03c
1370
f8cb
d1c7
fc52
fb4b
f3da
20e5
0c43
eee4
0ff7
019d
e106
0e1e
0f64
e069
fb1f
1e1d
efcf
fc11
2965
04fb
e407
09b2
0258
e241
ff41
1df6
f89b
f1c3
16ba
fe01
e019
0722
0c07
e82c
fd3e
12a9
fcc7
fa33
164b
0dc4
f6b2
011b
08af
f096
f241
075a
ffeb
f4b5
01a8
078c
fac4
fa14
0a5e
06c6
f7bc
01f1
0b92
fc5c
fb71
107c
0559
f251
ff56
045e
edbb
f688
0cf8
fe33
f360
0be5
08bb
f007
01d3
0fe4
f54b
f735
0f29
fee8
f4b9
07f8
14a3
ff99
ff44
076d
f158
edbd
0852
faf6
f540
05da
00e9
fdca
0546
0937
06be
fefc
005b
0200
f88d
fd3c
08d5
0091
fb8d
0175
fd67
f66c
fa52
01e1
004e
fb6d
0345
05e4
fca1
ffe3
0bc1
019c
f8d7
0717
049c
f3fe
01e4
0b00
fa88
fbf2
0975
fc15
f117
03d8
04e0
f2d0
ffae
0c59
faff
fd32
0d88
03e7
fae4
03c8
02fe
f888
fb1f
0509
ffe3
f966
0150
03b3
f9e8
fb0b
04c5
ff7f
f821
026b
0671
fbca
01e1
0c1c
00c3
fbe2
0771
0222
f6ed
00a7
05a3
f854
fa7c
04dc
fdd5
f932
0423
044d
fb50
fe78
074e
01eb
01e0
f860
ffb8
04a3
f43d
0c8f
0e0d
f52c
feb9
045b
f3f0
fba6
08ab
f9ee
f702
0053
fff9
fcdb
0a67
0d2a
0169
0073
02d1
f8a2
fc3e
0453
00cf
fd9f
ffa2
0010
fe9d
fe73
02fd
0083
fa9c
fbdb
fde6
fd73
0186
077d
04f4
011d
0166
0076
fe01
ff07
009b
013c
fcaa
fd14
0205
fd01
fcc3
0263
fe9e
fb59
01d2
025c
00c9
01b7
0641
0305
fe3c
021d
028d
fbb7
ffb2
029e
fc84
fb66
0176
fe6e
fb78
019b
018b
fc8d
ff40
0221
ffc0
0131
03df
0302
00d3
008a
00b9
feaf
fc8c
fef2
fff6
fdc0
fefc
015f
00b0
fd36
03ac
0283
0c08
ef71
d357
0c1a
1d7f
07a7
1345
0f29
f61d
f8d0
01ea
facc
fba5
eeaa
ef5e
f7f6
0367
067d
1990
1059
fb18
f80c
fe8d
ef18
fbea
0e88
030a
f945
0881
0302
f901
04ef
065b
f78c
f46d
fda3
fd29
feb9
0800
0e68
ff14
f9a0
001b
fa9c
f6c3
06ac
0966
0099
0494
08c5
ffab
fd3f
0232
fbed
f37c
f6cb
fbe4
f89a
0041
09a5
078b
01ba
047b
03e6
fda3
fe06
04be
00bf
fca0
0052
0142
fd2a
feae
0267
fd42
f809
fd18
0007
fcd2
03d9
08e6
031d
ffbb
039a
00da
fbce
005e
031f
fcbd
ff0a
0476
fffb
fe97
047e
0099
f289
f7c8
0953
f72f
f610
0f03
0388
f9d7
0c6e
076e
f9a1
036e
03ac
fa96
fe51
0024
fd83
fe3a
fe7e
feb0
001a
fc77
fd5b
017b
ff19
ff13
0834
05d6
ff83
0480
052a
fb40
fd9d
0311
fbea
f940
01cc
fff9
f9ec
008f
03c9
fae0
fcc2
04ac
ff3d
fc41
03e3
0503
ff1f
01af
06a9
00b4
fc6a
02f5
ffcd
f913
fe2f
0355
fbf4
fc98
04be
00e6
facd
027f
046c
fcd9
ffda
0586
ff78
fe23
0428
021d
feaf
00b4
00f1
fe33
fb95
fdcf
ff80
fb0a
fc99
02a7
fea5
fd22
04eb
03b4
fec0
03a8
06da
fd32
0017
0038
fc40
e717
24ad
1904
dda3
194f
0a9b
bf25
fdfc
1423
e923
ff9b
1ea6
f658
f959
22b8
0c1b
f9bc
08e7
f0cf
e389
ff12
f661
028c
1708
0144
f9a6
0b9b
f5df
f224
0ca4
01de
eba0
03ed
0e07
f13c
07bf
1faa
fc6b
f482
0be3
f4ec
eb8d
05b3
0cc8
f69a
fea9
0f4c
f86a
efeb
0aa0
0136
f066
027d
06db
fa73
0058
1039
08ab
fd4d
04e5
04f4
f2fa
f863
037c
fc05
f737
01e2
02a7
fa92
fdb4
096f
0366
fb87
055a
0649
fa4a
00b5
0c22
0043
fa80
03c3
fe60
f1f1
fc9b
0465
fa34
fb4e
0952
019f
f7aa
0552
04e3
f83c
fa8f
05a2
e9f5
17b5
2b56
e098
14b0
1bc4
c54b
f2d5
1970
e1c2
f934
1a48
ecd7
fc1e
1b34
050e
03d4
1047
f495
ece7
00dd
f90a
fb08
1493
0876
f4fc
090b
01b2
ea09
0049
088d
ecca
fa56
0ec2
fb8a
fbb2
156f
0974
f109
025f
0bbb
efa7
fbcc
17ba
fe4d
f3e3
0e6a
0006
e846
005a
0692
ef43
faf0
0ce0
fd86
fd3c
0fcd
0ae8
fd8b
0292
04da
f91b
f6f4
01fd
023b
f85b
ff22
0525
fbd8
f8e9
0450
02e2
f951
ff85
0833
fe5f
fe66
0c40
0682
f93b
0148
0416
f5f6
f8e6
06f4
ff60
f7b1
0511
058b
f6f5
002e
0894
fbf0
fb54
08e1
eb6a
ff33
1ba5
f58e
00c3
1492
f9c0
f9ad
02d6
fd1c
f995
fc96
fb17
ff3e
fca3
fd9e
04f0
08b9
fcd6
fe1a
0813
fb63
f559
0cdd
05c3
f680
09e4
081c
f0a0
fde5
094f
f77b
f839
0743
fec7
f4ca
02fe
0941
fe7d
ff20
09cf
ff5f
f5f3
05ef
0776
f85b
02a5
0992
f9a4
f7fe
03c7
005e
f85e
fe4b
039a
f968
f9c3
07c2
0323
fd46
06b5
05c4
fce8
0034
053a
0054
fb40
0147
03dd
fb2e
fd83
04e1
fdeb
f734
ffc9
014b
f7e1
fe6e
0944
00d5
fe75
09fc
050f
fa86
02c0
0635
fa66
fb94
04f2
fc15
f69a
0209
0197
f925
00dd
067e
05c7
fe4e
dfe0
f86b
173b
0ba6
0ebc
1117
fbf0
f8d3
02d9
f89b
f99f
fabd
ef9e
f09b
0668
070b
0ac5
1566
062f
f2f0
fada
fb88
f5e6
0546
0b92
fde0
fd9f
061a
ff9d
ff85
051a
fed7
f531
f58c
f9c4
ffbb
0217
091e
09ce
feab
fc74
ff6c
fbab
fdbb
062a
0662
0265
0453
0610
ff49
fdaf
0037
fa44
f523
f995
faaf
fbab
025c
06d2
050a
036e
03b9
0232
0042
00aa
02d9
00bb
fc04
fd9e
006a
fbb6
fd77
029d
fc9e
f853
ffda
002b
fe93
05ab
07d2
0179
00a3
0364
ff37
fd38
01f6
007b
fe01
0210
0306
00a1
0062
fffd
fdf8
fc77
fe32
efe0
f986
0702
f7a3
0978
15c7
fcc6
021c
0a27
f93e
fa9f
08ee
f76f
f538
02fa
fa8c
f9f5
0a48
01d4
fbd0
053d
fd43
f88a
0598
0525
ff4d
06e4
0600
fc3a
0069
049a
fa98
fd38
0311
fa63
f9ac
0215
ff3b
fc34
0205
0075
fb6c
ff4f
0210
ff7c
034b
04ed
02f2
03b0
02ef
00d5
ff7e
fc64
fade
fc6d
fb88
fb8f
ffc6
01d5
0136
039d
03dd
0133
0075
00f4
ff87
00cc
0323
0248
00d6
00d6
00b0
ff3d
fd31
fc8d
fb36
f961
fbbf
0061
00c0
01c2
055d
02ed
ffb3
034e
036d
ff00
00b8
00ba
fcf0
fe37
01eb
0018
fe4e
0060
fb7a
f935
099d
0a18
f825
f95f
fee6
fbe2
0233
0572
03f3
02dc
ff9a
ff38
0bca
00ce
fda4
0088
f817
ef00
011a
fe56
fec3
0636
0663
fb92
0174
0261
0060
000d
02c2
fd4b
fdcf
0284
ffb1
0477
0516
fe88
ff88
fc31
f6df
00aa
0001
fd9a
0461
0245
fd44
0168
03a8
0079
0032
03e4
0071
fc6d
0182
00de
fd2a
fefa
0190
fc45
fc33
0072
00d0
fd13
0147
0145
fd76
ff09
03a0
015c
01b7
03ac
02c9
0016
ff62
008b
006c
fd69
fe0e
0133
fc19
fa90
0015
fff7
fc4f
02b8
05aa
fe76
0085
03f8
006a
fc18
0502
fa37
fa21
dec7
299c
42c7
bbed
0f76
4062
a29e
dabf
396a
de41
e4a2
36bf
f83b
e28d
2b6f
1bc5
f4ab
1285
fdb7
d756
f5e0
fb39
f3c5
16eb
0d99
f395
0c68
0481
e6a5
09d3
0f3f
e6a6
fadb
178f
f299
f92a
202f
0747
e91c
0753
0804
e631
fa97
1d28
fa28
f04f
1593
00e7
df37
0497
0d62
e885
faef
1716
fcd2
f831
1816
0d71
f451
02ec
093e
efd3
f30f
0724
fece
f486
0337
072c
f9d3
fb9c
0968
047a
f8b7
01d7
0a0b
fcf4
fbe3
0e5f
05ba
f333
0030
05c4
ef4f
f548
0b90
fd13
f231
0be5
09e9
f1c9
0308
107a
f516
f850
105a
fe05
e7a6
19d5
16d0
e7da
0361
1022
ee3b
f824
05c9
fec6
f36b
fe9e
07bf
ff06
faf9
0aa0
0716
f9ef
fc80
08a4
ffb1
f706
0668
0b6e
f39e
fab3
0d79
f6b7
f15b
0d7d
013f
ee79
06a7
0b8f
f4aa
ffb6
0f9d
fe12
f761
0995
064b
f579
0265
0d5c
f81c
f7a3
09ab
fc83
f20f
02ab
03ce
f6ce
fd7e
0943
022d
fb25
063c
0915
fa21
fdc5
098b
fd01
f89c
06ec
032a
f660
feac
0605
f98d
f8b2
0685
01b7
f700
01e9
078d
fbad
fea3
0a96
0313
f9fa
043f
05e9
f8cb
fcd6
072f
fc6d
f5e5
04a3
03a4
f62a
fed6
0863
fc4d
ff19
0871
f55f
ed96
02e3
142d
08f8
048a
0b15
fd2e
f253
0191
037d
f384
f759
fc4d
f6bd
fd28
0ce0
10c9
0468
010c
01de
f595
f570
05d4
04a7
fe6b
01fb
04ba
fe97
fd1c
07b4
0283
f5bc
fb5e
fd1e
f529
fd87
0a6a
050c
0015
0573
01f6
f986
ffc7
06b4
0057
fe88
0482
01c7
fba8
0088
049f
fc6c
f7b2
ff39
fc8a
f7b7
0229
0789
0061
0211
07b1
004f
fd00
0514
036a
fb7d
000a
027e
fbbe
fca0
0259
fee5
f94e
fcfe
ff7b
fac4
fef6
0695
0403
015a
060d
04ec
fe4a
fe4c
0227
fd86
fb9f
015b
0229
fe78
019d
057c
020e
feef
f10d
e228
f946
0f12
1190
0cdc
0a84
080e
fee7
fbbf
0381
01d6
e9c2
f341
fc36
f989
0225
147d
0ab0
fe5d
faa8
fd20
f3c2
f9f4
0953
069b
fe64
0719
054e
fde5
005b
0430
ff5e
f415
fa60
0020
faef
00c6
0d42
014f
f854
0124
fd96
f380
0298
0a1c
ffe7
0524
0aef
03a0
ff1a
0347
fecb
f6d9
f57e
fb6f
f80d
fa96
0546
084a
011f
0356
057f
feb9
fdaf
049e
02c6
fd73
00fc
0350
fe3e
fe68
03c7
fe51
f7ef
fc11
ff2b
fb0d
ff14
0691
036e
fee7
02e6
034c
fe13
ff06
0425
0004
fd04
0351
02ae
fda9
006f
03cf
fb6c
f3e4
fdfd
07c3
f60d
fb45
0c6a
ffde
fd51
0cbf
03e9
f9bc
0390
0278
fa4d
00d6
03ad
fd0c
fd89
ff3a
fdb0
fd89
fcff
ff1b
ff77
fda2
0256
04fb
00e9
02c6
059a
ff71
fca8
0179
ffcd
fcae
00da
01e4
fd9d
feb5
0135
fe09
fd26
ffbf
0030
fd86
ff78
030c
0253
00bb
0360
0405
ffd3
ff1d
01c8
fe1b
fb4b
001d
010d
fcfb
ff7a
02c6
fdec
fcd1
01b5
ff92
fcc4
013f
0243
ff22
0132
049f
025b
003a
02ee
0065
fc30
ff17
ff14
fb6f
fe41
005c
fd89
fe8d
01cc
0193
012e
00b5
03c6
feec
0033
fb4e
feea
dffd
1185
59a8
cb12
f361
4e22
b6c9
bc1c
3769
eb1e
d6f5
2d1b
0d5a
d97e
2428
27a9
f416
0b89
0519
d203
f511
ff40
ed88
1c26
15c8
eecc
0c48
0bfd
de21
04f2
160b
e2d7
ec0d
1f5c
f4c3
f0cb
2976
14c2
e4a3
088d
09d2
e379
f48c
1a83
0077
eccb
10f9
0a25
e13f
fd01
11e4
ec30
f272
10bf
0210
f58b
109a
15bf
fbd1
fe39
0d7e
f81c
ed25
03c1
0483
f39b
fc11
09b4
fd20
f58c
06db
0a57
f725
fd8f
0d85
ff31
f80c
0f39
0beb
f441
fdcf
08a4
f0a6
ef8c
09be
0175
f08f
07cf
0e46
f33d
fc4a
10b0
fa41
f0e6
0aab
0313
f0d9
024d
1b54
0539
fd83
1188
f4bc
e44d
0684
01eb
ed40
0359
0475
f996
025e
0e18
09c5
fead
ff9a
0147
f654
f85e
09cf
05bc
fc4c
0300
02aa
f784
f7dc
009d
00e2
f743
fea1
06fe
fd43
fba0
0c99
0614
f6da
03ed
0a62
f5b5
fd11
1001
ffff
f7bf
0929
0353
ef3d
fca4
07a8
f21d
f542
0ce5
ff80
f88d
0e76
0b93
fb09
02c4
0683
f974
f80c
046d
0285
f795
fe35
0607
fb67
f7ad
0591
0368
f6ec
feb6
0765
fc01
fd8c
0bee
056a
fac0
0627
075a
f86e
fc77
0784
fc5f
f624
0359
0296
f769
ff46
074b
fb0d
f98c
0627
03bf
fbbe
0c0b
f9a1
f969
0b64
f87f
03d6
0c3b
fb83
fd7e
fe79
f83c
fe12
0123
f8e6
fe35
ff93
fafb
018c
0e90
05d0
0020
09f0
008c
f2bc
03bb
057d
f585
ff68
05f1
f7d5
f92a
0778
02cf
f9e7
0192
0369
f6c8
fbde
0916
0273
fe59
08c1
0393
f727
0003
0505
fb6f
feeb
04d4
fd6d
fb79
ff4c
01e2
fe37
fcf3
019d
00b8
fbbe
0287
0645
01c0
fff4
03e5
018b
fb72
ff50
04e5
fe1f
fc90
03ec
fe25
f840
010b
023a
fa39
ffb0
048e
fc67
fccf
064a
0403
ff15
03f6
03d4
fba2
fcf4
0305
fe08
fb84
028d
00a2
fb50
008a
02c8
fda8
ff75
041c
0963
055b
d14c
f158
2341
097f
0b03
1840
fdae
f0dd
05a4
fd7a
f9f9
f57d
ef8c
ef29
fe72
061c
1035
1691
0787
f8d2
fbe9
f7f7
f460
06fb
0804
fd70
ffe3
0542
fc09
006b
0541
feca
f6a2
f729
fb4d
ffa9
0350
0a67
0881
fc96
fda0
fef9
f968
ffc8
0a93
02cc
02c6
05d9
0125
fbb1
ff9e
fdc2
f7e4
f722
fc08
fa13
fd7b
0629
073c
04c8
05e3
03e5
0063
fffc
00da
0112
fdda
fd16
fd15
fd12
fc49
003e
0098
fd15
fc57
fe63
ff80
01bc
0649
0883
02a8
00e3
021e
fcb3
fcd2
0242
ff27
fc2b
01fc
00f5
fdba
0191
01ac
fe7f
fd95
f6c6
f8bd
08e8
fdd1
fca5
0ec1
03be
fc02
09a0
00e7
f879
0460
ff71
f682
00b5
ff34
f927
01c1
028c
fca2
0209
016e
fcfb
01c1
0559
016f
02ee
0532
00c5
fde7
012d
fe93
fc1f
ff16
fcee
fb80
fef0
007a
ffe8
ffed
ff9d
0026
ff57
0180
02bb
01d5
01c5
026d
00d5
ffc0
0121
0009
fd5e
fdf6
fdeb
fcb1
fec3
009e
ff81
ffeb
011d
007c
003c
022d
024e
fffc
0165
0259
00ec
012d
014f
ff21
feb5
fd1e
fc88
fd23
fc7b
fe50
013d
0159
007f
01d7
01c8
ffe2
011c
0259
00ff
004f
022d
ff73
ff02
fe2c
ff7d
ee2e
06a1
2599
eaa9
0357
1894
d5e3
e6db
1922
f5b1
f7aa
1a52
05af
ed24
17be
1341
f74c
0563
fdf7
dffd
f873
fe43
f7df
11aa
0cd0
f969
0553
02f5
f0fb
050f
0942
f350
f884
0fa8
f9d7
fc4b
1869
070e
f192
0463
fad1
ecef
feef
0a87
fed3
fd48
0af5
010e
f438
0367
07b6
f641
fcd1
05b7
fd6c
fb6d
093b
0879
fdba
0012
0520
f8bb
f860
0291
fe64
fa44
ff5a
02bc
fef6
ff1e
0593
067b
fdfa
00da
0463
fe01
fbdd
05b5
03d1
fa79
fda6
0291
f789
f95c
05fc
009b
f9df
05f8
046f
f919
fec4
070c
f8d4
fa8b
f4f8
0918
3451
e247
034b
2fb7
c8fe
db7b
29b6
e707
e5b4
278a
f8c1
e5b2
224a
1216
f585
128b
06a4
e019
f779
03e9
f4ae
080b
13d3
facd
fde3
07bd
f0c1
f9f9
0a82
f3ec
f749
0c30
fcbd
fc85
10bb
08dd
f6f7
000d
0547
f54f
fafb
118f
030b
f7bd
08e8
013c
edd1
fcbb
0520
f2e6
fa0c
0b1b
ff03
fcfc
0f69
09a4
fcc4
043a
046c
f699
f9b7
0223
fe42
fa39
01a9
00ed
fb41
fe36
022f
00cf
fe73
0027
0488
013c
ffb6
08a4
05a7
fb51
0035
020c
f78d
faf2
042d
fdb8
f9ed
03ee
0364
f9f4
0082
06b0
fc2c
fccf
082a
fab0
e8d4
1afc
0cf5
ea7b
1015
0e70
ee17
fdba
0601
f83a
f697
030e
0017
fba6
fe4b
0507
0368
00cd
ff6e
05ed
012c
f7fd
03ae
0a88
f7fa
fedc
0b52
f6e7
f45b
0a33
ffda
f333
0549
052a
f523
ff62
0bb1
0023
fd13
087e
0488
f60d
ff7d
0a3d
fa45
f967
0929
fe5a
f5a4
0379
0480
f951
fd6c
0607
fd8e
f8a3
0526
04c9
f97f
0225
0805
fde4
fe7c
073a
02f0
fc53
ff3d
025d
fb96
fa2c
02e3
0092
f964
0096
04fc
fb22
fc2c
079a
0347
fb37
0497
06b6
fa29
fd8f
079e
fe34
f858
048d
013e
f656
ff42
0598
fab8
fee2
0884
08ca
f216
df4b
071f
1629
05fa
11a3
0f04
f47f
f94e
0858
f882
f66b
fbdb
f06b
efea
0711
09e6
0c6f
103b
0477
f5d8
f7bd
f9c3
fc4c
04e0
055b
0029
0122
02bc
0039
058e
02d5
fa41
f85d
f651
f670
01c5
050c
06c9
06ea
0187
fcea
fdbd
ffd2
01a4
01eb
04a3
0371
ffee
024f
0213
fe79
fe92
fbbe
f85b
fa10
fb5d
fe5e
02d3
03df
03f7
03e2
01a2
00d0
033e
01db
fff8
0187
ffbd
fbe0
fee8
fe59
fbd9
fd69
fe68
fab0
fdbb
032c
023d
0322
0749
03ff
0099
016e
ff54
fde6
ff2d
fec1
fe92
0094
003f
0313
03fc
04fa
f3f1
f477
ff1f
f320
025b
14c3
fd9f
014e
0d3d
fcfc
fa62
0bf1
fcce
f241
0130
fbb2
f842
08a3
0680
fe2a
0480
fbab
f7e0
ffbb
ff7f
fe29
0673
045f
ff95
039b
061a
fd1d
0042
048c
f963
f99e
01cf
fdaf
fc85
0480
004e
fa66
feb1
004b
fab0
00aa
052d
0215
0325
05b8
035d
0170
ff9d
ffd5
fc45
f994
fc69
fc92
fca9
0182
0467
029f
0198
01a9
00bc
fdde
ffe4
0237
00b9
001e
0231
012e
003b
ffbd
ffae
fde5
fbb8
fc96
ff47
fe1f
ff69
0394
00c2
fd8b
026d
0207
fda4
02d3
0451
fec7
006a
03d4
002e
ff56
01c2
ffc3
f4d4
fe6c
0f1a
f99a
f1ed
046f
fc7c
fb4f
096f
0641
fddf
0482
005b
03bf
0684
004f
fea0
fdfc
f425
fb6a
0139
fc14
0167
051b
fdec
fcf9
0359
01f5
00a0
024d
017d
fb8d
0051
021d
013e
03f7
025e
fea6
fcf8
faa7
fe90
0078
fe0f
0283
0095
fcd5
0007
02ff
00d5
00bd
02b3
007a
fc36
010c
0383
0050
00e4
02bb
fdc2
fb5e
fe9b
ff83
fc02
fe2b
0113
fd25
fe8f
029c
020b
00f3
03d8
035e
0150
0063
020c
000a
fe96
fdcf
fe49
fe05
fc27
fd60
01d5
fec6
ff79
046c
015b
fe42
045d
007d
fdcf
fede
033c
f5a1
fdeb
df85
2807
4f40
bafe
0912
4611
9fcf
d1b7
3b5b
df89
e1b1
38d1
fc12
dfc4
2cc6
1cf0
f123
1336
fce9
d320
f98a
fd58
f061
1d30
11cf
eee9
0d15
08dc
e031
0729
12da
e33f
f590
1c83
f407
f768
2439
0bbf
e5b6
0531
08a0
e473
f7c7
1fe8
fef5
ef9c
15da
0305
de45
0065
0e51
e921
f86e
1435
fedd
f75c
1507
10c7
f829
0000
0a5f
f30e
f0b2
06b8
024a
f418
0097
081e
fa6b
f83a
0840
05cb
f722
00a1
0c86
fea9
fb1a
0f92
08f4
f341
fe8d
0766
efe9
f2ac
0bb0
ff6f
f175
09b4
09cc
f1a1
ff4f
0f2b
f867
f59a
0d60
030b
f682
0123
0bfe
0d7d
f9b1
0049
0353
f04a
fae4
0655
f581
f9ea
06f5
004f
fb5f
0876
07e0
faa1
00ec
08a8
fb42
fddc
0a4f
ff99
f9bb
03c0
fe69
f709
fceb
feb7
fd19
fd31
01b2
043a
ffa6
ffa3
07b3
02bc
fb97
0546
048a
f8c5
ffcb
0727
fe84
fd5b
04f8
feb3
f4b8
fdfb
0286
f742
fc83
08b1
002f
fcf4
094a
0728
fd97
0164
0454
fce7
fa6e
0235
0128
f955
fec4
03d7
fbd9
fb23
0432
0106
f9d1
00c5
04c3
fc48
0018
094d
028f
fe29
070e
01c6
f8cf
ff99
025a
fb0b
fd7d
02fe
fea1
fb98
006a
014b
fd49
fdcc
0355
0360
0279
0207
f960
f66d
fca4
0f9f
0d0f
ff16
0217
fe60
f50d
fcc7
057c
fa75
f603
fa88
fcb2
fe59
09db
120c
07aa
fef5
ffbd
fa90
f77d
0189
065c
fe20
fc83
02b7
ff32
fba4
0583
0408
f731
f938
fcff
fa0a
ffac
09aa
0797
023e
022a
0071
fbd5
ff89
023c
0188
ff78
fde2
019a
ff94
fc9a
02a4
00f2
f8ba
fd54
00b8
fce5
ff70
06e0
040a
ff8e
0466
04d2
fde8
00a4
0391
fd2d
fa87
ff29
fd98
faff
ffb1
01c2
fd36
fdae
01c9
ffb9
009f
04cc
0406
016e
014a
00df
fe00
fd19
009d
00f1
fe02
ff29
01ee
ff07
fd38
0204
0369
025d
fb7a
e1f4
f3eb
13ae
127e
0df9
0b39
0454
fa42
fb69
fdbb
03b4
efde
eed9
fb3a
fc50
ffe4
13ee
108c
014e
fb7d
fc14
f645
f748
067b
07ee
ff27
01be
05c9
fe34
ff89
028c
0201
f673
f836
0045
fe1f
ff01
09b2
058c
f8dd
fdd6
0126
f7f7
fe7e
0b98
033a
0094
0855
0516
fb67
0098
00c1
f77e
f57f
fdf0
fa9f
fac5
05b2
071f
0151
02c3
0520
00d7
ff2b
028d
036d
fd8d
ff45
01ba
fe8f
fd0e
0033
fec9
f9fb
f9c3
0048
ff21
fe7c
0631
06ef
fea3
0106
051e
fd87
fd35
03f4
ffdd
fbe3
02d1
0376
fd9f
0190
0225
f7e5
f51c
07a0
0008
f265
06d4
08e0
f876
05a0
09df
fd3d
008b
055d
fdf4
007b
ff77
feb5
ff55
fc28
fa67
0149
fbe3
fa91
0235
01cc
fbb2
0561
091c
ffb0
00ae
083e
fe5b
f944
038c
00ea
f970
0022
03ae
fbff
fcdf
0350
ff79
f9c3
010e
0216
fbd7
0012
05af
0212
0000
052c
045f
fd07
ffe3
02b0
fc4b
fbd2
01d3
ff06
faf8
fffa
016f
fcc8
fe00
0376
014b
fe3e
02a7
0411
ff5a
003a
0440
0177
fd48
008e
010e
fad1
fd76
0200
fc3b
fb9b
0237
ffa1
fc54
0265
03bf
ff2a
ffda
0610
ff85
00ed
fc74
fefc
db5b
30f8
3729
bf2c
18a7
2ec4
a099
ea6c
2aba
de0b
ef43
3038
f6f4
ebbc
2af4
1672
f538
105a
f2fa
d7fd
feba
f694
f8e5
2251
07fa
f11b
12c5
fd3c
e191
0e35
0bce
de7d
fccf
1c79
ee25
fe12
2bdc
0535
e808
0e0d
ff74
e153
ff55
195d
f5f7
f436
174e
fde8
e345
08c7
0a14
e959
fc23
0ec2
fb12
fae4
153e
0f19
fa87
032f
0984
f2be
f249
051d
0000
f38b
ff2e
06c7
fa36
f979
0a77
0752
f7f3
02ef
0cb3
fb8d
fb4f
109f
0451
f337
0293
0538
edd8
f63b
0af6
fbfd
f39b
0cc5
0850
f1be
0287
0d71
f4a0
f77c
0ba6
fa81
f502
1d10
0be7
fbd1
0bf6
f560
ea73
0378
fa22
f7b0
0654
f536
ff3b
0cd1
00a5
085f
0e06
f8e7
f5aa
0252
fc88
faf3
09c5
0bf8
f83d
fd45
07e1
f47e
f3c5
09ad
fbb0
f2fa
06e1
07a7
f6f2
0518
0fb9
f9a4
f97a
0d56
fe52
f5a6
0aac
0978
f7c9
ff8e
0842
f5ed
f42d
05b4
fc96
f41b
0415
0392
fbf8
0507
0b12
0471
001c
01a2
017e
f9a7
fc51
0570
fea0
fa30
016d
0112
f8e4
fd0c
041c
fd8c
f966
03b5
0345
fc76
053d
0b28
fffe
fee0
05cf
fff5
f8fb
00b5
0262
fa00
faf4
038c
fe90
faef
0328
04fb
fb29
03ee
f7c3
f568
129c
fbac
017f
138f
fd17
faed
0435
f97f
fa34
0295
f97b
fa52
ff11
fba5
feb1
094a
048a
fd8b
053f
0310
f55e
0302
0a25
fb00
0170
0a2a
f9a6
fa9b
072c
fee9
f7a9
000a
ff53
f6ba
fbfb
06de
0374
ff47
062b
03d3
f8da
ff97
0603
fd18
ffaa
078a
ff82
fbef
00a3
00e8
fcbe
fc41
ff7e
fcd7
f8b1
00dc
03ff
ff89
02d3
061a
02a1
003d
0306
041c
fe45
fcdf
019a
fe75
faee
012e
0200
fb33
fd99
0216
fc7d
fa6a
03f2
0409
fe2e
0444
0701
fe8f
ff6c
050e
fed1
fb6a
0271
ffe8
f992
002a
01e3
fcec
fda0
02da
0222
0d3e
de01
dd1e
1d52
137b
055a
1b3e
08d4
f090
02c2
0094
f6d1
fa1d
f0d2
edf7
fc9b
06a0
094f
1750
0c62
f6f8
f876
fc31
ef16
00ce
0d99
fe65
fdc6
0b6f
ffe6
fd5d
08e3
010c
f527
f6e8
f956
faad
ff6d
06ba
0a50
fec4
fd8b
00d8
fa87
fb00
08f3
06de
02ab
0710
07bb
fe74
fd7f
014e
fb08
f453
fa89
fa07
f6e7
0113
0649
02c7
04be
06df
01dd
0010
01a0
02db
00e0
ff9a
ff54
0034
fd1e
fd37
0018
fc0d
f7a0
fdbe
fee5
fc87
04d2
083d
02ad
02ff
05cc
003f
fccb
021a
017c
fb71
0137
04b1
fec9
ff76
0325
fd85
fb63
fce9
f430
f630
0aca
fd0a
fc56
1075
0493
fddd
0aaa
011a
fb31
04bb
fd6b
f894
023f
fc26
f890
0325
fe13
f9b4
0481
ffad
face
059a
065a
ff63
0572
08f3
ff7a
fd3a
0445
fcea
f8bf
0072
ff0e
f996
ff1d
02b0
fd2b
fd3d
02fe
ff04
fbb2
00a5
019b
ffe5
02bb
059a
0446
0192
023b
0054
fbb8
fc68
fe3a
fc5f
fbf8
ff6e
005f
ff6f
0109
037f
021a
0085
02e9
0209
fede
013f
02e7
007b
ff27
015f
0040
fc42
fd64
fedc
fa3e
fb2f
0089
fe51
fd9c
046a
03a1
feec
0320
0513
ff4b
0065
0458
ff9c
fdef
0220
0136
f8e2
fa65
f237
18bc
07bb
f459
16c2
f698
d7a2
0d14
0710
f11b
0b5e
130e
ef72
0180
1d71
ffe4
fb8c
08d8
ed70
e723
0301
f7ff
0347
1009
0274
fc43
05d7
f927
fe49
07c8
fef3
f505
0511
043d
f6da
0b93
10a6
f7fb
fe53
02bd
f0da
f988
068d
030d
fbbe
03cf
050b
f828
fbe8
0820
fcf3
fb5f
0515
007f
fdfe
0462
079b
0001
fea3
024c
fc69
f6c4
001a
ff19
fc24
fe6c
01a9
ffa0
ff8a
0258
05f4
01af
0122
03c9
007b
fdcd
02a6
02ca
fc0b
fe2a
0027
fa18
f932
01d1
ffb2
fd13
0238
042d
fe14
fee5
058c
fff3
fe13
000d
011c
e69f
115f
3ce1
d48c
003f
3573
c1b3
d6c8
2d20
ed61
e4c7
25c9
fc64
e7ad
1c75
1673
fcbc
0cfe
0012
e6c3
f690
fca6
f9d5
0f93
099b
f4d7
0423
0317
eb84
046f
0ed4
efc5
f9d8
1151
fa0a
f8c8
16ca
0adc
ed7f
00c8
0c62
edbc
f796
1b4f
ff68
ef29
0ea7
03a2
e3d0
fef9
0de5
eed0
f6f7
14e8
0070
f6ac
132a
0deb
f527
0139
08ea
f462
f3d2
06ad
016f
f551
010b
06cd
f9c9
f9c1
0640
0403
fa42
008f
099c
fef4
fcc6
0cc6
06d7
f598
ff6b
0537
f31e
f619
0998
ff57
f428
07d4
0901
f565
ff9d
0da6
f946
f843
0c76
03d6
e129
1035
1fe6
e62f
0091
1a26
efc7
f295
097a
ff4a
f06a
004b
063e
fb1e
f92a
08d7
06f5
fdf6
0019
082d
0215
f795
009a
0bb0
f77a
f8a1
0d5b
fb50
ef85
0a6a
05f0
f031
020c
0c58
f5cd
f914
0dd8
034a
f708
0868
0ac7
f58c
fd64
0e70
fb23
f42d
0987
00bc
ef7b
0116
06ab
f6c1
fbfb
0978
0094
f981
05e3
090b
fa80
fea8
0a1e
ff35
f87a
04ba
04ca
f8d4
fc9d
05c4
fd66
f775
04b4
04d2
f71e
feed
07df
fae3
fa29
0a41
052c
f995
048e
0899
f91d
fb8d
08f6
fe44
f487
033d
046c
f562
fe05
09b3
fc9d
fa91
0e03
01db
da23
f92c
1ec0
07f9
045f
1668
ff6b
ee79
02e4
04a9
f323
f46e
fa10
f2ef
fab5
0b1d
1282
0c54
02bb
001e
f9ad
f0dc
fca4
0a10
008e
fe4b
087f
02e2
f818
0609
082b
f4ec
f836
ffe1
f470
f91f
0b9c
0944
ffbe
035e
0373
f706
f8df
0620
03f5
fe11
0641
06c4
fcd9
ff65
06d2
fec0
f6e3
fc9e
fc12
f42d
fcfd
0916
035b
00d4
089b
0429
fa90
0257
0687
fd0d
fd59
0459
fe1e
f9e4
01df
026a
f8f3
fb17
007a
fa52
fb1c
0604
05e7
008c
0519
067b
feee
fc6d
01e3
0094
fb8d
0142
04ab
fefa
ff1f
0437
02dc
fba3
f05d
fa41
f841
f5cb
11c7
110c
fac8
0aa0
0c22
f641
fdbf
0c5f
f2aa
f180
0382
fa4e
f7fe
0bea
0881
fea6
ff92
fdc5
f9be
fa33
019d
0643
02e9
03f0
053a
023f
fff7
feab
031f
fc22
f686
ff6d
ff98
fb43
04e2
0654
fbad
fbd0
00d8
fced
fb42
0520
05d4
0027
0434
0789
007d
fea8
0268
fcd0
f6b2
fb6b
fde5
fab0
ff92
06d1
02d2
ff46
03f2
01d8
fd6c
0084
0417
0063
ff4a
02d0
01b9
ff06
01eb
0192
fb87
fa00
fce3
fc67
fcaa
0193
03ec
0143
ffd3
02b6
0256
ff05
011d
0292
fd94
fe39
02b3
00e0
ff0c
0196
01e8
f482
fc97
1286
fa36
f0f7
08a3
fdef
f648
08f2
07ea
fb35
03b6
04c7
0217
0364
0226
ff63
fc05
f63b
fc79
0076
fbb3
019d
059d
fd10
fcfc
05af
006a
fe5f
037d
0138
f9f5
00af
0287
ffe4
032e
033a
003e
fe1a
fba1
001d
fecc
fa85
0245
02a1
fc50
ff8a
0562
0070
fed6
0565
031e
fb49
014d
02ec
fba7
ff5a
0512
fe24
fb3d
00d0
00df
fadf
0020
039f
fc20
fca3
0275
ff3c
fe2e
0423
03de
ffec
00c8
0357
0030
fff3
01dc
fe3d
fc57
fcf7
fc54
fe97
ff25
004d
0381
003e
0010
01e0
023c
fa98
ff10
e80a
fe84
663c
dac2
d7c1
593e
d06a
a0b5
35f9
fc21
c9a6
2640
1b2a
d3d8
1a38
2cb6
f68c
08a4
0d8a
d52f
ee68
029f
ea7b
13e9
1f39
f07e
0547
1683
e0a1
f6f5
1b30
eabd
e238
1c4f
007f
e976
1fbc
1f8e
e7bf
fd30
11da
ea8c
e8a9
1a62
0afc
e8eb
0d63
13b0
e20b
f348
139d
f0e6
ea12
103f
07c5
f1d2
0c62
1a3e
fde1
fb7d
0da4
fc4e
ebad
0011
06c4
f6ab
faf4
091d
0034
f555
01fd
0aba
f9c0
f8d3
0c08
0467
f576
0b26
117b
f6a7
f8cf
0add
f6b3
eb14
0785
07f4
ef72
0196
1337
f61e
f58c
10e9
fe93
ebcd
0718
0a1f
f448
ffd5
0c23
0e5b
023a
0212
043a
f27a
f553
0825
f672
f68f
05b2
011a
f896
06a1
0b71
fca7
fce3
09ab
fc26
f5b9
09f1
0698
f7e2
048d
05ce
f74e
fa48
0137
fc57
f8ea
ff41
03f6
fe64
fc60
0803
06c6
f9bf
029d
0ac1
fa53
fb8a
0bf7
019e
f977
0590
041c
f5e2
f9e3
0498
f810
f404
06fa
04f6
f885
060b
0bc0
fdae
ff0c
07f7
ff67
f7c1
017c
03f6
f99c
fca3
0603
fe63
f8cf
0322
0317
f89d
fd11
052d
fcdd
fb6b
0807
06ad
fccc
04b2
0986
fc63
fb18
058c
fddd
f63d
0105
0318
f9eb
ff06
0647
fdc0
fa95
0373
03f9
fc19
05e2
0450
f19c
fab8
0157
0abd
0aee
03e7
02b3
faa3
f686
00b5
0093
f690
fb32
fb40
f6f5
0103
0e08
0cd4
05aa
054a
00d3
f624
fab4
063a
ffb9
fbfe
0400
fe99
f735
0183
081b
fc32
fb2c
02c4
f904
f7a8
07a2
071b
0040
0520
0305
f931
fbde
02b8
00dd
0081
0398
01c7
fdc2
fc7d
00d5
00a0
fc51
fd80
00c0
fbc5
fd83
051e
047e
007a
037c
0423
fda4
fe47
04ec
0173
fc20
019d
00fa
f962
fd3f
0214
fd07
fb36
ffe3
fe83
fbdb
02c9
06d0
035f
033c
057b
00b5
fc67
0035
00c5
fbb6
fe22
0206
fda4
fddc
013f
ff68
fd75
02b7
0457
076b
e705
e3fa
1248
13ee
0b09
1155
06f9
f6d2
fc85
fe5d
fd90
f98f
ed67
f423
f99b
00da
0c48
163f
08d2
000e
f9b8
f9f2
f596
0175
06f4
03c5
fe05
0376
ff41
febf
013f
01ca
fba8
f73f
fa39
ff14
0081
04f8
0aaa
ffdb
fbc9
ff8a
fc8d
fb48
07f7
072b
02ae
0469
0295
fda2
fdc6
fdea
fb85
f75c
f9c0
fc3a
fc1a
0296
070b
05f0
03fe
03de
013f
ffcd
ff56
01bf
00dd
ff62
fec2
ffae
fde2
fe0b
ff5e
fc42
f979
fd0b
005f
003c
0496
0860
052a
ff98
00cb
0094
fc2a
fe8e
01bc
fd13
fedd
0303
012c
002d
00d5
00be
fbef
f658
f8ee
076d
ff82
f980
0b22
06a5
fb23
0916
0613
f9fc
00f6
037e
f854
fe16
0269
fb17
fd3d
0171
fbf6
fe9d
0148
ff79
0142
03ce
01f7
01de
03d1
021b
ffd3
0167
ff3c
fc56
fe92
fefd
fcf9
fef7
012f
febc
feb2
ff41
fdc3
fd8d
00dc
01ae
0161
0443
04a4
01d5
0220
01ef
fef6
fe11
fe23
fcae
fbf3
fe66
ff94
fe6a
0060
022e
00ac
fff3
019e
0138
ff7f
00d5
0261
0071
0135
031c
00cf
ff70
ff66
fd63
fbbc
fb03
fcbe
fe1f
fe9c
0107
0276
016a
013f
0374
02ae
0197
00e7
0254
fdbc
005a
fb5f
fe85
e316
102c
48c8
d2b7
fa90
3c51
be2d
cb0c
2dc2
ef40
e3e2
29e8
0b93
e095
21b1
217c
f470
0a11
0183
d406
f2aa
fddf
f213
17e4
12fc
f3b7
0879
07de
e617
0574
1337
ec25
f151
1aa0
f7cb
f416
21ff
0f89
e7e3
0503
041a
e512
f7dc
1694
ff15
f410
10c3
0619
e718
003a
0d96
efa0
f734
0e1f
0037
f820
0f4d
1079
fa95
fe01
08a7
f682
f067
03a7
0298
f773
fe4d
072f
fdd1
fa3b
06cb
0997
fb3e
ffa0
09ed
ff30
f8d4
09e2
0746
f5b4
fb76
066c
f4c1
f2ac
09fe
02c2
f2c4
069c
0b48
f331
fcad
0d54
fa87
f3ec
07f6
febd
0c39
09b9
06ae
0dab
ede1
ebe1
0d85
f452
ee05
1575
fa14
ebc7
1576
0c79
f788
0ce2
0c33
ecad
f421
0805
fe07
f95f
1111
0971
f210
ff76
03ce
f131
fbe1
04ed
fa91
fad2
042e
0507
017a
04d5
073a
fe38
fd15
00fd
0068
019a
03de
0443
004d
fc5b
fce9
fdd5
fb0c
fa72
fe8f
0003
fc5e
0241
09bf
01e7
0177
08aa
ff26
f991
0324
0013
fa3d
004d
02ff
fb3e
fb9d
0281
fe1c
f98b
012a
01c2
fbcc
01d8
06b7
024c
0274
055c
02d1
fd94
fe30
01fa
fd14
faa9
011b
007e
fb23
006a
030c
fddd
fd9a
03fd
0281
fd76
ee57
0dda
0b1b
efbe
11a1
0f91
f017
00eb
05de
f36e
f95a
051e
f912
f7e2
0014
0185
feed
082e
072b
0140
01df
ff63
fb99
0353
0046
fee1
044a
fd17
fa39
04ce
016c
fc3f
02ba
007c
f8e6
fcea
02a5
ffc2
00a2
0455
017c
fc71
0082
04af
ffed
ff3c
05bd
fe69
fa07
0228
ff46
fb72
0004
0028
fbc6
fd20
0162
0114
fe53
03bb
03c7
ffae
0296
04c1
005a
0028
002b
ff4e
fd6e
feec
01a4
ff2d
fe14
ff3c
fdb4
fbd3
fe0f
0085
013a
01ed
049d
0364
00e5
01a6
02a5
fe8a
fc9a
005b
fecf
fa4f
0167
019a
fd31
0018
055e
0139
0cde
d686
e132
2107
0ec6
0589
1b13
075c
f1d4
0608
010d
f86f
f7d5
ef9d
ed2b
fe63
0460
0a36
182c
0860
f4b0
fc2c
fb72
ede7
0613
0e3c
fbbe
feeb
0d13
fb7e
fd36
0a86
ff7b
f222
f8d3
fa65
f9da
01a6
0bc8
0970
fcdc
ff48
ff8d
f7d8
fcc2
0958
03ba
01f0
07db
05bd
fd45
00e2
02b3
f9b2
f3fb
fad5
f976
f542
01a3
092c
021a
03cf
08ed
01bb
ff4a
02f6
032f
fdca
fe3e
0058
ff0e
fb53
006b
011b
fa67
fa57
fefe
fd44
fddc
062d
08a1
02b4
02a0
04eb
fd12
fbe0
02d3
0023
fb86
02e9
036c
fe70
0284
0647
f82b
eed5
075a
fb55
ef0d
0c62
097c
f7c5
099a
0ac3
fb53
025a
068c
f956
fc2c
fe11
fc27
00e0
01ad
feec
048b
fe30
f87e
0180
ffbb
f83c
0357
088a
ff63
0316
0b20
005f
fae4
052c
0054
f6dd
ff40
02f0
f8c8
faeb
04df
ff0e
f94e
02a0
022c
f8e5
ffb3
0731
0171
0059
0772
03ea
fbac
009f
0301
fae9
fc2c
0191
fd52
fb9c
018f
0365
ff06
febc
0259
ff7a
fc1c
01ab
048f
ff66
00dc
0695
027d
fef7
02d4
006d
f9df
fb14
fef8
fb3b
f928
01b1
025f
fc31
020f
05c3
fed6
ffde
06a0
013a
fd57
0338
0437
fc64
fed4
fb93
fdd4
1014
fe88
031d
00ea
e6ea
f302
0abd
f740
0186
1036
0276
f4a6
172b
0ce3
f98c
05f0
ff33
e200
fbdc
029c
f6e4
0ab6
0ceb
f831
fe3b
0384
f7ab
01ca
050d
fb9d
f8c7
07e9
ff3b
0037
0f70
06a6
f985
029c
f899
f619
017d
0130
ffa5
0050
0125
fdc4
fc99
02c3
021f
fc44
026c
ff04
fe0e
03d3
0602
02a4
039e
0015
fc4e
fa09
fe01
fd36
fd9a
017e
fd76
fdba
021f
ffc7
00f2
0557
0112
00e6
02b3
00c7
00b9
04d0
005c
fd17
002c
fcef
f82b
0015
0110
fc1e
0121
03ea
fdbb
002d
02b6
ff9a
fcbf
0163
fc51
fd0b
eb79
0b82
4d53
d6f8
f40f
4458
c24e
c13e
33a1
efd8
d8f6
2ab0
0674
dd18
1ec5
1eca
f713
0cfa
0846
df13
f385
0113
f4e2
101c
127a
f4b3
02af
0919
e7a1
fcaa
1143
ee31
f1a4
14fb
fbfa
f55c
1993
0f5f
ed34
ffdb
0c81
eeff
f3bf
1abc
0421
ee11
0e78
078e
e25f
fa5f
0eb7
ee34
f40e
142f
030c
f5d8
1257
1111
f83f
0015
0a53
f69d
f228
0482
027d
f53e
ff11
074e
fafd
f7b5
0517
04d3
f999
ffba
0a30
00c4
fb52
0c12
098d
f701
fed7
0660
f3be
f31a
07db
01ac
f48d
0656
0b40
f570
fc93
0c38
fb3a
f46c
0927
0612
fa51
fc62
02ee
1737
fa91
f991
0e08
f52c
f272
079c
f929
f460
058a
03f6
f810
047d
0895
fb5f
0141
0b27
fc0b
fc5e
0846
fc52
fa1a
0708
fffa
fada
011a
fd89
fad2
ff35
0073
0006
00ec
ff53
026e
02b4
ffda
03ba
04f0
fd67
ffb0
02d6
0033
fe95
01ea
0068
f956
faca
020e
fbf6
fc26
061b
ffaf
faba
03dd
02cd
fefd
0266
04cc
0186
fda4
017c
02db
fbfa
fe39
039e
fe06
fb2e
00fb
ffb8
f9ef
fe5b
0281
fd0b
ff34
069f
03ec
00c9
0603
0396
fcba
fecc
007d
fc50
fd70
ffbf
fd28
fd35
feb8
ff6b
006c
fed6
003a
0402
028f
05ea
02a2
e62c
f4c5
1691
0eeb
0314
0b76
00be
f2a6
fc93
0373
f9bf
f598
f743
f741
fdc2
07d0
1197
0f2c
01ba
fce6
fc0b
f603
fa54
080c
039f
fb30
0168
0420
fa83
015d
08a9
fa3e
f64b
fda4
fb05
fc43
06d0
0af6
0309
fe68
0148
fcde
facc
031f
06ac
014c
0010
02e7
00a0
fb96
00a4
0124
f747
f961
ffef
fc21
fe9f
07ce
070c
ff9d
02f8
04ec
fd49
fe82
0425
feea
fbb7
ff79
ff5e
fc39
fe9e
017d
fecf
fc18
fe36
0083
ff71
00ea
061d
04e9
ffd5
01d5
01bf
fc42
ff12
0429
0030
fe68
02ba
ffba
faa0
ffa7
0283
ffee
f513
f6d7
fbb1
fa7c
0c4b
1619
00b2
01b4
095c
f9b2
f68a
0970
fc4e
eeae
fe87
fe58
f861
07b9
0b6b
00bc
008b
fba6
f9ef
fda0
01df
04cb
082e
0477
ffbf
01bc
01f1
fa0a
ffa7
01e1
f5d5
faa2
03bf
fd6e
fe0f
087d
fff1
f87e
01b3
0211
f9a8
0392
08df
00ad
0240
06ed
0002
fd98
ffec
fb71
f851
fbbd
fce1
fd0f
015b
03a9
03a8
02ed
021c
0244
0246
ffa5
008d
021c
0020
ff56
022c
0041
fcb7
ff39
fdba
f91d
fc97
0016
fec6
00c7
046a
027a
ff36
00e3
0170
feef
ffd1
0332
00ee
ff97
01e2
01f0
feb0
ff95
fb5e
f62b
0a43
02cf
f06f
0229
054c
f975
060b
080e
feea
035c
0264
ff1b
0590
fdf5
fb79
014c
fb70
f665
052a
0108
fb6b
027b
0390
f914
ff40
04e8
0096
febb
0568
00be
fc34
01e0
0434
ff02
ffd9
02ea
fec0
f91f
fe9f
02c1
fab1
ff2b
04f6
ff2f
fccc
03cc
0398
fe88
00d5
048d
fdc4
fd16
0322
018b
fd74
0086
0268
fc4d
fb6a
01d4
ff24
fb2c
0117
013a
fc71
ff7c
035b
00ff
010c
039f
0330
ff17
ffcc
023a
ffa2
fe30
0007
fe4b
fc72
fd6d
0110
ffc3
ff96
0200
0202
fbff
01ee
006a
ff76
f711
00aa
d9e9
378d
4497
b561
1adb
3e5e
94d8
e3c1
34b3
d53c
e8a0
3855
f1f9
e824
3098
16c3
f360
15bc
f3bd
d522
ffcf
f77e
f4ab
25ec
0c84
ef24
14cc
00f8
dbaa
0c73
0e75
db34
facf
1fdb
ed29
fb50
2b32
056a
e512
0c8c
03bd
e14a
feee
2006
f9c2
f22a
195b
ffb6
dda4
04aa
0aa0
e452
f8a3
122e
fc70
f910
1881
1303
f946
0349
0cac
f13f
f03a
069c
0095
f2bd
00b5
0840
f9bd
f738
0966
06b7
f5f4
013c
0dff
fc70
fae0
1232
07b2
f20d
001d
06ff
ed24
f40c
0dc9
fd99
f11f
0d23
09a7
ee92
00f3
1024
f3e8
f493
0ebf
0059
f0d1
08f6
1de7
fc9b
fa70
0ba0
f62e
eea1
07ba
fd04
f735
fc14
049c
0124
fe39
06bf
0a09
fa01
fbe1
0404
fcc3
fb7b
0779
07aa
fd6e
fdba
0561
fbbf
f1f9
02ae
024e
f2dd
004c
0ad3
f902
fe44
1000
0067
f82f
0a8b
0412
f4af
02c7
0a61
fc58
fb7b
089c
ff17
f21f
01f6
0465
f3f3
fddd
0747
fcf1
fdfc
0836
05c4
fe60
ff3c
041c
fd83
f980
04b2
0337
f8e4
ffeb
054a
fa98
fafc
04ea
001f
f7c8
00a7
04a5
fb8f
0000
0a91
02bc
fda2
05b0
0357
fa2c
feae
0477
fdc3
fa8b
021f
0181
f94a
fe40
0530
fc61
ff97
03bf
f234
fe22
0127
05da
0fab
0631
01b3
010a
f956
fc1f
0289
f91e
f832
fcae
f889
fc3d
0997
0c26
02b3
0319
0367
f639
f826
06bf
0216
ff26
074f
0255
f9e4
0245
0629
fd45
fac2
ff01
f8b4
f5ab
0042
0621
019d
0339
05a9
fd76
fb5c
0305
0224
fee5
0460
039e
fe8b
fe30
0193
01cc
fd8b
fc25
fd9b
f91c
f9f5
0194
0417
0287
0405
05b3
015d
fea4
0428
02a2
fb57
ffeb
0236
fb60
fde9
03ed
fd85
fab2
ffd8
fceb
f8d2
0108
0475
0159
03f4
05f5
01af
ff79
0090
0026
fe07
feaa
004a
fe66
ff8c
01a8
0298
ff48
009c
00d6
08c8
f246
d085
035d
1bd9
0873
143f
130b
fa48
fad6
0454
f94d
fe05
f067
ee41
f5fc
0265
0495
160f
10f8
fed5
f692
fcde
f201
f8ce
0a2a
05ab
fc67
067e
054b
fdb8
04e9
0406
fc22
f546
f836
fb85
fdbc
0173
0c1f
0385
fae8
ffc3
fd0b
f7aa
0342
08d7
02ee
054b
0848
0297
fe7c
0170
ff5b
f73b
f5a0
fa9b
f7a2
fc58
04d1
05ec
0331
0402
030d
011f
00be
022e
029e
ffd3
fef1
010d
fed2
fd4b
0163
fe6e
f908
fae4
ff2f
fd18
0078
0740
05aa
008d
02b8
0177
fd05
fe1b
0227
ffbe
ff39
03cf
02ef
ff43
0202
00f6
fd82
f99f
f658
f63e
058c
0181
fabe
0a3a
07b5
fd32
08a1
0488
fb9d
02d3
0133
f84f
0154
ff57
f8b9
ff9e
00f0
f898
001e
0228
fca9
008a
060d
0033
01d4
0794
04b1
fea6
02a6
002e
fa96
fd4b
ffff
fc06
fdbf
00b7
febc
fd50
0104
0247
fea2
ff21
00bf
ffc2
00a4
041b
03a8
01fd
015a
00d0
ff11
fe1e
fe77
fe70
fc5c
fd1d
febc
ffe0
00c9
01e8
0226
009d
ffdb
00b3
ff51
ffd6
0202
01f1
010e
026e
022c
ffaa
fe4e
fed9
fbdc
f9c9
fd63
fea2
fda5
013d
0428
01a5
015b
0450
030b
ff98
01c0
008e
fe56
fcfd
00b2
f7fd
f861
e5e9
3c5a
13dd
d045
2e3e
0940
a808
0c95
1718
dab2
052e
291d
e7cb
fb3f
2e44
08a7
f80c
1193
e846
dce2
0197
f30a
0046
1d7e
00b3
f7ca
1152
f58f
f153
12fa
0235
e502
0813
0f6a
ec38
0a1f
20f2
f573
f22a
0ce2
f363
eaef
0a86
0fa2
f3f1
ffc5
1155
f471
edc5
0d69
ffde
ee29
0694
0ad0
f9f8
026e
12a8
036c
f904
0465
0117
ef87
faf0
04e3
fb23
f9b7
0588
033d
fbb4
0073
0981
017d
fb3e
05b2
05ed
fad5
01ac
0ae4
fdd4
f725
01fd
fea1
f086
fe1e
07cd
f814
fb52
0ce8
0010
f694
0860
07e9
f583
0033
09d1
f469
f6ac
2565
ff99
f1e6
1c29
f03d
da67
0e5b
038b
eab8
0ce4
0511
f357
09e6
0e40
0557
06b0
ffbe
f63f
f8a1
fa51
fecc
07bc
059d
fad0
fdce
01b1
f5d9
fb1a
0bac
fc6d
f6d3
095d
035d
f659
0991
0e32
f62a
f98d
0e33
f9ed
f2c7
10e4
0876
f12e
0560
08b0
ee7e
f803
0b81
f8bf
f343
0b84
0542
f699
0930
0ead
fbd4
fe7d
06ba
fbc9
f62d
01b5
04ba
f9af
fc18
04d8
fd5b
f853
023d
051f
fcf5
fcd5
064b
0239
fb3f
073a
0a71
fab9
fe85
0721
f9ce
f5e1
05fe
02e5
f584
00d8
0682
f89f
fbfe
0904
fec4
fa3f
0650
0b02
e9f2
fa5b
2205
f024
f731
1c51
fb0e
eda9
0739
02d6
f1ad
fe25
0511
fb1b
f70f
041d
0734
0226
02cd
06ce
04e3
fa44
fa8d
087e
ffa8
f61d
08e7
042a
efff
0212
0b92
f4ee
f98a
0c07
fc4b
f201
07fa
0954
f72b
0326
0ec9
f9ee
f75d
0cbe
0087
f1eb
062a
0703
f2d5
fe04
08b0
fc45
fa57
0588
0276
f881
fef5
08b8
fe75
fc80
08f8
0425
f965
0155
05e3
fb88
faad
04bc
01b7
f810
014b
062b
f98e
faa3
05f8
fea8
f7f9
03ef
0712
fb85
ffaf
096c
ff55
f9b2
055b
0355
f69a
ff6b
077e
fa83
f91c
08f6
0076
f945
0638
1431
df08
d80b
1cb2
1350
fc62
1cb1
106b
ed50
fd3a
0a13
f527
f341
f6e4
f2f1
f38b
05e1
0f98
140d
07fd
ffe3
fab0
f3fe
f1aa
056a
0777
fcf1
032f
098c
fa49
fdd9
0c2c
fe3c
f2fc
fd9d
fb21
f4bf
05ed
0daf
0408
ff95
031a
fbcf
f4f3
ff98
08de
ff4d
019a
0ab1
0293
fd31
067a
02c0
f63b
f7ab
fcc4
f59b
f5b5
060f
0701
ff66
0662
0860
fc40
fe6b
073f
0117
fbc1
038f
02ad
f9da
fec9
04f4
fb5a
f822
fe6d
fc59
f9c0
0239
08c0
0419
0302
0767
031a
fb94
ff3a
02ae
fc5c
fb35
02c0
0130
fc76
0378
06aa
fd7a
f058
fea3
04f3
ee8f
024f
154c
f8c2
feac
1260
fd8d
f786
0c60
fe94
f32c
01f1
0092
f733
02a7
0588
fe9f
ff6d
ff2d
fc3a
fcd1
fef5
02b3
04e1
0494
02af
0460
01fd
fc00
0003
014a
f893
fc3f
02ce
fd54
fd1f
060e
00be
f990
ffa9
017c
fa28
ff07
06ed
0141
ff26
072b
04ce
fc3b
010f
031b
f9cd
fa21
0127
fd97
fbc0
0340
03f0
fe09
008b
0499
ff7d
fd2c
036e
019c
fced
01c4
0322
ff89
00b9
01d8
ff23
fce2
fd4a
fed5
fd32
fcee
0042
00ef
fdbd
0048
03eb
ffa0
ff23
056f
02dc
ff24
02bd
0321
fc07
fcb5
fc19
fb50
09b5
0631
03ae
fae1
f2eb
f77e
0506
fbda
0383
06e9
0090
f83c
11ef
0a00
fe00
0555
fed4
e755
fc37
01ab
f8c1
083c
0a95
f9b2
fc61
041e
fb31
00f0
04d7
fe4d
f8d2
048f
ff53
01b7
0b6d
0507
fd11
0255
f74b
f939
0238
fd77
fe89
0402
0042
fc39
008c
034c
fed4
fe47
0416
fd23
fdd2
0474
03af
0074
05b5
01c6
fbe2
fbb7
fedc
fa77
fc47
01b1
fde4
fd68
02a1
00ac
0109
04fc
0138
00f3
01fe
fff3
ffd0
0414
0044
fd33
ffaa
fd30
f92c
ff9e
00c0
fd9a
01b1
0381
ff56
ffef
027b
fdb7
fb1d
f072
f348
5373
f132
d5d7
4bd6
e7fe
a687
2abb
0730
cc2c
1c44
1a1b
d649
1073
27f9
f9ec
0681
12a1
e065
eba8
03f7
f07c
0894
1c14
f8b2
ff5e
11a7
ebc4
f362
14ff
f490
e660
1133
03f8
ed58
130b
1aeb
f1e5
f889
0ed2
f3dc
ea82
14c7
0f0a
ee57
0755
1210
e877
f0ea
0f9e
f589
eba3
0db3
076b
f2a0
0995
168c
fe00
fccb
0c43
fdd0
f068
ff82
0529
f8f4
faa5
0694
014b
f80a
ffb1
0847
fb99
f91e
0854
048c
f8ab
068f
0db6
fb6f
f92b
081e
fbdf
efb2
043a
084b
f405
ff3f
0f32
f9f2
f5ec
0c06
00b5
f0b6
03d2
097d
f7ed
001a
fe4b
0e1e
0b33
f687
07d5
01a2
ef58
0586
ff67
f329
0007
0382
f844
0296
0738
fe76
fdf8
08c0
feea
fa80
087f
04fa
f8bf
0529
0383
f6e8
febc
004d
f9a9
fdbc
0144
ffd9
003a
0028
02d9
0294
fdde
0188
055c
fce8
feb4
05d2
003b
ff48
0379
00e5
fcb8
fcbd
ffb6
fb9b
f821
020c
0264
fb7b
0325
0670
feaa
0181
04f3
00bb
fd6d
01cc
029d
fce4
fd15
0353
fdbc
fa97
0239
0140
fac6
feed
0256
fcff
fd73
04cf
0330
fe95
03de
069f
feb5
ff1b
0451
fed6
f9ee
015a
004e
f86f
fe93
023f
fb0c
fdd6
03e9
00f2
ff21
0587
0a30
fa0a
e819
fd59
1192
09a5
06c8
0ad8
fbc9
f4a8
0126
0124
f78e
f98d
f87b
f368
ffa4
0b53
0f2a
0cba
0517
fd24
f8b0
f757
ff2b
047a
ffcd
0047
00f3
fd2f
fe6b
05c0
022f
fac8
fc15
f9e8
f846
01f9
075d
060f
0519
0190
fd47
fb38
fd12
00e1
02c2
02bf
031d
0371
fec5
fe98
0149
fe16
fad6
fd2a
fbd3
fa62
ffea
0539
0396
02ee
0550
01d6
fdaf
01b5
02a9
fdfe
ff0c
00fd
fbf8
fb8e
00b2
ff7e
fbb0
fee4
ff31
fba3
ffb8
04bb
0414
041b
042f
0172
ffb2
ff7b
ff15
00f7
ffb5
ff3f
0069
fea5
fd56
ffa6
ff19
fe73
040d
0080
f1fb
f544
fea4
0600
1433
0c8c
0002
053a
feb2
f789
00ba
024f
ef43
f711
fddc
f994
041a
0f53
04f2
02ad
0040
f966
fb7f
0249
0303
047c
03eb
ff48
fde0
012d
ff2a
fba4
03ca
fd84
f6bd
feb0
0238
fc50
035f
05cf
fc4b
fc33
0282
feff
ffae
0852
05f9
011b
023e
0101
fca7
fd3c
fd54
fbab
f9b7
fc1f
fe61
0099
030d
05c6
0460
0237
00de
026c
ffc8
fe39
01d0
008c
fd7a
ffa9
0102
fe00
fd61
ff42
fbae
fa9b
ff8d
ffec
00e2
04c5
0430
020e
00d3
0146
012d
ff20
ff7d
00f8
fe17
fe38
017e
0099
fdf3
00ed
0245
f683
f759
0e67
00e7
f154
08fc
0698
f764
0831
0986
fa6c
ff80
040e
fc7f
0094
00e0
fddb
fca9
fb7d
fa1f
0125
fec6
ff14
0434
0348
fdf4
0347
04b5
ff75
0039
043a
fd79
fc39
027b
0060
fde1
0135
0242
fcd7
fb96
0006
ff15
fbb1
026f
02fa
fe68
01ef
0568
017e
00ad
03e8
0160
fcbc
fee2
ff9c
fb59
fc6c
0056
fe57
fd68
0156
0269
ff52
ffed
0383
ffb9
fd07
032e
02cd
fecc
028b
03f8
fef3
fdf0
0046
fd64
fb4e
ff6a
ff79
fcee
fef8
01a0
0046
ff94
033e
03fa
fffb
ff11
0340
fe28
fea8
fd10
fee3
e126
05ab
6059
d45b
e11c
52db
ca07
aad3
34e6
fb42
d133
2891
19f7
d898
1a90
2bab
f823
0686
0887
d65a
ec49
fde9
ee53
155b
18d5
f2e8
07f0
0f6e
e23b
fef1
1a48
ebce
e9ae
1d3d
fc66
eb02
2047
18c0
e5b6
ff81
0d30
e6d5
ee5a
1aca
0793
ec00
0dcc
0fa0
e2a1
f712
1514
f1b5
eea6
1106
05e0
f2ce
0cb5
17a0
fbdd
f98f
0c74
faa2
eaff
0243
077a
f4cd
fb09
0a74
fe99
f5aa
05b8
0c14
fa3d
fd42
0cec
0241
f668
09ce
0c2e
f3ef
f7dc
0914
f54f
ed69
0a95
07be
f0a7
0512
1102
f433
f77b
107e
fd8b
ef34
09b4
0662
ed08
10cb
19ce
f6df
f8ff
0743
f982
f5ec
fa7b
06f3
f8cc
f333
0b5d
0913
f80c
080c
0d40
f7da
f5be
0814
0202
f450
05e0
10b4
f58e
f6f1
0d5b
f866
ed27
0941
04da
f07d
0201
0dd7
fa30
fbf6
0df4
02fb
f65a
054b
08e1
f960
fea9
0d73
fd87
f36c
04fb
00f5
f2ee
fe32
05af
fab4
fa2b
0604
06e3
fd1b
03df
0baf
fd72
f8e0
069f
ffcb
f595
01a7
06a9
f8b2
fa27
073e
ffc0
f6d1
04b4
063a
f723
fe60
09af
fe28
fbfc
09c9
0507
f858
012c
0752
face
fa5b
0769
012a
f5c3
011f
05c9
f83a
fa84
0861
003d
fd93
faac
ff27
00ec
f7b1
105a
0edb
f84d
03ad
0618
f45a
fb9f
07c4
f722
f36e
fe24
fddd
fb21
094d
0e6a
0212
ff5f
0355
f98f
fa17
052a
0486
fe9c
0019
0216
fec5
fd99
04f5
02b5
f8e6
fb72
fdf2
f9a6
fe0f
0629
038f
ff25
011f
01d4
ff64
00ec
039d
032c
fe7d
fed1
024a
fcf3
fdd0
040e
fe45
f93c
fe9b
fe28
fb2c
ffe7
0675
02d2
00a2
06c0
0391
fc8a
02b9
03c2
fc59
feda
023c
fe83
fb3e
ff67
003b
fa81
fb7e
00f4
fd9e
fd8a
05dd
066d
0047
039c
054b
fdd6
fcf2
02f4
ff20
fbb0
fe8d
015a
fce4
feba
0304
0362
fdcb
0d50
f46b
cbf8
0640
1f7c
055a
1092
14fb
fcfe
f7a4
0383
ffa2
fa4f
ea34
f34a
f74a
fd1b
06d2
1ab1
0cec
fcb1
fc0d
fdc1
ecec
fad7
0cd9
01b8
fb46
0b68
047e
f8a1
068b
06e3
f748
f589
fc50
f8d9
fae4
069e
0ce0
ff63
fc6e
030d
f9da
f601
07b6
08c3
ffd9
06af
0a0a
000c
fdec
04f7
fd6a
f3f5
f7a6
fb94
f3fd
fd66
099d
04b0
00a3
08f4
03e7
fc2e
00f4
0569
ff31
fdc7
0313
018f
fb27
ff04
02c7
fa50
f785
fe79
fe34
fac8
050d
0a2f
02bb
0216
06aa
fef6
faaf
0163
0196
fb90
ff65
0586
ffc2
0036
0665
fecb
f222
000e
0466
ef28
fc41
0c69
fb8b
ffb8
0dbd
03c5
fd3b
06d9
0160
fc33
fe0e
feca
fe97
fe47
fc45
0268
ffa5
f8f1
000e
022b
f956
fea5
0930
0224
fea4
08c4
0623
f9c9
0146
053c
f9ed
faf0
048c
fc98
f806
02b9
02df
f977
fe8e
04b0
fb25
fbb0
0747
0420
fdd5
054d
070d
fd49
fe32
0456
fe3f
f93f
fec8
00f1
fa7b
fd54
0540
00db
fc9b
02e6
0359
fbca
feb5
04ed
ff5a
fd2a
055b
03ff
fe56
0212
043a
fd3f
fb22
ff82
fe1c
f864
fdc9
033e
fd85
fd64
060f
0264
fc46
0494
0544
fdd9
fe90
06ca
facf
fae7
ee23
0ba2
34d6
e0ae
031d
2850
c46a
d9dc
23f6
eae0
eef3
251c
05ff
e487
2278
1b58
f37a
0ac3
029a
d51c
f720
0152
f33c
13e5
1375
f5fc
03f3
04aa
ecd0
0427
0a8e
ef49
f36d
112f
f8bd
fba6
1d6c
0c8a
f1a7
0760
fde7
ec79
fd88
0cc4
fec7
f8e0
0a2b
00b4
edec
0153
0847
f179
fcd2
085c
fe4a
ff0c
0e6f
0b56
ff6d
0119
04f7
f629
f5bd
0282
fdfe
f988
fe23
013c
fceb
fbee
049b
069e
fd68
020e
070d
ffee
fea4
0966
052c
f9ff
fe24
0104
f448
f7dc
05ad
ff15
f962
06fa
053d
f786
00bf
075e
f998
f9b5
0637
fe8a
f369
025e
3302
f5b0
f363
2b12
e141
cbd4
1e46
fc30
dce0
17bf
07f6
e6bb
110d
1724
ff83
04dd
072f
f0d5
f30b
ff51
022c
07ef
09a2
ff0c
fe9d
ff98
f32c
fa61
077f
f576
f7ae
0be8
fe9b
f92c
1176
0b76
f4bc
0191
0bd2
f461
f859
1301
02ae
f275
094f
044f
e930
fa40
0b02
f2c8
f555
0fed
02b8
f639
0e13
0f58
fa8b
00aa
09d0
f967
f514
04f4
02e9
f5a2
fef2
06e6
f8ea
f797
054f
0182
f898
00e8
0759
fece
fe8e
0c6a
07a6
fa5f
022e
0559
f4c3
f724
06c3
feba
f63e
055b
070e
f70b
fe69
09df
fb4c
f815
06f8
0353
fd43
00e0
f707
13bb
0188
f4c0
110c
ff10
f049
05f4
fc0e
f246
03f1
03ac
f5d6
010a
05be
fbb4
028d
0e74
ff10
fd9b
0828
fb60
f79d
0967
0077
f9ff
0364
feeb
f93a
ff86
024a
ff38
fd97
ffe0
ffd2
fc9b
0105
0646
0344
00b0
0494
0035
fd73
01dc
0119
fe07
fe82
fb96
fd7c
fe82
fcff
0242
01f3
fbe3
00c4
027a
ff03
0240
04e5
0121
ff09
01d5
0166
fd03
0047
040c
fdee
fd98
019d
fd9a
faf4
ff70
ff9c
fcda
ff3d
02ed
0117
0084
04fe
03c4
fee2
00e9
0272
fe08
fe17
014e
fe6b
fc54
ff06
fdf9
fe05
fe95
ff24
ffcf
038c
03e6
0f4f
e3e3
e232
1c2c
141e
00bd
13dd
0723
ee6d
fc77
0568
f8c8
f684
f54b
f1bb
f90e
069f
0dd2
158d
091c
fc81
fbd9
f9dd
f376
051d
0981
fb35
fd3a
0762
fae4
fc2f
0b49
ff79
f434
fc84
fbc5
f93f
042d
0a47
0686
fdf4
0023
feca
f970
ffbf
092d
02f4
002b
0524
02ce
faff
ff7a
0249
f7fd
f63a
fe3d
fb8d
faee
060b
0816
00fd
0315
069a
0006
fe9b
0467
01e7
fc81
fe39
ff5b
fc93
fb80
0011
008f
fa91
fc0d
019a
fe4f
fea6
081c
0680
ff1d
03dc
04a8
fbb4
fe10
047c
fed5
fbe0
021c
00c5
fcc7
0066
027d
0043
f5af
f58a
07a8
faac
fb10
1383
03b1
f828
0bc6
032e
f628
06a7
051d
f405
fd18
01ff
f925
ff0e
059d
fec1
fec6
fe9e
fd4c
0083
0220
018b
0654
04f5
fd76
024d
054e
fab6
fdc3
0520
fa00
f987
035f
feb4
fad6
0316
018d
f98f
fea8
03cb
fcea
fedc
07b9
03c0
0028
0502
02a3
fdf1
feda
fee8
fcb0
fbc0
fda1
ff0d
fed0
ff6f
0229
0378
fe7a
00be
04c4
ffeb
ff02
0573
020a
fdc5
0205
0225
fc0f
fd42
00d4
fb1d
f9eb
006d
ff7a
fd2c
02f1
0346
ff09
ff83
019b
00e0
ff66
01fa
0504
009c
fee7
0359
ff08
f9f2
fab8
064f
0610
00df
fd3a
f5c2
f472
0267
0273
01c8
05d1
0785
fb78
0589
0d99
001a
fd0b
0048
f1cc
f4a8
01b8
fdd1
043e
0686
ffd8
fd2d
002d
fcd7
01f0
029f
fdf2
fb9c
0319
ff87
0077
0b5a
04c4
fc62
0260
fa40
f6a3
00c6
fee7
ff0a
024d
0398
0007
fe83
01bf
0224
fc0c
0037
001c
fdf6
00e5
0436
0396
01f6
0212
0135
fb07
fc73
ffad
fb8f
fd11
ff58
ff0e
ff07
0048
0318
0396
00bd
027e
0241
ff34
ff5d
02a2
01d0
fe9f
ff55
ffe9
fb28
fc61
00a6
fec6
fdb2
02b1
fff2
ff61
ff8e
0368
f90e
feba
e1cd
2512
4747
c037
0dab
42d7
a62c
d8b6
36a6
db70
e226
34cc
f667
e30b
2b06
16b8
f210
1545
fdb4
d824
fb43
fcdc
f1c2
19e3
1151
f42d
0e4e
068a
e1d9
05db
0d67
e20c
f72d
17fa
f2e2
f9ed
21f3
0a52
eb14
0741
07a1
e746
fa39
1c11
fd76
f221
143b
0291
e2c7
0244
0b7f
e93a
f7ac
1147
fb56
f6bf
144e
0f4c
f97a
040d
0b72
f4b7
f390
0509
0117
f595
0125
069b
fa9f
f8bf
0624
041d
f84d
ffba
0b64
fe17
faf9
0f65
088d
f468
0049
0653
f033
f5f4
0c4c
ff1d
f379
0b05
08b2
f0a9
0093
0dd3
f57a
f552
0cf2
0171
f4cb
fc84
19d6
08f4
f12e
0bb1
0506
eabe
02cf
0473
f324
f90b
087d
fee9
fba8
0720
0797
f9b8
00c6
051b
fc29
fd28
0509
0250
ffda
0011
01a8
ff17
f789
fdfc
0210
f919
fe19
06ed
fdb2
fc6b
07d8
033f
fb2e
0464
05b0
fba7
febb
06d7
01f4
fb27
030a
02a6
f685
fd0b
04f6
f996
fae7
055c
ffa2
fb8b
04f7
05df
fe29
fe55
04ab
ffdd
fb67
042d
0435
fb49
fe5a
0311
fcda
fb0b
02c6
015b
f95f
fe84
03dd
fd19
fe82
0798
0354
fe66
0419
044a
fd33
ff24
03ba
ff29
fbd8
ffbe
000c
fabc
fc71
0388
ff88
fd63
0891
fe45
eb70
f907
0c9b
0df6
07ff
09b7
027c
f833
fc67
03ca
fa7f
f60b
f8be
f526
fa61
0746
0e67
0b63
0497
0036
fa72
f587
fd8f
05b0
0191
00de
03eb
ff6d
fd10
04fe
05f9
fa7a
fb37
fc58
f5db
fb42
060f
0525
0307
03e4
0142
fb74
fd2e
0244
009f
0109
0404
015a
ff11
005d
030e
00d8
fc0b
fc42
fc00
f829
fcc8
03aa
0329
0236
0594
0372
fef1
015a
0394
ff78
fdcd
0140
ff2f
fd31
013b
0194
fc92
fc82
fdb4
fb25
fc5f
02c5
0333
0322
02cb
0280
00fc
ff32
0003
014c
ff29
ffba
0146
0080
005c
016a
0130
fdf7
ffb3
033d
f6d8
e73a
f4de
09a3
0f9c
1289
09ee
060b
000c
fc1b
fb32
0457
f45e
f105
fb1b
fb1e
fe9a
0efd
0b86
0101
fee1
f984
f745
fc3f
03ab
04ec
054a
02bf
01ab
020f
0330
fd3b
018a
fd92
f52e
fbde
0236
fd10
02c4
068e
fc5e
fc0d
003e
fc4b
fd3c
058c
04c8
04c9
055e
05ca
0152
fe14
fe15
fcb4
f70d
fa28
fc79
fae8
ffa2
04d2
039d
01e4
0417
0267
0013
0158
037a
00dd
0058
0121
00c2
fda5
fe9a
fe70
faf1
fa1f
fcc6
fedc
ffaa
01a0
05d4
0446
007e
022d
01e9
fdb9
fe64
01ce
ff99
fef2
02f4
0246
ffb6
000e
0178
fc65
f563
f79a
09e9
013d
f510
0896
06cd
f8ad
0a40
08c8
f9a7
0234
03be
f6fa
016e
0380
fadc
fe5e
016b
f881
fe8d
015a
fd38
fff9
047d
ff1c
0144
072a
043b
001e
037d
fe90
fabe
ff5b
feda
fd65
ff88
ffb1
fe11
fe39
ff93
01ae
ffa3
0197
017e
fe80
008e
02b9
fff8
01df
02f3
0063
ffb7
000f
fed3
fe2f
fdf4
fdd9
fe46
ff2c
0069
00c5
010d
00b2
0056
ff29
fe93
001d
0106
00fa
0294
030c
0132
0069
ff80
fe3d
fcfe
fc8b
fd9f
ff26
fe75
ffd8
0222
fff2
ffd1
0272
017b
ffc6
02a2
00d1
ff74
fea9
02c7
f72e
f747
de14
4dec
1ef3
b600
363f
1c35
8d53
0781
2883
d10a
ff37
370b
e4d0
f4ed
348d
0d0e
f4a6
15e6
e8ba
d739
00eb
f248
fd72
23f1
0106
f43c
15c7
f6e4
e851
16cc
076e
de0a
066f
171d
e7eb
05ee
29c1
f7e4
e95c
102c
fa2c
e21b
08f0
1a8b
f0ea
f893
18cc
f443
e34b
101b
056d
e7ab
05b7
1232
f839
fe71
1859
06e3
f435
0427
052e
ec64
f6a1
0868
fd3c
f597
0612
071d
f9ac
fdca
0cd5
0276
f7eb
05de
08b0
f835
fec5
0f8d
ff2a
f2d2
033b
01b6
ed04
fc02
0d48
f9a4
f5dc
0f52
0305
f028
0786
0c20
f1e5
fdc4
0ecf
fab8
f505
0d2d
121e
f949
0156
03ce
ee74
f6a1
0928
f871
fc7c
026f
0219
0071
0470
08a8
0498
faf3
ff7b
fed7
f993
00a1
078e
00d7
fcee
fed7
fe04
f907
fa55
03a3
00f5
fa56
03f7
0729
fa95
0288
0cf4
fbae
f89e
0aca
ff83
f557
08ad
08db
f702
febe
0726
f78a
f682
07c1
feeb
f46d
0573
0720
f939
0360
0b40
ff79
fcb9
0389
0018
fac2
fef3
050c
fe98
fa33
01e7
00d0
f8ac
fde5
0456
fd27
fab9
0577
041a
fc21
0515
0a19
fd89
fdd8
05ed
fdc0
f757
0277
038c
f90d
fdf5
0497
fc79
fb29
0516
01f3
fc4d
0215
0b5f
f82d
f038
10c9
fbed
f8fc
15ea
05c6
f32a
0041
012f
f58b
fc26
0274
fbed
f5fe
fde8
0686
04ad
057c
08eb
05c2
fb3d
f7fd
02c4
014d
f8de
0668
0679
f588
002f
0ad2
fb8a
fa8c
0680
fc4d
f0f0
ffbe
0738
fc72
0307
0d46
ff30
f831
06dd
031b
f7d8
03a0
077d
f7be
fb8f
0440
fd7b
fa5a
0201
00c4
fa39
fc34
0566
02a7
ff66
07a4
06f0
fd9c
ff36
042c
fec3
fab0
00f8
01dd
f940
fe07
0536
fd6d
fb14
04b1
001e
f889
0052
0663
fdd9
ff80
08f0
01f1
faef
0358
01dc
f872
fe6c
04e8
fd96
fb07
04f1
015a
fbfd
0170
1147
f4f2
cacf
050d
1e59
00d5
14ae
19a0
f7fb
f71b
0934
f9f3
f7d0
f2de
f1d2
f1e4
004b
093f
1566
0e0f
0217
f941
f77f
f064
fb71
0a2f
0390
0057
0985
01cf
fb56
071b
029f
f73c
f72c
fa87
f740
ff03
0a4a
0a28
0198
007e
ffbc
f755
f985
0466
0429
0106
08bf
0771
013f
02a6
04ba
f9e1
f607
f934
f777
f3dd
ffdb
0688
029b
0452
0825
00b6
fe4b
0455
0355
fec6
0232
0247
fc48
fd34
01b4
fe58
faff
fcb8
fc5f
fbb7
ff6a
048d
04f5
03b1
03b4
0373
ff26
fe3d
0236
0039
fd2a
0114
0332
fe5e
ffcb
0538
fd14
f458
fb6d
058f
f606
f8a8
0ce6
011a
fc6e
0dbc
05de
fa51
04b2
036c
f86d
fe2b
024e
fc4c
fce4
01d8
ff7d
fe60
ff01
fed7
fd8e
fe5b
ffbc
0385
0535
02ff
033f
036d
fedb
fe1f
01b3
fd67
fb3e
0053
ff13
fb24
009a
0277
fbf8
fd3f
03b8
fe74
fcb8
0466
0307
fdf7
0343
0559
feda
ff46
0338
feac
fb7c
ffb3
009c
fc10
fe57
02ee
ff78
fddb
02a7
0121
fd89
018a
031e
fed3
0027
035e
0102
0013
01e2
00ef
ff30
fdbe
fe4e
fe39
fc2a
fcbf
0001
ff37
fd66
018b
0327
feb2
02dd
0534
00d5
fee5
053b
fbc4
fbf8
ee6a
0c8d
2b30
e5d3
0831
1e38
c961
e4d5
1bf7
ec91
f48c
1f28
019e
eb23
20bc
15a2
f712
0b2f
feda
da06
fa5d
fe74
f556
1363
0e33
f540
0544
02e3
edff
058b
09cb
f087
f851
10a9
f8b0
fd8c
1b49
088a
f33f
075f
fbf4
eda1
fdf5
09c4
fd05
fbef
0a49
ffc4
f130
02f0
04de
f2f8
ffc4
072d
fd02
ffa8
0d3c
0881
ffcd
02f0
0326
f5aa
f768
0097
fd40
fae5
ff83
027d
fed7
fd8d
04b1
05e0
fd17
012b
0654
ff20
fe4f
091f
0404
f9b0
0021
01ce
f3c9
f848
04bf
fcc4
f989
07a8
0490
fa8d
0207
069e
f77a
f5c6
f519
2c21
0423
e53e
322b
faf3
c136
18f7
0c0b
d541
0f6c
15da
df1c
063c
1f10
fd9e
008d
10f1
f11e
eaa6
00b8
fee1
ff2c
0eb4
0794
ff2a
0540
fb6f
f74e
042e
f884
f050
0361
0037
f863
0baa
0f2c
fc41
fde9
0765
fa0a
f429
0c12
099a
f71c
05d5
0b1d
f1f1
f711
08d5
f6b0
f0c2
083e
02a6
f485
077d
0f29
fecb
0193
0b9d
fe12
f66b
01bc
01dd
f81c
fe5b
057d
fcc2
faee
0346
0226
fa83
fd35
02f8
ff5a
fc41
05b5
07ce
fdea
ff5f
059c
fd68
f9c6
0387
02cd
f999
0060
07a8
fc7e
fa02
05f7
fe71
f62b
0201
0566
faad
0551
f50e
0414
16c6
f4cf
03ce
0ee8
f49e
fc7f
028b
f705
fa2f
01ea
faae
fde1
021c
ff32
0002
091f
00bd
fd0e
083f
01bb
f658
07a9
05bd
f6c4
02ce
051b
f4e5
fc4c
061f
fc2a
fbb4
04ef
0073
fb41
00fa
0544
009c
fec7
0518
01a0
fb3c
0392
043c
fb47
0098
02e1
fb08
fc7a
fee7
ff96
ff40
fdf6
0132
00a5
fc0f
026a
048c
ff91
0191
04cc
0058
fd6b
00d8
01be
fc25
fefe
03d3
fe3b
fc0b
0233
fe79
f906
ffd3
02e4
fd49
00b6
062d
0242
ff7e
03dc
02d5
fde0
fe31
0223
fdec
fb43
0175
002c
fa9a
0045
02bf
fdfa
fe6b
0550
03e8
0859
e0a2
e613
197a
10fa
060c
14fa
04a5
f0f2
00b0
01dd
f830
fafb
f510
ee5b
fd03
072f
087f
141c
0aea
f8b7
fac7
fd22
f42b
03b1
09f2
fe18
fd7c
05cf
fe00
fd0c
0739
00e7
f613
f840
fb7f
fbb3
0163
0999
09bf
fe97
fe8e
ff57
f9e1
fd96
08ce
061c
0174
0580
0380
fb20
fd2d
0195
f9ee
f661
fbf3
faba
fa39
0490
08dd
04e0
03dc
0460
ff20
fe4c
0236
0239
fed3
fd97
fda2
fdfe
fd58
ffb9
0186
fcc0
fa5d
fe61
ff66
ff18
058f
0772
027e
0179
0482
ff3a
fcaf
0257
007e
fb30
007a
01b2
fc5f
fefe
02de
ffeb
ff09
0090
f0e3
fd51
0495
f793
0c18
10ff
f8e8
0510
0695
f645
fff3
097b
f4be
f9d1
036f
f6df
fc2c
09d1
fdcd
fdb1
0578
fbd9
fc16
0703
0434
0037
071d
03e7
fbcb
00cf
0325
f9b1
ff21
0203
fa38
fa99
01d9
ff13
fd66
0305
01f8
fbd1
fee2
02b4
fee2
0221
0631
0271
003d
013b
ffba
fdd9
fdd7
fde9
fc24
fb53
fccc
00f0
0272
0220
04d9
0315
fe7c
00f1
01fc
000f
01f9
0217
0049
ffa2
0062
014c
ff4b
fd3b
fd18
faee
faff
fe02
00ab
014f
0146
02da
0122
fed0
02f6
02d6
ff1c
0145
01f6
fdc0
ff8b
01e3
ff1f
fcfe
ff9c
f8d2
0071
0bc1
027d
f6b7
fcc7
fcfd
ffc6
03c6
051d
02d2
0339
faa9
0706
095c
fc41
fe97
0030
ee8b
f670
04cd
fc3a
02e0
0a2e
014b
fc76
0278
00b3
ffb0
000a
0129
fba2
000a
00e4
025d
068d
025d
fed7
0078
f735
faca
0307
fcec
0097
04af
0030
fe52
0254
02ae
0086
000e
02ff
fdaa
fd0c
016c
00c2
fd53
0075
01d9
fd5b
fc15
01dc
ffbb
fc34
021b
009b
fd04
015e
02b9
00e5
02c5
0254
013c
ff15
fec0
ffeb
000c
fee7
006f
ff6c
fc42
fd1a
0015
ff66
0034
0387
01e0
fe2a
014c
0094
fe11
fc7f
ff88
e81e
fd46
5d16
e02d
daf5
5067
d6bc
a885
30ca
ffe6
ce0b
22e3
179d
d948
178c
28d1
fa89
08ee
0c05
dc5d
ed15
ffd6
ee6b
0e7c
1ad0
f5b8
01b0
11a7
e61c
f729
189b
f0e6
e88f
1857
0154
ebe5
181d
1b00
eb76
f9b6
0ff2
eea8
ea2e
1969
0ca5
ec49
094c
1087
e49b
f231
1295
f56c
ec1e
103e
09ce
f35a
0b91
1907
fd42
f9e5
0ada
fbd1
ec4c
ff24
077e
f761
f98b
0933
0096
f520
02d4
0b26
fab3
fa59
0ba4
042e
f6b9
09e5
0ef9
f6ae
f79d
07fe
f6df
ee0d
0759
0726
f212
01dc
1015
f806
f75a
0fcd
0030
efec
0719
09b1
e6bc
088d
243c
f20e
f7c6
13ff
f889
f240
0186
01e9
f55d
f6ce
06ab
0502
f95b
0428
0b9e
fda0
f7e4
07a0
0724
f5be
ff8c
1068
f917
f302
0cbc
fe00
eae5
06c5
0952
ef45
fe5f
100e
fa01
f8ae
0eed
06a9
f5fa
037b
0b73
fa2c
f919
0d91
0234
f108
041c
06d4
f23f
fb88
07c1
fa0a
f6cf
0648
0786
fb06
01f1
0c14
fd9a
f805
0809
034d
f6c7
01b7
07e7
f9a5
f928
0660
0083
f626
0245
0704
f804
fb9c
0901
0048
fa37
0778
081f
faae
ff27
0926
fd8d
f82f
05be
030b
f507
fe80
0708
f9c4
f95b
08b8
01da
fb4d
03c8
f961
eeb8
fe73
14b0
0b5f
0014
08be
030a
f535
ff54
0721
f6ea
f162
fab8
fbdb
fb90
08fe
1351
0509
fb5d
0198
fa7c
f32d
03d1
09d5
fd24
fdf5
06eb
ff82
fb62
0950
05c1
f4f5
f8c0
fd57
f625
fc84
09bd
07e5
fe96
001f
025e
fc49
fd6c
065f
0520
fd73
00fc
0622
fd15
fd8b
0814
feb2
f455
fd17
fd3d
f655
ff77
0853
02ff
000c
07f5
0426
fc5a
02cf
0573
fb9d
fc7e
0312
ffdf
faba
01a2
0328
f989
f960
0075
fc56
fa83
0583
0752
ffa6
03ce
081b
fe9f
fc2a
0399
00aa
fad6
ffc7
03c1
fe98
fe16
046c
0189
fc15
02cc
fa38
de9c
f2c2
13ce
10a0
0d05
0ef8
0a13
fa2f
fc1d
01de
00c9
eb93
f3ed
fb92
f6a0
00d5
15e3
0b9a
ff38
0071
fb6f
f1db
fab9
0879
03cc
01da
0767
03e8
fd16
02e4
01ca
fce0
f88f
f9e1
fb42
fdd0
016f
0880
04f5
fbeb
ff65
fe8e
f665
fffd
0949
007b
0382
0a2d
0240
fdc4
0410
fe93
f734
f92d
fc0b
f674
fb65
05ba
0521
0137
061f
041f
fdc5
001b
0381
007b
ffc2
02a6
016b
fd93
ffba
0202
fc65
f92e
fbc5
fc8f
fc17
0175
06ac
0370
024e
0424
0088
fe44
00d1
fff8
fe7b
feea
01b2
0280
008e
0351
00f2
f4aa
febb
08b2
f14f
f888
0ab8
fb4a
fd20
0c46
0347
fdda
076a
018f
ff24
01b1
fdf0
fe44
013b
fa19
fefe
0344
fa41
fd2d
0316
f9eb
fb26
06f4
032f
fe75
06c6
0653
fb4b
0085
04c6
fce7
fd67
032f
fe80
f9f2
fe70
0262
fcda
fd20
034d
fd5f
fa4c
030c
04af
ffd0
0406
0714
0071
fe11
0478
00bf
fb63
fedd
0038
fabd
fbf0
01d2
007c
fd41
018a
0230
fc74
fde7
02e1
005b
fe6b
03be
04ca
007e
00b4
035e
00a9
fc78
fe2d
ffdb
f977
f9ff
01c3
ff17
fc92
04b0
047f
fd39
02be
05ca
0006
fcc3
05d4
fa48
f912
e2eb
13d9
54f6
ccd6
f625
4923
b522
bedc
3635
eae7
da5a
2f33
0c70
d95e
2649
2917
f255
0bd1
0731
cf62
f108
0225
ee0e
17af
180a
f16e
0703
0b71
e41c
0353
141a
e950
ed3d
19d6
f887
f39c
2402
1386
e830
0516
0704
e5fc
f581
193b
01dc
ef6e
109a
0825
e1ba
fcff
0f86
ebb2
f402
1038
0052
f870
1329
140b
fc55
feea
095e
f63e
ef29
03e5
0347
f62d
fd66
06f0
fc5e
f801
0586
0809
f925
ff95
0ba0
0087
fb97
0e08
09a3
f6b0
fca7
0482
f1e9
f0ce
075d
01c8
f30f
0660
0c72
f4d3
fcce
0e91
fa27
f2be
0a09
02f6
f54a
0491
12d7
09cd
fe09
0d5c
f8ce
e3d1
00e0
09fc
e8da
02af
0bbe
f2c1
005f
11bc
0463
fecd
0532
022f
f6bf
fa4b
0998
036a
fa65
04ee
0143
f4f3
fac4
ffe8
fcd4
fa94
00fa
04e5
fea7
fec4
0987
0544
fa22
03d2
0988
f970
fca2
0c7a
ff3d
f81b
06e9
01fe
f0fb
faba
05c4
f601
f682
0c74
0344
f7ee
0b8a
0c9f
faf2
012f
07cf
f952
f761
030a
019d
f831
fea5
069e
fcc7
f7fd
048f
019f
f618
ffb6
0779
fcbe
ff01
0c5f
0559
fb4a
05bf
06dd
f6fd
fba8
06c3
fa0e
f608
0569
0190
f764
01d6
06d9
fb49
fca9
05b2
025f
fde6
06c4
f4d4
029f
06f7
f6ec
0d07
089d
f5b9
00d5
fe2b
f4ba
01ab
032c
f5e1
fd64
0140
faf7
027f
1183
057d
fee2
088d
fdd9
f2e4
0556
03fd
f770
0163
04c4
f854
fcbf
072f
008e
fa23
000e
ff11
f80a
ff83
07c4
02f7
00ae
058f
008a
faa3
01a2
031f
fe4d
0120
0049
fdac
fdc0
fd26
00ad
00ca
fc06
ff94
00e2
fd63
0202
0632
0348
00ec
034a
01f5
fc74
0068
0423
fce8
fce5
018f
fc37
f91b
00d0
00b5
faad
ff37
028a
fec4
009e
06b5
052e
0099
0266
0244
fc7d
fd1e
007f
fd91
fc87
002b
004e
ff05
fe92
018e
ff98
0128
0153
1165
f24b
cf73
0cfd
1ed8
01ae
1292
11f7
f405
f5c5
05ef
fa92
f92c
f112
f131
f446
0308
097d
178b
0fe5
005c
f805
fc15
f12e
fb92
0b60
024e
fadd
07dd
020f
f9d6
070e
04d7
f79d
f76b
fbe8
f99d
ff79
0767
0ae8
00d2
fde1
00b1
fb4d
f963
0695
0706
00b4
067e
0629
fd77
fd13
006e
fa29
f60a
fadc
fca8
fa35
011c
07c4
0508
02c3
05c7
01cc
fe61
0174
02ab
ff55
ff00
ffbc
fd9e
fccc
fe11
009a
fdb2
fb56
fd5d
fee5
fe82
0356
07f4
0428
0194
04f9
003a
fc0c
0176
0153
fb15
ff8b
0330
fe3b
fe72
0437
ff98
f79b
f6b6
0388
fff6
f795
07a8
08ee
fafb
06cd
08cc
fbe6
007e
05f5
fb07
fb4d
004f
fc95
fbb8
0061
feaf
ff4b
ff64
fdfe
0095
0228
0090
0422
05b9
00fe
014a
0427
fe90
fc94
0137
fcf8
f97f
ff5f
00ab
fc7f
ff91
0291
fd8d
fdfe
0277
00a0
fe7f
0329
0434
00f6
01a4
032a
ffe0
fe27
ff73
fea0
fc02
fd28
001e
ff6a
fdff
0119
01df
fe86
ffe8
0356
00d8
0063
03d1
01b9
ff02
018c
0250
ff60
fe95
0019
fd6d
fa7a
fddf
ff44
fd1e
0004
02e2
0008
0033
02ae
0192
00a0
013e
0234
ffbc
fea7
005c
fff6
f3f7
f9cf
2b4c
f77f
f41a
1e77
e498
d2fd
1557
feb6
ee6a
141e
1278
ec08
0dc7
1d82
fc2d
ff25
05b4
e4cf
ee07
0185
f782
0bd7
119c
fb55
0084
0641
ee9b
fd2b
0bc4
f65c
f264
103b
00be
f695
1753
1161
f2b7
022e
026e
eb9d
f892
08de
00e6
fa2f
0950
05ab
f359
fcea
0986
f750
f9ed
06d7
ffee
fa9d
080c
0bb6
012b
0045
0628
fbae
f4a3
ffad
ffdd
f8ff
fc8f
02c7
fdce
fc6c
0407
0852
008a
013a
0758
0152
fab4
0553
05f4
fa40
fc57
02f3
f836
f524
03df
022e
f8fb
03ac
078d
fa8a
fc4a
0857
fb7c
f756
f0f3
1287
3034
dd5c
0e5b
2ee0
c2bd
e322
2916
e0ea
e75f
2714
f39a
e76a
2273
11f7
f566
1243
0653
e268
f77a
0476
f616
0938
1159
fd88
0186
04a3
f12d
fcc5
04d6
f0f7
f914
0918
fabb
ff69
12bb
07ab
f777
03dd
04d0
f1a7
fc78
12ad
fe47
f897
0e7d
fe6b
eb6b
01e3
04e1
efd3
fc96
0be0
fa6f
fb56
115e
0893
fbda
0848
060f
f476
fa8a
02ff
fb60
fb07
0423
00a7
fbcd
fec4
024a
ff17
fc9b
0021
0368
fef9
0077
0921
0502
fbed
01b6
022d
f6e8
fbe3
0648
fd95
fa7c
079b
0340
f6d2
01f9
05bf
f7bd
fb44
08cf
ff17
fd00
f3df
0f63
11c8
eef8
0a44
0d54
ed8c
feb8
0502
f406
f931
05f1
fc9c
fbc7
037b
0322
fd7c
0524
03df
fd3e
0289
0307
fbb4
04fe
0360
fc1d
027c
feed
f809
0143
00b6
fc3c
0101
0081
fcb3
ffe1
01cf
011b
01e7
020f
018d
fed1
ffde
0398
ff9d
fddf
02e8
fd9a
fbd5
0207
feb9
fc69
0064
ff39
fd60
ffa7
0244
0198
ff05
0236
0400
ff6e
02af
0532
fe91
ff7f
01c6
fc3e
fd1e
007e
fdda
fbfa
febf
ff4c
fdf2
0098
02fe
01cc
01c6
0272
0227
0183
0038
0032
0067
fe71
fdc5
ff2a
fea2
fcba
ffcc
ffeb
ff2a
02fb
0b03
ebba
e1a5
0fe5
1534
0425
119f
0c65
f61f
faab
057b
fa65
f63e
f600
f296
f75f
05a0
0aab
11a1
09dd
fe1e
fa2c
f82f
f449
0112
07d0
00e0
ffe7
06b0
00b4
fe2c
079a
02a1
f62c
f816
f980
f79e
ff8d
08a5
088e
0059
0150
0009
f987
fe00
06c4
0303
01d1
0552
02fb
fe02
0119
037b
fbc4
f7af
fc19
f95d
f7cc
01db
06c2
01f3
02c4
05eb
ffbe
fdb9
03fa
031f
fe73
ffb3
00cf
fe08
fd85
00a4
0039
fb69
fad2
fd7c
fd21
ff2e
0559
06f4
0281
026e
04c2
fe4b
fc04
0212
ffd4
fb99
01b3
0398
feea
00af
0386
ff47
fd21
0405
f2cd
f09b
028e
fa4a
02e9
159c
03ad
0031
0a29
fded
f8b0
0785
fc00
f33a
00b2
fb51
f9a5
0975
03e8
fd0f
058e
fce0
f854
02d5
0361
fdfb
0596
0722
fd88
fed9
06bc
fcb7
fc1f
0597
fc83
f781
01ca
0025
f9fc
0138
01ee
fbdd
fd27
01d2
fee0
ffd3
05e0
0695
034c
037b
034d
fee0
fbcd
fe83
fbe6
f9be
fbf0
fd52
ffe6
015f
0307
04ca
0143
ff64
0334
00ea
ff4a
02d0
02af
feb8
fffc
01b8
feff
fc36
fde6
fcea
f9e7
fcce
00ef
ff33
ffdf
0506
034f
fec7
031f
0326
fccb
00dd
042f
fe64
ff40
046a
00ff
fd03
005e
00f2
f45c
f8b8
106a
019b
f0a2
03fb
0101
f9f1
07fd
07cb
fe42
0393
ff52
0006
0745
fea7
fd9f
000f
f549
f63f
045f
fc8a
fe46
07eb
02e4
f976
036d
053d
fff8
00ed
0655
fbbd
fcf3
0407
ff6f
0071
02ce
fef2
fc2f
fa13
fdd3
0223
fe5a
0394
03d4
fe0c
ff3d
02ec
ffed
0017
01cc
00e7
fca7
ff11
01d4
00fa
fec0
00a6
015b
fc2b
fc83
0204
fef0
fc2f
02d7
ffce
fc39
01ca
03ff
ff9e
02f4
049b
0113
fe1f
0047
ff6f
fd04
fd98
006f
fffc
fccc
fe41
0240
fe61
fdd4
0482
0166
fd84
0395
0156
fde3
fe9b
0549
f710
fac0
de16
3d54
341e
b123
23a1
3312
8f0a
f175
36c5
d29c
f226
3caf
eaa7
e9cd
32cd
12bb
f16b
16ce
f410
d4e6
fccf
f964
f619
1ede
0a01
f1be
10d3
fee8
e402
0f61
0c3c
e1af
0004
18f0
ee39
fe31
2647
017d
e76d
0bd4
02d9
e197
0075
1ed3
f53c
f3d6
1987
fa19
df1b
0b62
0a8b
e719
0063
1507
f8cb
fa8b
1976
0aff
f42d
04b3
07a1
ecce
f44b
0810
fdcf
f45f
0549
06db
f955
fcee
0b19
0340
f8bb
03ab
09f9
faff
fd75
0ef5
02e4
f287
00e1
0385
ed3c
f7ee
0e3e
fc92
f40f
0ec1
0706
f074
0520
0e11
f2f0
f936
0f49
fde9
f520
0172
142b
03dc
f509
08da
fe1a
ec91
05b8
01d9
f463
fdac
083a
fd5c
fea4
0919
0529
fa85
042a
03d7
fb49
0008
05f1
fde3
fdfd
ffde
fdc3
fbd2
fafb
fea4
0182
fb61
ffe2
0715
fdfd
feb6
0b03
00e5
fa9e
08b3
0325
f7e8
038a
0705
fb8e
fc41
038a
fc5a
f527
0043
01f5
f6e1
ff8c
08db
fe47
ff45
0a73
0471
fd3b
02f0
02e5
fb3f
fc1c
02c9
ff65
f975
ffb1
027d
fa48
fd8d
0542
fff4
fb64
030f
03ee
fd2d
01e6
0876
0074
fd7d
044b
00ec
fa0e
ffdc
0389
fb53
fade
0154
ff18
faef
0128
034a
fc9b
ff28
0898
0498
f39a
fa74
014f
02df
0fd7
0cc4
ffa3
f9ef
fc29
fb6a
fb8c
fdae
fcf8
f526
f5aa
041c
074a
08b9
0e0a
07fc
fac0
f9d5
fd0f
fe5c
fef4
0423
0324
fa7d
fdf1
0505
ff65
fd32
011a
fcb4
f2f3
fb37
06aa
01d8
04cf
0cf0
01ba
f8b1
00e9
00e0
fa4c
014e
060b
fd14
fd51
0361
017f
fe80
003c
ff34
fb43
f97e
ff33
0175
ff3a
03b2
070e
01e6
00e2
04cb
01bd
fdaa
ffe2
0034
fb67
fc0b
0129
fe36
fba6
00d2
0047
fab6
fd99
04d2
022c
00a7
0692
04bd
fd1a
fff3
0195
fc4b
fe28
0352
ff14
fdf0
02e1
01be
fca8
00fb
040f
fd19
e21c
ec60
105f
106b
103b
1120
071a
fbd6
ff0b
fcee
ffc0
f547
ede9
f5a5
f979
fffc
0ed1
11c3
06db
fffb
f8f5
f6a7
f68c
02bf
05f3
056b
035a
0377
0017
01b9
ff2c
0082
fbbc
f5ed
f969
ff40
ffdb
0522
0907
fe7a
fc47
fe00
fae4
fc69
07ab
0656
04f3
065e
0522
005f
ffb0
fd22
f9d6
f742
f891
f902
fcde
03c0
04a1
05ea
05c6
01ab
004f
021c
0024
00d2
0276
007a
fe36
0066
ffa7
fd22
fe8c
fd8f
fa22
faa7
febf
007b
01de
0501
0525
0161
0119
00aa
fffa
ffe8
0165
ffc9
ff94
00dd
005b
0127
00ed
faeb
f8e8
043f
fcc7
f568
05bd
05d9
fb4b
05e7
0683
fd83
0164
0498
fddd
011e
009e
fd91
ff7d
0020
fbec
feb0
fdab
fb05
fdaf
005e
fdf8
01eb
0678
0310
0149
05dc
01ea
fcaf
00dc
013b
fc73
fe81
014e
fdcb
fc65
000c
000b
fc0a
ff64
0170
fcb2
febd
0453
022d
0211
0579
0333
ffc8
008f
013e
fe0a
fcaf
ff29
fda3
fbbb
ff66
0052
fe28
ff3c
0186
00c1
0020
0289
02c4
0069
0085
0184
013d
ffe8
0047
017b
fe92
fcff
0062
febe
fae9
ff89
00f8
fc8b
febc
0400
00da
0028
044b
044e
fcdb
02d7
fd02
fbe2
e19c
119f
4fa2
cf4c
f7a9
4463
ba1a
c38b
3265
ed7f
ddaf
2b99
0c7b
dcae
235d
2605
f468
0b24
05ec
d31c
f32d
fffd
efd4
1823
13b9
f293
0877
07fb
e2d8
0443
12cc
e81a
f02f
1bb0
f802
f50f
23e4
11d4
e8a7
04be
0488
e59b
f4cc
17e4
0195
f0c5
1127
09f3
e476
fdf9
1026
ec46
f30e
0ef0
000a
f6dd
1227
13ad
fc78
00b7
0af5
f674
f081
038d
003f
f41b
fcb4
060f
fc2a
f8be
0750
08ad
f9b6
0173
0c18
ffe4
faa6
0c1a
082c
f5cf
fd5d
06db
f30c
f16b
08d2
0062
f1f7
07a4
0bce
f419
fca1
0e5b
fa50
f250
0470
0a3a
04d0
01f3
1921
fe29
e54a
069e
09e3
e373
0362
0eb3
e6fc
fc20
16a3
ffc7
fc52
0f23
01ac
ee9c
fc69
0af9
fce6
fd15
0f7e
0436
f51e
0282
0351
f5f4
f948
ffe4
fb10
f7d1
0123
0877
01d5
fffe
0789
0420
fb4a
0073
09d9
ff3d
fced
0875
0161
f52e
ffaa
02da
f3c2
f740
073a
fcea
f5e6
091a
0881
fa8e
067f
0d4d
fb4f
fb65
070f
fd9d
f6f4
0397
04ce
f83d
fca6
0533
fc47
f966
02d8
01ea
fa05
fef2
06b3
00ec
fd7a
06e5
057c
fb74
01c4
07ee
fcbb
faab
04f3
ff8f
f6ed
ff5e
033b
f887
fbad
051f
002d
fc74
0c38
f8ca
f63b
15a0
fbf7
fcb5
109b
ff75
f760
ff63
fce9
fa7d
fe64
fc52
fe50
fc7f
faa9
01f3
0991
01f2
0104
0a90
0001
f4ff
0722
0608
f5d6
0302
08e5
f4de
fa48
0a0b
feca
f891
062d
01eb
f3fb
fd4f
0782
fde4
fd67
0965
02d5
f765
0331
0791
f941
0022
0917
fc57
fa26
0192
0046
fb28
fdc2
010d
fd40
f959
034a
0556
fe73
03cf
08b4
ff9e
fd99
04ba
025e
fa9f
0063
042b
fc0d
fb46
02ae
fe80
f90c
0051
025d
fa69
fd0d
0575
0112
fdf7
067f
06d9
fc79
008e
0561
fc95
fb75
038e
fee9
f95c
019a
0317
fd05
fd46
0560
fe62
0c1e
f17a
cef3
0d3a
1f05
051f
13f5
106c
f5f3
fa2e
0497
f9d8
fd0d
efd4
ed27
f6ed
0403
0291
17de
1299
fa09
f786
02f1
efa0
fa98
0ffe
0370
f825
0961
04ed
f7a2
04f5
074d
f677
f1f7
fbde
fbb1
fc13
071d
0fe7
ffee
f997
033c
fcb9
f5c6
090b
0c1e
fef5
04da
09bc
fd6f
f9b6
03b2
fde4
f222
f783
fd2e
f5d4
fd14
09b6
0782
01b9
0645
05f2
fe61
ff21
064f
018d
fba8
ffde
00d8
fadd
fc66
030d
fd1a
f5d2
fdcb
0198
fa77
024a
0bf5
03b9
ff3d
06a9
01dc
fa57
00f7
0507
fbc1
fd5a
0482
fe79
fbb4
020f
0287
fc5e
fb1e
f65d
fbee
0717
fa62
040f
0e96
fe5f
02c6
0930
fae4
fe2e
06d0
f7e9
f9d2
0501
f9e6
f939
0716
fdeb
f9ab
049e
0050
fab0
04ea
05a2
ff94
03bf
06d9
001a
fe8d
0277
febd
fb4d
fed0
ff90
fc2e
fcfe
0163
ffb2
fca5
011c
0002
fc0a
01a8
02b4
00bb
0387
0371
029c
0175
000b
0048
fec2
fc62
fd71
fec3
fc85
fd64
022f
001f
ff4b
0312
0160
ff11
01c5
01ad
fff4
0101
028b
01c7
0060
01b0
019a
fda5
faf0
fccc
fc77
fa85
ff18
0230
fea7
006d
049e
0064
ffec
04e6
018a
ff25
028c
01cb
fdac
0059
ff0b
fce3
f205
0068
213b
f334
00d4
149f
de0b
e64f
15af
f95f
f83d
14ce
089e
edc8
1329
16e1
f9c2
01ee
0196
e192
f35f
0023
f76b
0c43
0dc7
faaf
0241
05b1
f51f
03d0
0a33
f6ef
f5c6
0d94
fbc4
f8d2
15ca
08e2
f14f
0432
fd2b
ee97
febc
0979
ffa6
fcff
08e8
0218
f448
01f5
0817
f7e3
ff07
06c8
fe35
fd0c
072a
0543
fc9d
ffec
02ec
f8d1
f9f1
0306
fe46
fd28
0034
010e
feee
ff00
037b
06eb
ff9d
00b5
041a
fe8c
fc6a
050c
0275
fbe2
fe38
ffe8
f86a
f94a
02ec
0107
fc29
0500
04f6
faf1
0062
0627
fdf5
fa26
fa8e
f369
37d3
fe43
e0f0
31ca
f0bf
bc43
1ae5
0914
d915
1614
13aa
def9
0e16
1ead
fa6e
0777
0e7d
e78f
edf9
03dd
f66a
0229
15ca
ffff
f7e0
0b21
f772
f119
0bc0
fec9
ed98
0842
084d
f67e
083f
13a4
f97e
f563
08f2
fe2e
f06a
0cda
0f6d
f53e
00a1
0b2b
f157
f065
0676
fae0
f0ec
0696
0987
fade
0856
120e
014a
fd13
06c3
fcdf
f431
fd8a
0320
fadb
fc2c
0356
ff43
fb4d
ffa7
044b
000d
fd85
04c5
04d6
fcc0
03ca
0a41
fe0a
f9ca
0456
fd8f
f4f4
01eb
04ed
f7e1
fe81
0768
fbfc
f9c1
06f0
0179
f983
0482
0a93
eba5
fc8d
2478
f404
f488
184c
fa86
efac
0520
0155
f4e1
fca2
0305
ff22
fba2
013e
05ba
032e
fea4
0338
07c6
fbef
f924
0ade
01b8
f391
080c
05b6
ee2b
ff52
0bcf
f5ba
f961
0b66
fce1
f4dc
072a
094c
fa1d
01a9
0b6e
fd07
f7c0
0a0e
050c
f46b
011b
069b
f528
faab
0747
fd69
f8fe
04a4
04b3
fa91
fe57
07e2
fed9
fa1f
05f6
04d0
fb6a
0215
06d1
fde3
fb16
01ec
0165
f8b7
fddd
0517
fc07
f9ee
05a2
023b
f97d
01da
0889
fde7
fdce
0943
0216
f83a
03c2
05be
f7bd
fcd1
0660
fa4a
f78a
0561
028e
fa66
094e
0293
dc22
f74e
1cbb
0af7
0398
1212
0284
f2e1
009d
0605
f8e1
f333
f75e
f6d3
fafe
058e
1266
0ce0
fea5
fead
fd7f
f1fa
fabf
0b90
01d5
fabd
06e3
058b
f8a8
0515
0aef
f7a7
f50d
ff13
f813
f6e5
0762
0bdd
fee9
fe58
04a0
fc01
f84f
05fb
080e
fde1
026b
0828
fe72
fbbc
06ec
0200
f4d2
fb2f
fef0
f4ed
f9a9
079b
045f
ff19
06c9
0745
fcc9
ff98
0752
0049
fadc
022c
0168
fa20
fe69
04fa
fc59
f6fc
ffb0
feb1
f8a4
0316
0909
0139
010d
080a
022b
fa9f
0142
0341
fa5a
fd63
0511
ff5a
fda9
04ee
0369
fbdd
01c2
f71e
ef8c
fc21
fc86
0794
140f
02e4
04b3
08f7
f93e
fbc2
09de
f705
f308
0314
f8b4
f765
0c2b
06e9
fbcb
04fd
ff6a
f4d3
fed2
0635
ff81
042d
0795
ff74
fe4b
04c6
fe73
fc7c
01fe
fd1f
f9cf
fffd
008f
ff00
0284
ff76
fc96
fdb9
fc0b
fd88
03e1
046c
04ca
0712
03e9
003b
0101
fe14
faec
fbec
fbc2
f992
fd33
022d
01a8
02b1
0442
015e
fea6
0108
0122
0024
020d
02ff
0056
004a
0219
00f1
fe6c
fc06
fc6a
faef
fa0f
fede
024a
0044
02d9
047e
0011
002d
03f9
ff41
fe84
022b
0049
ff14
0317
02b7
fee7
f671
055f
0af7
f0df
f79c
06be
f747
fed9
0b18
00e6
feac
077c
ff17
046a
0643
fefd
fe54
ff47
f522
fe25
015f
fcf1
005b
03d4
fad5
fb75
0393
0231
ff68
0428
023e
fc3e
016d
0348
016b
02fe
02de
feea
fb11
faeb
0166
fee6
fdd7
02a6
fe0a
fa53
0091
0263
00a4
0369
0456
ffd6
fdd4
02f2
0123
feca
007d
0122
fcfb
fd24
00c0
00a6
fd70
ffef
00a1
fbe3
fdb8
01f9
ff7f
ff9d
0347
021a
0000
01c1
02f7
015e
0087
ff93
007b
fbe8
f8f1
fee8
ffee
fbe1
0254
043c
fd95
0062
045c
00c8
fd83
046a
fb9b
f9c9
e4ad
0acf
639f
d188
e427
573c
c112
a934
39c6
f506
cd71
2c0c
1449
d431
1f66
2d88
f4b8
09c1
0d2e
d34c
ec1f
03dc
ed75
1373
1e12
f288
03e1
1193
e311
fa80
188e
eb22
e600
1ac4
fe34
ecfc
20c5
1a3e
e78f
ff42
0fac
ea33
ee1e
1c49
07f5
e9f7
0ea2
0e8f
dea8
f69f
1263
ec6a
ee74
12cd
04cb
f531
11bf
18f8
fbb7
fd50
0c76
f7d6
ec90
021e
0418
f494
fb34
081d
fe00
f6c5
0540
09e3
f986
fce6
0ba1
029c
f93c
0bd6
0daf
f656
fa07
07b7
f46f
ee8d
074a
04a0
f12e
039e
1064
f694
f903
1037
fc77
eeb4
085f
07fc
f413
05c6
0820
05c1
0b5c
0115
fc26
f765
f63e
03fc
f79d
f7a3
06ae
fe47
fa74
0978
08c2
fca9
00fc
09be
fbcf
f7eb
0a16
0594
f54c
03cd
06e0
f47b
f9d0
0422
f924
f7d7
0402
0412
fb44
01d5
08b6
023c
fba3
05dd
0794
f93b
fe10
0a4e
fcd6
fad9
07f3
0158
f588
fdc6
02fb
f732
f8d1
0842
016e
f8cf
0793
09d6
fc07
01fa
0868
fc1e
f940
02c8
01dc
f920
fe44
0619
fd3f
f93f
037b
0150
f6f5
ff2a
05f1
fc35
fd06
09ec
050c
fc3d
0696
0850
f997
fc7e
061b
fbd1
f719
0318
016a
f808
0030
063f
fc01
fc31
058b
00fa
fb26
08bd
0071
f308
fd3f
0403
0ca7
0895
0232
0158
f859
f773
024f
ff27
f653
fbab
fa8c
f87b
0328
1042
0be0
03d4
04c4
fe45
f3f3
fdf3
0688
fd83
fe44
0475
fd49
f9fa
0414
04e2
fa42
fb36
fefc
f7e0
fc0f
08e3
0732
026f
054f
025e
fac4
fdfd
028e
ffff
ff62
01b0
fe74
fcb9
fd8f
00b5
0189
fcd2
fdd1
00f4
fb90
fea3
061a
044b
ff91
03bd
0357
fd83
0097
05a6
0011
fccc
01b6
fe03
f841
ff34
00fa
fb16
fda4
00b4
feac
fe4c
0475
06f9
0312
022f
0419
fe35
fbb2
0019
ff12
fca1
005f
0133
fe37
fe4a
0055
ffe9
ff75
01ef
0907
fe8e
db8f
f681
1897
0cdf
0dde
1018
00d6
f5db
ffe9
fcc8
fdc7
f1e6
f063
f5ac
fc5c
03d9
139d
1100
0461
fcaa
fc1b
f602
f858
06ce
0650
fe7c
0137
034d
fc24
01d2
02b3
ff1b
fa5d
f982
fb51
007b
0176
070a
05ff
fb49
fd52
ff5f
f9d9
00aa
0970
0464
048d
055f
0234
fd15
fe6d
fbfe
f7ee
f83c
fbc8
fa83
ff17
0515
0670
04fe
040c
0338
0101
00b0
0121
016c
0061
fe9c
fdc0
003d
fd4c
fde7
feda
fa4e
f976
ffc1
ffe7
016c
07b9
0658
00ed
01b8
0233
fe13
ff1a
0160
fdee
fcb5
0159
00ac
ffa7
0251
0091
f9c0
f810
016f
02a2
f8c6
01af
064a
fdac
0319
07a1
0218
00b0
02ac
ff86
fed6
fe54
fdd0
fd74
fd81
fb4b
ff77
fefd
fc93
006d
0353
fef7
02bd
0693
008c
006d
04bd
0085
fda6
011c
ffb1
fc85
fdb7
0032
fe11
fd40
ff50
fed4
fc17
ff48
028b
0078
0204
05bb
02c4
01fa
033c
0136
ff4f
fef6
fe25
fc51
fcc7
fe1e
ff17
ff20
ff74
00db
00b6
ff05
01da
0249
ffe9
014b
0388
0028
ffb1
02a9
0124
fdfb
0062
ff26
fa7b
fd7e
ff79
fb9e
fed3
028f
ffce
0036
02b0
020e
00fe
018b
029e
000b
feb2
fe4c
fd95
ed17
f550
4f54
f099
dcfc
3e61
e3a0
acb2
2298
0434
d8d8
19c7
1faa
e04e
1045
2bff
fe76
00d4
0ba3
db28
e60b
ff86
f00f
0f31
1bc5
f882
00f8
0f2b
e80c
f823
1638
f3d0
e5f6
164b
0443
ebe5
1ac6
1e4a
eb6f
fd39
0c94
e916
ee58
1215
083d
f093
08ea
0fcc
ebe6
f471
108b
f5a5
ef3e
0a88
05cb
f79e
08aa
14af
0215
fb67
08c7
ff35
edc2
fdf0
05ac
f73c
f7e0
062c
0065
f7dd
02c6
0c5c
fde1
fcb1
0af2
0499
f83a
06e0
0cab
f882
f825
06fe
f888
ee03
044e
063e
f3f8
00ab
0eef
f9bb
f7c9
0bd7
00ba
efe4
ff28
0628
0ddf
fff4
0eaa
13a9
e5b1
f15d
138f
ee4e
ed9e
166f
f5a5
ea9f
14a5
0d2e
f74f
0b5b
0cdf
efbb
f381
08fd
0000
f96b
0c69
0ab6
f728
fd5f
02a9
f7cf
f80d
fefa
fe46
f9d0
fffb
0744
051a
01c6
056e
0337
fdde
fc40
0310
04f8
fe31
01f2
06a5
f978
f6c4
0331
fd76
f3fe
027a
057d
f68e
00aa
0e08
0041
feb1
0bca
006e
f5e2
02c7
0269
f7d4
fffc
06b7
fbc5
facc
03f5
ffb7
f9f9
000c
0211
fc32
fccd
0444
04b3
ff72
02f3
05d3
fda4
fc7c
0508
017c
fa69
0179
03b3
fab0
fbf2
04c7
fdf4
fa37
017d
03bb
fc4e
0690
f691
fb19
14e9
f6c2
008c
118e
f9a2
fb2a
03fc
f950
fb6c
02fd
f983
fbb0
ff8e
fb26
fe80
09d8
03d1
fdd9
0898
0351
f53e
0555
07ec
f77d
00f1
06e7
f773
fc25
0749
ff69
fa30
01e5
00ff
f819
fd40
0690
009e
fd20
065e
036c
fa98
0347
0646
fc0c
ff4b
0371
fb6b
fc82
008f
ff0b
fe01
fe62
ffac
ff3b
fce6
0163
02ac
ffb0
01cb
03b0
0243
0138
0247
0293
fdbf
fcc3
01a1
ff45
fc17
010b
00ca
fa5a
fe12
02ef
fcfc
fdd7
051f
0169
fe05
04d1
052c
fe24
0049
0297
fc55
fbe8
01df
ff0b
fd31
00db
029c
fe64
0acb
01ad
cdc3
f768
20fb
04de
0b7d
1811
fef8
f5af
06eb
fee8
fa9d
f31e
f100
f396
00f7
03d5
12e1
14c9
ffdd
f6a6
ff5b
f19c
f2c8
0c32
0692
f884
06e0
0a1a
f960
045f
0c07
fb01
f1c2
fb5b
f9d1
f7a8
048d
0efd
0222
fb37
02e2
fca9
f4ea
03de
09ac
fea4
02d5
0a3f
023a
fce1
058a
01ad
f5c0
f86f
fe30
f624
f927
0634
04aa
ff20
0569
0565
fd6d
fef1
04dd
00de
fcda
0237
0261
fd2a
fe7a
03e8
fdad
f87c
fced
fe8a
fa62
ffd8
0840
03f1
0007
06d6
0306
f9f5
0065
042c
fc2f
fdcb
05ef
015a
fc58
03f8
03d8
fc13
fecd
f931
ef95
035f
0095
f88d
0bf6
08c2
fc7f
07db
04e7
fa82
03d9
01fd
f64f
0206
0102
f7d6
032d
03f4
f737
0163
0306
f7f5
ff55
0824
fe80
0104
0a87
037d
fc9c
04ae
021f
f882
fed3
0210
f9b7
fb44
0264
ff87
fc80
01d6
0295
fbfe
fe47
0235
fe96
ff69
04fc
0501
0176
0245
0316
fd6c
fb90
fe5c
fdd1
fc54
ff05
0145
ff20
ff39
0299
01d1
ff32
01f2
02d6
ff03
fefa
02b7
0193
ff05
0208
02af
fdf0
fd18
ffb1
fd46
fb28
feeb
0060
fc7c
ffdb
03d0
0021
fed8
0391
0150
fe03
01b2
0344
ff67
0046
03a2
ff87
fb83
fba3
f78b
12dd
0219
ff57
09d2
ef94
e5f9
0dc2
feab
f98c
0d54
0b43
ee4c
0b00
1651
f9da
fff4
0818
e72f
efcf
0718
f66e
0507
0feb
fe34
f966
063e
f944
ffed
069b
ffe7
f694
06c9
011e
fb14
0d18
0a23
f6d0
00ce
fe33
f1f2
ff77
0579
007b
ffde
0405
ff74
fa59
0034
0495
fc27
007a
0211
fcab
ffb5
04ff
02ac
013d
0186
ff49
fbea
fbfd
ffa6
fcd9
fedd
ffd8
ff2a
0003
0258
01e4
0558
00f4
016b
026c
ff26
fe64
0320
ff2c
fca9
0050
ff0c
f91d
feac
02fe
fd0f
ff77
044a
ff30
fdc5
0221
01cb
fcda
01f1
fd7c
ff13
e50f
1c2f
3e6f
c634
0a72
3a19
b0f6
dd07
34ff
e2aa
e610
2f19
f7b9
e575
238a
15f8
f6d0
0ef3
ff72
e058
f7ee
fe72
f76b
1282
0b61
f484
07ae
0337
e8ca
0759
0d71
eac1
faac
14e7
f5ae
f928
1bff
0895
ea3c
0612
0b26
e899
fa54
1d0a
fa31
ef75
141a
0048
e194
0564
0d5f
ea4a
fb19
15e5
fce8
f6f6
152e
0bf7
f470
0272
099c
f311
f415
082e
0061
f2f5
02e3
07b8
f896
fb5c
0912
0361
f8b4
0190
0942
fd3a
fcd9
0ce1
0541
f53b
0044
05ad
f1c7
f650
0b84
fe7d
f38d
0a0b
0922
f1b9
013b
0e47
f74c
f6d0
0ea3
01ea
f753
f89c
1040
0e7b
eec7
07e6
09a7
e9e9
ff25
0763
f48f
f951
0918
fd93
f950
066d
0781
fb2f
04bb
0846
fc1f
ff75
05b2
fbb9
fdea
01ac
fc9b
fd95
fd72
fc53
028f
fe9e
fd31
04ff
00a3
fc37
056a
0484
fc15
0449
05c1
fab7
fe6e
05ea
fecb
fb80
02ac
0125
f76e
fdcd
0461
fa8b
fc9e
068b
ff04
fbd5
050f
03f7
feba
011b
0523
0068
fc3e
0268
018f
fa1d
fe9d
02bb
fbe9
fcec
03a3
00c5
fc6e
0100
02bb
fd9e
ff01
053c
0257
fec3
02c6
0293
fd00
fe44
0292
ff1e
fc03
ff80
00ec
fc8b
fd93
02dd
ff45
fb78
0521
077d
0038
ebae
f2cb
0cc1
0fd2
0a6e
0bfa
ff69
f666
fd18
ff61
fad6
fcb1
f6b2
f10c
fe47
088e
0880
11ef
0bdf
f960
f7a0
fa84
f706
0030
072d
02ef
fdbf
021e
0327
feeb
02ca
00ab
f84e
f59c
f8e6
fed2
0353
0733
0aa8
028f
fbbc
ffbc
fdce
fbdc
04ab
04df
ff9a
00bb
02b0
010a
0031
0180
fe77
f943
f976
fb32
fd44
ffc0
0404
052f
021e
0260
03bf
01a6
013f
0147
0023
fdd9
fc4b
ff07
ff0f
fd46
0018
fedd
f9c2
fd53
01bd
0106
0371
07bd
0420
ffbb
0153
ffc0
fbc4
ffc2
01e6
fed1
006d
028c
000d
fff1
0160
03d8
f787
efb0
fa59
f9b6
0381
15f7
0821
003f
08df
014f
f800
040d
00ef
eee7
f9a8
fdad
f8b5
0573
0bd6
02ae
0272
fc4c
f863
fd7b
0020
0191
08f2
060f
fec7
01c5
0413
fb71
fdd4
042f
f829
f8a6
02b7
ff38
fcea
06a0
019e
f9f7
fe76
0089
fc8f
0065
0629
03e4
01e1
0462
0446
fecd
fcf4
fea1
fabb
f77e
fcf8
fed4
fee6
0268
0618
03a8
00cb
0172
02a1
ff7b
feb8
0301
0125
fca2
0143
031d
fd71
ff9d
01ea
fb92
f9cc
ff5d
fe56
fd49
022f
04d2
0063
ff51
02e8
0119
fd66
01f6
02bb
fdf7
001a
0330
ffe4
fed0
fb7e
fabe
0bbe
fe84
f2c3
04c5
001c
f8fc
08cd
0452
fb95
0565
0195
fd13
08db
01ad
faa6
0215
fddd
f600
024f
01fc
fc2d
00b1
02a1
f9ed
fe8c
0444
00ee
ff9d
045b
ff67
fdc9
00ec
0217
0210
fffb
00f9
0029
fae8
fe17
0314
fcfb
fea6
02e5
fea4
fccb
020d
01bc
ff81
01b4
0351
ff7f
ffe6
02ad
0155
ffaa
002a
0047
fc8b
fc2d
ff43
fe7c
fd7b
00ac
0073
feee
0072
017f
00d2
0072
00c4
01ef
00df
ff71
026c
0264
fcd6
ff97
01f6
fa41
fc52
02b1
fd08
fc59
04d4
01b3
fddc
0379
04f4
fc3e
00fe
fe0b
fbbb
e193
0881
65ab
d088
e0c3
59ac
c24f
a61a
3a57
f448
cc71
2c83
16e9
d497
1fc1
2d66
f5a6
0930
0bf2
d24a
edd5
01fc
ecab
15f2
1d38
f0a5
06f9
11bd
df79
fc21
1991
e89b
e730
1dd9
fc05
ec52
231f
1a97
e5b5
0026
0def
e61a
ebf3
1cc8
0790
ea59
10d2
10e7
e064
f71d
1503
ed97
ec8b
128d
036b
f0db
108f
18d1
fb6a
fe4b
0e36
f8b9
ec3f
0271
0601
f553
fb40
0930
fe4f
f57a
0476
0aa0
f8a8
fba4
0c7e
0228
f7d9
0ce7
0dc4
f5c8
fb20
08ac
f3be
edbf
0833
0438
efd7
0557
1220
f563
f973
111a
fbd9
edc5
09a4
ff98
f3fc
13be
0fbd
f70f
feac
0837
fe40
f566
fe7c
0639
f28d
f8de
0bba
0289
f8a4
07e7
083d
f5cd
f7c0
0c3c
0116
f2d3
0c43
0d53
f2bb
0071
0eb1
f372
f320
07fa
fc49
ef52
03c5
09f3
f914
fe7b
0f07
02ad
f8cb
0725
087f
f71c
fde7
0b28
fcfd
f848
0779
02a1
f32b
fc38
0581
f940
f7f0
0870
0428
f8b4
059f
0be2
fbc4
fd48
083a
fdb9
f61e
03cf
064d
f849
fd18
0851
fc22
f6a4
0532
03a4
f6d9
fe40
0795
fca7
fadb
096d
062a
f9d0
0487
09ac
fa65
fab2
081f
fe61
f5ea
033b
03da
f584
fd11
0725
fbb4
fadd
0b9e
0312
ec74
0527
04ed
fd05
0f20
0d5b
fc65
fa15
fead
fd75
fa6a
fc20
ffa0
f84f
f477
039a
0ad0
0504
06a4
0a71
fdad
f3e9
0009
04c6
f94a
01c2
0ab6
fa32
f8c7
0976
0329
f8be
0210
029c
f2e9
f7ad
0754
013f
fc75
09aa
05fe
f6c7
ff15
0835
fba2
fd0d
0ad9
0086
f929
039d
03c6
fbb8
fe59
010f
fb61
f64d
fe57
0333
fde9
02be
09e1
02a6
fdde
0500
03fa
fb1b
ff85
04f5
fc3a
f9df
02cc
001c
f938
ffb8
030a
f97b
fa40
038a
01ba
feaf
0754
0768
fdbe
ff07
0406
fdd6
fb14
0405
0201
fa47
0082
03f2
fc74
fd83
030d
006c
00b8
05ff
dbcc
e7d3
1b68
14f9
0b45
1104
0731
f732
fbea
fd51
02c2
f200
ea96
f870
fd53
fd31
1259
18b7
0137
f93b
ff7e
f6a8
efbb
088e
0cbd
fc34
0037
0cc5
fb8a
fa98
0838
02a5
f287
f7f5
ffb0
fab5
fd11
0d4a
09ff
f6c0
fe05
0330
f563
fc5c
1141
04a7
fe9a
0a08
0602
f852
fffd
03ac
f6ef
f1ee
fcc8
fa54
f74e
04e4
0c44
0319
01c6
07cb
0192
faca
01e0
0611
fd00
fd4a
044e
fee2
f941
0229
01c8
f6eb
f8ce
01e0
fc5e
fc40
09e5
08ff
ff4f
0265
056d
fc2c
fb47
04c4
015b
f97c
0131
0451
fc3b
ffd3
06f3
00c4
f7b1
f856
fa13
02f8
fcd9
fefd
0a26
00d8
fea4
0b22
00f8
fc00
06d8
00ed
f5e2
02d3
0168
f678
ff3f
0379
f764
feb2
0413
fd40
fef8
0720
0386
00fc
054d
0488
fd04
febb
0068
fda1
fd71
fff4
ff35
fcaa
ff0d
01a0
ff2d
fe7b
ffd6
fd41
fdf0
007c
02bd
04c3
02e4
0270
0394
ffe4
ffd4
0209
fd78
fbd7
fdf5
fd22
fbdc
ffeb
0231
0003
00ac
02a8
001c
fed9
00f5
00f4
fef2
00bf
02ec
01b4
018d
0290
0130
fcaf
fcac
fd96
fa7e
fc0b
013e
fefe
fefe
03a6
01ac
0075
047b
033c
0148
0083
0141
fe16
fec1
fb84
fd41
e965
fdf1
4a9b
e508
eb39
3cc4
d419
bd7c
285f
faec
df6b
1fb1
1516
df3e
1781
25a9
f8fe
054f
06e2
d843
edf5
ff73
f05f
12de
1897
f45b
0486
0e20
e7fe
ff0d
1601
f004
e9e5
17d1
fe4a
eedc
1e1e
16af
e8c5
00ea
0867
e8b3
f3bc
12e0
055d
f0c5
0a3a
0cf1
e9b5
f8ac
11c6
f40b
f2fb
0e7c
0436
f6b8
0b29
10f5
fc4e
fa96
083f
fa12
f000
025d
0492
f8cd
fcb0
06d5
fff6
f9bd
03f4
0a72
fd0b
fcc0
0981
022c
f7f7
07a2
0a30
f80e
f9e8
05ee
f78f
f0cf
056e
052f
f4ab
0277
0c71
f6e9
f8d1
0caf
008b
f2c5
062d
fe51
07f1
1041
fe82
0f65
fc39
e216
0342
03e0
e968
0ae4
09f0
e8f6
0844
15a6
fadc
064c
1148
f334
eddd
0476
ffea
f886
0b0d
0e47
f5ea
fb7e
0552
f47f
f718
05c0
fcac
f816
04c3
0698
fead
061d
098b
fcb1
fc54
0421
fd24
fff3
079d
0377
fe28
fdca
fd23
f996
fb13
fee3
fcbb
fe14
020f
0093
05a5
067e
0300
0488
01a3
fa73
fe7e
fee8
fc1a
ff55
01f2
fe76
fd30
01ae
0059
fba7
ff99
01a3
fc4b
ffae
053d
0311
02e0
0577
01ee
fcf9
fdfd
ff48
fd64
fe5c
00ab
0068
fdc3
0022
017a
ff3d
fe00
022d
00e7
028e
f750
f1d4
17c8
fce9
f598
185d
0227
f28e
0800
ffee
f2ea
00c0
0019
f5f9
fd91
00b0
fe68
0560
095c
ff57
02cf
03ec
f914
fec2
080d
fb3c
ff34
0709
fa86
fb15
0778
ff92
fa22
0277
ff2f
f7c5
fe4a
04e4
ff78
ffd4
0510
018e
fb85
0397
0565
fd63
ffad
042f
fbb0
fcb3
018b
fe3c
fcb7
000e
ff0b
fdf4
fe65
01ee
0183
ffba
039a
03fc
007f
0177
02be
ff76
fe58
feda
0003
fe32
fed7
01a8
ff6d
fce6
ff6c
fff5
fc3f
fde3
030a
00e6
ff87
059e
0450
fe88
00cb
02c6
fc97
fc3f
01c9
ff9a
fbd2
0215
0177
fe99
0331
0f7c
db6a
dece
1e39
106f
001a
18f8
0a9e
f1bb
0202
0683
fa54
f67e
f28e
f12d
f989
03ee
0c66
159e
0642
f9e5
fc90
f706
ef33
0619
09cf
fb71
0299
0cdf
fc8f
fede
0bf5
fcf9
f28a
f9ee
fa23
f76a
0144
0c12
0874
fcfd
02ed
0061
f4a7
fc82
09a8
006e
ff75
0a1f
0532
fb77
0486
06ba
f7f3
f644
fe99
f711
f446
03d7
06dc
00af
03da
082a
ffbd
fd3b
03b6
0359
fc06
fed5
02fb
fd7c
fb90
0447
020b
f822
fb73
0010
f9b5
fdf8
08c4
04ea
008e
05d5
04c8
fba5
fd00
03cf
fec4
fbbb
043e
046f
fdac
0228
0541
fdc2
fc6c
f886
f113
02cc
fd4b
fafb
0e8f
05f6
fdb2
0b37
010e
f92c
06d0
0042
f42d
02c0
0051
f6fa
03fe
0778
f9b6
00c0
0405
f7f2
fb70
05d3
0088
0006
075a
03e3
fd74
0372
02c3
fb7e
fec4
00ba
fbb6
fd42
0177
001e
fe5e
ffe2
fef4
fc6a
fd88
fefd
005f
0289
02cf
04c2
0430
0170
01e8
0064
fd29
fce5
fd7b
fc38
fd6f
00de
00d9
005e
01fb
014f
ffea
0065
00b1
00e6
0024
0047
01ce
00c9
0051
02e7
00ed
fcc5
fe5c
fdf3
faa2
fd59
01b6
fe16
ff0e
02fc
ff60
ff17
03be
016d
ff73
02e1
0103
0008
00a4
000e
f91f
0399
0b8d
0073
01d9
f9a0
ee90
fd17
033a
fbe7
03d6
07f9
fe20
fd7f
12c9
0621
feac
038b
f963
ece3
ffc2
fcda
ffc8
0905
0445
fad1
0039
fd07
fd7d
03c8
0189
faf7
fe3d
03cb
fd00
0684
0cd4
007a
fd6b
0088
f60b
fbb7
0222
00c9
0074
0090
ff94
fd75
fec4
02de
005e
fe58
ffb8
fd3c
0102
020e
03c9
04a5
01d5
ff37
ff73
fbd6
fdae
fe95
fec2
fdc1
fe91
ff27
fffc
00b2
02cb
022c
0057
00c6
0066
0042
0270
037e
ff6b
ffdc
ffa0
fb02
fbf2
00a5
fdc1
fec0
01da
0015
fec4
0215
0125
ffa4
ffc4
fef5
fbec
f135
f282
56db
f4af
d0a9
4aa8
ea21
a088
27b5
0b0e
cbfb
199a
1eb9
d876
0dcb
2a44
fde4
02a0
1099
e22e
e7c0
01e8
f42b
0794
1be7
fa62
fce9
111b
ee6e
f289
1502
f6ee
e53c
1074
0633
ec01
1195
1ccd
f04c
f5f4
1248
f632
e7f9
16d4
113a
ea63
067d
13e6
e5bf
ee19
1219
f5c2
e99b
0f7a
0aa1
f30d
09da
180e
fe46
fafe
0b65
fe07
ed60
ffad
0828
f63a
f9ba
0904
fec8
f5c2
014a
0883
fc1f
fa00
08d1
0598
f913
0786
0f8d
fa7b
f8a3
0809
fa32
ed69
0356
07b5
f328
fea4
1032
fc59
f66c
0cf3
0371
f021
022d
0ae5
f706
028c
02d6
fe3e
13ce
fc49
fa62
0443
f586
fe4b
ffe5
f600
00bb
0163
f9d1
0241
0765
fec6
febd
0a4d
0280
f7cc
0797
087b
f3bf
0173
0aa7
f467
f92a
07ba
f93a
f6d9
05aa
03b5
fb15
01d5
06d2
0075
fc7a
0467
05a4
fb10
fe9b
0841
fca7
fb6b
06e1
0021
f891
fe84
00a3
fa30
f9ae
04ab
0452
fa2d
0352
0935
fcf8
0058
08e1
fe97
f9e4
01a4
0201
fa19
fe0a
05f1
ffad
fa3f
0368
02a3
f880
fe06
0496
fb97
faf2
068e
03f1
fc3b
0542
090f
fc67
fd89
06a4
fe81
f7cf
026e
0116
f7b5
fed3
0377
fb3c
fc79
03fe
0073
fd4a
064c
0aec
f57b
e8a8
045c
131e
0772
087a
096f
f6ed
f4d2
03fa
0020
f685
fa22
f76d
f300
0233
0dd6
0ed6
0b0f
0554
fca0
f6e6
f7e7
0115
03a1
fe7f
00a8
0150
fb77
fdfa
07b2
0042
f93e
fe50
fa99
f814
04c3
0905
047e
0398
0215
fbe2
fab8
010a
02e0
0303
037c
02cf
ff56
fd15
feb0
0045
fcaa
fa02
fd71
fc8b
fb76
03ce
07e4
02fd
0346
0582
ff88
fca6
02bb
0142
fb19
fed2
0114
fa49
fd5e
032b
fed7
fd1a
004f
ff3c
fc79
00f8
065a
0434
0258
0329
ffdf
fc32
fde7
00e2
ff9f
ff56
010e
ff86
fe51
ffef
011c
0082
0011
0481
f9ca
ef20
f8e1
016d
0a53
1320
0625
016f
0363
fbbb
fa75
0487
fbab
efcd
fbb7
fb96
fc1a
097a
0b65
020f
0371
fc53
f8fc
fee2
0377
01b4
05ca
0413
fcef
fe34
033d
fb62
fd62
047a
f87d
f901
0410
0000
fe2a
07df
017e
fb85
ffa5
ff05
fc60
038d
0573
0391
02b8
0161
fff5
fe70
fce0
fd40
fcee
fa73
fcc9
ff7b
01ce
02e3
0544
03cb
00b2
ff93
0205
feda
ff37
031c
00a1
fee3
0148
ffc3
fdb9
fe2a
fd82
fb70
fba4
fec2
00d6
020a
02d7
0435
0247
ffd4
00b4
0116
fe46
0047
011d
fe89
ff81
01c5
008e
fec4
fe34
f87e
003b
0834
f785
fb1a
06c3
fd65
022b
090e
01f2
00cf
0307
fd40
0180
006c
fb17
fe2d
fef5
f747
fe05
035b
fe30
fffb
0617
ffe7
fbe8
03f8
0298
fe0b
0317
03bc
fc1d
ff26
0236
0049
ff3b
0131
0013
fba2
fbfa
00dd
fee4
fea3
0337
012f
ff5d
020f
02fc
01f2
0155
0096
ffb6
fde0
fe94
0085
003b
fddb
ffb0
00a8
fc78
fdf7
0291
fe43
fe7b
037a
ff8c
fda1
02a2
024d
ff5f
0236
040c
ffa9
fe90
01be
fdd7
fbb4
fff5
fe26
fc75
0094
00eb
0008
015a
0206
0132
ffec
ff60
0184
fee4
fed8
fc96
f3ba
e566
59ed
0b18
bfc6
412b
056a
9039
13b2
189b
cb09
0a5d
3088
e07c
041b
34cc
05f6
fc8e
134f
e043
ddb0
0095
edd5
0487
23b5
fcb8
fa93
17f6
ee97
ea8b
1960
fd37
dd3d
104f
101d
e681
0fc0
2777
f231
f064
1086
f311
e406
0e5e
151a
eea6
ffd8
17f2
f04f
e8c6
10f8
fe34
e65a
0614
0db3
f5cc
020f
1a3b
07bf
f7db
07f9
0621
ebf2
f74d
0946
f9fa
f39e
07da
0550
f5ad
feca
0d4d
fe92
f82b
095e
08d3
f76d
033d
111a
fcab
f3d9
0677
fe21
e9a6
fef7
0d3e
f5aa
fa00
1340
ffc5
f01f
0b4e
0897
ee72
ff36
0a96
f29c
075a
16ee
0152
f6c4
0264
02ac
f8e6
f2f0
088f
fd7a
eeaa
0666
0e58
f88a
0135
1019
fc7c
f070
0671
08d3
f2ff
0144
130c
fac2
f492
0c83
fe0f
ed63
01d6
06c6
f1ee
fadf
0c23
00c7
f9c0
09b0
0901
f9dd
fe9b
0945
ff46
f902
081a
0707
f6b0
fbbf
0702
f98b
f4fb
05a3
0284
f383
0101
0b94
fc4d
fde3
0e0d
0223
f611
04e2
05b5
f647
fec0
0936
fbdd
f72b
03c2
01f8
f6f8
ff28
068b
fb91
f9a6
0608
0428
fc7f
04d3
0a6d
fd6f
fb90
0795
0174
f673
0235
060c
f6f9
fb00
0745
fc76
f749
04f7
03ce
f9d9
0613
05ea
eeab
02e9
0454
ff83
0be5
0774
ff80
fd1b
fbd4
ffc2
ffe2
f7eb
fb97
fc3c
f5fb
ff8f
0c7b
0879
01b4
071d
0294
f3cb
fd44
0a26
fc5e
fc13
0873
fe9f
f6e2
0491
0794
f9d2
fb8d
0400
f7e3
f5d8
0652
052d
fc1f
055b
071d
fa74
fd83
0759
009c
fa9e
0428
01ca
fa35
0068
04d6
ff23
fd5a
ff8d
fe2c
f856
fd1e
032b
0065
0068
06e4
04ea
fec8
0181
05a1
ff55
fb21
0270
00ba
f91d
ffa7
034e
fad6
fb22
030e
fd81
f954
0428
0531
fd48
03f2
083b
fe60
fd30
03ab
ff47
fb5e
01ce
029f
fcb6
0050
02b4
0167
016f
0b91
dd27
d96f
1555
136e
074f
1614
0e69
f9fb
ff8b
023d
00b9
f461
e9de
f494
fa49
fd92
0ead
1a93
05dd
f989
fde2
f71e
eb19
03f3
0be4
faf4
004e
0fa6
fedf
fd76
0c62
03e6
f2fb
f725
fcb3
f740
fc93
0bc6
0a69
f9a3
fe61
026f
f528
f7a3
0d43
04ad
fdd1
0b79
0a30
facb
01d9
0654
f82a
f3ce
fda6
f985
f409
0113
086c
00d1
00c7
086f
01c4
fc2a
0305
0642
fde6
feb0
0507
00ed
fb2d
02e4
0276
f786
f821
ff1d
fa96
fa55
05d4
077e
ff5c
02f2
075b
fd6f
fd05
04be
010a
fb9a
02f4
054a
fdbf
0021
0554
ff89
fa18
fbd1
f51c
fc3b
03dc
fa64
0238
08eb
ff65
0525
068e
fe69
0207
0432
f9d3
0011
022b
f8b5
fde4
0551
f8be
fb55
04b2
fc22
f9aa
0732
03f3
fdb4
0667
08ae
fda6
ffb0
05be
fc54
fa0b
02d1
001e
fa4c
ffaa
02ba
fc3e
fbba
0231
fecb
faef
00f7
01d6
fefc
02db
0648
044e
00f4
0229
010e
fc15
fcd4
008f
fe50
fbc0
ff34
00c5
fd69
ff56
03ee
015d
fe88
02a7
0179
fcd0
0025
040f
ff74
ff23
04ad
01ab
fbc3
0069
018f
f9fb
fb2b
016d
fd6a
fb67
02e4
0360
fe05
019a
047b
ffda
ffce
0422
0120
fd63
000a
0020
f955
f2c3
f3ab
3f95
f80a
e430
337f
e879
b78e
1ee1
0344
def6
15a0
1dc7
e0ec
0c29
2a53
fd19
fdb1
0eea
dee3
e624
0342
f1b7
083d
18aa
fb35
fd97
0cd0
ef83
fb7d
10de
f84c
ebee
0ff4
02ff
f059
16db
1841
ef69
fdf1
0746
eaff
f3dc
0ef3
06ac
f54f
075d
0a70
ef8d
f702
0ddb
f899
f3aa
0a2e
03dd
f8a6
08a9
0fbf
fefc
fdb4
0709
fbee
f118
0070
0220
f8ee
fc01
0425
fed5
fbab
035a
08a2
ff0a
ff59
0829
0235
facf
0701
0824
f929
fb2b
033c
f7fc
f314
03c4
035f
f704
0182
0a07
fa59
fb7f
0ad7
0094
f789
0477
04cc
edd3
0376
3096
eb3d
fa32
266a
d991
da76
1f39
f47d
e81b
19f8
fe48
ef84
13f4
0f13
0162
07ce
ff50
f160
f7f7
fb50
ff9a
0ac2
0689
faa2
02aa
ffd0
f095
ffb5
0a38
f347
fb31
0ce3
fb47
f8b7
1220
09c1
f335
01dc
0d5a
f2ca
f7b6
15f2
01b9
f0b8
0b35
0461
e67d
fd32
0d6a
f138
f649
1229
00fb
f5dd
0ec0
0dc5
f79d
0039
0986
f917
f4df
05d2
039c
f55b
fecf
07bc
f9a5
f82c
0693
03c4
f85b
007f
088a
fd71
fcd7
0b98
068d
f895
0131
064f
f673
f7ba
0919
00d7
f5d5
0557
0697
f44d
fdd7
09ee
fac1
f6f5
09e1
048e
ff03
f750
01f9
1855
ef69
ff4a
15b7
f0d1
f53c
0ae3
f6c6
f44d
08ef
ff58
f4bc
0203
05b8
fb98
04e1
0c5c
feab
fef4
061a
fb06
fe39
0581
fd7a
fe00
0011
fa5b
ffd0
0104
fcf6
01eb
00d4
faa1
009d
03a7
fe47
02e6
0653
ff87
fdf6
028f
0161
fd62
ff6c
0299
fba1
fa80
02c7
fe76
fb7b
03af
010e
fac3
008b
0358
00a8
00dd
0506
04b2
fe45
006f
0387
fbea
fd58
030b
fd46
fc01
014b
ff45
fc2b
ff8f
0109
fe91
ff79
022f
0254
0159
01bd
0290
00d3
ff6b
002c
ff99
fd74
fded
ffeb
ff20
fdc2
00d0
02a3
fc22
0159
046c
0a12
f5af
d68c
0615
1bfc
0588
11c9
0fe6
f5ea
f85a
0437
f877
fc3a
f5fa
ee8c
f62a
066e
04c5
1426
1384
fd31
f62e
fd5c
f13a
f98a
0bfd
051d
fb8f
05d9
05b1
f9a9
036a
0736
f89e
f478
fbb1
fadf
fe53
06dd
0aa6
01ec
fcf6
ff33
fc44
fa08
049b
0918
01cb
03c4
0765
0073
fcd1
00f9
fcf5
f604
f74f
fba5
fa46
fe57
0745
074e
0172
03b6
047b
feb6
ffe4
041b
009b
fdb5
0060
001a
fd9a
fdbc
ff77
fcad
f9a4
fc4e
00eb
0044
01d6
0790
0516
ffeb
03dc
0317
fb4a
fecb
02d4
fd12
fdde
0454
0047
fd1d
0209
0332
f8f0
ef35
034d
0092
f2ec
0d85
1043
f83c
0679
0cb3
f7ae
fcc1
092f
f73c
f67d
026f
fded
fc82
068a
02ef
ff26
fd3e
faee
fd55
ffd3
001e
0673
0741
007b
00cf
056d
ff27
faa5
0255
feae
f697
fee2
03ee
fc10
ff55
05a2
fde0
fa1c
0219
0178
fa21
01a8
0760
00a2
00e6
07a2
0314
fbdf
ffa6
0147
f8bb
fa76
01ba
fdf0
fc14
0419
03fb
fda7
0031
03f6
ff59
fe20
0424
0352
fdf4
0035
03aa
fec7
fe17
01f3
fef0
fa40
fd29
0088
fd99
fe0d
037a
0158
fbfe
0007
03f9
fef6
fff1
06b1
01cc
fd5c
0348
01d1
fb17
f99b
0789
07b4
fe53
fc0d
f942
f216
0101
0473
ff7e
02e7
0978
fa48
041b
0f2a
008a
fd00
023b
f4d4
f485
01d6
fedb
03bd
0551
ff1c
fbcc
ff11
fbfa
01b4
02dd
fed0
fa7a
0431
0044
fe49
0c8d
067c
fb2c
02c5
fd42
f5e2
010d
014d
fdb6
ff05
0337
ff31
fd1b
018a
01ed
fc2e
004f
ffef
feef
01e0
040f
04f6
02b7
01e5
00d5
fb69
fac7
fe71
fc74
fc29
fe8a
0101
ffab
0036
040c
03cd
fe4e
01be
0293
fe41
0023
058d
ff1c
fcc8
01f5
fcf4
f98c
0196
0192
fcba
013b
0338
fe55
fec1
0201
ff6e
fdd6
ff14
fc07
f271
ed15
597f
0008
c776
49de
f85e
9852
2098
1301
c83b
11ac
2489
d9ab
09ff
2c33
00b3
023d
11cb
e298
e712
0123
f209
080a
1f95
f9f4
fc47
1363
ec05
edac
16b7
f93d
e25b
11cc
0a83
ea6e
0f41
20eb
f21b
f29e
11e7
f808
e45a
12c5
1606
eb34
01ca
17d5
e9b5
e8d4
1290
fb7f
e64e
0bd3
0d08
f18a
04bc
1a4d
0213
f8ec
0be4
00f2
ec9b
fcaa
097c
fa9a
f74e
07db
02a4
f3cd
fe79
0b77
fb8c
f793
0a26
06fc
f7a5
06b8
114f
faf4
f5f5
07c3
fc19
ec9f
02a3
0a51
f3db
fc52
10be
fbe2
f345
0c2e
0512
f0c3
0497
0438
ed18
11c6
1242
f5ae
0313
0b33
fb94
f94a
fd09
0186
f7cd
f7d0
0370
0495
f997
00b1
0afb
feaf
f564
0968
085b
f1be
02cd
12c8
f64e
f929
1173
f9db
ee32
074e
0214
efc7
001f
0b19
fae3
f9e5
0c0e
06c2
f858
0351
0b10
f910
fa80
0b68
0090
f6a3
04ff
0566
f4e5
f9d0
06f5
fd9c
f5dd
05ac
0614
f61b
00f8
0c8b
fcd1
fbc0
095c
02a0
f7de
01f4
06c9
fa4d
f99f
066d
005e
f6e2
0284
06d3
f833
fa72
082b
fe29
f6bd
0764
08b1
f995
0128
0b7d
fd15
f869
0869
02bd
f669
01d2
05e2
f6df
fa20
05cd
fd70
f85a
05c0
0a77
f747
eef6
feca
0856
0b0a
0d95
0aa9
fb6b
f936
01bf
fcf1
f7ad
fdd6
f892
ee6b
ffbd
0d11
0777
0a78
0d11
fbf7
f31c
fd2d
0083
fd73
0384
073f
fe76
fb7d
03e3
05db
fe26
fe34
0142
f4a4
f31b
032d
035b
feed
08cf
077d
fa1f
fb61
0457
fee1
fd75
084c
04eb
fca4
0203
0454
fdfa
fd95
fff6
fbcf
f686
fa4a
0059
ffa4
01b7
0761
05ad
ff09
026e
0534
fd5e
ff0b
049e
fe41
fa99
0168
0091
fa99
fe0f
0110
fa22
f989
0160
02a3
008c
0625
07f2
00f9
fe9f
027a
fed0
fb5e
00e3
0202
fd70
ffef
03ce
fedd
fd2d
01c9
006b
ffd0
fdb1
f014
ee9a
0101
111a
154b
07c8
05be
0547
f84e
f75f
06a7
fc46
e903
fc3d
fe5a
f6e7
0850
1436
0212
0026
ffc8
fadf
f737
0186
0764
03b3
0032
04ef
00c0
fc22
feb5
0096
feb0
f88c
fdb2
0130
fc53
fff1
0a9c
fe9b
f99f
03ae
ff11
f6f2
06f3
099f
fe8e
0353
0925
fda0
fb5a
02b6
fc8f
f4d5
fa72
fe77
f946
ff58
0885
05cf
015b
0585
03b2
fdc2
ff75
02d6
ffe9
fdc7
0194
00eb
fd82
fef9
0164
fbd7
f8c5
fd69
ff61
fca9
0281
06ed
0313
ffe8
0311
01b6
fca5
fefa
0339
fe1a
fd8c
0473
0240
fda5
008e
0350
fb79
f498
fb62
0c3b
fbae
f63f
0bb7
028b
f9ee
0c85
0501
f8ea
037f
02d2
f7f0
02d8
030d
faa1
fd6b
0008
fa7c
fed3
ff6c
fed2
0099
0191
ff6a
03f9
04ea
02a6
033b
02c0
fc82
fea3
0045
fc8d
ff15
00f1
fdb9
fdfc
ff4a
ff19
0019
ff1c
010b
0125
ff36
0248
034d
0093
025d
0321
ffe2
fed0
0075
fecc
fc2e
fdba
fefe
fda8
fde3
0109
01b9
fff8
011b
0219
ff6a
fe95
029e
0180
ffe8
03d1
0347
fe83
ff60
ff36
fba4
fcbc
fdfe
fe34
fffc
ff98
ffae
01c9
0024
0050
039e
012e
ff1a
0288
00ba
fc90
02bf
fd8b
f9b4
e6ea
fc3c
60f7
dfc7
d822
51e2
d541
a317
331c
0292
d08e
23de
1f04
d5df
15de
3041
f996
0345
0dff
d49a
e6d1
0130
ed83
1066
1e2e
f3c3
00e4
1212
e6ce
fadd
1c3c
f286
e479
18c3
01ed
e9ae
1c32
1d84
e78d
fa4a
0ddd
ea72
ec53
188c
0ba3
eb4c
0a39
12c5
e599
f3df
1578
f3e7
ec9b
0f86
0752
f3d9
0b24
16c9
fc0a
f8be
0ae5
fb7d
ec18
01ae
07c5
f6e9
fa3f
0967
ff54
f6ce
0489
0b8a
fc2e
fc7f
0a12
03b0
f6fb
07d4
0de7
f718
f7a7
089d
f825
ed50
0650
07cf
f13a
ffee
1154
f7b6
f605
1066
0199
ef9f
085b
0890
ef38
0916
1974
fb69
f708
03f4
f9e9
f666
fc53
04f8
fefd
f3e1
055b
0b7a
fa13
03f2
0f43
fa9a
f41a
054a
03b8
f64f
0317
0fe8
f941
f44e
092e
fc8d
ee80
055d
0732
f2cb
fdb5
0d61
fd77
fad8
0d1c
053e
f5e0
02d8
088e
fb16
fe9f
0ca3
ffe9
f478
0289
010e
f3c1
fe45
04ed
f97d
fb5c
0695
057f
fffd
03db
090f
feb6
f8fd
039b
00c2
f7de
00b7
04b7
facb
fa4f
043a
0050
f8a6
01af
0604
fad8
fd79
089c
01ff
fc17
066a
063a
fa11
fe61
06a0
fcdd
f995
055b
027e
f6d1
ff22
065b
fa56
fa77
0735
0165
fc38
0663
f5cf
010a
0344
fe43
0e72
04e4
fb14
02e4
fb8d
f7b5
02d8
fe9c
f609
fe3a
fcf9
fb25
0525
0e7c
0359
0059
05e2
fb2b
f437
0547
03d5
fad4
02d6
0444
fb36
ff9d
064c
0125
fb00
fee4
fdbf
f6ee
fd70
0687
02a0
006f
054d
00b8
fc4e
01c5
034a
fe5a
0017
006d
feed
fe1f
ff6a
0208
ff83
fc1b
ff27
fd3b
fa92
ff8c
0300
022b
026b
0570
0447
ff60
0179
03fe
fde6
fd3f
0157
fe32
fb96
0023
0050
fb32
fdd3
00f6
fbad
fe97
0582
027a
014a
0553
033d
fe87
002b
0100
fdce
fdcb
006b
fd71
fdf6
ff52
03ee
0071
0d5a
f287
cc6b
0743
1e51
04bb
1369
1498
fa4d
fa78
0574
fc57
fc0a
ed93
ee93
f5f1
00b2
0489
18b4
1103
fc96
f7e8
fe79
edc2
f835
0e5e
0400
fa24
0b63
0661
f994
0670
0771
f7f5
f297
faca
fa18
fabb
06aa
0f45
0087
fc01
02b9
fa67
f507
0512
0976
ff39
0529
0ac2
00f7
fdd4
068f
fde2
f2c7
f85d
fbb2
f3ff
fcb6
0806
04e5
01f2
077c
04ae
fdcc
ffd8
03b1
0020
fc73
0114
027c
fbf5
fe63
0466
fced
f6d5
feb7
000c
f9c8
02ee
0a13
01a3
ffd9
0659
ffd6
f9ee
0201
036b
fc0c
ff94
05d9
ffd9
ff29
0435
0296
fc19
f87a
f525
ff4a
0068
f93e
0605
0800
fd26
06da
0748
fbc5
0105
0516
f8ad
fe9d
0571
fb91
fc99
061c
fc68
fa33
01bf
fdaf
f98e
018f
049b
0252
03bf
06fd
01d0
fe85
01c0
ffda
fb8f
ff03
ffd1
fce1
fd9e
01e3
ffe2
fd7a
ff75
feaa
fc5d
fe46
0045
01d1
020f
0437
04f7
020d
0172
0222
ffba
fc9a
fcda
fd7d
fd03
fe8b
0157
0151
0074
0016
00c6
ff52
ff6e
01ed
0113
fecc
019a
02fc
ffef
013b
048e
ff0a
fb5f
ffbf
fd66
f95a
ff34
0024
fc32
0035
0213
0027
0210
04a6
0163
02df
00c8
0176
fb1e
fd3c
e922
1d62
1e81
df6e
16a5
1003
c0ae
fa4b
16cf
e73c
fd4f
1f43
f69a
f42b
2527
0e06
f874
0caa
f4f5
defd
0010
f941
fd6c
1551
056b
f827
0831
fa71
f21f
09bf
03c6
ee3b
ffa6
0cda
f48a
0579
1bce
00c0
f635
0864
f734
efca
02e7
0ada
fafd
fd0e
0add
fb08
f0f4
06b2
0350
f333
006a
05e7
fbe5
00dd
0eec
0863
ff7f
0350
0268
f454
f847
01cd
fce9
f999
00f2
027c
fc8a
ff6d
06b6
0273
fc48
02d1
039e
fd63
01d5
0ac0
01d2
fc6c
01fc
fe0b
f3ee
fc80
0277
fa6f
fbb1
06a0
00eb
fa90
0467
0647
f9a6
fe5a
02fc
f95e
eb3b
3275
11f1
d9fd
2b9e
0608
b8d1
0b66
1538
d6a8
06ae
18bd
e5b7
033d
1d72
0505
0291
0b4b
f34e
eff3
fe08
fc7f
047e
1048
ff56
fa5c
07c4
f609
f033
0ad4
fe5c
ec80
0918
0999
f324
0814
16ff
f984
f476
0ea2
ff7e
ea95
0d6f
1231
f05e
00a7
1280
ef51
ec8f
0cc5
fab4
ea1c
083b
0c3e
f512
0503
1566
0263
fae4
09f1
0105
f1da
fce8
0711
f958
f88c
06d3
01b6
f6e7
007c
0707
fb1c
f94c
05df
03d3
fa4e
04b2
0dc9
fe32
fb2e
09b7
ff16
f1fa
0218
0693
f572
fc28
0a83
fbb8
f55a
0813
03b3
f3bd
00ca
09e8
fb71
03a8
04bf
f50b
1663
0008
f56a
0c98
fbae
f6d7
022f
f80e
fa5a
01b4
fc3f
fd3c
04b9
0036
fd35
08e3
0865
f988
03ba
098d
f501
fce5
0e10
f96c
f750
096f
fbcd
f26a
048a
0518
f87e
ff85
06f6
fdd6
fac7
06ab
0707
fc8b
01ec
08c5
fb9c
fb4c
0681
ff9c
f982
01c1
001e
fa58
fbb1
01da
00fa
faf8
ffb4
04f4
fda8
0051
0863
0290
fe7e
033b
01f1
fbca
fd2d
03c9
00a3
fb35
0201
0280
f861
fc3c
03d2
fb9d
fa76
0611
0384
fc22
0535
098d
fdc8
fec9
066d
fcfe
f820
025a
0046
f92a
ff6e
0318
fbf9
fd1c
03d9
0098
fd7d
0408
0957
04ef
dab0
f1e3
1e70
0a83
06e7
1632
fcc4
ee59
0360
00c6
f58c
fa07
f67e
ef58
fe99
0a62
0cde
12da
08f3
fa13
f94d
f908
f7f4
04eb
05b0
fedf
0083
00fd
fb3c
02c2
05ac
fc0b
fa9c
fb0a
f78b
fdcd
0691
0730
0610
011a
fe30
fb52
fc4d
0175
0694
03a8
04d9
0304
fe7b
fe07
0075
fe18
f9ac
f971
fb0c
face
ff37
062a
05ec
039c
0414
018c
fe57
0098
0306
00ab
ff11
0135
fce3
fb3b
ff31
fe85
fb2f
fd24
fe16
fc8e
0050
052f
052c
0633
0598
01b2
ff35
fe54
feb7
ffb6
fff2
ff6c
007d
ff60
fe14
ffb5
009a
fe4e
0275
f8dc
f070
0817
ff85
fa52
1438
0824
f8cd
0892
029c
f711
0438
016a
f2f1
fdb0
fed2
f800
02fe
054f
fbc6
0299
01d5
fc94
0343
067e
005a
038b
064e
fd24
fca8
047a
fc94
f9a1
0442
febd
f8f7
0177
0210
fb64
ff2d
01fb
fcff
fc8f
02ea
0229
0041
0514
0763
0185
ff7c
0260
ff2d
f9b8
fcf1
fdd7
f935
fbf6
0210
0103
014e
0539
03fa
ff4c
fffa
0323
006e
fe21
030d
02e7
fdc0
005a
028a
fe1c
fd08
fdcb
fc40
fae9
fce3
01dc
023b
ffa1
037b
0383
fdc1
00c7
0615
001d
feee
041a
ff5a
fa7e
0063
0061
fb10
fa84
0005
0832
057c
fcd8
fb4f
fa60
fb69
04cd
0469
010a
055d
0102
fc1d
0c34
04dd
fc23
0077
fa6e
eff9
fe48
ff87
ff19
0445
056b
fd56
ff5b
0189
015b
00e0
0266
fd07
fdf2
0153
fecb
0563
06d6
ff18
fefb
fdc5
f706
fe8b
01fb
ff25
0182
0346
0059
fe34
00ac
03e1
ffbf
ff0c
016f
fe54
fd53
014b
02bd
ff14
ffe0
0144
fd83
fb94
0116
ff16
fd6b
005f
003e
ff3c
0072
0212
02a7
01ac
01cd
019e
fefd
ffb6
00ef
007f
ff48
ff8a
fe68
fd9f
fdb5
ffc9
ffe1
fff6
004b
0157
feb9
00be
ff36
0011
fa74
f80a
e3c7
51c4
150c
bc63
3dd5
0fff
9126
0fc9
2000
c976
0701
308c
dd00
fef6
319b
04b4
fc95
179c
e756
def5
01d1
f1b5
ff55
21a4
00f5
f7b5
1444
f2c5
e7f2
14d5
0059
e0d6
0c03
0f46
e9ef
0a46
2351
f875
f03c
0ee8
fb1f
e416
0b12
17e5
f09e
fb31
16fc
f1ab
e591
0d84
0182
e6c5
0610
10a1
f5ed
01fb
1ad1
05a6
f7e7
08e2
03b4
ed7e
f919
074a
fb64
f65b
052a
04a2
f761
fcc2
0a74
fff5
f780
075c
0a9e
f8fd
01d1
120d
fde7
f362
06b2
ffa7
eb73
fea6
0aed
f5ac
f95e
10a2
0184
f268
0a13
0931
f12a
ff4f
0bc0
eb6b
0486
1dc0
f874
f828
0e34
feca
f6cf
fc68
03a5
f943
f470
0290
07dc
f9da
ffb2
0c77
0123
f4f4
0543
0a85
f572
fcf5
1213
fd15
f2a2
0c8f
020f
ebaa
0166
09da
f1a3
f917
0dd3
fe53
f633
0a60
0a87
f854
ff54
0aff
fd17
f746
097a
061b
f645
ffa9
07c9
f8ef
f6fc
05b9
01ac
f45b
ffd5
09ca
fab5
fb74
0cb8
0209
f751
0749
0724
f737
ff90
0934
fb5a
f722
04ed
024c
f5c9
ff93
07b3
fa7a
f91b
0687
0251
f9c8
04a7
09c7
fc71
fd91
0928
018f
f8ca
046a
05f2
f68e
fb82
06e7
fae2
f6c9
0503
01d5
f855
04d6
0cef
f600
eeed
00ca
07ac
08c3
0c54
0b40
fc19
f897
02e1
ff1e
f4d5
fbbe
fa30
ef9a
fdfb
0cb1
0a32
08be
0aad
00e1
f55b
fa35
02a5
ff07
fe34
04cb
00f8
faf8
0209
0896
0010
fa23
0011
f88b
f0d0
0079
0865
feb4
04d4
09fc
fd08
fa4e
059f
02c7
fbb5
02da
0442
fc57
ffd3
0533
ff80
fcfd
ff3a
fcc3
f878
fbb9
00a7
00c4
0160
0565
04ed
0096
00c2
046b
00e5
fd2e
019f
010e
fa83
feb1
02b1
fbcf
fb17
012d
fcc1
f91a
0125
0445
ff64
0403
0909
01bf
fe62
02b9
ff4c
fac0
fee5
0176
fd6b
ff3a
0429
03c5
02f5
055b
f334
df2a
f84d
0f8c
0d41
0a7b
0cd8
06fc
fc5c
ff87
0570
00e3
eb3e
f6c8
facf
f708
0457
1503
073c
ffc4
fd66
f997
f295
fbaf
06ec
024d
ffee
08fb
0517
ff71
062c
038b
fd95
f7ae
fa0f
fc89
fc0b
002a
08c0
00e3
fa99
00f0
fe92
f584
0201
092d
ff6d
0593
0c87
021a
fe2f
044c
fdef
f6ae
fa0c
fc43
f541
faad
03c2
0381
01ef
0700
052a
ff2f
ffa2
03ed
0009
fe2f
028d
013c
fd83
0108
02ce
fcc2
fb3a
fc4b
fc6c
fc01
001c
0336
0207
fff2
037e
0298
ffab
00cb
02ee
ff12
fdf7
035d
02a1
fea2
019a
02ba
fd20
fa48
f5e7
ff90
0621
f607
fe06
0ad0
fccf
027f
0bcf
0061
fdb7
064b
fc45
fcd6
03e3
fcd9
faa4
0235
fb46
fb24
028b
fe43
fbf6
0406
0271
fd59
03f0
0666
ff84
0059
050a
fe32
fc86
0194
0070
fda1
ffec
004b
fd1b
fc03
ff9a
ffe9
fd20
008f
01ce
ff04
0068
04a3
02dc
01de
034b
0158
fe1b
ff92
0050
feed
fde3
fec9
fe0c
fd9d
fea0
008d
003b
0039
012f
0086
ff97
fff5
01e8
01e8
0208
035c
02b3
feeb
fe22
ff1f
fbc5
fa3f
ffb2
ff70
fb9a
010d
043c
fef6
017e
0519
0043
fe84
0310
0050
fdf6
ffbd
00bd
f6dc
f4cd
e6eb
56e1
0b83
bf77
406e
0299
8d95
180b
19ee
cd4a
0cee
32e5
ddb5
01af
36f6
04e0
f6eb
15cc
df72
daae
03d2
f014
0202
2328
fcf5
f7e1
1627
f0c1
eda8
17dd
fde6
de58
0f98
1081
e8bd
1048
27c8
f13f
f0a8
0fd8
f09b
e467
102a
1393
ed47
0201
162d
ec95
eace
121d
fd67
ea0b
0a16
0cd5
f67f
0469
1818
0337
f740
079a
0121
ebdc
fb81
0849
f99b
f733
06a7
0244
f791
00a7
0c54
ffc3
fa7d
08ac
07cc
f8da
043e
0f29
fb4d
f3e3
0428
fbfe
ebaf
0024
0bf8
f641
fab0
1216
fe84
f19a
0cc2
07b4
ee8c
01a1
0c86
f541
f82c
15e0
0da2
f72e
0a66
fe4b
e7c6
fd80
088d
f225
0021
03f6
fca4
01b4
07a1
0858
0479
fd8b
0021
fdf1
f88c
02d1
0711
ff29
fde1
00a2
fc8c
f77e
fbd2
0413
fc84
fb41
05a4
02b1
fa03
0676
0b30
fb44
fd71
0c5d
fc96
f5df
0adf
054b
f508
02c7
06b6
f230
f7ab
09a6
fbc8
f4d8
0955
06cd
f81e
05b6
0ca3
fd8e
fc77
0578
ff7f
f72f
ffc9
060d
fb0a
fa1d
0581
ff97
f5f9
0093
056b
fa12
fc86
0809
00e7
fc00
091a
090e
fc89
0069
0646
fb4f
f707
0372
02cf
f8b8
0043
05ae
f977
fa9c
055a
fffd
f944
0412
0704
00eb
fc10
f7ec
0f29
f84c
fc15
1746
fd7e
f23e
06b6
fb2a
f23c
044f
0368
f4fa
fc32
044a
fe64
0237
0f82
0645
fe7d
0310
fce8
f9b5
0224
001e
fe8b
fed8
fc40
0056
0124
ff1b
0304
ff81
f920
fc20
ffa1
ff21
03f0
0814
0445
ff08
0087
00c4
fce5
fd39
0343
fffa
f9ce
01c3
0217
fb14
00bb
031f
fb7c
fcf0
0288
018b
ff1e
039f
069e
fe7e
fef4
057b
ff74
fcc7
0309
0067
fb35
fe57
0051
fc56
fe1c
01a4
ff8b
fdc0
0027
012e
00ad
0145
02be
0362
0128
ffea
00b8
fe13
fc37
ff5a
0071
fe43
ff82
0229
fde1
fed5
0389
0743
04e3
d412
ee20
20d2
0d81
0cbc
1805
0064
f2d1
02e9
fb9e
fbce
f5f3
ecd4
f1c3
0067
0320
0ff4
190c
04d3
f5f0
fcc2
f6b5
f0ee
07eb
0a56
fcab
0211
0a71
fbd4
ff4b
07f1
fdd7
f20c
f8a2
fb71
fb00
02c4
0d26
087e
fc5f
ffc5
ff97
f6a3
fe83
0b02
02c4
0346
0860
0376
fc09
ffd6
ff33
f6ec
f38c
fb69
fa19
fa52
0648
0a0a
0367
033c
05fc
ffe8
fe28
039a
0262
fd3c
ff6c
ff97
fd87
fcb6
ff74
ff04
fa92
fa6e
0079
ffaa
006e
0824
07ea
0177
01c1
033f
fc99
fb96
02d4
fecc
fbc6
0450
0392
fda2
015f
0436
faed
f1e5
ff91
0557
f2f8
ff9f
0f3c
fe1b
0022
0deb
0164
f972
05f0
007e
f810
ff32
00c5
faf4
ff57
009f
001e
fec9
fd10
ff68
0060
fe63
0401
078f
0215
00aa
04a0
0045
faac
008e
0140
f9d4
fda2
02de
fced
fc59
02ad
ff9c
fa8b
0008
0309
fc97
ffb0
062d
02a1
0040
03d5
049c
fd01
fd1c
0315
fd8b
f9bb
0291
010b
fa37
0079
043f
fd62
fd84
0322
010c
fca5
01e2
04b8
ff2c
006d
0555
0120
fe33
00f0
ff93
fb0d
fae0
ff61
fe06
fc4b
00ee
01ef
fdbd
fffe
03d5
014a
ffce
0572
0344
ff03
ffa4
01cb
f102
fd18
2bb8
f18d
f9a5
1c7d
ddb5
d868
17e7
f7f6
f074
145e
0cf3
eb87
14ca
19e6
fbe8
0373
037f
e198
f634
0046
f56b
0ff1
0e9a
f683
0244
0592
edf2
017a
0ab0
f51e
f333
10b3
fd48
f726
18fb
0fcf
f1b1
05f4
022f
ec3c
faa9
09d5
ff6e
f80e
084f
0475
f1b9
fed7
0a14
f6a0
faa1
0639
ff55
fc19
08b3
0c0b
0240
ffe1
0582
fb2b
f440
ff00
0005
f918
fbd6
03bd
ff07
fc01
049b
0825
fd05
005a
06c3
fea4
fc63
08ce
042d
fadc
0152
0254
f627
f991
03eb
fdab
f9ff
04e0
04b2
fab5
ff9b
06a4
fcb9
f999
00ca
fb60
e836
35ab
15dc
d80e
2da6
06db
b5d1
08e3
144c
d8ed
05ad
193a
e738
03fc
1de9
0533
0520
0cb6
ee12
ee85
ff64
f727
03eb
1740
ff11
f89a
0dbc
f65a
eb02
0cac
00c1
e66a
077a
0e49
f196
0592
1c66
fad5
f127
0de8
018e
e813
09d3
1662
f167
fc5f
1474
f291
ea20
0b4c
006f
ea77
0440
0cc0
f669
00a5
1509
050b
fa4a
0783
037c
f31c
facc
0839
fdad
f777
04a5
0327
f686
fb72
0714
fde6
f788
04b2
07ce
fa22
02dd
0ffe
ffe7
f849
07eb
006f
f02d
ff67
097f
f6a9
fa28
0cb2
feb1
f494
0897
0617
f543
02e7
035c
e73c
103e
127a
f24c
0996
0e42
f86e
fd75
ffa9
fcdd
fa52
f9a7
fd08
01fe
fac1
fe47
0911
04a9
f7bd
0574
0983
f471
fd46
1228
fbb3
f89e
103c
ff6f
eeb0
0550
05f7
f17a
fc19
09af
fa0b
f628
09bc
08a6
fa01
02e4
0bf4
f918
f87b
0b56
01bb
f62c
0680
057b
f5b6
fb3a
04fb
fdae
f786
01c4
03db
f744
fe70
0aa9
002a
fd39
08b6
04d2
fa6d
0126
06c8
fc45
f8eb
04b5
01cf
f809
0231
070f
f9a3
f9f6
0537
fd51
f645
040f
07d3
fbd9
0120
0b81
fef3
f996
06da
0382
f71a
0014
057a
f712
f9a4
051a
fe76
f9bb
05a5
079e
060a
ebc3
e659
0d1c
10e7
083f
140a
066e
f458
0095
033b
f4c1
fccf
f93c
eb70
f867
0bf1
05f2
0eb0
1271
fd7d
f24b
fd83
f8ac
fa73
0852
064a
fbcf
01a6
0430
001f
0496
0374
fb8b
f624
f515
fba0
0225
027c
091f
05c3
fbe7
fbb2
ff7e
fdd2
0183
0828
05e2
00d4
038d
0421
fe2a
ff94
003f
f820
f62f
fa04
fa8a
fe92
03f5
065d
0517
01e2
01da
03c9
00af
018a
0368
ff1d
fb7a
fe93
feb3
fb39
fe42
ff8c
f9df
fa21
00b8
00d7
01ae
07ab
07ac
0191
00da
01ec
fde1
fd4c
0141
ff90
fe43
01f0
0265
ff07
ffe0
00f8
fdf3
fe4f
fb5a
eeee
0050
0049
fbbe
147b
0dc2
fa60
0893
03de
f501
01ae
0543
f0d8
fb11
012f
f6ef
00c4
0b03
fd42
0054
03ca
fa7f
fdf3
065d
024e
0227
0654
0151
fca6
022a
0087
fa25
0146
ff88
f968
fdb4
0124
fd1c
0001
031a
fe7a
fde2
01cc
ff7c
011e
05c7
029e
0286
035d
ffef
ffb9
fecc
fbe5
fc7b
faec
fba0
fe7d
ffee
0250
040d
0343
01f2
015d
0131
0083
ffd0
01de
00fb
00a0
00bf
ff69
ffd9
fee0
fc5d
fcf3
fc60
fc0e
fede
0129
00bc
02a3
039e
0009
ffd7
0272
0078
ff05
01b3
0066
ff73
01d3
0146
ff6c
feda
ff9e
f6cb
fb63
0ecf
0151
f225
0359
ffd2
fbe6
067e
06b7
fef4
02e9
fed4
0310
067d
fea8
fdd0
fee0
f3b5
f755
0282
fc89
005c
0714
01f0
fbaf
03e9
02a7
0068
0185
0450
fbf0
fe94
0189
0077
0290
0245
fe4d
fe34
f9aa
fd0b
0307
fe1d
0130
0414
feb3
fe9f
035a
018f
ffa0
00fa
02c0
fd5d
fec5
0325
0077
fd3d
00e5
ff9d
fa96
fcc3
0160
fdd6
fdee
03e3
0041
fe21
0308
03c7
01b2
02f2
029d
ffe2
fd73
fe17
0021
ff89
fce4
0094
0087
fb76
fec1
0398
fe0f
fda1
0481
00ea
fd5d
03a6
037e
fd3f
0005
0015
f95d
ebdf
f0be
621a
ed15
c6b0
541f
e919
936b
3137
0e6c
c6d1
1db5
2699
d196
0da8
3037
fb5a
0050
14de
dcf4
e516
03ac
f08f
081e
1e6e
f767
fba7
12ee
e99b
f338
1b65
f725
e47d
1743
05d3
e8fb
15e6
1ee4
ebae
f5fe
1000
f159
e6e4
16d6
11a7
e918
0628
1656
e5ce
eda5
1609
f79d
e7e4
1087
0c80
f066
09ee
1aaa
fc0d
f871
0cbd
fc86
eb08
ffff
077c
f5f4
f9d6
0a06
001d
f6e1
0362
0a78
fc7a
fb41
09aa
04de
f65e
06c2
0eac
f7c8
f766
094e
f9c4
ed95
05bc
08d5
f1c2
ff1a
1156
f8f2
f472
0fd1
034c
efbd
06eb
0d60
eb12
faad
26d8
fadf
ee2e
137c
fe36
eb2b
020e
03e1
f86c
f652
070f
0738
f9ee
01e4
0e42
fe11
f708
053b
065b
f6eb
fe13
0e03
fd47
f205
0995
03bd
ec7e
021c
0bd2
f21e
f945
0fa0
fdfc
f69c
0c9d
08fc
f677
0207
0b12
faae
f76d
0a35
0350
f23a
0238
09ea
f426
f978
08c3
fb1b
f5b3
0625
0744
fb2a
010c
0b31
ff72
f8cc
0730
039c
f68e
00e5
07c0
f9f0
f94b
056c
0059
f724
00f3
068c
fad9
fb65
0724
01a9
f9ec
0558
0863
fb88
fea4
09c7
ff5b
f807
0496
043c
f555
fc11
082c
fb12
f761
072c
033e
f7dc
0800
0316
edd4
f7be
0a82
0ea5
05f3
0922
06b3
f5f1
f7f8
04a2
fb29
f358
fd15
f939
f711
053b
0fee
0ab2
0405
0359
fd55
f305
fc97
0789
ff68
fe5c
057c
00a9
fab6
0465
07cb
f989
f862
ff28
f61a
f782
080a
07b0
00ae
04ad
03dc
fad3
fbe5
04c9
0185
fd13
02ff
03d7
fe91
0072
0483
008a
f9a3
fb2d
fd4b
f983
fcc2
052b
03f1
00c6
0645
05ae
fe3b
00f7
055a
fde9
fa6c
00cd
ff1f
fa27
ff49
0357
fc4a
fc11
0234
fd4f
fad2
0461
04b6
ff86
03ef
06c9
ffe5
fd75
01c4
ffba
fb4a
ff7e
0212
fe14
fffe
0478
0396
023e
fd37
de37
ec76
1048
10a8
0e56
0d02
0795
fe48
fd5b
fd43
0637
f0d6
ec63
fbfd
fc54
fd15
1260
12b3
01c0
fab9
fcaf
f500
f129
05f0
091b
fdac
04da
0add
fe4e
018f
047b
00d8
f74e
f5c9
fd2f
fd5b
fc68
09d8
09b1
f979
fe9e
02dd
f58a
f902
0bb7
02e3
ff21
0ab4
0844
fc80
01bb
0378
f889
f480
fd53
f9fe
f67d
025d
07db
0184
0214
06ec
01d1
fca5
0148
04c9
fe90
ff21
0415
0070
fc8d
01ac
0045
f8d2
f9b8
ffce
fd63
fc48
05c7
0578
fe3d
0298
0467
fd85
fe4f
0319
0110
fc31
0200
04af
ff3a
ffd3
04b3
feda
f7a1
f636
00e3
0267
f750
02f8
09d4
fbec
0395
0b5c
fdec
fd48
071b
fcf5
fae4
047e
00b7
fa29
0117
ff6a
f9d5
fdab
001b
fc91
fe4e
02dd
043f
02dc
04b4
0520
0090
fe0d
ff4d
feaa
fd39
fe2e
00e4
ff38
fdc0
00f3
003f
fcf0
ff1d
0055
fd43
fef6
0303
011c
01f8
0473
032f
00e5
01b5
0082
fec0
fcab
fcd0
fe90
fe36
fda3
0142
018c
fde4
0044
02b5
fd88
ff5f
0437
ff24
fe41
0453
023b
fedb
0314
021f
fb62
fe0d
00e5
fada
fcc4
0217
fdc6
fcde
01be
01b5
ffec
02a3
028e
0293
fe33
0385
f9c2
fbf1
dda5
2f83
39e8
c15e
18c8
315a
a147
e6b3
2cd4
dce9
ec01
327c
f924
e85d
2de2
192e
f2ce
0f01
f6a1
d59b
fb98
f957
f9a1
1edc
0a66
f393
1017
fdfb
e538
0e31
0ad4
e090
fc97
18a2
ee1e
ff0d
29e3
04ae
e9a9
0d3f
fd82
e292
00be
1857
f75a
f650
159b
fe1d
e506
07bb
08ec
e8ae
fbe9
0deb
fb4d
fba4
15da
0eff
fa1e
02bf
08e8
f21c
f271
070d
013d
f443
0009
078a
f8fd
f8d5
0ab9
0527
f60c
030c
0a66
fad3
fe59
11a2
0461
f4be
0250
034b
ee74
f80d
0ab5
fb85
f3c6
0b06
0601
f277
038f
0cd0
f46d
f8d1
0b9c
fd44
f27e
113e
1b93
f55d
0a3e
0b0d
e12f
f139
0ea6
f058
f7fc
0a80
f9b4
fdd3
0be3
09e4
057c
0096
fce9
fc16
f80c
fe93
08e8
05db
ffac
00b6
001c
f864
f5e3
01e9
0003
f463
01a8
0907
f9bc
0190
1256
0053
f6a7
0b84
048f
f044
05a3
0e58
f616
fbf4
0cde
f983
f02c
0632
011a
ee8d
0049
0b2e
f855
ff23
1048
04f6
fc1c
0715
0452
f796
fa17
0653
fdf0
f6a0
0370
03a0
f64c
fd32
0665
fdbd
f977
049c
04f2
fa6e
02a7
0c10
006a
fcf3
07c3
0208
f5f1
fe36
062f
f8a9
f9a9
079d
ffc5
f6f7
0473
04f6
f79f
fe86
079f
fdef
ffc4
0869
f0ed
0978
05dd
f658
0d13
04dd
f614
01ad
fc81
f815
02a1
fe3f
f7ac
01ba
fe06
faf6
07b8
0db9
ff3d
0230
09ce
f8ce
f64a
0a57
ff3c
f685
06ab
0157
f4af
00ec
06fb
fc66
fc4e
03ac
fdf6
f79f
026c
07f1
ff88
0191
0846
fdf6
fa40
03d5
01b8
fb60
0186
014e
fbc6
fbf2
ffef
0130
fcb5
fd59
031a
fe6f
fd86
05b7
0515
00be
0232
041b
ff35
fc83
0270
0300
fc52
ffb2
020d
fa46
fa6c
01ff
fecc
fa80
017a
03b1
fce7
00f2
0863
0246
ff30
04fb
014a
f9f9
ff3c
01f6
fa75
fcfd
0348
fce6
fcfa
0240
0178
fcfa
0374
0358
1145
e9c7
d29b
1673
1b48
0154
16ff
0db0
ef26
f9c4
05ce
f764
f96d
f30a
ee69
f581
07ab
092b
172b
10d3
fe0a
f861
fd84
efa6
fd92
0bb9
0055
fab7
07a5
ffa3
fa3c
0705
0398
f8d6
f8d0
fb3a
fa30
0069
0882
0a7f
0086
fe32
fe0b
f99e
fb6b
0765
0702
02a8
051f
033a
fdc5
fd95
0091
fbd5
f665
f91a
fc0d
f9f5
0265
0932
05d5
0286
0586
018d
fe16
0152
02de
fe51
fe3c
fedc
fd2f
fe02
ffea
003b
fced
fb3f
fc2d
ff35
0028
0418
0814
04bc
0051
02d7
001f
fb54
0029
02ca
fbff
ff6b
0389
fda0
ff68
0230
ff52
ff0b
fbd5
f30a
033b
056e
f69a
088d
0d0b
f961
0442
07f2
f902
001e
07f7
f8d2
fc15
0324
f90c
fb85
04a1
fb0b
fc9b
041a
fda0
feab
0764
03f9
01a5
068c
037a
fd51
ffc5
00cd
fa58
fd38
ff78
fbcc
fd53
0157
0075
fec4
ff37
ffe2
fe26
ff3e
026e
0201
0261
0449
041b
00b7
0099
00d2
fcd2
fbdb
fdfa
fd01
fc94
ffeb
00ad
001a
0286
02ef
013e
009c
0148
0023
ffa6
0143
0182
0045
0055
0096
0065
ff44
fd59
fdec
fce7
fb64
fe5e
00c3
002f
00fb
02ac
0136
00b1
02fe
0275
012e
00ff
01c4
fdc0
fe28
fcf0
fb28
ef36
1a21
0f43
f043
1369
fd74
d3f7
02e3
0b59
f246
0661
15b9
f48d
fcc4
1c8a
04ce
fca1
0843
eeff
e67a
00b9
f7d4
026c
1223
02d7
faf9
0814
f9f6
f831
08f5
0184
f02c
0319
08c8
f576
08ae
15ce
fb2e
fa0f
0573
f38c
f476
055d
05b8
fc4b
023b
0698
f892
f823
0725
00af
f998
0447
04ba
fc90
00b5
09d8
0274
fbb0
0281
ffca
f56a
fe4d
0253
fce3
fd41
01a6
00cf
fe87
005a
0647
0232
fd90
033b
02e0
fd0c
00b7
05c6
fffc
fbf1
000d
fedb
f756
fe7b
0461
fdcc
fd9e
0692
fe17
fa65
00fb
04a5
f701
fefa
ed3e
25dd
2806
d229
1fdd
1e5f
afab
f7c8
22f2
d5b1
fb01
296d
e6b6
f574
283e
06f9
fb0d
16cd
f69b
e0c1
feca
fc9c
f69f
1304
0cf2
f67d
062d
0149
eba9
02f8
071f
ee97
fedb
0d8a
f85f
014f
155f
03b6
f3c6
0415
0243
eefd
00ae
1525
fc71
f9df
0f6d
fa6e
eb15
042c
0214
ee62
00b7
0bca
f992
fff8
128a
05a2
fb7c
0603
0166
f3e9
fb12
0396
fe95
fcae
03a3
00a8
fb31
fc4e
0257
ff70
fba2
021a
06de
ffa3
01ca
0c3a
0397
f87f
01ab
0017
f31e
fc38
06c4
fbe3
fb6b
0984
0306
f723
044b
0662
f7f3
fe4d
09fb
ea25
fc40
215a
f5a9
f857
16f7
fd17
f4a2
034a
00f9
f630
fb95
010d
ffb3
fc70
00aa
0537
0351
fc16
0051
0891
fac1
f8ca
0dc6
031e
f467
0a81
06a2
eedf
ff41
0ae8
f5b6
f88a
0b0a
fd89
f40b
0641
08d4
faf0
0043
0a3a
fe57
f6f9
0843
072a
f708
0140
0814
f802
f851
0469
fed6
f67c
ff31
05a3
fc05
fd2e
0a87
0363
fa3e
055a
0556
fa3c
fed3
0693
ff4c
fa4b
020a
0368
f9f7
fdca
069e
fdcd
f823
0343
0170
f77a
00f0
08bf
fdcb
fcd1
090c
02a3
fa73
0487
0681
f911
fc08
0538
fb4d
f859
0473
0207
f908
02dd
0862
0406
eac2
e9fa
0e14
106c
073e
123d
0656
f3f7
ffea
050f
f556
f9c3
fa3b
ed65
f705
0b9d
08eb
0bf8
0e79
ff75
f485
fb31
fc2b
fdbd
04bb
0461
fe2c
0000
0237
018b
0464
0036
fc30
fa08
f605
fc49
046c
02d4
05f3
058b
fdff
fb51
fe33
ff1a
0041
03b8
05e7
020f
013f
0412
00ee
fdd2
fee9
fbd2
f6fe
f92b
fc74
ff82
035f
057f
0456
02f6
0047
01a1
0280
004f
00c9
00f3
fd21
fe15
015f
feb8
fcdf
fe75
fc60
f959
fe46
025d
0193
0396
0684
0297
004d
0218
ffd2
fd49
0061
00c6
fe43
0070
02ec
0241
0321
0343
f0b2
f38a
fa48
f69d
0a7f
1199
fe4c
066a
0918
fb63
fef9
0afb
f7b5
f392
00d1
f8d5
fa95
0c03
05f4
ff0e
028a
f9d1
f7c2
fe06
000a
00de
0694
0499
0108
03ea
0580
fd44
0134
0152
f862
fb72
0114
fcae
ff35
04ca
ff23
fafa
ffac
fe7a
fa4a
02c3
0619
02f8
051c
05b7
015f
fffc
ff55
fdcf
facc
fa2a
fc00
fbb2
ff49
0401
04f1
037d
0207
fff7
002e
fea9
ffa5
012d
0075
ffb2
019f
01c8
0101
ffd7
ff58
fcbc
fb7a
fdc4
ff68
fd9b
0001
02aa
ff1c
ff2d
03d3
00cb
fe06
0359
0227
fe8d
01fd
0307
ff5d
ff79
01e1
fdc1
f22c
064d
0d33
f10b
f98c
0948
f784
ff63
0bad
00da
fddd
065d
fea0
03eb
041b
ff7c
fe80
fd60
f533
ff5f
ffba
fc89
01de
04cb
fc1f
fea2
043b
01cb
ff69
02d4
00dd
fb43
007e
01a0
0142
0233
02c1
0096
fcad
fc50
0183
fe1c
fe7e
0341
ff4f
fb9e
002d
02d2
fef0
0015
047d
ffb6
fc38
03ef
02c9
ff53
0251
0315
fc83
fbce
0069
fedd
fb49
0139
0091
faf1
fee7
0222
ff7f
019a
0541
031d
0197
019b
00a4
ff92
ff54
fd33
ff30
fe71
fa74
ff69
0289
fbf4
00e2
0442
fdad
ff00
05d4
fe88
fece
01aa
00e1
f4cc
fa59
e0c1
520d
1fdc
b169
3816
1b61
84db
08c7
2936
c9b1
0267
3a18
de64
f80f
3708
07ed
f554
19c3
e62d
d79a
0427
f25c
fb48
2633
014e
f2d7
1754
f62d
e46e
1632
03d2
dc0d
0997
15b3
e981
088e
2811
f92a
eb89
0f14
fbbd
e206
0927
1b6b
f0de
fa05
18cc
f222
e2a2
0e9d
03f1
e65e
065e
12a5
f708
ff35
192f
0653
f58a
0667
05bd
edf2
f851
08b8
fc1d
f619
0660
0532
f783
fc05
0aa6
00d5
f777
0638
0a24
f9b1
007f
10d0
0047
f358
03b0
016e
ebaa
facd
0d60
f8a9
f665
1135
0336
ef6b
0879
0c1d
eff5
fc0e
109b
f9d7
f66b
0733
1254
0253
fb67
0753
f98d
f08e
065a
fdb1
f4db
0011
050c
fb58
006b
0a29
0345
fb1e
054d
0346
f981
0269
07d1
fc7d
fd91
0246
fbfe
f92e
fccf
ff8e
ff2f
fcf1
0316
0429
fca0
0054
089b
fef9
fc1a
0836
0154
f813
050b
07b9
fbe8
ffa7
068a
f8d9
f47a
0316
fff4
f4bc
02ff
082f
fac3
007d
0baf
01a2
fce3
041f
01e2
f9aa
fd7c
0493
fe34
fa72
032e
02ec
fa16
fe1e
04b2
fcbf
f8f2
029e
020d
fa89
0375
0a37
0011
0065
0898
ffe0
f95b
026e
0251
f8a1
fd69
0324
fbd6
fa26
0289
0160
fbc9
0052
0646
032b
0285
fb22
fbc8
f9b1
0241
1316
05b6
fbcf
01ca
fc23
f5f7
00ea
031d
f6b2
f654
fd57
ff1f
0104
0e50
0e70
00b6
ff60
ffc6
f820
fc59
042e
01fb
fc0b
fdce
01a7
fed1
fe47
05cf
005d
f896
fb17
fe3a
fd0a
0318
08c1
05b3
ff67
ff9c
fee3
fcd9
febb
03f8
0376
fc2a
004d
03cb
fb34
fe54
049d
fb2c
f941
00cd
ff3f
fd82
03a2
073f
0048
fff9
04c4
ffd9
fd6a
0352
0235
fd30
fdaa
0041
fcbd
fc70
018f
009f
fcdb
fe86
000d
ff63
0140
03f5
050d
0185
0063
00c8
fe2d
fca2
00ab
0220
feab
ff53
029e
fe0e
fb80
031a
02cb
0382
ea1f
e12c
0b23
1612
0f2b
10b2
092c
fc1e
fb85
fb0f
0031
fd57
ea80
f480
fc7a
fe01
0848
1845
098f
fbcb
fa3c
fb02
f0d2
ff02
0b7b
041f
feab
0879
00dc
fd67
0254
01cf
faf1
f546
fa6a
fee3
fe34
0522
0c44
fe69
fa81
011c
fb3f
f965
0806
087a
0278
0557
0722
fef8
fc70
007d
faf5
f4fa
f94e
fcd7
f8f3
0122
0821
044b
01ac
05f8
01d4
ff3d
0149
0319
00f8
ffa6
ffc3
0092
fd98
fd6b
ffb0
fc21
f867
fd21
0001
fe0f
03d2
09b1
0425
ffb0
03c0
0001
fb05
0034
01df
fc74
ff51
033b
ff83
ffa3
0426
febf
f690
fbf0
05af
f9b1
f860
090a
0419
fcad
082f
07fc
fb7f
0063
03e3
fd24
fc78
0119
ff09
fb72
fd7a
0099
fe9c
fd58
0111
012a
fe93
0097
05ac
0316
0059
02c5
026c
fd36
fdd8
0275
ff67
fc67
0151
013f
fb5e
fe98
024f
fb59
fb06
033e
ffaf
fcdf
03b0
055a
004e
015d
05a7
004d
fb8a
01a4
fff1
fa8c
ff71
03af
fd4e
fd3e
0446
ff50
fab7
0235
01ea
fbc7
012a
03c9
ff69
0040
0463
02c2
008e
017f
00b1
fd36
fc18
fd4f
fdc3
fcf0
fe25
013c
0008
fe3e
0285
0348
fe5f
024a
0364
ffb4
fc3b
0100
ec68
fc61
5268
e4cd
e435
4036
d35f
b38b
287a
fa5a
da5b
1dea
1832
df60
1880
2951
fb7b
0565
08b4
d7b4
ee56
006e
ef37
1464
1996
f31a
031e
0e4a
e4fd
fb89
14d7
eff8
e6ee
1877
01c1
ed80
1eaf
1c66
e9d5
ffb8
0b09
e8b5
eeea
13dc
072f
ed92
09f6
0f3a
e932
f73f
1247
f396
ef48
0bc6
04f7
f596
0bb4
15c8
ff9c
fcde
0adb
fc1a
eefe
ff17
0455
f726
f8a8
06bb
0026
f6b3
0295
0c20
fc03
fc1c
0c43
03b4
f76f
09b4
0c94
f716
f9b0
06af
f638
eefa
05ca
0599
f46f
0359
0ebf
f7f0
f8c0
0cd2
fe2d
f1c0
04bc
04fb
eeef
0ba4
232a
f5de
07c7
0ee8
e084
efb4
0e65
efb9
f967
0a79
f558
01c9
0cfa
05ec
09c0
05ec
f6e9
f91e
fd20
f9d6
01fb
0cc5
03c6
f9e0
058e
ffe2
ef38
0015
0608
f0df
fc83
0be4
fae2
fb67
11dd
05d2
f35e
05c4
0aea
f239
00a8
12a9
fd56
f704
09d8
fe39
ed20
ff9b
0797
f15d
fa81
0b9a
fcf9
fc85
0ecc
08c5
fd71
0252
02f6
fa7a
f8ca
0358
0307
f9c5
ff82
0530
fb0f
f84b
02f3
0077
f647
feb1
080a
fe19
ffc8
0de4
0657
fb28
0544
053f
f605
fb44
04bd
fa43
f7c0
042d
0366
f93b
01f3
0728
fcc4
fd59
0914
ebc4
fe34
15b4
f549
0524
13ca
fa2c
fb59
02a6
fae9
fac4
fed6
fa13
fe8e
fbe6
fc32
04fd
0a45
fe6c
00bc
0836
fa7e
f4d5
0b5d
03ca
f746
09b9
07b9
f1f6
ffcf
0a87
f905
f86e
06bb
fd7a
f25f
01f6
094f
fc9b
ffd4
0b5f
fe9e
f669
0692
0654
f824
043b
0a49
f975
fa39
048d
fe81
f88d
ff7d
0105
f8ca
fa5a
05b2
02ff
ff79
0603
06ad
febc
fe1e
042e
0204
fa95
006c
043b
fa89
fca7
061f
fe85
f86f
0175
0146
f727
fe28
083f
ff71
fe0e
08cf
038a
fab1
0352
05e2
fa4b
fd0f
05bf
fba1
f971
0425
013e
fa2e
014c
02b3
069c
0163
d20f
f553
207e
0976
0f8a
1908
fd18
f553
06a5
f89d
f90f
f908
ed94
ee95
050c
0434
0ca1
17ea
0549
f37d
fdb1
f887
f247
0830
0b55
fb81
005a
09ed
fd7f
ff80
07e5
fdeb
f2a1
f6c1
fb24
fcbb
025c
0c20
07f6
fc7c
fe80
fecd
f951
fe69
08f1
04c6
0320
06d4
0547
fe24
fee1
0017
f92e
f44b
fa38
f9c8
fa85
0353
0721
0400
03b4
04d8
02e9
ff85
01e3
04e1
ffa4
fc9f
ffb0
ff23
fac8
ff33
0090
fa1c
f944
ff76
fded
feee
0705
089a
029f
025b
035d
fd78
fc45
01c8
ffc9
fdc9
036c
038b
ff5d
00ce
0145
fcc1
fb28
fbd8
f106
fdb2
09ca
f8a4
05e8
118f
fd97
0269
092d
fa7c
fcc4
0558
f72f
fa9d
02c1
fa0d
fcc0
0705
fd16
fca7
04cc
fc50
fab6
0614
0332
fe85
0744
07f0
fdd2
00c3
05a4
faff
fb6e
02c9
fc41
f805
00d2
00a7
fadd
0004
0394
fdaa
fe57
0299
0143
0124
0339
043d
01f7
007f
015d
ffdf
fbf8
fd06
fe80
fb9d
fbfc
00c1
00da
ffd9
0229
033a
002b
00e6
0330
007c
ffe1
028c
0261
0087
00e2
0189
fe82
fbfd
fd3c
fd5f
fa82
fcc8
004d
ff0b
ffce
0425
02e5
ffc9
029c
0481
ff27
ffa5
032c
ff58
fd35
028e
ffe6
faa1
f857
fcef
1586
fb04
0172
0c23
e7a9
ebeb
11ed
fbb1
fb18
1004
0808
ef93
106b
1373
f8c4
004f
0252
e4fc
f441
0285
f8fa
09af
0c70
fd6b
ffaf
03c7
f7d5
0369
061a
fba9
f801
0870
fd64
fb8b
0f55
076a
f5bc
02a1
fc0d
f25f
0216
06b2
ff8f
ff76
05ac
fe21
f8c4
01ef
0495
fad8
015f
0312
fdbf
ffda
05e8
02a9
ff1b
0075
ff7c
f94d
fc39
0157
fd77
fe78
ffdc
0025
ff90
014d
0468
0540
0065
01db
00fc
fd0d
ff1f
0415
ff8a
fd53
00c4
fe50
f93e
ffac
0305
fd68
006a
04e7
ff83
fd17
01be
0156
fb9b
fffd
ff02
f6bd
e826
452c
0ae9
ca20
39fc
0368
a43a
16b8
1994
d162
0c59
2280
ddc0
02c3
24ed
0388
0227
10ac
ebbf
e941
ffa2
f698
03b2
17d5
fce7
f74e
0d77
f325
edde
1341
004d
e842
0d09
0c0c
ed2f
08af
1c2e
f533
f081
0fab
fd03
e7b2
0fd1
164c
ede1
feb8
14b3
ed42
e9d4
10b0
fde3
e887
0af4
0f8b
f3d0
03e4
1827
ffc8
f6f9
09a8
0175
eeb0
fd54
0886
f99a
f79b
0778
027a
f65a
0029
0970
fd16
f92b
0717
069f
f96d
03ba
0ed0
fce4
f6eb
07a1
fe71
ef95
019b
09d3
f4fb
fa84
0d12
fc66
f3a1
0abd
06ae
f304
03a7
1062
f035
efe8
292c
ffc6
e72d
154b
04a2
e836
01d9
079a
f6ef
f6aa
068e
03b3
f8f1
003d
0ba2
00fe
fb47
033c
0718
fa6e
f913
0ab8
03ba
f0f0
0552
0955
ee4b
fcb4
0fd4
f74c
f538
0df1
01c9
f1e3
0627
0ce4
f837
fd5f
0da2
fe7e
f3d6
0a3a
0893
f1f3
ff7e
0ae9
f451
f743
09cd
fef1
f5af
0463
0724
fa05
fce5
09fb
0212
f76c
05e5
082e
f925
ff0c
08f5
fcca
f79f
031b
0302
f6e1
fdfa
0803
fb89
f860
06d4
02bd
f91f
0367
09d4
fcfb
fba2
07bd
0236
f785
031c
078a
f799
faa5
08c2
fd6f
f4dc
06a0
055c
f656
026c
0fdf
ed99
e0ba
0d8c
1688
0135
0f21
108e
f496
f5ba
08d9
fc85
f1a1
fa35
f7c5
f1b5
026b
0f6e
0ff7
073f
02c5
fdc0
f3b2
f557
04ea
05da
fd8e
0369
0626
fc28
fe44
0b24
feca
f4eb
fd8b
f964
f30d
02ac
0b56
03ef
01ca
0564
fe7b
f744
0096
06d9
fef2
007b
07f7
0095
fcc6
04f6
0371
f8ea
f972
fdc7
f7f5
f732
0373
0697
00aa
0497
085b
fee3
fdff
0601
01b4
fb56
010b
0206
fa2e
fc19
0354
fe3f
f8b6
0070
ffb4
f82d
00a5
07f5
01c2
02d3
0761
025e
fc8b
ff4d
0195
fd2d
fd59
02de
01db
fdad
03e8
05cf
01f7
f49d
f293
f7b5
f4fd
0729
1785
00e3
0209
0df8
fcf7
f6f6
0c14
fdef
ec18
fec3
ffa8
f74b
05b4
0da2
0185
ffc0
fd48
fa29
f827
fdc4
03aa
0575
0311
054f
043d
0201
fe16
0136
00dd
f736
fb8c
025f
fbce
fde1
08a4
00b6
f9a9
0110
ffcc
f747
0160
08b8
fff2
0199
093a
028f
fccb
02e5
0189
f7e4
f9ad
ff87
f9a8
fc16
054b
03f2
ff24
0282
030a
fe69
fea1
0383
0175
fe07
01c5
02a0
fefb
004a
02bb
fe17
fb3f
fd88
feeb
fcd0
fef3
0278
015d
fe6f
008b
01bf
fef6
fe8c
035b
0225
fec7
03a2
0473
fde9
0006
0359
fbc7
f0f1
0431
0cde
f194
fa98
0bd9
f875
fcb4
0d4e
001b
f9f8
070c
019f
fef8
053d
032b
fccf
fd5f
fb09
fd6c
fe34
fd92
012c
016c
fc2f
008c
03e6
ffe1
01da
0467
ff0e
fd12
0305
013f
ff20
0268
01af
fde5
fcba
fe04
ff62
fc6c
fec0
0415
ff8b
feb9
03a0
01f0
feb6
01f3
02b1
ff1d
fdd9
021b
ffa6
fd58
015d
0246
fe37
fe4b
012f
fe24
fae0
0107
00b7
fc7b
0133
0384
fe45
00fc
04b8
009a
ffc3
02d1
ff82
fce5
00f7
ff36
fca6
001e
fef4
fde0
0091
ff60
00b9
02b6
fe62
01e6
004f
0012
f87e
0053
dc26
1e86
5b55
bfe2
fc8d
5294
aa92
c22c
3b34
e66a
d68a
337a
0689
db34
273d
242b
f269
0f38
005e
d352
f694
fcb3
ef7a
1f0d
13d5
ef90
0fcf
0b34
dd7e
06c6
153f
df8a
ef58
1f58
f2d1
f20e
2901
1102
e474
0689
09d8
e422
f494
1eda
01b3
ed3e
14ad
0a43
df6a
fd47
104e
e8ab
efe6
113a
0095
f376
1329
1721
fae6
ffa1
0ec3
f6fe
ed69
053e
04ad
f303
fdcf
09ce
fc1a
f5e9
0825
0974
f5be
fd96
0da6
fd92
f7d0
1098
0a9c
f2db
feef
09a4
f0a4
f168
0bdc
012c
ef95
08d2
0e1f
f1c0
fbdd
1081
f837
efc1
0be3
04af
f3b1
024c
1016
0b91
fe56
05ac
001c
eeba
fd5a
05b0
f3fb
fb36
04d6
ff54
fc2a
0996
0949
fb38
fe76
05c6
f77e
fb3d
0b94
03ee
fb2e
0552
021a
f77c
fac9
0066
fceb
f7e9
ff29
04ee
fd41
fe80
0b8a
0418
f9d1
067f
07b6
f6cf
ff36
0a07
fc6f
fa44
07b0
0230
f577
fef3
04a5
f4c2
f960
0944
ffb2
fa5b
08ed
07e2
fc52
0195
0690
fc55
f931
0400
01f0
f893
ffcd
0582
fa3f
fa44
04e1
011a
f907
00a9
04a7
fb5d
fdca
090f
0204
fc48
06a8
058c
fa55
ff44
05f6
fc4c
f967
03da
00e5
f956
0069
03e8
facc
fba7
03a0
01f8
fd1d
0a0a
fe1a
f583
fff7
0100
0a64
07ce
00e5
0127
f8af
f925
0293
feda
f790
fe19
fab3
f96d
046f
0e69
0743
03cf
05e0
fd39
f469
01ca
052e
fb32
0055
058f
fa6d
fa3e
05dd
0324
f9d7
fe8d
ffca
f6c7
fcb3
081e
04fd
0155
05d3
01a4
f9f0
fda2
0376
ff22
ff45
029d
00a4
fd27
fe22
02a7
0042
fb53
ff79
fff4
fa82
0119
0655
01f8
00c1
048a
01d9
fc8b
ffe5
049b
fee8
fc74
0264
fdf6
f991
007a
01f7
fc03
fe25
0160
fcb4
fd15
0532
0533
0197
037d
03cc
fd2c
fcaa
0173
feef
fd05
0150
0143
fdc3
ff08
012d
fe1a
feb8
0248
0893
0058
d851
f5ac
1c4b
0ba0
0d3b
1206
ff06
f531
01ef
fcf0
ff08
f32b
efe4
f459
fc44
03ef
128b
11db
0549
faea
fa59
f677
f797
0686
0780
ff44
00b9
02bc
fc89
01a9
0320
00f0
fa0f
f7f0
fb80
ff48
006d
08b6
06a1
fbf4
fd42
feda
f9fb
0021
0a2d
0445
03ec
0699
01fb
fc88
ffde
fd9d
f8b4
f706
faff
fa21
fd36
0435
066f
039d
049d
0347
00e5
00a9
01df
01a7
ffd6
fefa
ff7e
feec
fe59
ff26
fec6
fb62
f9c3
fd97
ff5a
008f
0680
079c
02cb
01ce
0275
fecb
fde9
015f
fee5
fc3e
00d7
0076
ff4a
00d8
00db
ff7e
faed
f4ba
0029
0706
f801
0137
0d96
fdd4
00ec
0b8a
feba
fbb5
064d
fc24
f90d
01cb
fd4e
fa22
016b
fe93
fd2f
017b
ff91
ff4a
0385
033c
0175
03f4
02bf
0065
00dd
0088
fcad
fe6a
fe72
fd77
fe0e
0055
005b
fed0
ff09
ff5b
fe06
fe8c
012a
01a5
01d4
0354
038a
0186
01be
00e9
ff31
fe09
fe88
fd21
fbdb
fec7
ff7f
fe1a
01ad
025c
007b
019e
0219
0010
ff98
00ff
0066
ff94
01ab
01ee
00a2
015e
fef2
fd6b
fd0a
fc64
fdaf
ff24
fe7d
0052
0163
005f
018f
0345
0142
0148
014f
017d
fd67
0104
fb60
f888
e428
3ce7
161e
cdef
2b9d
0c10
a5d9
0811
1a8e
da9b
03e1
2bf3
e854
f8ed
2ee4
0866
f76a
1343
e9d3
db49
0315
f363
ff96
1efe
0162
f5d2
10bc
f43a
ecde
12d2
03fa
e3a8
08f6
11ca
eaf5
0abc
252d
f6c3
f26e
0dc5
f1e4
e814
09bc
0fd2
f376
004f
1215
f38d
ecf2
0e0f
0054
ee68
055f
0944
f92d
015b
1394
07d7
fa02
0485
0382
ee64
f87d
05d2
fb48
f707
045b
035e
f99f
ffeb
0c88
0298
fb0e
065c
0699
f931
01a6
0d60
fe90
f602
02d9
febf
ef0e
fd2a
0a3f
f945
f9c6
0e5e
0054
f3bf
0789
07e6
f240
fe8a
0145
0179
1712
fc9a
0cff
0b4e
ddfd
f6c5
1123
e66a
fbc5
16fa
ea71
f879
1d6c
0171
fd26
1508
feb9
e8c6
ff75
04ed
f656
034a
127d
fc34
f6ff
07d7
f96b
f30b
04d1
fe1d
f7aa
02c0
04a3
0085
0421
0784
005f
fab4
0110
ff5f
fe13
06a0
0553
ff91
00f8
fe5c
fa51
fcef
fd62
fa0e
feab
0065
fcef
0493
091a
0137
04d9
0728
fb75
fbd2
0189
fbc3
fc5e
02b4
0000
faae
005a
00ee
fc10
ffeb
0267
fcec
fe27
0296
01e3
0327
0422
02d5
0166
fed5
ff04
00fd
fdef
fe73
0150
fe12
fcd1
0103
00ee
fd39
0096
026e
02e5
f002
fab1
19a4
f3c4
fd11
1a21
faba
f51f
09da
fdcc
f39a
02a7
0033
f6af
fbdb
0248
fef8
0293
06ba
0149
01f4
015e
fbab
0332
04a2
fbd0
03c0
0465
f804
004a
07b2
fb5d
fc28
03ef
fb26
f7fd
022f
02d2
fdd3
01a4
0543
fe39
fbba
0598
0478
fb2f
02b9
0615
fa83
fe1c
04ae
fd3f
fa6b
0073
fefc
f947
fe04
03f4
fdc4
fef4
06de
029f
008d
05d5
03bf
ff5e
ffc1
feb7
fe10
fdff
ff99
011c
ff2d
fca3
fea5
fe81
fb7d
fee9
03ad
ff9d
ffa5
05b5
02b3
ffc0
0380
027c
fc07
fd83
016c
fc02
fc42
0251
fed9
fc11
0427
02a4
080f
00c0
d2bd
f951
1f4b
0619
0d46
1621
fcbd
f68f
0723
fbf4
fa54
f61d
ef23
f199
0405
0478
0fc8
15f0
019d
f3f1
fe24
f4fe
f348
095a
08b3
fb1a
0502
0a1a
fb35
025b
08d9
faff
f32b
f8e0
f995
fb91
0373
0d63
0630
fd1e
017e
fdb1
f75e
00bb
0751
00dc
0221
06df
03b5
fef1
032d
0339
f930
f5e0
fc46
f81e
f80f
049e
068e
ff99
03db
052a
fe73
ff6a
0471
023f
ff2e
ffca
00a8
ff05
fcdf
009e
ffd5
f972
fa10
ff00
fd79
ff42
06e2
072e
00a5
030c
03c8
fc7c
fdaa
041c
ffa7
fcf2
0473
02f9
fe4b
03f5
05c3
f208
f319
0803
f36f
f601
116f
01d7
faa4
0c00
0532
fae8
0665
032e
f8c8
feb6
fdac
fbc9
02db
0003
fe16
04c7
fbcd
f938
034d
fec9
fa2e
06e9
06a7
fd9f
04bb
0959
fcb2
fdc6
068a
fcff
f868
0223
0142
f965
ff44
03b6
fc2c
fac6
0183
fde3
fa2e
01fb
05cd
0200
0300
07d3
034e
fcd7
01ae
0144
f956
fb80
ffea
fc1d
fc50
03f8
03a2
fe2c
016e
0403
fe62
fe7a
0314
012c
fd17
0158
049a
00bf
ff5b
0309
009a
fb0e
fd1f
0006
fa92
fa7a
01e8
ff88
fb91
0409
054f
fd4e
01dc
06a1
fe27
fef4
04d4
01fa
fb71
ff58
fa0f
fff7
0b69
0433
034f
f847
ee46
fcb6
0209
fb0e
063a
09a1
fbc9
fc85
1544
0486
fd98
07a2
f962
e833
01bb
fd80
fb57
0a57
0830
f8a1
0004
0012
fcac
0144
03da
fb5b
fbb3
0432
fd86
03ca
0c1c
0210
ff02
017b
f6fd
fce5
01ee
fff0
0141
01bc
fe07
fb60
fec4
01d2
fdec
0018
0261
fb56
0129
06a8
0394
0351
0543
feba
fb32
fc44
fe6a
faa0
fed9
00ae
fca8
feba
0191
ff2f
01a5
0344
019b
022b
0114
011b
030d
0266
ff40
00bd
ff4c
fa94
fc1b
00e1
fcc5
fe3b
0317
0058
fd9d
0355
0048
feec
fe6b
02dc
f875
fe3e
e497
2bca
3b1d
bfb8
184e
3408
a042
e7ad
3261
d612
ed37
3374
ee5e
ea72
2bcc
120b
f641
1537
faa1
db4b
fc08
fced
f54e
1921
0bc7
f23d
0b28
0232
e518
095d
0c11
e66c
fcff
1490
f247
fd85
1e90
04c6
eb81
082a
0626
e7bd
ff2d
1cea
f9d9
f4a3
1580
fbc0
e148
05b2
07ca
e8c6
fe20
1348
fac4
faee
16b0
0b0d
f76b
0523
0684
f158
f643
06ca
ff66
f6e6
0318
0609
f8d6
fa4a
0754
020e
f8c4
0207
08a7
fd50
fecc
0eef
065f
f63c
0123
03ad
f08e
f6e2
0aa8
fd42
f547
0b2c
079d
f245
0328
0c18
f4a2
f7e1
0d46
ffb6
f8ae
fced
0c75
0f85
f5b7
0433
087f
ef98
fd3f
05ba
f5fa
f967
06ec
fca4
f989
05e0
0507
fb17
0548
072e
fb34
0133
0790
fb9f
ff6c
0446
fb9f
fc5c
ffae
fb7c
fe40
ff2f
fe85
0174
ffb8
fe92
049a
02d0
ff02
0533
0441
fd21
0023
03ea
ff9b
fdfc
01ac
fe9d
f7d4
fcb2
0131
f99a
fe24
0684
fecf
fde4
0684
035b
feae
01f0
0373
fe94
fd4a
02df
00e2
fbfd
010c
0282
fc34
fdd6
02b8
fece
fb36
0075
011c
fc42
0042
057e
01d3
00f5
0593
01d3
fcd0
009a
017c
fca8
fe1e
0092
fcfc
fbc8
ff82
0069
fd8c
ff12
0290
02e6
02f3
0645
f360
eb4e
07be
14ec
07a5
0703
0598
f8e5
f873
0125
fff7
f941
f52a
f4e0
fb6d
02d5
0a85
136f
098f
fc40
fc33
faa7
f632
01bd
0945
fe6b
fc4b
04ec
ff76
fb83
07f8
0277
f52c
f8a5
fbb3
fa41
010a
0985
0860
ff74
ff9b
007a
fbbd
ff67
0631
03a7
0057
0185
0349
fde0
fd75
025e
fca6
f64f
fd54
fe43
fb08
01ef
082c
0331
00c9
04f4
01d7
fd60
02c3
0321
fdd1
fd20
feee
fd65
fbef
ff7b
01c6
fbe9
fb25
0007
ff02
ffb2
068f
0738
01cf
0173
0290
fe1d
fc1d
0269
01df
fcec
0007
02bd
fe21
fe37
024e
0454
fc21
f188
f620
f8b9
018e
15e0
0cc7
fde7
0962
0338
f64f
00d7
08a4
ee90
f3d0
00a8
f9a6
fdcf
0fb7
07c0
ffd6
fdf8
fb4c
f944
fd8f
03fc
0610
0522
0154
00fa
025c
fee4
fce2
0515
fbe8
f56a
007c
0154
f936
0625
06f2
f7d5
fbe3
037b
fa15
fdaf
0a3f
0577
0053
062b
04d6
fcbc
ffa9
005b
fa4a
f785
fc8a
fc91
fd40
0317
0598
0287
0238
025d
01d9
000b
ff42
01ab
0114
fe67
00a3
02b8
fe21
fde5
00e7
fc77
f92b
fef9
003f
fdbf
024d
05ea
008a
fec8
027a
ffe8
fc96
01c0
0376
feef
008d
044c
00a7
fe55
015f
f858
fa0e
0a92
fa9a
f3c3
0524
00b1
fc07
075a
06df
ffa3
040c
0265
0175
0310
fdf2
fbf9
fec7
f8f1
fa80
034b
ff17
fdbf
03ec
00ea
fb1f
0259
03fc
fea9
00e6
04b7
fe33
fda4
02d0
0248
ff52
011c
022d
fd56
f9da
ffe7
fee6
fa67
01eb
0438
fe2e
003a
05f8
0252
fe94
038a
02a7
fa7c
feda
02ed
fde3
fe2a
046f
ff89
fad6
000f
00f2
fb8b
fe77
0287
fe45
fddb
0256
0199
0015
02ee
02fd
0189
0039
0009
ff82
feda
fd22
fe8f
fea1
fd2e
fee4
024f
ff97
ffb9
043c
0073
fda9
0201
01c9
f8a8
fd18
ebf4
f908
62be
e73c
d4fe
508d
dcc5
a0ca
2bb3
0144
cc7f
1c09
1ee8
d952
153a
2ff1
fbb8
0440
0d41
d748
e9a1
025f
ecd3
113e
1fa7
f542
0381
150b
e58e
f570
180c
ef77
e0c1
1786
0463
e9d6
1bb1
2114
eb4d
fa80
1045
ecb3
e919
173a
0d1f
ebfc
0966
13ab
e6c2
f04b
102b
f564
e988
0a76
09fe
f4d6
079a
1b5b
021d
f9b7
0dd6
ff85
ea15
fe63
071a
f61a
fa00
0945
00aa
f5c0
0114
0ad6
fc1d
fa00
0aa7
059f
f706
0733
1096
f986
f694
08d9
f95c
eabe
042f
09f4
f16a
ff45
134f
f8ce
f412
0eec
0103
ecfd
0569
08f3
f444
fc22
15c7
0fd4
faa2
06c6
01aa
ed34
fca7
0496
f470
fbbf
00c2
0107
ffbe
04a0
09a5
0124
fac0
02d9
fd9c
f8db
0515
06f8
0009
00d6
0244
fe5b
f8b3
f985
0266
fa1f
f816
0654
0272
f903
0997
0abf
f930
0135
0ba7
f9b6
fa7a
0b3b
0360
f7e0
033c
0496
f459
f8f6
0738
f9c4
f6ad
0711
01d6
f919
06ea
09ee
ff4b
0016
04c0
ff2b
f96d
01af
0552
faef
fcbb
033f
fc7a
f902
01d4
0309
fa9d
fca4
047c
ff0d
fca4
08d5
081c
fda5
02a6
06a5
fb98
fb2b
044e
ff86
f90f
0037
023a
fafa
fde5
0452
000c
fab4
0852
fb75
ef06
09d4
007f
026c
1165
055a
fc01
fe82
fc72
fc5f
fe84
fa2c
fb8a
f954
f7e0
02c1
0b51
0614
041f
0794
fdc6
f472
0150
0608
fbe2
0345
08e5
fa6f
fabe
080e
0232
f957
00ee
00b3
f2dc
f948
07ab
0189
fe7e
08f9
0300
f6b5
002b
068b
fc35
ffa8
095f
ff7d
fa54
0229
0290
fc98
fde9
0080
fb9b
f81f
009e
035f
ffcb
0322
0731
0262
fddd
0257
03b1
fc8f
fe29
0438
fe67
fcb8
0413
00e2
fa20
fdc9
ffad
f890
fa02
039a
02f2
ffd2
0660
070a
ff37
ffa2
0360
fe32
fb1d
023f
00c4
faad
0139
0314
fd4f
fe10
03b6
00f5
0838
e2db
db0c
13fe
158e
0b06
184a
0be9
f83f
0080
ff23
fa56
fa25
eb3c
ee54
fb2c
02ce
084b
19a9
0bc1
f96a
f8cb
fc72
f018
ffb9
0c86
028f
fca2
098d
0307
fd61
05e7
0449
f780
f346
f9e9
fcb5
fddb
0660
0c18
fea4
fb07
ffbe
fb69
f961
070c
095f
0380
05f3
094b
00b5
fbc7
00cc
fc56
f277
f731
fb77
f69b
ff92
0811
0596
03bd
063e
036a
004c
009e
042f
01d1
fe2c
ffb9
00da
fc41
fcf3
0137
fc29
f776
fce9
ff65
fd12
0341
0998
052d
009c
0461
0145
faf0
fe88
0251
fd00
fe20
03ef
0161
fecb
02e4
01a2
fc2c
f97d
f69b
f925
0772
fee1
fd71
0c99
036a
ff65
09dd
00c8
fc94
0446
fcb8
f922
0311
fcc8
f966
0340
feaa
f8f8
0266
ffa0
fa75
0359
06ae
ffa8
03c2
0889
0055
fd8b
0461
fe71
fa40
00b9
ff65
fa9a
feed
00f1
fdbf
fdb6
00ee
ff9f
fced
ffab
026b
019c
02db
0581
049f
013b
006b
017e
fe1d
fc48
fe43
fcce
f9be
fdc9
00d2
ffbf
012d
044f
0180
fe94
0164
01dc
ffaa
018a
0317
022e
0137
018f
01d9
fe18
fc54
fd35
fa3e
f955
fe23
ffe2
fed6
02b6
0504
0107
00e2
04ba
022a
ff04
01e4
0186
fcb8
0077
ff64
fa8d
ee90
f9f2
3fd8
ed43
eb3f
3483
dc9f
c099
22f6
ff8f
e2fd
1ba0
185e
e29b
11fc
2645
fa2b
fff8
080b
dbe3
ea0b
000f
f2c1
0da6
1566
f962
02b6
0a81
ee2c
ffbf
1109
f597
ee8f
1286
0072
f096
1884
14d4
ed02
ff19
05e2
e9a9
f379
0fec
05e4
f48d
0984
0b88
ed9a
f9d6
0f98
f79e
f57c
0b63
02f7
f79b
0887
0ec5
fd4c
fc7b
0659
faef
f10d
01a4
03bc
f94e
fcf9
05b2
fee6
fb08
0495
0a2a
fd30
fe7c
0834
001a
f947
07f5
0789
f91f
fb82
03e6
f731
f3e2
0612
029e
f6e4
0392
08fe
f8d2
fc97
0abb
ffd4
f92c
057b
0316
eaa3
1694
1fc9
e37d
1181
1010
cd78
f7e4
1602
e8b3
fe5f
13b0
f10a
000d
13ed
0656
0675
0885
f526
f3db
fcb2
f9a4
0231
0ea0
0112
f763
0505
fb7c
ef16
060b
0735
f0a7
0193
0ced
f804
fe32
1434
027c
f283
075c
08e0
ee91
025c
1563
f805
f603
0c9b
f9d3
eb7e
04b9
0661
f098
ff1d
0f0f
fc8d
fcd6
10b9
0688
f87a
03bf
04f9
f6db
f89a
05c7
fea2
f5cc
0112
042c
f829
fb98
06b2
012a
faa0
0382
0815
fd48
0083
0ce5
021e
f84e
04f9
0241
f3f9
fcc4
0839
fb2b
f896
0781
018b
f68b
0386
0702
f825
feac
0c3c
fe2b
e592
1a28
0f40
e6d1
0ee3
1156
ec00
faf0
06f4
f7b6
f52d
0303
008e
fa41
fcc3
07c8
065d
0200
01f8
07aa
00a8
f586
01f1
0a5e
f59c
fe0a
0dc4
f6aa
f422
0e00
00e3
f140
0694
0730
f14f
fcee
0d4d
fe19
fa02
0c43
0603
f3b0
029c
0b93
f6ee
f9df
0b38
fbfd
f48a
061d
0366
f738
ff0e
0523
fbb6
f957
0545
0593
fade
0357
0aed
fee7
fc9b
0766
0224
f871
ff79
03ca
fa9e
fa69
0469
ffaa
f7ce
00e9
04b4
fa60
fd89
08f6
0299
fb42
05c7
0758
f995
fdcb
07a8
fb54
f72e
0616
01b2
f4c6
0115
0720
fa32
fdf3
1032
0418
cf2f
f592
249f
04b8
094a
1e9d
fdf2
edb2
075e
00d1
f2a5
f5ab
f6a9
eeec
fbe1
0b45
1271
102a
049c
fca4
f765
f109
f9a4
0987
0295
fef7
07fc
04c8
fa29
0661
07a4
f6d5
f644
fc91
f557
f9f9
09d9
0a41
021c
0201
0403
f882
f82f
0533
04bd
fd29
0796
087a
fe54
007a
05e6
fc09
f5bd
fb6c
fa5c
f37a
fd06
085f
02af
024a
09fa
02ef
fb23
0316
04d0
fd8e
ff70
0396
fd4f
fb7d
01d2
0148
f9f3
fb8e
fdf2
fafd
fc6f
064d
0748
0209
04d3
05f4
fe7b
fbdc
018d
00ff
fb05
fff3
047a
fe50
ff6f
0656
02d4
f4a5
f207
060c
f700
f3e4
13e4
08d8
f660
0d57
0a04
f521
03ca
096e
f31c
face
0397
f938
fe1e
0749
0019
000c
febf
fb51
fd2f
fde0
fe3d
0533
068d
02a6
03d0
069d
fe7a
fc24
041c
fd0b
f777
00f8
ffff
f8ea
00c9
053a
fb9f
fc0b
03a7
fd24
f99d
0552
043b
feca
0534
07a6
ffbf
ff6b
047b
fda7
f922
ff4c
fdbc
fa45
ff48
0258
002c
ffe3
0233
027d
ff8b
ff6a
03d6
014f
ff1b
0281
02d5
feb2
000d
00a6
fda0
fbf7
fe16
fe53
fc27
fde2
01ee
fff8
fdcb
02a2
0260
fd97
0176
0545
0046
0205
04c7
0128
fce0
ff98
fb99
f9e5
087f
08f7
fc79
f76c
f85c
fab7
00f4
0174
0506
0413
ffac
fd73
0f9b
0401
fed3
03c4
f940
ec77
0212
ff25
fc1a
08a4
067b
f802
ff91
0290
fbde
01e5
04c6
fc11
fbcf
067b
ff29
02d3
0a06
0139
fced
0008
f7a1
fd60
0085
fdc2
0121
02d0
fefb
ff3a
0144
0048
fd2f
ffaa
003d
fc87
0260
04cc
0236
0398
0509
ffc6
fc60
fcab
fe60
fa0e
fd21
00b0
fdf5
ff00
0280
008b
012f
0262
0137
00eb
00cc
01d1
0147
0291
0102
fe30
feeb
fd6b
fab7
ffa5
fecf
fd98
0201
0032
ff02
00dc
01cc
faa5
ff38
e730
074d
5bc3
d41a
eac6
53eb
c415
b4d1
39a5
f23e
cff1
2baf
0bf7
d635
1d8b
240e
f51e
0c72
0b07
da9b
f1a5
028d
efec
1223
196f
f42c
05c0
0f8f
e41f
faa3
154d
e969
ea46
183f
fb97
efc5
1d94
165d
eba0
ff75
0e90
ebeb
ef1e
1b8d
0876
ec69
0f2a
0df7
e216
f79b
10d8
ee07
ef22
109c
0392
f244
0e83
1684
fbe2
fe25
0e47
f9bd
edff
0319
0536
f482
fdd6
0951
fdbc
f7be
0513
07aa
f811
fb32
0973
fffe
f779
0b01
0e21
f7fa
fc30
0af3
f6ea
efa8
08de
0500
f092
0458
0f2d
f432
f84d
0ee4
fb9e
f010
0934
0789
f642
ff69
0479
1059
026b
fc35
087e
f8ac
f40c
077f
fac6
f472
0380
0483
f7f1
0452
0a27
fb09
fc07
09c3
fbe4
f941
0a56
0310
f8e7
06cb
0300
f898
fe2b
ff08
fa80
fbc4
001f
02cd
ffb9
ff72
05af
0325
fc22
034f
05bb
faaf
fdd4
055d
ffa5
fde1
04fe
0384
fb7a
fd88
02c1
f957
f7fc
044b
010e
f9e5
03a8
0536
fde8
0099
054a
00dd
fd5b
020d
0373
fc04
fe12
0384
fd5c
fb68
02eb
0130
fbba
ff06
02af
fdbb
fcc2
04a4
032b
fcae
038f
0659
fd2e
ff42
04f4
fdd3
fb04
0258
00cb
fb93
ff8e
01ba
fbc6
fc0d
01cc
00c9
ff17
0644
080f
f411
ece1
043e
1140
07f3
07fd
0820
f77e
f65c
0324
ffda
f684
fb21
f7dc
f418
028b
0c98
0d1f
0983
040e
fbdd
f836
fa80
023b
02e4
0079
00ce
feaf
fc7a
0042
0573
ffee
fa96
fc11
f8ea
f9a9
03da
0837
0646
0438
0120
fc55
fadd
ff50
02c0
01ee
0260
0334
0093
fd5b
00bb
0274
fcc5
faed
fe62
fa5e
fa89
03c7
0556
0183
0473
046c
fe38
ff1f
03ad
00d8
fd95
00ae
fe80
faa7
fe16
011f
fea5
fd72
fef6
fdd3
fdcb
0173
04b7
0570
039f
0220
00a5
fdda
fdf3
00db
ffef
fecf
0122
003c
fdc8
ff60
00f0
ff54
ffda
04f5
fc78
ed94
f476
04ce
0cda
11d6
0802
020f
ffe6
fb6d
fa7a
04cb
fab3
efd9
fbeb
fb2e
fc77
0c1c
0ea9
02d7
020a
fb09
f875
fb5a
0269
03fb
0440
01e5
004e
ff24
029f
feb9
0022
0141
f8d6
f8fc
00e6
ff46
ff45
06ab
fff8
faec
ff81
ffef
fce5
04c1
0792
02fc
029d
0421
ffae
fd25
fe48
fc90
f995
fa1a
fc66
fdb6
00ea
04d0
0558
02ca
01d0
0101
00f9
0069
01ce
02a0
00c3
fe63
fec6
ffbe
fe12
fe97
feb2
fb13
fa77
ff60
007b
017c
05b5
0520
fe97
ff72
0194
fefd
fee5
031b
000e
fdad
01b6
01bd
fe6f
0074
0168
fbaf
f436
017d
0b0e
f62a
fb94
0d79
fe1a
fdda
0bb3
0192
fa16
041f
0067
fd5e
014a
ffd0
fc30
fdd5
fa93
fcc0
0017
fe52
0044
0489
0082
ffd3
0565
0307
ff10
02bf
01b7
fb10
fed2
0127
fd7d
ff00
01e6
ffe6
fd51
ff2f
00f2
fdb3
fef9
035c
0093
ff7b
0394
0300
ff6a
00aa
024f
fed8
fd9f
00f7
ff49
fc73
fea2
0103
fce8
fde2
0316
00a2
fda8
02a3
0238
fd67
007e
034f
ffd6
0035
0302
014c
fe82
ffd7
0037
fc89
fd63
0114
feb3
fe0a
0192
00b2
fe76
ff6e
01cf
00c0
0044
00ec
0361
fd46
0043
fad3
f7e2
db00
4bd2
261e
b4f0
30d1
2347
8e1a
ff96
2cbf
d1cb
f994
3944
e7cb
f095
3483
1011
f3bb
1652
ebd2
d56b
00ac
f519
fb29
2416
034d
f261
15d2
f68f
e47f
1715
076a
dc31
06db
1793
e6fc
0589
2c0e
f9e7
e956
11b5
f9e6
df8b
09ba
1b31
ef8e
f9d3
1a06
f3b8
e351
0fc9
04cf
e5fc
03cf
1180
f742
fe81
1a45
0a29
f52d
0555
06bd
ebbf
f494
0983
fd03
f3f6
05df
06a5
f71d
fc7c
0d7b
027e
f71f
06c6
0a13
f891
ffda
119d
ffdb
f16c
02cb
018b
eb3f
fb4c
0f8d
f908
f517
11ce
040f
eeaa
091a
0d31
ef81
fb52
100f
f507
fae7
1cad
0742
f45e
ffae
ff4f
f77f
f797
0022
074a
f1a9
fc5c
10a8
ff93
fb61
1014
03e9
f097
fe5f
09ba
f97f
f8c8
10f8
050d
eed3
0427
089f
ec1e
fbd7
0de6
f751
f58b
0e2a
0397
f691
0860
0a54
f6e9
fcf9
08e2
fe69
f923
0917
07cf
f6ff
fe8a
0763
f88c
f7bd
034e
fecd
f7b0
feea
0731
0277
fe2d
08e2
06f2
f80c
ff37
0753
fa24
fa9c
0750
007e
f64a
0121
058f
f8a5
fb39
06fe
fd1c
f6f8
0589
0638
fbd8
0281
09c4
fe97
fad9
05d6
03a3
f8a0
ff3a
06a7
fad3
f8e2
0648
010f
f6eb
02d9
062e
fd7c
f9e7
f949
099d
f7f0
01a0
1892
ffc4
f86f
09e1
fc8c
f319
056c
0041
f175
fa4f
00b9
fbbe
025e
0e09
057e
fda7
0200
fe56
f95f
0275
049b
0191
00b5
00c0
0002
003e
001b
020d
fdbe
f992
fb22
fd28
fd46
022f
0728
035f
ff2f
00cf
013a
fee8
0098
040a
0238
fc2c
00c4
0127
fb18
0022
02d4
fa95
fae8
ff7c
fe33
fd46
03e0
068c
00a0
01f6
065b
ff6d
fd99
0398
ff2d
faf9
0016
015f
fd18
fea3
0256
fe18
fb2e
feec
ff3e
fdda
01fd
0567
02a0
00ff
02e0
0157
fe0e
ff05
ffb8
feee
fe11
ff35
01bf
ff48
ff63
02a9
0185
feed
0e67
de09
d663
1a8b
16b1
04d6
179d
0f37
f543
fd52
02c2
fd6b
f35d
ed07
f459
f8ee
00e3
0f22
1a1f
06a6
f9e0
fcc6
f75a
ece9
048a
0c41
fcbd
ff65
0c90
fe10
fdda
0abd
0233
f48e
f7b0
fa0c
f889
ff40
09f8
0afc
fb3d
fe36
0280
f703
fabc
0c01
0435
0064
08c0
084c
fd23
0057
0418
f8bd
f269
fbda
f8e1
f3af
0386
09b8
0127
0437
0974
ffb9
fde6
0458
0303
fe26
008e
00ef
fe6d
fc3c
005f
008e
f9de
f8c0
fe76
fd91
fc9c
06d7
098b
0154
0251
0641
fda5
fbd3
0418
00d0
f98a
0130
03f1
fc55
026e
06e8
fa0b
f194
0604
000d
eef9
062d
0b2c
f738
04ad
0c88
fdf7
ff9a
08be
fd79
fc2b
ff25
fde3
fe70
ff5c
fcde
020e
fe24
f993
0008
00b4
f8e7
0246
0a2c
023e
0292
0a8d
017f
f9ab
02cc
00c6
f76e
fd8d
0326
fa76
fa44
04c4
0102
f9f7
019d
0312
f957
fe9e
0710
0226
ff20
0693
0494
fc88
0117
0488
fc10
fac2
00b1
fd4c
f919
008b
0438
fe4d
ff42
04c4
ffe4
fcc5
029f
0323
fe64
00c5
0453
0143
fed6
027e
027a
fd50
fcec
ffbe
fc00
f849
ff45
0256
fc9f
ff25
05d6
ffdb
fddc
07b7
03ba
fe45
01ad
0537
f80f
fc80
ee1a
17dc
2084
e150
124c
1150
c277
f56d
1802
e814
fc9a
20d6
f8e6
f36c
26bd
0fd7
f729
0d76
f56a
d994
fe48
fb3c
f83e
152e
0ac7
f5b2
070c
ff0f
f193
08c4
07e9
ef93
fb8f
0e02
f5f3
01a8
1b77
0317
f505
0763
f847
ef5a
0224
0a93
fbc8
fcaf
0a13
faad
f1c6
05c3
028e
f41a
01be
04c9
fe1d
027a
0dcc
083f
ffe2
0132
00b9
f527
f8e2
0040
fdf0
fb93
0014
01ac
ff08
fe18
04d0
0533
fe09
0210
0576
feb3
fffb
094f
011c
f998
ffb4
fe49
f494
fc9c
04e5
fc2d
fc52
0750
01aa
fb7f
0334
044a
f97f
fd20
029a
fe69
f041
0d64
3519
e325
00e0
2bae
cca2
d821
278d
ed1f
e347
214c
fc9e
e8b8
1ade
13a5
fccc
0aa9
03a2
eb97
f64a
fed9
fef9
0932
08f3
fb14
ffde
0001
f0db
fe2c
09a4
f2a3
fa4e
0eda
fb97
fb31
155b
06f5
f23f
0429
09ad
f0b0
fbb3
15b2
fdf0
f303
0e39
fefd
e668
001b
098a
eeed
fb99
11a6
fe10
f88e
12a0
0b7e
f8a1
0402
06cd
f3d2
f733
0596
005e
f7f5
026b
04b5
f904
fa18
041d
00b9
f9e7
00fa
0723
ff81
ffe3
0d3e
0809
fa6c
0240
0419
f37a
f810
06ee
fc97
f616
05ec
0476
f561
00e1
09db
fa42
fa15
0aa2
0257
fd17
fabc
0194
13c2
f667
ff30
1046
f34d
f70a
0693
f669
f708
0762
fe42
f827
03a7
03bf
fc51
0723
0b6d
fe84
0186
05c8
f9ed
fd62
0606
fc10
fbae
002a
faa1
fb38
00f1
00e9
ffba
001f
ffc5
ffda
ffb9
0258
04a0
021b
0070
01f3
ff79
007e
022c
ff52
007a
fe4d
f982
ff1e
fd79
fb14
0279
004f
fbc8
032f
048e
0120
044b
060e
00e9
fd44
0069
fefe
fb03
002e
0264
fcbd
fefa
01d8
fd64
fcca
013e
ff6d
fd8e
0103
02be
0194
028b
04d4
021d
ff3e
005f
ff66
fd72
fe6c
ffbc
fdf7
fd6b
feac
ff15
fe44
ffd2
ffe6
035a
0195
0c51
face
d70d
048f
1f57
0447
0ad9
10c3
f6a3
f34d
0534
fd6e
f8ab
f5ad
f2fd
f598
0353
07c3
13ae
1075
fdf8
f96b
fea3
f321
fac3
0d8f
031d
f8c0
0663
02e4
f62b
0535
06f1
f560
f72f
fe94
f914
fea2
096f
0aa2
00b0
fe10
013b
fb3b
f9e3
06e6
06e3
0021
0440
0564
fe02
fd76
01fc
fc79
f577
f9fb
fce3
f956
00dd
08fb
041e
00fb
05fd
02fe
fe2f
01fe
0489
ff23
fc88
ff78
fdac
fb01
fe64
00a1
fc53
f9f6
ff09
002a
fe09
0542
09b1
02ad
010a
043f
ff6e
fb2e
0204
02c8
fc32
ffc1
038b
fd8c
fcdb
03b8
028e
faaa
efc4
004d
0213
f372
0e66
14c1
f747
0554
0d93
f527
fb25
0c52
f648
f393
02f3
faf7
f943
07e2
03aa
feeb
0057
fd09
fda9
01b4
0252
04ed
0768
01a1
fec2
0402
ff31
f8ae
021c
ffeb
f694
ff37
03fd
fb4b
ff18
062a
fcb9
f9c1
039c
0139
fb9f
04e6
07a2
ffe9
01bf
0529
feaf
fcba
ffbd
fd6f
f9c0
fc87
ff65
fdb9
0068
0429
0316
00b8
0015
01a1
000f
fe55
0209
0320
ffd5
013a
03cb
00dd
fcd1
fff3
fe41
f841
fc31
003c
fd02
ff9a
0506
01a8
ff11
0291
02db
ff09
003b
034e
001d
fcfd
01b4
0256
fc62
fd53
fe2e
0426
078e
ff54
f747
f6ff
fb63
00b2
00f2
03cd
0612
0417
fcac
0bb6
0996
fd45
ff5b
ff05
ef2b
f91e
01d6
fee8
01a6
0578
ffae
fca5
ff40
0208
01a7
008e
008f
fe45
0058
ff6b
0465
0758
00dc
ffbe
00f6
f646
fb5a
01cb
fc6b
ff42
046d
00bb
fd33
0082
0439
ff96
ffc2
050f
feda
fd12
0370
02dc
fe64
0204
0201
fb56
fa4e
ff6f
fd1a
fc48
00e0
0087
ff4d
0101
01d0
030b
01f3
0164
0328
0086
fec1
00ed
021b
fdfd
fd0f
00c8
fd43
fa15
00f0
00d4
fd06
0278
0335
fd99
ffbd
031e
fc1f
faca
f00d
f683
5b61
edef
d3e9
4e5e
e3ec
a1c5
2adf
0405
caa0
1c31
1d0a
d79c
13c4
2c1e
fa4f
05ee
128e
dc66
ea3d
04ba
ed9b
0991
1f0c
f809
00ec
143e
e95d
f1db
154e
f16a
e402
14df
0545
ed1a
1722
1bdf
f034
fa11
0e23
f219
e9e1
1387
0e67
ee7f
0874
1279
e802
f045
0e69
f5db
ec48
0c3a
0868
f3f6
07ca
1726
0026
fc17
0b98
ffa0
ee83
fe16
06e9
f93e
fb0e
07c4
011a
f684
fed7
07ae
fa96
f871
0913
0614
f985
08a5
106f
fb77
f8e2
06e0
f9ad
eded
028e
078e
f3b7
ff07
105e
fa96
f597
0c3c
0153
efa1
032a
0a5c
f8e4
fb6c
063b
159a
fee4
fa92
0a6e
f7e2
f2d1
090b
fa72
f4e4
01a8
03f4
fa47
019f
08be
ff56
fc49
072a
ff79
fab8
06a9
0478
fcf4
0412
01b7
fb3a
fc40
faab
fc43
fd8c
fe16
023e
0302
fea1
0283
059c
fd75
ff5f
0630
fdff
fcec
060a
03a0
ff0b
0140
0306
fada
f83f
021c
fd4b
f6a7
02cd
02c4
fb56
03cd
07b5
0110
0021
0329
0138
fbe1
0024
04cb
fd5a
fc98
0322
ff1b
fa57
00ff
01ff
fb11
fc2b
01a2
fe82
fdce
058d
05dc
ff15
0293
0511
fe5e
fe56
031e
ff3b
fc11
feb9
ff67
fc1f
fd72
011c
ffde
fd78
041b
0681
f525
f3ad
0153
0864
0caa
0bbc
04c0
fcaf
fbff
feef
fe0a
fa6b
f9b0
f6c9
f524
ffc4
0869
0ae7
087c
0614
fdaa
f78b
facb
0155
0155
0331
0529
ff4a
fd72
01e7
03f0
004d
fd2c
fdae
f72a
f67d
00eb
0456
0308
0665
0389
fb1f
fd70
02b0
fffd
010c
0676
020f
fda1
015f
01e7
fef2
ff33
fd69
f969
f90b
fbe5
ffd2
02bd
04a0
052f
045c
00ae
00cb
036f
00d5
fec7
01f1
ff4a
fc52
00c8
007a
fc51
fe26
fd78
f954
fb68
0031
0164
0315
061a
0451
0209
0258
0069
fe86
ff56
0005
ffa4
ff77
ff8e
001c
ffde
febb
ffbb
02e6
013c
f3c9
e5cc
f96e
0f43
12be
1113
08a3
04ee
feed
fab3
fd12
03c6
ece0
f034
fbff
fb83
015a
149c
0bce
ff7d
fcb5
fc25
f602
fac8
05b8
05ff
0175
030b
04c5
0060
ffd9
0084
012f
f885
f7c3
fe44
fd83
fc0d
079d
04ff
fb11
0015
021f
f9cb
ffec
0926
04b8
0301
068d
03d2
fc8a
fe4f
ffed
f9c1
f682
fcc1
fb33
fa74
0357
07c0
025c
0278
033b
0025
ff61
0249
0381
ffe7
ff79
01df
000e
fd92
ffc4
febb
f9d5
f97b
fe8a
ff18
fecd
056b
075e
014f
016b
03be
fed2
fbc3
00bf
0181
fd2b
01eb
0504
feea
003c
0385
ff55
f982
f66a
f980
0572
fda5
f9b2
0962
03d6
fe61
0b3f
048f
fc19
04a4
012f
f83a
0225
fffa
f881
fec4
0077
f937
ffae
0168
fda7
00e2
0572
008d
015d
05a0
029e
febb
02a0
feef
fc55
ffff
ff38
fe24
ff93
feda
fd74
fd83
fee5
0018
ff25
00eb
00c9
0106
0265
02c2
02a7
0319
012c
00c2
0017
fe8f
fed6
feca
fca0
fceb
fe58
feec
ff6a
00cb
0152
0015
ffee
ffec
0052
01af
0228
02df
03b5
01b6
0173
fff7
fccc
fc8b
fcab
fac0
fd09
ffee
fe53
0065
03f9
0127
0074
044a
02ca
006c
021a
010d
fd86
fee7
fe49
f8df
ed18
efdd
5bfa
f474
cc8e
4987
ec27
9afd
2706
0f45
d11a
1817
297a
d9e0
0a7a
32c3
fe73
fbf1
10c1
d9eb
e184
0256
ef23
0ae1
213c
f79e
fcf9
1446
ead6
f3e2
1a4d
f894
e191
149b
09ab
e891
15f0
22cf
ebf1
f5ba
0ee7
ed9b
e802
14c4
0fba
ec01
05b1
1490
e89c
ef3c
14af
f936
ea60
0d1a
0b92
f52b
06fc
1807
feed
f65c
0957
fea5
eb57
fec9
06d3
f7f5
f878
07d0
023b
f826
02f0
0d97
fe49
fae1
09bd
059c
f7cc
04dc
0d65
f914
f5a2
0583
fac3
ed80
0389
09fd
f340
fcf1
111d
fa4a
f4ed
0e87
0445
f0c9
0619
0a95
f518
fbd2
1960
0522
f7e9
077e
f787
ebd7
03b0
fee4
f8c7
01f6
fee0
047b
05d7
0462
0aa7
02d1
f886
fe6b
fe2c
fa7e
01d2
07ab
00f4
f94a
ff3a
ff7c
f57d
fc97
07bd
fb04
f963
0945
03a2
f8ea
0a92
0b31
f665
ffb9
0c7c
f7f8
f9d3
0cfa
00a4
f3e1
02ac
0376
f2b2
fc50
0916
f94c
f8dc
0a61
030c
fc51
07a2
07bd
fd07
fdd2
034d
ff87
f900
017b
03fb
f8e6
fbe1
046a
fca0
f979
0282
025c
fb0a
ff12
06a7
01b7
0003
0821
056f
fba8
002f
034f
fb23
f9e2
04c0
015f
f99f
0125
0458
fae3
fc18
0430
fe9d
fc22
064b
098f
e9ae
047e
0fdd
f0b0
095e
1343
f76a
f99e
0259
fb4a
f7f0
fec1
ff41
fba3
f854
022a
07d6
0620
03f7
0753
031e
f6dd
faea
0881
fbf3
fb27
0b91
feba
f412
07f9
0659
f679
ff53
0630
f53e
f4cf
069b
0384
fada
0835
0a9c
f8e0
fdad
0b93
fc02
f88d
08df
ffc4
f5c6
0298
0346
faf8
fdf7
0206
fddf
fa1e
ff6c
0552
ffbb
00dc
0884
0415
fcfe
02e7
04bf
fc3c
fcaa
0333
fd9f
f881
0109
01e6
f9d1
fdbb
0428
fd77
fb0c
0519
0627
fd33
02ab
0842
fd27
fbe8
0625
ff5c
f7c7
0245
02e5
f7fc
fdcd
0701
fd74
fe5b
08de
0e15
d83d
dcea
1ed2
10b1
043a
1dc5
0adf
eef3
0109
05fc
f81d
f3d5
f223
f1e6
f513
04d7
10e1
158e
07da
feb5
f94f
f41a
f1f1
0620
075a
ff9c
0480
084f
faf1
0010
0843
fc2e
f5af
fa40
f970
f8a2
03b8
0c38
07e6
fe0d
0259
fd7f
f407
fec9
08d9
ff74
0433
0b24
03db
fe97
0503
0161
f5f5
f683
fb3d
f4c9
f77c
0693
0686
01eb
0802
0669
fc57
ffb7
0514
ff77
fd79
02ee
ffd5
fb6c
ff6b
01dd
fcb4
facc
fc8a
fca9
fd1e
01b7
05eb
0567
029c
034b
0310
fc78
fe35
033c
fdff
fc8a
044b
0286
fd92
0498
04d4
f865
f28d
03f2
ff4a
ef6d
0662
0c09
f78f
05f1
0e5a
fc3b
fd92
0903
fb87
f9d0
02a3
febf
fb16
020e
0038
ff35
ff23
fce5
fd9d
ff2b
fd01
0247
06ac
02ba
0165
0692
0153
fb87
03f2
0255
f82b
ff2e
02aa
f92e
fd17
048b
fd64
f98f
01c0
00f8
faea
0194
061e
00f3
012a
06b7
0290
fcdf
0164
01db
faf8
fc7a
0175
fe0f
fc21
01b1
021e
fdad
ff52
028f
fedb
fda2
035a
035c
ff0a
024f
04f0
00cc
0003
0222
ff56
fb9b
fbb0
fdd6
fc49
fb07
fffb
01a8
fd99
001b
04d7
00a3
ffc0
0675
027a
fef6
01e8
032b
f996
fde0
ef4a
1492
1afa
e8e6
11eb
0a1f
c95e
f9b2
119a
ea8c
01df
1c9c
f71d
f7ea
233d
0a2c
f951
0ca3
f39e
ddad
00aa
f998
f948
1471
07db
f684
0816
ff2d
f2ba
08b2
0537
f08f
fd55
0c18
f6de
04e5
1937
0227
f856
06d1
f51e
f144
0194
05a8
fc1a
000a
08ce
fbc9
f6c9
06bd
0060
f679
035e
0317
fc66
01df
0a61
0473
0095
02a7
00a5
f71e
fc2f
ffb8
fc6d
fd28
ffb0
fee9
fec4
ff42
0400
043c
ff68
027e
044a
ff0e
0060
079e
01b1
fb82
0085
ff6d
f525
fc52
0332
fb87
fcb7
0740
00eb
faea
03b6
0272
f83d
f314
fc23
3a3b
f1e4
ecdd
3b93
e21a
c389
2696
fcc5
d579
1c9a
0aa8
db96
12ea
1de7
f7d3
0780
0fef
e85c
ee61
0546
f9f0
035a
138b
0142
ff17
09af
f4de
f6c7
08f8
f44d
efc0
094e
fe69
f697
1030
1024
f794
ffb2
0a53
f5b5
f398
117f
077b
f4d3
0900
085f
ebab
f876
093e
f348
f34f
0c8f
00c7
f592
0c63
0f6b
fced
02fe
0b53
faae
f5e3
0390
017d
f68b
ffd5
0478
faf1
fb63
0357
00d7
fbd2
fe39
0442
0127
fc9d
072d
09c7
fc02
fefc
06db
f997
f662
0562
01ea
f710
0311
08cf
f90f
fba4
094a
fbbb
f5c4
053c
032e
fb02
0472
f54f
0db4
0f88
f2f9
0813
084a
f12a
0094
014c
f540
fce8
03c2
fa2f
fffe
048d
fe27
ffcc
0958
fe67
fbe9
0864
002c
f767
0897
03c8
f7a9
0346
01af
f6a7
fec3
0499
fd5d
fe22
0305
00b4
fc16
00e5
045b
00d6
fefa
0381
0129
fd68
02fd
030d
fd42
00f0
ffa0
fbff
fc77
fd14
00f9
003a
fd0d
0194
0083
fc2c
026e
03de
003d
01ad
039f
007e
fea0
0224
0257
fdeb
ff4f
0186
fd35
fc64
ff9e
fde3
fb71
ff8c
0283
003f
00b0
058a
0406
0027
0254
02f2
fd3f
fdaa
01a4
fd3f
fb21
012f
fdb4
fa7a
0043
014e
fe9b
00ec
0412
0856
03cb
dce2
f3e0
1bd3
0b63
075e
13c1
fdd0
f0fc
0377
ff6c
f6a0
faa9
f4a0
ef77
0149
0884
0bef
13a4
06e3
f847
fca4
f8d8
f6f1
06ca
05a2
fc55
008d
038f
fcba
0103
0639
fca6
f610
f8cb
fad7
fd55
0582
0a61
071c
feee
ffec
fdab
fa89
00c8
0747
0225
01bd
0468
0079
fc31
006f
006c
f979
fa32
fd17
fa19
fd5e
058b
04be
02c8
03e4
034e
ffec
fff5
0272
01cd
fddc
fe6b
fe6e
fd3a
fd84
0058
fec4
fb93
fcfc
ffbb
fef7
0143
065d
05af
0110
022a
0271
fcc0
fdc5
029b
ff6c
fd4b
0243
014b
fcff
0002
02f1
fe4a
0118
fc8a
ef76
01a2
ff33
fb72
1498
09c3
f9b3
0851
0194
f4c9
0475
049a
f157
fc93
01a2
f777
02dc
09ee
fd2d
0118
020b
f8fd
fe59
0627
016f
01c2
076a
012a
fc45
03a2
00ad
f96f
0251
0051
f73c
fdb9
0288
fc14
ff03
04f6
fecd
fb3e
024a
0169
fe5f
05d7
06a3
00a5
010e
01f8
fdef
fd1c
fdb8
fba4
fabb
fca1
fea1
01a3
0384
02e9
03e6
0166
ffde
019f
017f
0018
009a
0108
ff9f
fe38
00f7
0084
fca3
fdc9
fe24
fb4b
fda6
01e0
0241
0112
0242
020b
fe54
ffbf
027a
fff9
ffb7
0256
00ac
fe0e
0179
01cf
fd30
ff28
fe80
f564
05f1
0d64
f928
f8a0
048d
fc29
fffd
05ea
0251
ff2d
00a3
fcf3
08b0
0308
fdaa
01b2
fdf0
f0e5
ffda
013c
fbda
0311
07d1
fc91
fd37
03e4
0158
fe19
036d
007e
fb15
0086
016e
02e3
033e
0086
009d
fc81
f89a
0183
0032
fd4a
032e
01f4
fd7c
fffc
034c
0153
ffc9
024b
0135
fd4d
0062
027f
fff5
fdf5
00cf
fef7
fa85
fd1b
0208
fcd0
fea9
041d
ff0e
fe4d
03e6
0305
006c
01bd
0227
fe8c
fc37
004b
0059
fe02
0143
0212
fda3
ff0a
00a5
ff69
fe2d
0132
0143
ff97
fe5a
03a3
fe84
0084
fb36
fd1e
da0e
40a3
3337
b12d
25e8
3130
8fc7
f393
3373
d195
f382
38dc
e889
ee40
2fc7
0f4d
f705
16ef
f038
da2e
ff85
f4f9
f89e
2184
060f
f24f
1404
fba9
e224
12fe
0bcf
de93
028c
18a4
e9cd
ff1c
2749
0020
e817
0d02
0175
e1de
02b7
1f4f
f581
f3f1
1974
f9ab
deab
0b58
0988
e559
fff6
13f3
f856
faf9
1964
0bf1
f58f
04db
086c
ee2b
f41e
08a0
ff6a
f479
03be
07cf
f8a8
f971
0b89
03e7
f525
0455
0bd0
f919
fd78
11fb
0214
f146
0398
0449
ec0b
fa3d
0e9e
fa5f
f3d5
0ee3
057d
ee5e
0535
0f5b
f239
fa93
11ee
f777
ebd0
2079
0dfd
e98c
092c
0cd2
ee39
f9de
056c
fe58
f184
00cb
0994
fd0f
fac1
0c2f
04aa
f6f0
feb7
0ba9
fcff
f60c
0c56
08c2
eeed
013d
0cd2
eeaa
f4d1
0fab
fc25
f03e
0c96
092e
f264
0311
105a
f9e5
f933
0c4f
031b
f44f
053b
0d5f
f673
f93e
0bb0
fb1d
f32f
055d
019f
f403
fe0b
0837
ff98
fbed
09af
074f
f85a
0018
0913
fac9
f965
06ff
0116
f532
ffd0
0745
f9ed
fa83
0909
ffcf
f5dd
041f
06f0
fa12
ff79
0b1b
ffd3
f8d3
07d0
06bf
f7c6
ff97
0955
f92f
f54d
0601
006a
f3d2
0294
088b
fb38
0118
00bf
f63e
f6c7
0b62
1439
00f7
0020
0751
f9ae
f4e1
0590
0084
f13b
f72f
ff1e
fc3f
0109
114d
0cc0
fd07
fff7
004c
f3ed
fbe4
08b4
02fd
fbe4
035d
0433
fbd7
00cf
0968
fc33
f5ed
fce1
fbba
f87f
02a9
0af7
02bf
fd84
0380
004d
f9eb
0155
05d7
fe89
fc94
0519
026d
fc12
0498
06d9
f845
f8b8
0008
f87f
f828
05b0
0724
fee2
0411
0949
feac
fe4d
079b
0020
f8f3
001d
0215
fb5d
fd6d
0450
fdd2
f807
feeb
002d
fc0c
014c
07ae
0275
fe46
0425
03a0
fb34
fece
0491
fd72
fbcf
0310
02d5
fd3f
0153
0589
ff47
fdd0
0808
f005
d7e8
027b
173b
0b1a
0eb5
10c0
00cb
f790
000c
024a
fa96
eb5c
f822
f7ea
f8b2
099e
17a9
066a
0124
fe9a
f748
f13e
ff93
07bc
01e5
0140
087b
0146
feaf
05ea
0288
fb27
f83b
fa67
f9d3
fd4c
0382
08b4
ff7c
fd3f
012d
fa42
f885
06be
05f1
0181
08bc
07dd
ff76
0081
024a
fb28
f772
fa14
fa08
f64b
fec7
05dd
037c
0299
0712
0240
fe35
02ed
0414
0028
007b
024e
ff9b
fd89
0031
ffcd
fa02
f95b
fc91
fc8b
fd49
046a
06df
02d7
02f5
04ca
fee0
fd05
015e
fffb
fc3a
0041
037c
ff0e
010b
04c6
fdfc
f55e
03c8
03e1
eecd
fd38
0a4f
f98a
01a2
0e07
00fb
feb4
0890
ffdf
feb7
00ba
fcf8
fcc1
fec3
fa70
00a6
0102
faf4
fee6
01c9
fa5e
fe42
08e6
02d3
ffa3
08a5
03c1
f9be
0111
02f8
fa40
fcfe
02cc
fcc8
fa4e
01d6
02fc
fc81
000c
03f2
fbd3
fc07
0462
0256
fed8
045c
04d3
fe2b
ff7f
0428
fff2
fc64
ffaf
ff77
fac7
fde4
0363
0006
fe33
027a
011c
fc49
ffa5
028e
ff0f
fed0
03ca
0241
ffc3
0258
03ed
ffc1
fcf9
ff3c
fea2
f92a
fc94
01e7
fd2b
fcee
045a
0201
fcd7
052e
0525
ff73
fe43
06fd
f77c
f9bc
e033
2c2b
3cb6
c1eb
14d7
3365
a0dc
e3c4
2fcf
dc0c
ebfc
3457
f7fb
e523
30bb
1ab9
f0cd
1305
f8e0
cfeb
fbf9
fbe5
f3b8
1e2c
0ec5
f028
0c6b
00fb
e516
0c32
0d32
e38c
f986
19f3
f178
fe25
287b
06b7
e89f
0a44
fe5f
e529
ffbb
18a2
f954
f46d
1420
fcfe
e3a4
07a4
08e5
e846
fd8e
0e88
fbc8
fea3
16a5
0e45
fb12
017c
0647
f186
f2a5
0509
ffc7
f4e1
003c
06e3
fb10
faf2
0a93
05fa
f8ca
0367
0aad
fcea
fdcc
0f04
0419
f4f5
ff8e
0204
eefa
f63c
08f6
fc6c
f4fb
0bbb
08e0
f3ec
02d1
0d26
f5c4
f6b6
0c0b
febd
f569
06b7
182f
004b
feb8
11e0
ed87
e238
0cf5
0167
e74a
0d7d
0705
f19b
0995
1197
015b
006d
0482
fcad
f419
fc04
0806
0116
fdbb
060c
ff4c
f6b2
fb5f
fe57
fe3b
fb29
0175
0593
fe35
fe81
0b7a
0454
f8e9
0461
08de
f536
feb8
0eea
fd15
f926
0a4a
fea1
ee34
ff42
063b
f1b6
f9c7
0d28
fda3
f9b0
100a
0a1d
fa50
04c9
06a0
f6c1
f91d
04d7
feef
f6a2
0166
04f9
f8f7
fb28
05c1
fe9f
f81a
027d
05d6
fcd7
00b3
0c1e
0469
fc47
0615
0473
f5b4
fbb6
06d1
fac4
f765
06e0
01e3
f5cd
0261
079e
f9fb
fd62
084c
ffb3
ff06
02e4
f45d
0cb0
ffd1
f93a
107d
ffbe
f52b
03ec
fb1e
f53a
052d
0035
f530
0095
01cb
fa0f
06ee
1033
0055
00b4
08cd
f94b
f769
09ba
0094
f8c6
03aa
ff26
f6b8
0038
0436
fe1a
fd86
008d
fd6c
fbf6
02ba
065c
02e7
022b
03ab
fe1a
fc09
015c
004e
fde3
006e
fdeb
fd9b
ff9f
fe41
0116
010e
fc13
ff89
017e
ff59
0360
05f4
0259
ff65
02a2
005e
fc09
00a0
025d
fc26
fddb
01e3
fccc
fb8e
01e3
ffd2
fc23
0144
02b2
fe46
00c3
05a7
01be
ff88
0360
0103
fc0f
ff2f
fff1
fcff
ff24
011e
fe54
fe67
ffca
ff4f
0025
025a
0788
0be2
d496
e8fb
23e0
0d8e
06b4
188c
0226
ee9e
01b2
0137
f981
f469
f12b
f180
fc87
0679
11a7
16d7
052c
f9db
fc5a
f721
f26e
0909
086a
f967
0141
08b0
f831
009e
0ad3
fc8d
f462
fcb7
f97d
fa15
057d
0b48
0583
fdd5
001b
fd5c
f873
00e4
0b2a
023f
025b
07d2
0109
fa78
01e5
ff00
f5e0
f6ea
fcb7
f965
fbf2
0733
07d8
0174
03b1
05c8
ff25
0052
0491
024f
fcbd
fea9
fee1
fc8c
fce9
0152
fec0
f9b3
fb75
fec7
fe28
0202
096f
0783
013d
040b
0381
fabf
fe05
02cb
fc6e
fa4e
02ee
0129
fc95
0212
051d
fbf2
f553
fcd1
0625
f5fd
ff1c
0f7c
feb3
fe9a
0d31
ff74
fa27
079a
00d2
f85b
fff4
fdc8
f984
ff56
004c
ff58
00fc
fd9c
fefb
02c8
0086
02e4
071c
018d
fe9c
02f6
013c
fb98
0077
015c
faee
fce0
032f
fdf9
fbf5
0272
fe07
f97a
0119
02a2
fd2e
0165
06c3
0253
0145
05c0
0288
fcfe
fdc9
ff13
fb80
fcc0
ff41
ff30
fe77
00a4
02ca
01cd
ff97
01cd
00fc
fd80
0007
034f
009a
0090
0332
023e
fed4
0019
00b9
faa0
fa8f
fe6b
fbcd
fc57
0200
014c
ff77
0207
03e5
01f6
0176
03ff
02bc
fcce
0044
0029
fd62
ef61
0f0b
19b9
ece9
0b90
0b5d
d3d5
f35f
1205
f0c7
fe8e
18a5
ff3a
f554
1b30
0e16
fac8
05b7
f988
e37a
fac3
fab9
fdce
0fa0
0664
fb6e
055a
fbf0
f54d
076c
0532
f363
fe7a
0bfe
f69b
02d0
1847
017a
f799
07d3
f5ef
efed
0276
0582
fc25
0111
08c7
fba7
f635
051e
021a
f701
02cf
053b
fc66
008a
0a4c
045f
ffc2
02c1
00db
f6d7
faa6
0091
fd0c
fbff
000f
00d7
fd61
feeb
0596
0490
feb4
0408
04f1
fd30
fecb
078f
0065
fa19
00cc
ffd3
f521
fc70
0510
fc9d
fc9d
0873
00f1
fa69
02cb
032a
f656
f5bc
f278
3b31
04b5
dc46
3b5a
f9c4
b199
1bc8
0d90
cea7
11b2
1aa2
da7b
0816
261d
fc87
00b5
15a5
eba0
e76d
04c4
f986
fdb9
15b7
045d
fb92
0b14
f81f
f1c5
095d
fac6
ec0b
07dd
045a
f4cb
0c9d
1445
f84a
fad4
09fb
f899
f0e4
0eae
0db6
f56b
0550
0d03
eea8
f2b8
0afb
f746
eeb4
088f
0378
f47b
0800
1253
0158
00b2
0a24
fe1e
f4a8
ffd7
02b0
fb11
fe2a
0470
fef3
f985
fede
03fb
fb93
facd
04be
01e6
fb33
063f
0b9b
fefe
fda7
0636
fcf0
f530
02f0
043a
f70e
fe85
0876
fa3d
f85c
0920
013c
f610
0352
0762
fb51
fef1
f778
135c
0992
f117
0c37
049c
efe6
04a2
0042
f50f
fdbc
0284
f984
ff72
048c
fff4
fee6
0870
0041
fcf9
0765
00ef
fa42
0782
0147
f96f
02c5
fdfa
f886
0089
01f4
fdea
0027
00dc
fea8
ff67
012a
0238
0273
0070
0149
00ef
ffd4
030a
0176
fe70
004b
fc88
fd00
ff76
fb3b
fee8
00cc
fd00
0019
03b4
0109
0193
0231
01da
0018
01a9
0381
feba
fdc6
0202
fd10
fc98
02b5
0067
fcc9
ffbd
ff93
fc4d
feef
0214
019d
009d
0247
0198
0093
022c
0281
ffe4
ffa9
ff0d
fdb0
fd1c
fe02
fe2b
fec0
ff46
01a9
05e6
057c
e744
ece1
1132
0e63
0714
10e1
0522
f82f
0001
0230
fa93
f887
f56f
f1b8
fbd5
06e9
09e6
0f9d
08a0
fa73
f8b9
f898
f5d0
0273
0839
007d
00d9
05b5
0000
0123
081d
ffd7
f832
f845
f65b
f8d8
0152
0752
0742
01eb
0017
feca
fca6
ff79
057f
049b
01df
031d
02c2
ff06
0153
034d
fc22
f755
faa7
f8b6
f828
01c0
0598
01c4
043a
050e
0066
00bb
0345
01e1
ffa1
002d
0046
ff35
fe1c
ff05
fed0
faca
fa76
fcf4
fddd
0005
04f5
06e7
02f3
030a
045f
fe43
fc0f
019d
fffb
fc96
0208
037b
fe0f
0039
0376
ff1a
ff6f
02c9
efb2
f366
fe68
fa91
0b5a
1481
fef0
058c
094c
f8f0
fc73
09da
f465
f2a8
01e7
f8bc
fb30
0d4b
044d
fd39
0428
fb9d
f8b5
0369
0441
003f
068c
0396
fc85
00d9
0421
fac5
0096
03a5
f8d3
fb3b
033c
fd97
fdcf
043b
feb5
fada
feba
ff9d
fcf6
0294
06ae
0468
0352
04ee
021c
fe09
fde7
fdb1
f946
f945
fd54
fe4b
00c9
03c9
045b
0291
0187
0071
010a
ffd5
007c
00d1
fff0
ffc2
0159
0256
008d
fe5d
feaa
fc29
fa52
fdc8
ffd2
fe74
0190
0411
0014
001e
0322
008a
fe48
0327
01d3
fd60
00d7
032e
fed7
ff78
0232
ff5d
f4ab
fc1f
1089
fe0f
f2a5
064d
fe9e
f8ca
085b
0599
fceb
04fa
012c
0013
0670
005f
fd87
fecb
f711
f802
0170
fc13
ff8a
0628
0143
fc7e
048c
0415
ffe7
0190
042e
fa5b
fda8
028c
fe96
0170
035b
ff3a
fd68
fbd5
fe2a
01b0
feaa
024e
0146
fccb
ff4e
0306
006d
0172
032a
020e
fd5a
001c
0291
feb2
fd05
0081
fe21
fb3d
ff90
027d
fe41
ff09
0311
fdcb
fcc3
02f9
01a4
008e
04e9
02c6
0068
00ce
ffaa
fec0
fefb
fda6
ff09
ff63
fb86
fe6e
029a
fe51
ff89
0499
004b
fecb
0440
014f
fd5a
003b
014c
f5ff
f303
e5ec
59b7
09fc
b984
46e1
07d3
8b23
1c0e
1fbc
c887
0d24
32b9
d8b5
0026
3552
02d8
f947
1842
e315
dd19
0317
f113
0072
22a7
fdcf
f7d2
15d5
f190
eaff
1834
fef1
dfc5
0e0e
0f3b
e7dd
0ca4
242e
f2f6
efaf
1089
f7ab
e468
0eed
1853
ee3a
fdf6
181d
ed0e
e648
11cf
ff79
e6b9
09f5
111f
f402
0235
1b81
0228
f541
0a5a
022a
ead6
fbaf
0874
f955
f733
07c1
0375
f76e
fed6
0b82
fea1
f8ad
0899
080e
f87f
03fd
1006
fc27
f42d
0559
fdc2
ec71
ff9a
0ba8
f641
f99e
1105
ff7a
f1df
0b4d
081f
efbd
003e
0dbb
f90f
f514
0cd0
16b2
f76d
fe07
0c16
f221
f26e
0917
f95c
f509
035a
0604
fbf0
02be
0a3b
0192
fad9
0478
021d
fac0
0125
04d5
feb2
fd04
fed7
ff71
fa4e
f9a9
038a
ffb6
f908
04a0
0641
f97a
0350
0b63
fc95
fcb1
0a59
ff2c
f81c
06e4
06ee
f891
fde9
0589
f88e
f609
05b6
fedf
f4fa
04f6
0741
fb85
0364
0a03
ffea
fc5b
020c
0195
fa7f
fe58
0416
fdc8
fa9c
02e0
016e
fb18
ff59
0401
fccf
fafd
0449
02b5
fbf0
0402
07d6
fda8
fe7f
05cc
ff19
fa0b
029f
02c9
fac3
fe3d
0369
fd87
fb48
02c1
0186
fbe5
0104
0a1d
f8cb
f0dc
030c
0066
0799
10de
0747
fc10
fc5a
fe37
fc4b
fbca
fd1c
fb70
f2d4
fba8
0784
0733
0865
0aab
02cf
f828
f848
015a
008c
fe02
072a
0338
f86d
01e4
0699
fcf2
fc2c
020a
f839
f2aa
010b
064f
ffec
06ba
0965
fcec
fa14
03bd
00a5
fbdb
0510
0499
fb74
001a
0432
ffd5
fd6e
fefe
fd44
f941
fa6c
01a8
0165
00d3
05b4
067a
007a
0101
0439
0020
fca5
015e
0041
fa4e
fe43
01e8
fc21
fc64
015a
fd85
f9c4
00b3
0589
00c1
0335
0868
0179
fc9e
020d
ffdb
fb50
ffc9
0256
fe5b
fed1
03e9
00cb
fecb
0193
07ac
ef57
d656
022c
17a8
0a13
1401
124e
fdd3
fa77
01be
fbc2
fad4
edd4
f32b
f5bc
fd8e
088c
167a
0c95
034c
fb5e
f808
f11d
fbc4
070a
0424
02bc
06c5
0126
ff7d
0494
00e9
fd9c
f7bc
f802
faed
ff49
0376
0a07
027d
fc93
ff72
fad1
f7d9
03b0
0642
0256
07d0
06ec
016f
00fb
00ea
fb0c
f7ed
f92c
f9d2
f78f
ffe1
060d
042a
0496
062b
006a
feda
013c
0106
00b9
025e
0146
fec9
ff5c
ffcf
fe4a
fc73
fb37
fb23
fca5
febc
0251
05c9
0587
028c
02aa
0083
fc96
ff8b
fff1
fcac
ffb2
043a
0086
0253
0514
fe61
f648
fef2
03ec
f3ba
fa5a
08b7
fcc2
fec8
0ac3
03ef
ff18
05e3
0077
fd73
00c1
fece
fe43
00ee
fccc
fe19
0058
fc3e
fd6b
0119
fd32
fdc2
04f6
0438
006a
04d6
047b
fcca
ff6b
02b4
fd7d
fdbd
026f
ff22
fb3d
001e
00d3
fba4
fda8
01ea
fde4
fda6
0306
0446
00bb
02ee
058d
001b
fe67
029c
ff58
fad1
fe6e
0053
fc2b
fe05
026d
ff80
fe56
01e8
00e5
fe44
00a7
0171
005e
008b
0250
01da
010d
0022
0105
0023
fd2d
fe18
00ab
fc17
fc0b
0248
ff66
fbf5
0307
02f4
fd06
02c5
04e4
000f
fcdd
0508
f90b
fb31
e37d
1fe5
4087
cb9b
0bc7
35af
ac61
db2d
2ded
e14f
e9c2
2f7b
fe1e
e422
2b6e
1c5d
f291
10cb
fd73
d170
fa4d
fcad
f258
1c6c
1041
f191
0be3
02ea
e42a
0950
0e3b
e5af
f7e4
195f
f2d7
fb93
25e9
08d6
ea2d
0996
fde1
e572
fca3
157b
fb20
f7df
146c
019e
e7cd
0608
07ab
e99c
fa5f
0bd4
fb7b
fc88
1331
0e0e
fdd3
0379
0845
f4b5
f34e
0322
feeb
f57d
ff2c
0560
fb3e
fa85
0817
06e6
fa89
02b6
0a55
fda3
fc64
0c88
04f3
f667
ff83
0435
f16a
f5ca
088c
fdb9
f4cf
0a19
0832
f4ab
00bb
0c4c
f5ad
f55c
022f
103b
03e0
fee7
1dd4
f72c
dfaa
0f25
0545
e0c4
0c41
09ce
e53b
0404
1678
fdb8
005e
0e5c
fb32
ed74
ff47
071b
fb11
02a1
0e70
fffa
f9aa
03e9
ff35
f883
fadf
fd3e
fb40
fb21
01b2
077c
0427
012c
0498
0392
fab3
fe79
09ea
003e
fc1d
07d0
01d0
f4a0
ff49
0452
f4b3
f85e
07a6
fc31
f6ea
0a2d
0806
fb87
06be
0a2c
fa24
fb75
054e
fdf8
f852
03cb
0365
f92d
fe88
0501
fca1
f9ff
024a
005b
fa53
018a
0733
012e
002b
05c7
0309
fb02
fffb
04f4
fbb8
fb11
052d
0100
f99a
00ac
03bd
f940
fc49
0478
ffbb
fbf7
09e9
f16e
fca6
1698
f687
02bc
1294
faa0
f977
020f
fb00
f9b4
ff54
fba7
fd07
fcf5
fd27
0309
0975
018f
00b5
08f4
fe5c
f5ba
08b1
04d0
f635
04dc
068d
f380
fcd2
09a5
fc9a
f9a4
05f2
ff9d
f45e
ffed
0835
fdd4
fec0
0a2e
0037
f701
05d0
05da
f936
0288
0712
f973
fb5e
027c
fed6
fcd6
ff95
001b
fc75
fb76
0392
0464
ff38
0399
066f
ff54
fd51
0427
0234
fb77
0077
0350
fb41
fb8a
031e
fe83
f9a0
0147
025d
fb26
fee9
0688
0151
feb7
06d5
040f
fb92
ffb4
02e4
fb19
fc30
03e9
fefa
faf9
032e
0243
fc6c
fe90
05ee
ff8e
0d4f
e5fb
d6d0
16b7
18fe
0571
1725
0c6d
f149
fbca
0274
f7fe
fa93
f252
ee9b
fb11
078e
06e3
1802
0f0b
f6ea
f817
ff71
eea5
fe6b
0e3d
ffc3
f986
0a89
01b3
f934
072a
04cc
f3ea
f556
fe6c
fc26
fdfc
0a56
0d1d
fc11
fc77
0207
f89e
f884
0a63
070a
ff46
067c
07dc
fccb
fe13
0415
fc82
f37e
f960
fc21
f727
005e
09b5
04b6
00be
04ab
028e
fdf7
010b
05dc
0094
fd9d
009e
00ea
fa8c
fdb9
01c0
faeb
f781
ffe1
0038
fce1
05f1
09f2
01e2
0159
053e
fe5f
fa62
018e
0280
fbe2
00ca
0510
fe88
fda0
039f
00cd
fb39
fac1
f372
ff01
0425
f92a
09db
0d1f
fc9f
062e
0688
f8b8
0191
060d
f5f7
fd23
0349
f796
fc51
06da
fbf8
fc15
048a
fdaa
fc1f
06e7
03c7
ffaf
059d
04da
fdeb
ffbc
0224
fcae
fd35
00c3
fd0e
fc2a
ffd4
ffc7
fdee
ffa8
004b
fcdf
fe91
020b
0119
03ea
05b7
02f8
0300
00ee
fdda
ff50
fdb5
faf4
fd78
fdcc
fc28
00cb
0294
ff4c
01e9
0306
ff18
ffbb
0258
0055
0055
0221
01cc
00ed
013b
0120
ffed
fd1f
fc59
fce5
fb4b
fc4b
0120
00be
ff70
0329
0269
ffb4
0330
04b5
0068
00f1
00fc
fefd
fd41
ffe3
fd80
fc78
f2ee
0f5b
0faa
f489
0d96
ff38
dcf9
00eb
0ba8
f52e
03e9
11b1
f899
f96f
1abe
06a6
fa0b
05c8
f502
e588
00ce
fbc6
ff1d
0f7f
04f5
fa34
06bb
fc11
f938
087c
02bb
f3e0
007e
08b1
f6b7
0606
1348
fb64
f938
054d
f3d5
f74f
0581
0411
fd3e
01f0
0535
fa94
f9a7
0698
0050
f99e
040c
01dc
fdb1
022e
075f
0152
fe89
014c
feb3
f7a1
ff03
0072
fd3d
fe99
0045
000f
ffe5
0003
0506
039f
fe78
02e2
023a
fc99
0077
052c
fecd
fcde
ffdf
fdf7
f90b
ff37
027e
fdea
fe24
051e
fe8c
fd38
023a
04c1
f85a
ffc4
ea91
214e
30f9
ce76
13e0
2843
b142
eb0b
2a35
dde3
f2fb
2bfb
edd0
ee74
26e1
0c6e
f925
1492
f880
df4f
fe13
fd5e
f783
14c8
0de5
f56b
0635
02b6
ea30
02e0
09ee
ecab
fb64
1005
f8f1
fe84
17c1
0746
f096
025c
04c0
edc8
fdce
1751
fd92
f6ad
0d1d
fd0f
e86d
02be
06e8
ef6a
fd6f
0e61
fbe9
fd2d
136c
09e6
fa2a
03ff
0381
f371
f8b2
04c4
ffa7
f959
018a
0247
fb23
fbd8
04bf
0268
fad2
00e9
089b
fefe
ff01
0ceb
0443
f67e
00ef
0237
f30b
faf0
0862
fce8
f962
093c
0393
f615
022c
0816
f756
fbb9
0afd
fc63
e6ad
1bfe
13dc
e7a6
0b91
1226
ec51
fa9c
073e
fa4b
f2c2
02ad
03a7
fb84
fcdf
0824
0411
ff4b
ffd7
06a5
019d
f830
0377
0a2a
f5e6
fcb5
0c9b
f600
f29e
0bfc
0087
f1c6
0762
0865
f41a
fdb1
0d20
fe47
f9fe
0947
053f
f57c
010e
0c85
fa8d
f94d
0b0b
fe5e
f37b
039a
02fd
f63c
fd04
075a
ff9a
fa78
05b8
0678
f96f
0033
08e1
fe0f
fc43
066b
025f
f919
feb6
0405
fb11
f8fc
04e2
0157
f772
00b0
074c
fb24
fc7c
09aa
02f3
f99f
05cf
07da
f9e5
fe1e
085c
fbff
f645
0488
01dc
f562
009d
0678
fa97
00a9
0c3c
ec88
e65b
1167
16de
0220
0a62
0c32
f6c7
f68e
05c0
ff23
f26b
f4d2
f931
f98c
00ee
0eb7
1458
0383
fc13
ffca
f5e8
f179
0616
0842
fa9d
0181
0a5d
fca3
fdc1
0dbf
00b9
f2bb
fcac
fbe3
f402
ffa8
0bbd
050c
fe0b
0374
007e
f7d3
ff59
0839
01c3
fe7e
0677
03b3
fa93
0215
08a1
fa6d
f5dc
ffe9
f99e
f407
03af
08ed
fe02
01c6
097c
ff10
fcb1
07e8
0483
fab9
ffad
039a
fbd3
fb68
03b7
0048
f79d
fc70
00a6
fa5f
fd07
0795
04a0
fe78
04fb
06f2
fc23
fcdc
050d
fe88
faa5
03d8
03e7
fc5e
012a
05eb
fe65
fc47
034a
f185
edd0
fcfb
0221
0ce5
1148
040c
0610
0216
fa25
0010
05c9
f295
f77b
fffe
f59b
feee
0f0c
01ff
febd
04a8
f8e8
f5f6
0228
03b9
ffed
0755
068e
fdec
00ca
0649
fc29
fd5e
02f7
fa50
f92a
015c
005a
fe8c
037f
005d
fbd1
fc6e
fe05
ff0c
0369
04f7
06a4
054b
01af
0295
019a
fcb4
fc35
fb8c
f75a
f944
febd
01ec
024b
04e2
0419
0049
0044
032d
00db
ff95
0145
0122
fe85
00a3
0326
003b
fd22
fd12
fc99
fab7
fdb6
0182
ffca
0065
0426
012c
fece
0291
02b2
fddb
00b2
02e8
ffc9
0026
02d5
00e9
fc6d
f6f7
0736
06ca
ef71
fbfd
0638
f700
0259
0b7b
fe8e
ff39
0759
fec6
0383
053b
fe93
fce1
feeb
f7f5
ff0d
0115
fe37
ff54
012d
f9ea
fdcb
041d
0231
0159
059d
0152
fda4
0247
01af
0009
01d9
ff86
fda1
fbba
fc8d
0117
ff86
ffcd
02fb
fe41
fc4d
00cb
00d2
ffa8
0232
032c
ff52
ff8a
042e
0203
ffd0
01ae
ffe1
fbce
fc28
ff1b
fefa
fddf
008f
005a
fd83
ffa3
01c9
0092
00cb
0359
01de
0079
01d4
01a5
008d
ffd9
fde1
ff3d
fddd
fb38
fff9
0058
fbed
008e
0301
fce9
01b0
04c1
0114
fdb9
0626
f93e
fbd6
dee5
1e79
59a3
bd39
fa33
50db
a69a
c11e
3ea0
e572
d912
36b3
05c2
d933
29dc
24e2
f0df
0f6a
02fd
d00c
f544
ffc9
eec1
1c2f
165d
ee5b
0ae9
0bdd
df00
0415
1662
e2b0
ee19
1e61
f57f
f37a
27ec
1165
e527
0646
0a15
e420
f411
1ef4
00a3
ec22
14d5
0849
dd4d
feca
100f
e90a
f396
13a7
fff8
f642
1535
15ee
f8fb
0007
0c68
f407
ee17
05ca
02f1
f2ef
fdcf
078c
fb4c
f743
084d
08b8
f865
ff6e
0d8c
ff6b
f9c2
0f3f
09fa
f37f
fdc2
0735
f0c6
f176
0a52
0163
f167
085b
0ddb
f23b
fc1c
1041
f76b
f113
0bf7
043d
f465
0803
08a5
07e1
07b5
0262
fb8b
f37c
f992
057d
f3b7
fb79
06e3
fc62
fbf3
0b05
0763
fbf0
015d
094a
f994
f856
0c2a
03e1
f5e7
0740
0552
f295
fb34
036d
f7f0
f861
04e6
029f
fa71
01ab
090e
01eb
fd41
0732
0628
f8f8
ff63
09b0
fce9
fc4d
07e5
ffcc
f3d3
fe4b
02bd
f5dd
fa02
090e
ffa7
f916
09a3
0994
fcc0
03d2
078d
fae1
f9a8
0303
0064
f8bd
ff6b
0516
fb2b
f9de
04f4
00bf
f7a3
00a6
0505
fb43
fe83
0b08
041f
fd2e
07d6
0662
f849
fdaa
06c1
fa44
f75c
0497
feff
f6af
0188
055c
facd
fe6d
06c4
0078
fe68
097b
f9de
f87e
ffaa
0165
0d84
0557
fe80
016e
f87c
f877
046c
fe2e
f634
fdbe
fbd1
f967
04ed
1094
071f
01af
0681
fca8
f490
033f
04ee
fad0
0016
0443
f9f0
fafa
05d9
0290
f9d6
fe17
fe7c
f85e
fe85
0865
0607
020f
0438
000f
f9cd
ff30
0252
ffea
0201
00f7
ff58
fe1b
fd68
016e
ff9a
fa24
fddf
ffb1
fd1c
0107
076d
051e
000e
03b8
029a
fc61
fff3
0429
fd96
fbfb
01b3
fdb9
fa0d
016d
02b9
fbe7
fd63
01c4
fd68
fc98
058c
0593
004c
0352
0484
fcd4
fdff
01a8
fe5f
fd0f
014d
ff44
fe32
fe37
ff8f
ffd5
0196
0197
0ce0
eca9
d9b3
0f02
193e
07e5
121c
0d76
f732
f894
01c5
fd7c
f96d
ee35
f3ed
f6bf
ff22
0af5
165f
09a1
ffe1
fac4
faee
f31b
019b
0a96
0195
fe38
0687
fded
fcc3
04cc
0000
f9fe
f7dc
f93b
fc94
011e
05ca
0b0f
0042
fcdb
0028
fbc6
fa5c
07aa
06c1
020b
0661
0520
fdb9
fd60
fef8
f87a
f660
fb47
fc22
fac0
0496
076d
03fb
03ee
045a
ffa7
0030
0184
0179
ffcd
fe49
fe8d
fec0
fd52
ff47
00b3
fb9d
fad3
fd90
feed
0072
05db
06c6
0382
011f
025e
fee1
fdf0
009a
00e2
fd45
0086
01ed
ff18
ffc0
0367
fcb2
f7ab
fbe3
0445
facd
fb34
0879
0290
fe8e
0872
0431
fd2b
0257
0287
fd94
feae
fe67
fd11
fd8a
fd3f
ff1c
016d
fd0b
fe94
02a9
fff1
ff48
068d
03df
ff32
03e2
035c
fbe0
ff96
016f
fc01
fbdf
013b
ff7f
fcff
00d8
0090
fbe6
fdd6
01c2
fe7a
006a
04ad
0277
017f
045b
01f2
0036
fff5
fec4
fe79
fdff
fcf1
ffb6
ff7d
fd65
ffed
01d7
fde1
ff71
029c
ff1a
fed3
0330
01e5
ff8e
03b6
0383
fee1
ffb1
0131
fc3e
fb61
fea7
fd48
fbd7
ffd3
00c3
ffda
00b7
033d
01e6
0150
019b
0421
fddf
00a3
fc67
fd8c
e111
24a9
33cc
cf1b
1290
2890
b04e
e6bb
2605
e23c
f090
2b7c
faeb
eb44
28e1
16d5
f620
0f04
f7df
d7e9
fb5b
f889
f811
1d08
09eb
f434
0dda
fdf9
e63f
0bfe
0b30
e5f4
fc82
183e
f010
ff12
2678
0450
ecd9
0c9d
fad2
e5f8
00c6
125d
f8c5
f946
1180
fd7b
e92d
061a
0809
edb3
fe53
0cc8
fca8
fc56
11ce
0c0a
fb33
01d5
0694
f263
f35e
03f3
ffda
f695
0135
0665
fbde
fc44
0926
062a
f9ea
02c3
0924
fc32
fb6e
0d05
0440
f513
0123
04e4
ef64
f778
0a9c
fc35
f5ee
0c03
06bd
f402
01cd
0b47
f425
f5db
002d
1279
08d8
f889
1f34
fdb1
d746
0c22
0aeb
dcf8
090e
1193
e23c
01d0
1c3a
fcf8
fe03
1283
f9cb
e9d6
0090
05f7
f9ff
0535
0f00
ff68
fbae
027c
fb7a
f97f
fb8f
fb42
fcf0
fd43
012b
0830
0638
019f
022f
0296
fbcc
fbc2
072d
044b
fc87
05f7
04ac
f52e
fb6e
0496
f70c
f6be
06be
fe4d
f675
08f7
0ad3
fc15
0509
0adb
fa67
fa49
05ee
fe0e
f911
04a7
0362
f8b8
feb1
029b
fb6c
fb7a
0198
0031
fc65
005a
064c
0479
00e7
045b
0353
fb06
fd38
041f
fdc3
fb0f
0368
0184
f9cc
ffda
0520
fb3f
fb60
0352
00fe
fbf2
08c9
f0ef
0559
14f4
f124
056e
0f01
f58b
fcf2
01ff
f93a
fba5
ff6b
faaf
feaa
fdc1
fe86
035b
07a0
0077
0126
0884
feb0
f85c
091e
022d
f684
0553
0357
f445
002d
082a
fbf7
fc01
05c6
febd
f74b
012b
052b
fc97
ff33
0847
ff82
fbc8
077a
03d6
f9bf
0160
016f
fa47
fd11
00cd
ff97
fc77
fe52
02e7
feec
fdc0
0525
013f
fd40
0386
03dc
ff9a
014e
02e0
0025
fcce
0011
0270
fe00
fd75
0124
fdcb
f9e7
ffb4
025a
fcdc
ffc3
05d3
fff3
feaf
06f1
033a
fcfa
0198
01a8
fab0
fc5e
0338
fd6f
fc3c
021f
02ca
fd62
0fb2
f18d
d10f
0b2f
1bb6
0104
117b
1357
f95a
f960
0722
fd30
f894
f1b0
f2dd
f71c
0312
0749
155b
0c06
fb0b
f8d2
fd30
ef25
fc01
0e2a
0117
fac8
0be8
0470
f898
08c9
0816
f3bc
f3d4
fd45
f7b2
fa0b
0a77
0d64
fd21
fe54
0340
f7d7
f7b5
095f
06e2
fdb6
0704
0aa7
fe32
ffa4
0784
fcaa
f300
fa45
fb98
f30c
fcc9
08ce
0287
00a0
09e6
04d6
fd02
02d6
055c
fdcf
fc30
01a4
ff9b
fade
ffd9
0432
fbcf
f894
fee6
fece
fa02
043f
09fa
0081
0000
07e0
ff3a
f9fd
0442
0463
f9d4
0012
0659
fd10
fe23
0663
004d
fb71
0042
f48e
f1e2
06f0
fd52
fd1a
104a
0512
fe31
09ca
ffc0
fa9d
05a9
fbfe
f6cc
042d
fc07
f8b8
08bc
013f
f7dc
058a
ffb2
f548
02fc
0786
fc95
03bb
0a9a
fe78
fbed
07d8
0064
f87a
02ca
011d
f772
fd4e
03ce
fd97
fba5
034b
00b6
f9c6
0105
02c8
fda9
025e
0626
0320
01aa
022d
00dd
fcc4
fb97
fe4b
fdd4
fc7f
fff5
02d2
ffff
ffcf
0332
0100
fd5a
0152
0225
fd69
ffca
0447
0175
001b
047b
0375
fcfa
fcdb
ff45
fa78
f94e
00b3
ff57
fbf5
0271
04ba
feb1
00f7
0564
ff23
fddd
0366
00df
fdde
026c
031c
fcde
fdfb
fc6a
f9bb
0df6
043b
026f
00ff
eeac
f178
0946
fd34
000f
0c4a
05b1
f39f
1018
0f6d
f9d5
01c0
019d
e5a5
f50f
0374
f7ad
0633
0d45
fe66
fce9
0565
fd25
01f6
0355
fe80
f7a8
03b1
ff47
ff09
0bd3
06a5
fa78
0178
f9d3
f756
01c4
0211
00bc
0067
012d
fed8
fca2
01ed
03f3
fcb7
0177
00cf
fd7d
00ce
0441
ffc2
ffd5
00c1
fdf0
fae4
0059
0096
fcc2
00e5
ffbe
fc7f
002c
023d
00aa
0466
0314
0138
00eb
0072
ffd4
022b
fecd
fead
003a
fc21
fa1d
0095
0050
fda8
0297
03f4
fe32
0070
023f
ffec
fd44
0314
fa2a
fabf
e237
3b00
249a
bd04
2d59
209f
99f7
0147
2aad
d034
fcd3
3033
e334
f4d4
2b12
0a1f
f9e6
1530
f24c
e0df
ff2f
f9a9
fb94
1991
030f
f4f7
0d9b
f9ed
e990
103b
0618
e68d
05d8
1185
eeef
01fd
1e1c
fd47
ec94
0c6d
0363
e606
060c
1b75
f1f7
f7f9
1657
f43e
e3c0
0c23
04f8
e85f
046d
139b
f6ed
fe33
1844
059a
f5a2
07eb
050b
ee78
f831
0850
fc71
f5e7
0665
0511
f73b
fda9
09e0
ff7b
f8f4
04b9
0745
f9df
00b1
0f33
00da
f693
0537
00ae
eec3
fc30
0ac7
f9ba
f7eb
0d6c
02f1
f257
0737
0a81
f365
fda9
0e47
fe0d
f317
fd32
1d3c
fc92
f068
134d
fb7d
e9b5
09fe
01e0
f13e
0065
0933
fa33
fd45
0999
02fa
faff
06c3
0365
fb5c
01de
02d7
fd08
005b
fe50
ff00
ff37
f9ae
ff71
0480
fadd
ff91
07d0
fc00
fc52
0824
00a8
fb1c
077f
0386
f97c
014d
07fd
fd97
fae5
03ce
fea7
f4ee
0103
039c
f834
0025
073d
fd68
fe08
0609
0263
fd7e
010a
05a5
ff3b
fc70
049a
00ed
f8dd
ff7e
0275
fa7f
fca1
0440
ff0f
fb2f
0261
02f7
fd7b
0169
06e5
0197
fe18
034e
0203
fbac
ff50
02fc
fd0b
fb23
00ae
00b6
fbfa
ff43
0365
fcc4
fda7
074b
05b8
f233
ed4f
05d0
1052
0af2
0cbf
0715
f753
f841
0140
fbb6
f8b2
fac9
f3bc
f4dc
0637
0a74
0d32
0efc
0407
f863
f7f1
f97b
fe68
02de
03d8
01ed
fea0
0048
01af
0267
ff70
fc68
f99e
f62d
fb73
04b7
046b
0741
07bc
fedc
fb9c
ff4f
fe3f
0028
0483
0386
ff81
ffa5
0088
002a
0039
ff7f
fbef
fb14
fa4c
fd12
018d
0317
03f3
054d
016e
ff93
020c
01a9
0010
0088
0034
fd58
fd37
006a
fee6
fd47
fec1
fc9e
fa91
ff06
0357
02fd
0463
05a5
023f
ffd4
ff38
fdc5
fe45
0084
0047
00dc
0238
0178
00e8
ffd2
0168
ffe1
f11c
f099
f8ed
009e
1090
114e
035c
07db
04ad
f9ef
fd6c
0605
f160
f381
fea2
f9c0
fe63
0e30
0743
01b2
0027
f9b3
f860
fd09
0121
04f2
0749
038e
00d9
026f
0176
fb9c
02ab
fe7d
f6a1
fe4c
0299
fc89
031d
05f9
fb2d
fa9a
ff72
fc05
fc47
05f0
0708
0385
04e3
0651
008d
fdbf
fdc9
fbe3
f820
fab4
fd9a
fe43
0140
0435
0477
0178
0049
01c4
00b5
fee6
025c
037f
00a5
0074
0339
ffa5
fcef
ff54
fd07
f8a9
fc46
ff98
fd96
001f
041d
02fe
014b
01b9
0174
ffed
feb1
0190
0053
ff71
01dc
0288
ff9b
fe36
f815
0288
07dc
f427
fa2d
06b0
fa44
008d
0a81
005a
ffa2
06bf
fda4
026e
05f5
fd50
fd43
0213
f7d5
fb73
0245
fd0a
fc87
02e6
fe5c
fc3c
03e6
04b5
ff1f
0315
03fb
fd63
ff5b
029c
00c2
ff9d
0021
0007
fd5d
fbd4
0153
ff72
fc2c
0243
0092
fc75
010f
0353
00db
0186
03f2
018f
fe47
01a4
014c
fdda
ffca
01f1
fde3
fccd
ffa2
ff01
fcd6
fe9b
00a6
ff48
ff80
01ca
01a4
0174
00f5
016a
01f4
fec3
ffea
02e1
fe77
fc83
0204
fe16
f8f8
017d
017e
fb08
021e
05b5
fd56
0058
03f2
003b
fb85
04b4
f934
fab2
dbc8
3059
4b3e
b846
11aa
4567
99c4
d63e
388e
da0e
e1ce
38dd
fb88
e089
2f66
1ef3
f1c0
13ef
fb9b
d150
f934
fab6
f1d0
205f
0fd7
f07c
1159
03d7
deb8
0c0e
0fca
dec3
f7ac
1d8c
ef4e
f8d0
2a5b
0993
e68c
0b9f
0533
e0ff
fb03
1d81
f963
f0aa
181b
0287
df5c
046b
0c3c
e701
f936
12ac
fcf8
f85a
15a5
10bf
f8fb
0297
0b83
f33b
f13f
063b
01e1
f348
fff8
07a9
f954
f74e
090a
063a
f775
027c
0d12
fd05
fc7f
111f
064f
f3cf
00ab
040d
edc8
f46c
0a78
fcf7
f1ef
0c82
0b06
f12a
01f5
0f3d
f4fa
f5cc
0c24
f9ff
ff1e
14cf
09cf
f6b1
fdfe
0511
fd88
f257
03e8
032a
eee0
fe6e
0e37
fddc
fb40
0c5c
0350
f12a
fe8c
0da7
f948
f8d4
11fb
0359
f12e
084c
061a
ee78
faf2
06d2
f670
f62f
0862
0587
f94f
0476
0c61
fe8f
fb91
08b8
04ce
f837
0366
097a
f9d6
fa8f
06b7
fdf5
f3a6
fea4
04aa
f7ca
fa42
099a
01f0
fa25
09a3
08e8
f916
ff6c
0744
fae6
f834
0660
02de
f635
008c
0785
f8db
f980
07c6
ff62
f6bd
045c
06c1
fa85
ffe9
0a17
0071
fadd
07ab
05bd
f89c
ffa3
078d
faed
f937
052c
ffbc
f634
0091
03e4
fa63
fdd8
0c38
f8fb
f096
0ccf
feda
00f8
1259
0718
fad8
fd23
fe83
fc6a
fb06
fb54
fe47
f605
f737
06bc
098e
0327
0890
08fb
f9dd
f664
056f
0222
f88a
062d
07b5
f5fe
fce2
0a68
ff89
f92b
0522
ff4f
f03f
fc62
07f7
fd54
fedc
0c7d
01b0
f5d6
04bc
06b2
f837
0249
0a88
faf7
fab0
03b2
0006
fb81
ff4f
0094
fa23
f7dd
01b3
02cf
feec
0572
0906
ffb0
fea2
064e
0234
fbfb
025a
03b4
fa0c
fafe
0280
fceb
f911
00c7
009e
f914
fe01
06ba
030b
00a0
08bf
05ab
fb09
ff4a
030b
fa0a
fb92
03c6
ff3e
fb54
03cc
033f
fd6d
ff1e
0472
fdb6
064d
fc29
d158
fb39
213e
0d83
0df2
1247
ff4e
f5ec
ff75
fc84
fff8
eceb
ee34
f87f
fec4
0182
1a38
13f6
fcf2
f86a
004b
f0e6
f635
0de7
07b1
f838
05d9
090a
f847
00ed
09a1
fad2
f134
fc15
fdcc
fa97
029b
0eef
0214
f5fa
036b
0021
f2a6
0577
0f83
fea8
0326
0c47
00f4
f926
025c
ffb0
f2d7
f4e6
fede
f7ca
f9bc
088a
0a83
007d
04d0
086a
fe0c
fc13
0616
0348
fb7c
00eb
0377
fb61
fb72
031b
fd6e
f50f
fb75
00a1
fab4
009d
0c45
0767
ff90
05c0
051a
fa9c
fe62
04b7
fc26
f923
042e
0258
fb74
026a
04a0
fb58
f82e
f897
fd5e
0520
fb20
02ad
0b6e
fe4c
03e5
0b2e
fbd2
fde2
0717
f9f4
f8f5
061b
fc61
f6fb
044b
0006
f7b2
01e8
0133
fa19
01f0
06cb
0161
0325
0759
03ac
ff35
017f
ff35
fb86
fbd5
fd28
fca8
fc60
ff11
021e
ff08
fe90
00f0
ff88
0046
01f9
03ef
038a
013c
02a4
0201
feea
00e0
001f
fcaf
fcd1
fe09
fd10
fcf0
002a
0124
ff64
0144
029d
0089
00e0
0168
0107
00db
021a
0297
011c
ffef
00af
fe41
fb22
fcd1
fcf2
fadf
ff28
0227
ffe2
016f
02c0
ffee
007c
02cd
0152
01dd
00d5
020b
feec
00b7
facd
fd87
e212
23df
2820
d0fe
1771
1d4b
b425
f622
2266
e695
f9c9
27c5
f61a
eed6
2666
1101
f56a
0cd1
f326
daba
fe44
f8e3
f9ff
1aef
0753
f3c0
0d20
fd2e
eb1d
0ec0
0aa9
e75f
005b
15bf
ef24
0175
2354
ff48
ecd6
0911
f830
e89c
02a2
121d
f9a2
faa1
10ea
fd00
ec4c
08e0
06b8
ef44
ffbd
0a1e
fc51
fe15
109e
0955
f9d2
00b3
048a
f26c
f5f1
048e
fe4a
f7a4
00f2
04df
fdaa
fe50
0af1
076c
fa7b
0261
0804
fa10
fc16
0b63
00c2
f5db
008a
00ed
f26d
fba6
0908
fd47
f7f0
092c
02fe
f4eb
03c7
0ba0
f804
fbcd
009a
040f
197a
f7b2
0888
11e2
dbee
ed24
150b
ebe7
f5c6
1c1d
f2bf
f12a
1bd1
07c9
fa1c
1267
02df
e73e
fa4d
04a9
f8b6
015b
1144
0018
f741
0431
fc3c
f4b2
0265
ff7c
f84a
00ab
0457
0152
0571
07e6
00f3
fcbc
025a
fe5c
fdf1
07bb
035b
fdb3
016b
fc8b
f760
fd75
feb5
f9b7
fef2
03b0
fe45
02c9
0a46
03d6
012d
0602
fe49
fa23
0020
fe82
fc51
ffd9
ffbb
fbc0
fd3b
0106
fe23
fea7
01f0
0094
ffbf
0292
03e7
0431
0302
00c9
ffd3
fe1f
fd03
fe95
ffb2
fe09
ffd2
00f1
fe05
ff0d
011d
fed6
fdac
01ed
0369
0109
ec33
0e43
127f
ec16
0b9b
128b
ee85
fc7e
0796
f608
f6e6
0556
fb6b
f884
ff62
018f
ff8b
0749
0530
023b
04a4
fe39
fb29
0737
ffca
fb9c
0742
ff27
f653
03a8
0232
f83e
0051
0386
f96e
fb9e
0539
0216
ff47
0507
0578
fbae
feb1
0746
ff2e
fb52
04d3
fefb
f884
00cf
008d
fafe
fec3
023c
fea7
fd12
0187
0344
fdbb
01c1
06ce
026b
0041
049e
01d5
fd2e
fdca
ffde
fd6e
fca5
00e1
007f
fb82
fdc7
01b8
fe0b
fd34
03a5
02f3
fe26
02bc
0613
ffcf
fef6
037f
feed
faae
0019
01cb
f9b4
fe43
02a0
fe59
feb2
1128
f34e
d25f
0bc7
1db3
0058
1137
14b5
f65c
f7bc
085f
fb9a
f6a1
f46e
f216
f487
027d
085b
146e
0dc8
fcc3
fb10
fac9
ee3c
fd3c
0c6f
ff55
fd50
0bbe
026b
fb34
0b72
0555
f490
f66a
fae0
f514
fc0c
0a10
0b59
ff40
0064
03cf
f911
f926
07f8
052d
fda0
05c9
0755
fd20
ff4a
0861
fda8
f47c
fcf4
fb86
f279
fe91
07e2
00a0
0061
079c
026c
fcc1
0417
06cb
fe57
feb4
0375
fe96
fb94
01b4
028c
f987
f90c
fedb
fbbd
fad4
05b8
0782
0185
0313
0632
ff96
fbf1
02f5
02cf
fb78
ffe9
0498
fe12
ff2f
05ab
00d3
fa83
ffa7
f09f
f262
078d
fa9c
01ce
1439
013b
00d5
0a76
fcc3
fcfc
075d
f817
f7dd
037a
f964
fb3d
0a44
ff65
fad8
05ab
fc9a
f71c
0423
042d
fe15
0662
07eb
fe76
ff9e
0570
fd5b
fa8c
021a
fe7f
f923
ff5b
02a6
fd64
fe61
024f
fe21
fab2
ffec
00e9
ff85
0361
0743
049f
019a
03c6
0136
fa5f
fd17
fd9b
f9a3
faf1
00c9
0115
ff87
0392
03d1
fee3
ffe5
02c2
000b
fffa
029c
0233
007a
0047
0190
0135
fd38
fd75
fe72
fb28
fac3
009c
ffe7
fd7e
034f
0376
fe04
01a8
0425
fdf5
ff9f
04b5
fffb
fefb
02c8
003d
f7bb
0386
0b12
0104
f994
f7f0
f58a
fe25
01c8
02a4
03ae
0505
fd04
042c
0d79
011a
01a0
0289
f3bd
f55c
0305
fa78
02b0
07c8
fded
f962
010d
fc0e
feba
03f6
0293
fa97
01f5
04e9
fe97
07b5
0996
fdac
fe13
fcf1
f813
ff4c
0051
0110
009d
ff7a
feaf
fea5
ffe0
0173
fee2
0002
fe36
fe4f
039d
0416
0362
0443
01df
fdc2
fcf2
fe15
fd7f
fbfa
ff7d
fcfa
fc12
0106
0179
ffb3
0479
0356
0036
013b
02c8
00f7
0221
028f
fe99
fee1
fe43
f9e6
fcd4
0070
fc9f
ff05
0272
feea
ffe6
029f
016c
fef5
0325
fbec
fe56
e5c8
1182
5584
cacf
f26f
4cfd
b75e
bd12
3a36
ec05
d651
3056
061a
dadf
238d
210c
f4b2
0e6f
0620
d856
f3e0
01a6
f1ca
13ed
16af
f208
04c6
0c1f
e40e
fd3b
1429
ea81
eddb
1994
fae9
f228
1f1d
12d7
e89b
0176
0dd4
eabd
f1b2
1d6e
0353
ebd2
11ab
0957
df59
fc68
0fdd
eb8f
f269
1437
01e9
f5ad
1307
1387
f854
ff67
0b38
f63d
f04c
05bd
0403
f417
fe9b
077f
fabe
f778
0603
06a8
f9c3
fe77
0a9d
00bc
fa67
0c5f
0bcc
f6af
fc8a
0744
f339
f12e
09a8
02a3
f253
06e9
0d4a
f4bf
fbdd
0ee8
f988
f17b
094e
04c2
f600
0985
ff85
0517
1234
f99b
fcba
01d9
f572
00b4
fb86
f70a
0145
00b8
f988
0572
07f7
fd42
0049
0c7f
fdaf
f86b
0bb2
0381
f266
071d
05c6
f120
fd8a
0604
f599
fa2b
07c0
00f3
fabc
039d
0600
fdc5
fd09
072b
04fa
fa27
02b6
08ff
fb7e
fe39
0828
fd80
f74b
fedf
ff44
f75a
fb8a
0629
ffba
faa7
075b
06a2
fce9
047b
07bc
fc72
fc05
03aa
008e
fa1f
ff19
03cb
fb75
fa32
0484
0007
f825
00f4
03b8
f9f6
ff37
09dc
0232
fd42
080b
059b
fb46
007c
05fb
fb9c
f8bd
01c8
fd61
f71c
00c4
0392
fb51
fea1
059d
0022
ff42
09ca
0726
ee6e
ef1d
0956
0f9f
058e
0862
0632
f5af
f7b7
0547
fd6d
f5dc
fbc6
f6b9
f550
0574
0f0d
0d4b
08a6
04b1
fbca
f5dd
fb0a
030c
0012
fe36
018c
fe54
fbae
01d6
0672
fda2
fa9e
fd59
f8c9
fb21
06b0
0893
04f5
031d
0142
fc0b
fbba
0199
0251
011e
0234
015f
ff6a
fe11
0129
015c
fb4b
fb6f
fdf1
fa23
fcbd
04d4
0456
0117
0439
04b4
ff01
ff9d
054c
ffe4
fb4d
007a
fe15
f8b8
ff5d
0242
fcdc
fdea
013b
fe1e
fd79
036c
0551
02cd
02ca
0314
ff5b
fdbd
ffbe
013f
002e
0081
00b5
fecb
fcf5
fe4f
ffd6
fe71
024b
041d
f581
edb7
fcf7
0a9e
0fdf
0ed9
05ae
028e
fc86
faa6
fe70
0259
f218
f460
fb54
f93d
024f
0ea5
081b
02e8
0080
fae9
fa57
0002
04d3
041d
0434
0131
feb7
ff9d
00ba
fc97
009c
fd6f
f7eb
fc9b
0172
fec9
03a1
04d5
fdc4
fe47
010d
fdcf
0032
060a
03e9
028f
0285
018b
fe98
fd92
fc30
fba5
fa03
fc28
fd00
ffb7
0279
0479
04cb
03e4
0221
025f
017d
fee9
015b
0131
fdbd
fe7c
ffc2
fdc8
fe33
fdfc
fc9e
fb04
fe1c
fffa
0188
0401
04c4
022e
014d
0055
00d0
fff1
0061
006b
ffa5
fec2
ffcd
fff4
0082
fe24
fb85
fc70
068d
fed1
f8b3
03ec
0139
fd7c
0667
0406
ff7b
035e
000f
ff35
03a0
fd40
fcd2
ffe3
fa5e
fa31
024a
fee8
fe41
03ac
02ef
fc5f
0363
0538
ff25
00dc
046d
fce5
fcb4
022f
0077
fe45
018e
0114
fc8b
fcf2
ffde
ff0e
fe1d
011a
012e
ffb6
ffaf
0259
029e
0233
0223
0288
ff50
fdee
ffcb
ffc5
fd98
feae
ffc3
fcba
fcc2
0165
ffe3
fef1
02f9
0117
fed6
01ae
0214
0041
011f
0234
0119
ff1d
00c5
fffa
fd21
fed2
feac
fc42
fe88
ff10
ff75
ffef
00c1
01b3
0222
ff7c
03da
ff4e
0130
fb1b
fe68
dab0
29d3
484c
bd05
0a74
40c7
a3ec
d600
354d
e0af
e3dc
3553
fe39
e2ea
2cb3
1db8
f374
11be
fa82
d38e
f89e
f8c6
f288
205c
0f6f
f164
10a1
03ed
de97
0ae5
11fe
e0c4
f802
1e9e
ef74
f7d0
2915
098b
e5c9
0a62
037f
e117
fb42
1bb7
fb2e
f2ca
1629
0370
e2b9
0257
0cc2
e996
f765
114b
fe7b
f76d
148a
1231
fa16
0252
0b86
f407
eeae
03cd
01fc
f3bc
fe2e
085d
fae4
f798
09b0
0947
f7ca
022e
0d41
fcf2
f9e6
0ed7
067b
f21e
ff2d
0727
ef0e
f3ba
0c49
febc
f23d
0b7f
0b20
f0eb
ff89
0e77
f626
f3ec
0c4d
fd8c
fd1b
13b1
0dcd
f7b3
f934
05db
febb
ef0d
0165
0660
ee7e
fbf7
1096
004f
fac8
0d40
05c9
f136
fd25
0d32
fae9
f89b
1058
04e5
f156
0443
06cc
f05d
f8f3
06a7
f965
f4e7
07c3
07e9
faf1
0351
0c27
ff11
fab0
0636
0490
f92a
0189
0959
fc7d
f899
04a7
ffe4
f4d2
fe99
05c2
f926
f9b4
08c0
0335
fa89
07bf
09a8
fa3a
fd89
083e
fd67
f79c
05d9
03ca
f514
fdb4
063b
f9de
fa2c
07a5
0172
f72a
0207
06bd
fc44
ff8c
0a12
0127
f9d4
052f
069a
fa7a
fe6a
0737
fbf2
f727
031b
009b
f5c2
ff78
04a7
fd7b
feee
0fb8
f5a6
f693
0e74
f822
030a
0d09
ff4b
fd16
fdc8
fcf2
01a2
fbcc
fc17
ffa0
f6eb
f818
06a6
086b
0296
04b3
090f
fb07
f4a4
0788
0337
f675
069c
073e
f52f
ffe7
098b
fd20
fa27
0522
fd9b
f34d
feac
07a8
fcd9
ff8c
0b2d
ffc2
f7db
05f9
04da
f9c0
030d
065c
fac9
fd61
03cb
ffe0
fcc3
fe76
003c
fa76
f8ec
018d
0183
ff06
05f9
086a
01d1
003c
04c8
01b5
fabf
ff27
0280
fa69
fbec
0487
fe9c
fa18
0290
0147
f7fd
ff15
059e
fede
ff68
0840
03dc
fc58
01e1
03c9
faad
fc86
04b0
fd7a
fa91
0240
0364
fc88
0b2f
0488
cc69
f39c
227e
070a
094c
18b9
02ad
f395
04ef
0276
fcba
eece
f2ab
f5ff
faac
02bb
16a0
1208
fe52
fa85
fe98
ef1e
f2e5
0d1d
0560
f948
09ba
0b26
f7fc
0476
0b8e
f9d9
f18e
fc33
f9f8
f7db
0414
10ac
01d6
f97c
04dc
fd0a
f140
03fd
0bb9
fc8d
039e
0d6a
00f8
fb2f
07d0
0169
f35d
f910
ff70
f2c2
f803
0836
055d
fead
0735
06fd
fcca
ff05
0570
0065
fbe4
02ab
0327
fc7b
feb0
0578
fd98
f6db
fce6
ff3d
f8d5
003d
0a20
0316
fe47
07b2
029d
f9a8
014d
056f
fbc3
fdd1
072d
0070
fb10
058b
034e
faa2
fd45
fa1b
f243
02c1
0321
fabe
0696
07e7
ff87
0549
03b6
fea3
020f
001d
facf
02f1
fe45
f8f9
037d
00f3
f66f
01a0
024f
f774
ffb5
096c
fe97
0033
0abc
0362
fa8a
0422
0300
f839
fde4
0415
fc2a
fb1d
0417
015f
f9df
ffb7
0350
f9f5
fb5c
0364
ff1c
fdab
05fa
07ad
01cb
02b4
057f
ff1b
facf
ff19
ff0d
f9c0
fbec
015e
fdf3
fcec
02de
036b
ff20
0173
04e1
0097
fd66
02d7
0281
fcc6
00fe
04f0
fe05
fc36
026e
feb1
f84b
fec5
01d8
fa0c
fe10
05f3
0072
fe90
05ca
03c1
fe4a
023b
0404
feaf
fc91
02fd
fbaf
fa20
ed69
0915
3129
e41e
0313
2689
cb24
dc78
2134
f045
ef4d
2103
07d4
e61d
1dac
1ccf
f5cd
06eb
02a2
d8e6
f321
ff74
f48f
10f5
1099
f853
04cd
04f7
f0a2
0670
0ad4
f340
f640
1070
f88e
fa26
1a48
08bc
ee83
05c2
fbcf
eb89
ffad
0dda
0061
fb69
0adb
02d7
eeef
019f
09ce
f242
fc94
08b6
fced
fca8
0c3a
08d9
fd0d
ffd6
049b
f653
f761
037d
ff5c
faf6
0117
02a5
fd6d
fd9f
04e6
0551
fdb8
01b1
056c
fe74
fdb8
086c
0351
f9e5
fed8
00a9
f479
f9c7
05ac
ff77
fa48
064d
044f
f875
0091
0941
fa91
fcad
049a
fed7
e871
1b2b
26b9
d8de
14b3
1d8d
c0d4
f11d
252a
e14f
f71a
216c
ee99
f601
1be2
0814
00a6
0c03
f95c
ed5a
fb4f
fbc9
ffcd
0de7
0312
f90b
0496
fc57
f054
06fa
075b
f0dd
018b
0d9f
f636
fd53
1625
0212
f031
09e2
074a
eb1e
0230
16d4
f704
f6fb
10fb
f8be
e699
0852
0758
ebc4
017a
12f9
f83c
fc55
14d3
0536
f702
0661
0426
f2ab
fa0c
0666
fd41
f761
0406
04d9
f870
fccb
0836
0016
f86b
03a5
0707
fac9
010e
0e54
02c3
f813
0509
01cd
f12a
fc51
09c1
f8d6
f84f
0a89
01a7
f524
06b9
086c
f6f3
fce9
0b76
007e
f7f9
f3ff
1705
041d
ec3c
1411
070c
e892
052c
0574
eee3
fcf4
0a81
f8c3
f9fa
0890
0462
fcbe
09a0
06d6
fcbb
0037
00ee
fb4b
00fc
ff0e
fe9d
0082
fb81
fe80
049d
fcb6
fdfa
0571
fc68
f9b3
0423
01a0
fc42
05e6
050e
fd22
000e
053c
0039
fbf5
01b2
0203
f735
fd50
0464
fabc
fbfa
0495
ff56
fcf1
0432
05df
0069
ffca
059c
0132
fb80
0270
027c
fa33
fdfc
02ad
fca9
fcab
02f2
0072
fbfb
ff94
0142
fde7
fe21
034b
0378
ffad
023f
04db
ff57
fe99
025e
feab
fac2
fe8a
0125
fcdf
fd80
0342
ffed
fc7d
03e9
0a39
0141
d8f5
f72c
1c49
08cc
0b59
151b
fbd0
f2ee
045a
fd6e
f6fb
fa0f
f364
ef27
00fb
0888
0d17
14e2
0740
f82d
faeb
f703
f643
06a2
070a
ff4c
0116
03ef
fd04
fff0
04cd
fd02
f5e3
f900
fa8e
fe38
057a
0b45
06fc
feee
ff80
fd22
f98b
00f5
06f4
0154
023b
0405
0001
ff8a
01da
fefb
fa8a
f8b6
fa59
fa82
fdb9
042c
06a9
03ff
0323
0332
fff5
fee7
0243
000c
fda9
004a
fe92
fd05
0038
ff5a
fcea
fc75
fc05
fd6e
ffb6
02c0
0687
06b8
0333
01b8
013e
fc64
fd3b
01f0
fe54
fe1a
03ab
002d
fdd4
038a
0359
fe90
f171
fa6f
0279
f3d5
054d
1498
fd2d
00af
0d25
fd70
f8a5
0968
fc95
f34e
001c
fe7a
f910
05a9
0594
ff49
0112
fcde
fb32
ffbf
ff7f
0263
080b
0348
feb4
0371
024d
fb24
011f
039c
f8d7
fbd7
03d5
fc50
fc5e
0561
ff91
f920
001d
01c5
fb57
0182
0867
0292
0088
04f7
02b4
fd3f
fe8d
00e5
fb24
f8e1
fde7
ff92
fd9f
01b1
05f7
00a9
fd4f
0254
01fd
fe28
0215
0497
ffff
ff73
0356
019c
fec9
0049
fec1
fa27
fa0e
fddd
fed5
fe56
0207
0461
ff51
ff29
03e7
011e
fe04
03b6
02dc
fdb4
0057
0277
fd87
fa97
fe30
0aad
05b5
f7ad
f982
fa5d
f8e4
0293
044e
015f
04ca
0249
fef6
0d55
0631
fe51
fed5
fa64
f0c3
fdee
feb2
0124
0442
02fd
fcc1
ff20
fe76
01a6
01df
0121
fd5a
ff99
0144
fe74
063c
07bd
ff7f
00c9
ff98
f789
fe85
0002
fd93
ff2a
00f2
ff6a
fe80
00fc
0332
ff72
01ba
01a3
fdd9
00d3
0248
01ef
01c6
0159
ff94
fcac
fc57
ff2e
fd99
fe7c
002f
ff00
ff65
0106
009c
0240
0150
0133
02b2
0106
ffe5
02e9
016b
fca9
0006
ff05
f916
fe3c
0184
fc7a
0007
04ed
ffec
ffc9
01f1
0140
fb36
0201
f9f1
fd9f
dcdb
28d7
4e0b
b845
0d09
4b34
9c06
d439
3eb8
d63d
df85
394d
f3ed
dfa7
2eab
190c
f447
15ba
fe08
d5a0
fad1
fb96
f098
1ddf
1152
ef7b
0fc3
068b
dd97
07b9
113a
e086
f690
1d0c
f11f
f6e3
2705
0b63
e67d
0a6a
0a24
e2ce
f929
1faf
faab
ede4
16ed
0276
dc04
03d8
0efa
e5ea
f8da
16c0
fb3b
f6b9
17fb
0f6e
f76e
04b4
0b41
f291
f1e4
0645
010f
f424
015a
080b
f96e
f732
07b1
04ac
f5fc
0157
0cee
fd7d
fc70
118a
0830
f3f5
0099
0566
edc4
f46c
0bce
fe17
f32d
0afe
0a2d
f1ab
0051
0ede
f683
f5df
0d55
f408
f888
1e51
04af
f56b
0aa4
03f3
f69e
f8f6
0231
fda9
f346
fd97
07d2
fd30
fbe1
09c8
0753
f630
ff11
0e37
fb4e
f526
1094
05a2
efca
07e2
09f2
ecd8
f9f2
0af0
f68f
f3e9
0a71
047c
f4a8
041e
0def
fca8
fac3
0b0a
02b1
f52f
059a
0a86
f7e0
fcca
09e4
fb3b
f3bd
0296
0397
f5e5
fc94
09ef
fe57
f84c
0a1f
07ad
f85a
02f2
09bc
fa66
fa45
07cf
018b
f6ba
00f4
06df
f91f
f9be
0798
ffbe
f48a
01cc
05df
f7a4
fe54
0d77
0183
fa5f
0ad3
06db
f620
00d4
092a
f78b
f8f7
0756
fd88
f4be
0319
03db
f80b
fecc
0bdb
02b6
f183
f90a
01b0
043c
0e78
0f09
0174
faac
ffb6
ff57
f8c2
faad
fd07
f1a4
f17a
0715
0a3e
061f
0e94
0abf
f69a
f798
01c6
fe2a
fc25
0729
0446
f88e
feeb
07bf
00ca
fc8a
01d0
fc97
f072
fa74
0681
ff5b
022a
0bd4
013f
f8d4
0270
0411
fcc3
01b8
0927
ff0b
fb89
03e4
0135
faea
ff99
ffb4
f7b5
f794
ff7f
01c4
004f
05d5
0880
0062
feba
04f9
01c6
fc4a
01d3
03bc
fa2b
fbce
04c5
fd5d
fa40
0206
fe51
f74b
fdd8
0413
00b3
027f
0a06
0497
fd07
01df
01e7
facc
fdef
038e
ff2c
fcc2
02da
027f
fd06
fed3
0197
ff10
ff74
fbe9
e910
f0f6
0d59
165f
0f8d
06e3
0955
feb0
f6f4
fd60
0727
f00f
ed92
fe7b
f9cc
fa4d
128c
10b7
ff02
ff29
fe28
f606
f76e
0798
07cd
ff92
024e
0761
fcff
fe56
02c8
019c
f831
f8c8
fdf3
fcb5
fc20
0657
0648
f9b2
fdf5
038b
fa3a
fdd6
0db5
055b
ffd4
085a
0457
f96a
ff20
01ae
f844
f5ab
fd62
faf3
f80e
03e3
0873
018d
02f6
0782
00fe
fe4f
0312
049b
fe60
ff4f
0282
fe68
fb0a
ffe0
feea
f801
f9bb
ffd3
fdae
feb7
07d1
072f
00f0
01ff
0468
fea8
fca5
02cd
01d2
fb1f
0153
04b9
fdd4
fe7a
0324
fee6
f848
f67c
fe11
08a9
f9a9
fcb3
0c8e
ff3a
ff72
0d85
0046
fb05
0746
fdc9
f84e
0445
ff35
f794
ffe0
ffd9
f8f3
ffed
021e
fded
00ec
051b
0197
0245
052d
02e8
fffb
015e
fded
fda7
feaa
fda7
ff36
ff32
fdff
ff3a
fe67
fe97
ffaf
ff5c
0152
009e
01f8
0452
0218
014d
02e1
0038
fef3
0032
ff37
fd2a
fdfa
fec9
fde0
fde5
ffc7
0091
001f
00a0
01b3
002a
ff2f
00b1
00f0
0009
01f7
0354
010a
0093
00ea
fdae
fcd6
fd91
fc68
fe45
ff2f
fec8
00b6
0144
ff84
01a4
02c5
007e
0268
0228
0133
fe2a
030a
f7c3
f9b5
db3b
3c12
32c1
b7bc
22b4
2e31
9610
f1f1
2fe8
d6d2
f367
3719
efcb
ecd3
331a
14d8
f2cd
13e9
efdd
d313
fdec
f6f5
f7c9
2188
07ea
f08a
1282
fd65
e598
132a
0c56
deee
0005
19a4
ebd2
0182
2aa4
ff28
e810
0d37
fc6f
e2dc
0308
193d
f479
f49a
169a
fba8
e3be
0bb5
09bb
e8f8
000a
11ff
fba2
fcbf
16c7
0b51
f533
011f
06f0
ef05
f3e4
0790
fe77
f3ef
01d0
0652
fa81
fd1d
0cbe
06dd
f8d2
0377
0b4a
fadc
fc79
0f32
019a
f0ed
fff7
034b
eef9
f8d5
0cf1
fc24
f48a
0dc2
05f9
f0db
0563
0d9b
f3ad
f96e
0dc5
f93f
fd0f
15ef
0876
f82d
fb2a
fceb
fb44
f717
fe3e
0835
f3dc
fa57
1014
025c
fbf8
0ee3
054c
f183
fc89
0932
fbfa
f9b9
0eda
04fe
efa5
01fc
0735
ef65
faf3
0a57
f919
f65b
0aa8
05b6
f9a5
0645
0b03
fa71
fcd1
07e3
00ee
fa3a
04ea
067d
f84f
fbca
04c6
fa60
f749
012f
009b
fb28
ffef
088a
03c9
fd87
068e
0742
f8bf
fe0e
0646
fa09
fa55
060e
0054
f814
00ac
03f0
f909
fba4
05f8
febe
f9f6
04c2
0616
fd97
0256
07ed
ff6e
fb72
03dd
0274
f9f7
fef5
053d
fc64
f9e4
0497
002d
f7b0
ff87
0572
fc8f
03c5
f83d
ff47
09a6
f815
0ce3
0f3a
f88a
011e
02b7
f452
fb9b
037f
f53f
f861
ff41
fc8f
fe95
0ce1
09b3
ff76
0482
0343
f55c
ffb4
06ac
fcf9
0033
04f3
fcd8
fda3
02cd
00c2
fd54
fd72
fd89
fa0e
fbf2
0299
043c
02b0
0432
025b
ff50
003c
01e8
0083
ff9d
fe76
fed1
ff0a
fd8c
0039
0146
fc79
fcf7
ffcf
fc34
fef4
02b4
0319
0355
04b9
046c
01a1
0068
023f
ff6b
fca2
ff8b
fee5
fc8b
ff10
000c
fd7a
fd6a
ff41
fe2c
fe27
02b9
02f8
0174
03db
0350
ffe3
ffc1
fff6
fe54
fd7b
ff5d
fef2
ff34
ffa6
0255
0148
0a2f
ff5e
cd3a
f611
1f96
0630
0e31
18c3
ff82
f8b6
07b0
fcdd
fbd8
f1d7
ec3f
f268
00d0
0300
132e
15c4
0199
f732
fe3e
f206
f276
0a4e
0791
f997
0741
0add
fb35
0439
0a44
fae7
f311
f928
f905
fa7b
02ac
0bf1
054c
faec
0148
ff3d
f578
00b7
0ace
ffd2
01e9
0b57
0495
fd51
05eb
0248
f4ab
f68d
fcba
f440
f8fc
05b4
0538
0146
05b2
0524
ffa6
ffd4
042b
01db
fec0
fff0
01f8
ffa8
fdec
01d3
ff85
f6c0
f92a
fe9d
fa46
ff0e
085c
0494
00c0
065c
0417
fcce
00a5
043c
fd91
fd41
03b4
0207
fe3c
023c
0268
fcc3
fb34
f665
f6e1
05fe
fbbf
fd8a
0c4c
0272
0065
0a40
0056
fd5b
05ac
fd2b
f892
031b
fd9c
f947
0449
00aa
f868
020c
0067
f97a
009e
0551
0098
0346
0698
0387
ff9e
0217
0022
fbb0
fd8e
ffc4
fd03
fd1a
0076
0011
fc33
fe5f
005d
fd26
fe82
0267
023b
01ca
03eb
0523
0186
0065
0204
fe49
fc73
fef7
fd75
fc65
ffdf
0088
fef4
0081
0126
ff38
ffba
0142
00ef
0154
01e7
00fb
0219
0219
00ad
01c9
001c
fbe1
fd3f
fdb8
fa67
fd9f
0201
fded
ff75
045f
0053
fff4
043a
00a4
ff6e
0236
0065
ff00
fdfd
f8b5
f5ce
280a
ff73
f3a6
1d01
eaa5
d210
10dd
feae
edbc
0f77
1193
eceb
0c3b
1f14
fe50
01b9
0823
e5d3
ee5e
0322
f4ad
085d
1226
fb9f
fc14
0799
f1be
fae7
0a9f
faa1
f201
0a27
0400
f778
1140
1486
f842
fe85
036a
f0a0
f6db
0805
040c
f981
0438
0519
f53f
fae9
086d
fb51
f933
040c
008c
fd38
0657
0ad4
03d3
010f
02f3
fd82
f661
fd2d
fef0
fbba
fb63
0140
ffef
fd35
0146
06aa
006d
ff87
04d1
02bc
fe0c
0581
078e
fdd6
fcb3
01f2
f949
f62d
01b7
00a3
f9ce
00ae
04f0
fc41
fdc7
0656
00e0
fb9b
016b
020a
f018
fdaf
42ae
ecb5
eaa9
3827
dae7
c0d4
23ea
fcc8
d9f6
1c16
0c0e
e489
13b9
1c9f
fe75
0720
0761
e98e
f1e2
fec3
fad4
0a77
1067
f97e
ff4c
07d8
eec6
f81d
0f58
f42a
effd
1055
00ae
f317
12dd
1264
f122
fc16
1021
f3f3
f074
1841
0764
ecb2
0b14
0a5a
e602
f78e
0e29
f1a0
f100
1028
05d1
f598
0cdf
1277
fb84
fdc6
0a0f
fa83
f230
0325
0592
f61f
fcfb
079c
fbb3
f6e9
038e
05d7
fa2d
fce2
0905
0149
fb04
0a81
0b41
f97a
fe33
07a1
f79b
f23b
05d4
0301
f3bc
0326
0c18
f819
fadc
0bc6
fca4
f3f8
04f7
0687
f902
086e
f9c2
02c5
16b9
f571
ffda
0b1a
f375
fb41
ff4f
f648
fc0c
0353
fb24
ff91
05df
ff53
fed9
0cca
0340
f9fb
0888
0327
f21b
050a
0892
f4ba
fe50
06a1
f5f3
f8ac
06df
00e1
fa57
02fe
04d3
fc3e
fea1
0817
0417
fc01
042b
04f5
f935
ffa7
06c3
fc34
fb03
010f
fd57
f986
fce3
0394
002f
fafb
02dc
04e8
fd4b
03b7
083a
fffe
fde5
0299
ffbe
fa7c
ff99
048d
fdd6
fc8d
043f
feaf
f870
ffc8
0214
fa71
fede
069e
0167
fe5d
0815
0666
fc81
013c
03ca
fa45
fa4c
0208
fec0
fad1
005d
01bf
fc96
fe17
034c
ff5d
fe8b
0481
0cea
fcfd
d8f3
01be
1d37
03a2
0a0b
11df
f54b
f0c2
06b6
fcc0
f64d
fb48
f628
f0fb
04aa
0a20
0ed7
109b
04a2
f8f5
f9ca
f721
fbcb
0700
04e9
ff1a
00d4
fffd
fa6a
0310
0357
f9b8
f981
fb8d
f82f
0107
081f
086e
040c
006f
fe3e
fb2b
fd3f
04a1
061e
01e6
03ac
021b
fd0f
fd6c
00e7
fc9c
f8a2
fb5e
fc8f
faa6
01eb
0741
048f
03ce
050a
0149
fe09
00f1
024c
fe2d
fead
fff8
fafa
fbc9
ff31
fe20
fda9
ff5a
fe36
fe9f
014e
0440
0616
051e
02a0
01d6
fed2
fca0
fff2
022c
ff04
fea0
0141
fcbb
fc92
0270
012d
ff17
030d
f19e
f7fd
06a8
fa54
079d
1494
fd93
ff1c
0777
fa80
faa3
080e
f902
f45f
012f
fb8e
fb45
08a1
02a4
fdab
03b4
fea7
fc22
048b
0607
00f7
054e
04b4
faa5
fdee
02a6
f8df
fd43
03d8
faba
fb35
0369
0031
fe18
03ab
0211
fc69
fe16
00d4
ff5c
016a
04a1
03f0
00e4
0156
0199
fe71
fc5b
fe3c
fb9d
f9a9
fd79
00c9
00ea
02ea
0460
02ff
ffa1
0113
0281
ffa2
00e8
02a6
ffbc
ff44
002d
0050
fee3
fd4f
fc5a
fc27
fbb8
fe0a
022f
0204
0036
035e
022a
fec9
028e
0458
ff20
0099
02f0
fd8c
fc04
01bc
fe57
fb26
fb28
03fc
09f0
fc89
f91f
00af
fa22
0048
0809
011b
0153
0692
fc46
04d9
08ea
fd55
fc60
0010
f406
f818
02a0
fea2
ff84
0572
008c
fc48
033d
0294
ff49
0293
01b9
fb93
020c
010e
0127
05bc
0115
fd18
fe03
f903
fc27
0179
ff6c
0180
02ca
0072
ff26
0058
026e
01e2
ffb2
024a
ff17
fef4
00d6
013d
007b
0024
fded
fd3b
fb5c
fe52
0004
ffba
00b5
00bf
003b
01e0
01ff
026c
01c1
001e
000c
ff08
ff10
ffe9
0010
ffe7
fe4b
fe0a
ff1f
fdaf
fffe
0140
fff0
0002
0246
fe66
0119
ff39
0247
f9d7
fedd
dd66
2be3
4715
baab
0f42
425f
9fa2
d890
38b7
dbc2
e2a8
38c4
f70a
e2de
2efa
18fb
f333
1677
f988
d42a
fad6
f9df
f22d
1ea5
0fd1
f248
0eed
03b5
e075
0974
1053
e354
f91f
1bb7
f0a8
f859
25d1
089d
e6b7
09b6
0581
e428
fc53
1d2e
fc30
f0ed
14f7
02aa
e06e
02b6
0d20
e837
f7fd
1274
fd18
f87b
16b1
10a7
f8d0
02d7
0a22
f202
f129
057e
00f8
f56d
0108
087c
fb80
f7ac
07dc
0684
f6a2
0080
0c3d
fd1f
faff
0ff1
0681
f1f4
fff1
066f
ef52
f64c
0d15
fde7
f2d1
0b84
0884
f18e
00bf
0e21
f684
f746
0d46
f6b6
f6a3
1b94
05b2
f361
070d
07c2
f839
f8a2
038a
ff9f
f2a0
fd6a
0869
fedf
fa02
0956
05f0
f488
fdb3
0e64
fb8a
f756
1059
068f
f12a
0628
09a0
ee52
f71b
0934
f7ec
f25a
0a6f
074a
f77f
0467
0e8b
fcf9
fa8a
0943
032e
f5cb
03aa
0a21
f972
fa07
07a9
fefc
f4be
01b9
05f8
f5d5
f9b9
0a10
0055
f880
09a7
07bc
f757
0090
0a53
fbd3
fa05
0873
01cf
f447
ff9e
0645
f856
fa5f
084b
000d
f746
0375
067c
faa2
ffa8
0b3e
00c9
f8df
0662
061b
f839
003f
0a11
fb23
f76f
051a
ff72
f4d6
0083
048b
f994
fe4a
0d9b
fef3
ef56
fde8
04f1
0789
0b84
0a94
00da
f725
fd64
02d5
f7b6
f8b0
ff63
f353
f49d
0a74
0acb
06c5
0adb
06c2
f748
f610
01dc
01b0
fb16
047c
03bc
f96b
fed9
0834
0356
fcbe
00f7
fdc7
f2bb
f9e1
05e8
ff8e
005e
0991
0129
f8d4
0358
0561
fbfd
0121
06f3
fd2c
fd9b
04e5
0196
fcca
fed8
fde4
f908
f92b
0109
0185
ff5f
048d
06db
0144
ffc0
0441
02fc
fd40
ffb2
033d
fcd6
fc4c
035e
fec9
f93d
ff1e
fedb
f804
fd25
05ab
0164
00db
08fb
0597
fdaf
01b8
02c2
fb23
fbe6
01c5
fe02
fbcc
03db
039d
00a0
06dd
02e4
defa
e7f2
0f0a
0f11
0b16
0f13
0a35
fc9d
fdc2
018e
04ff
f337
ef73
f9fe
f7cc
fc1e
100f
1103
01c1
fec6
fc98
f44c
f335
0496
069d
ff20
04e2
0a1c
fdda
01d4
065f
00d3
f7fb
f934
fb3d
f9cf
fea0
09e7
06fe
fbee
0015
0004
f5e2
fc01
0918
01bf
020e
0a75
05c1
fdd2
02f9
01af
f823
f6e7
fc4e
f807
f6d0
029a
0553
0166
0529
074e
00de
ffab
02f7
0263
fd0c
ffcd
0223
fe6c
fdc6
02ac
000d
fb48
fd76
ff50
fb8f
fdbc
04f8
02ba
ff44
0306
0252
fc81
ff55
028e
ff71
fec1
033a
020d
fef3
029e
0255
ff99
fd76
f96a
f4cd
03be
02fb
f6ed
0489
081f
fcc3
0682
0740
fde9
009e
0264
fa64
01ca
00ef
fae0
0032
01dd
f8d3
ffe4
02a2
fa7b
fc8f
050a
febd
fe37
07cb
0608
fe5a
03b8
04c8
fb7a
fd7a
0271
fd02
fa1c
0043
fff3
fb46
fe75
03d4
fedc
fd88
0300
0093
fd29
02e1
0420
002e
01aa
045c
ff4c
fe92
01d3
00c9
fdd2
fd8f
fea2
fd1b
fbab
0038
021a
ff99
00f7
0287
005a
fe6a
0177
02a3
ffd3
016f
048b
0049
fc9f
008c
ff97
f917
fc4a
01ed
fbf3
fc1a
055d
0275
fcf0
0474
04ad
fd7d
01ee
03fa
ff71
fc7b
03c9
f9c5
fa68
e2ea
110b
5335
ce30
f56d
4789
b8f2
c0be
3618
eed4
dd25
2f0f
0e35
da34
224f
2698
f22c
08dd
0509
d16b
f076
008f
efde
17ca
1652
f2b6
086f
0b7d
e510
0553
140d
e89c
ee4e
1b64
f76b
f2d5
23e3
110e
e569
046c
061d
e55d
f845
1a3a
01bf
f126
0f83
06b6
e39a
fdf9
0fc7
edc1
f613
0fc8
0223
f884
10c9
122b
fa6a
fbdf
08fd
f5b6
eea9
0469
03e0
f5da
ff6f
08cc
fd17
f950
06d6
0785
f9a8
ff06
0a4c
0019
f9ab
0cbd
0988
f515
fcd5
065e
f2a9
f1fb
08bc
019b
f2c4
060f
0ccc
f4f2
fd2b
0ffd
fb60
f365
0c08
0295
f225
02e2
197f
fcdb
fe40
1064
ef74
e5ec
0e2d
fe28
ee4a
0c62
01c2
f61a
0857
0aab
048f
0231
014f
fde6
f8cc
fab4
06d9
0431
fe35
00f0
ff09
f777
f838
ff74
02b5
fb3c
0085
077d
fde2
fbb2
0c90
0583
f5d6
0547
0b17
f3fd
fe04
0fd7
fc99
f6fc
0926
fe6e
ee7e
001b
0812
f2ce
fa5e
0eda
ff78
f977
0ea6
092c
f849
013b
06ec
f8b7
f7bf
04bb
0082
f666
fff7
065a
fa50
fa03
062f
0168
f7cf
02d6
07f7
fbb7
ffac
0bd0
029f
fa0c
04e2
0486
f668
fb95
07be
fc06
f7a2
058e
01fa
f6b4
023e
072b
fb1e
fba4
08e1
0403
fe76
f430
07a4
0935
ee39
0ca6
10da
ef8e
fd00
08ba
f28a
f826
0b78
faf0
f59a
03d8
0376
fb15
08d6
0c0b
ffb8
ff92
03c8
f9ce
fda5
027b
ffdb
ffaa
fe15
fda3
021c
fd99
fe89
0392
fd88
f9a2
00fd
027a
fe67
046b
0803
fea5
fc88
0304
ff61
fb1b
00bf
043b
fb09
fc32
05ce
fef5
fabe
03e9
ffc0
f89f
002f
049f
ffd5
ffc1
0685
0424
fd6c
021f
0491
fc34
fd7f
02da
fd5d
fad8
0158
0063
fc45
feda
01fe
ff67
fd4a
0134
03aa
ff99
0038
054d
0209
fcf1
014b
00f1
fa14
fdd7
0368
fd7f
fdcc
037f
00b7
fad5
0348
057d
0ce9
de08
dd63
1c82
13b8
06a4
1ae0
084f
ef29
ff39
00b4
f6df
f92f
f185
eee9
fae0
0756
0a4b
182f
0d14
f91f
f76c
fa2d
ef3a
021c
0cbc
0066
fe0b
0913
fde0
fc94
0706
017c
f5bd
f752
fb39
fbb7
01a4
0a78
0af1
fe99
fe0b
fe8a
f7e8
fbd7
08a2
0435
0251
06da
0421
fdb5
0048
00a6
fb60
f787
f8ae
fa5a
faba
0102
07c7
0592
01f6
0447
013c
fd72
00e6
0431
002a
feeb
00e8
ffba
fcb5
ffee
fff1
faad
f9f8
fcf4
fe7a
ff99
05e4
0821
03a0
0209
026e
fdd3
fcc4
00d1
00d6
fd3f
0109
02fe
ff54
007d
048f
ff02
f3f9
f7c2
0680
f723
f957
0f09
0300
fbb8
0c5c
0514
f997
046a
0363
f8c7
fe03
007c
fba8
fe58
014d
fee8
ff8f
fd4d
fe10
0129
ffa0
0119
07d6
03ce
ffac
03d7
030c
fb52
fe60
0235
fc58
fbc5
027d
0008
fc27
ff6f
0073
fa2d
fc1d
027f
fe29
fdbf
0616
05cf
01a6
0473
05fc
ffe9
fcac
0050
fd99
f905
fc59
00f0
fd28
fdee
04fd
02c0
fd60
026c
03e7
fda8
fefb
044a
005c
fd95
037f
02ec
fdd6
002b
013d
fc31
fb8b
fe62
fe2e
fc71
fec0
0176
ffb0
ff06
03e6
0357
ffa7
0322
0484
fe32
ff8b
ff93
fad5
f0cd
1cee
0af3
f25e
140b
f856
d640
05b3
0501
f169
05eb
10fe
f590
039c
1aed
04d5
ffd8
05ff
edba
ed41
010d
f645
0608
0f95
fd84
fc03
07b9
f583
faf0
0a4b
fdd9
f23e
064f
061c
f4cd
0c1e
14df
f99b
fcca
06c1
f244
f646
05eb
05b7
fb37
0196
078b
f8e9
f731
07b2
fe32
f6b8
02ce
0272
fcb4
034a
0b5b
0547
0019
038a
ffcb
f65d
fc54
ff9d
fc4a
fac4
00b1
0135
fd44
ffe6
076e
0102
fde6
04a8
0289
fc60
040d
07d2
fe0e
fee7
0365
fa3e
f6ef
00b0
ff2f
fb08
0101
0467
fe1e
fc71
0396
0007
fc6f
fc78
0293
e790
133e
410a
d6f4
049b
37ad
be9a
d6df
2cd1
e5a9
e3b3
2700
f777
e935
215e
1377
fc96
10e4
fe6c
e387
f9ab
fc73
f611
13a4
0e15
f427
0841
06b2
e66c
0070
0e69
e9fe
f598
148b
f963
f698
1b78
0d87
ecb0
03c5
0dfa
eb6e
f62a
1b90
ffc1
eed2
119b
0599
e35b
feb0
0d3f
ec80
f61d
11c3
fe4a
f66e
12dd
0f2c
f91b
02d5
093e
f5b3
f41c
044c
0286
f794
ffcf
070d
fb9a
f7c3
045f
03f4
f817
fe56
08f8
ff66
fcd5
0e0a
0a20
f77f
001a
06c4
f32d
f4bf
08f6
ff3c
f3d2
06f3
08f9
f484
ffda
0ccc
f998
f7d9
0ce2
ef4e
f508
207f
fdf2
f617
139c
01db
f4c4
0030
01f0
f942
f903
fda3
0187
fcb8
fcb8
05ca
0846
fb57
fd27
0ae7
fd34
f2a3
0c62
0904
f29e
0822
0d4a
efa1
f94e
0b9d
f7d6
f358
0992
03f9
f294
024a
0dbb
fca2
fb53
0cba
01d9
f266
05d9
0a17
f5fc
fee6
0c3c
fae3
f59d
0400
0291
f65d
fdca
0788
fad9
f7b2
0878
0536
fa4b
049f
0951
fcef
faf7
05dd
0287
f7e4
0030
07f0
fae4
fa24
0814
0074
f432
0169
055d
f57c
fc5b
0bd8
00c1
fb00
0a71
06c6
f7de
0193
094a
fabb
f9e0
06f3
fde0
f47d
01a5
0396
f7c9
fe6f
0916
047b
fc30
e8af
f664
0f7b
0e51
0f0f
0dd0
fc63
fa88
0221
f953
f9af
fd79
f07c
ef2a
0511
07d8
0654
140e
0af0
f4c3
f8cc
ff1f
f759
001d
0aff
01af
fb0a
0365
0318
fed8
0216
0280
f966
f267
f93e
0191
fede
0481
0cff
00ea
f976
00fb
0065
fb21
0504
0989
00be
ffe8
0670
0098
fb99
00ba
fe1c
f59b
f826
fcc4
fcd1
ffed
06a9
0757
01e5
0141
047f
00b5
fd99
0309
0268
fb22
fd02
0285
fca0
fb6b
0299
fe3f
f733
fe30
0281
ff13
02d5
0987
04f4
ff2c
032e
0234
fa70
fe33
0331
fce6
fdba
04c3
01eb
fdca
016f
018f
fbc2
ff7d
f4aa
f3d5
0030
fb10
09cc
15c8
00a0
0237
09d6
f9f6
f823
0ab2
f8fb
efed
0332
fcd3
f53b
0a8a
091c
fa80
035e
0168
f7ce
0003
06e9
021d
0313
0513
ff91
fcb9
0179
fd77
fdf0
0278
fc80
fca3
01b7
fde3
fe45
0350
fe13
fb49
ffa1
fe96
fe00
0572
06b1
027f
04df
04d2
ff20
fe5a
ff06
fb59
f893
fa94
fd34
fccb
012d
055b
031f
0224
0326
00c6
ff5e
008e
00db
0150
022e
027f
00fc
0063
ffc3
fdd9
fb15
fac8
fb23
fbcc
ff01
0175
02d3
04ef
02fb
010b
0238
00e9
ff14
0161
ff8e
fe02
004c
00d3
ff20
ffee
00e8
fea3
f31d
01e6
113b
f6d4
f617
0b2b
fa95
fe64
0b46
01f3
fc82
064d
fc0b
0307
0609
fdde
fc65
ffb3
f2c4
fa8a
0239
fce6
0082
087e
0013
fdd5
05f2
0343
ff05
025e
016f
f9fb
ff82
0074
005c
0285
014b
ff5b
fdfc
f9bc
0036
010b
fca8
029c
021b
fd85
0118
045c
00ac
013e
02c4
00d8
fc6e
00c0
007a
fd36
fe39
00bd
fe20
fce4
0006
024f
fdb0
fefb
023a
fdc0
fe0d
03e2
0258
0107
03f6
01a8
ff0e
fefb
fff4
ff64
fdd7
fdd4
0130
ff77
fd39
00ca
01a1
fc2a
ff60
03ff
fe76
ff4e
034c
01c8
fbbe
04bd
fbf7
fbd0
dbb1
2958
4ce2
b6ac
0831
4934
a050
d221
3d62
e109
df92
386f
fe86
de9e
2aa2
2057
f2da
1027
fe2e
d43d
f5f3
fc6f
f2a1
1b8b
10a1
f07e
0d65
05da
e1b1
09c3
1280
e3e2
f737
1b85
f1d2
f6bd
24d7
0b0b
e6c9
0649
07e7
e434
f71e
1e78
fc3c
eded
1606
04f5
df5a
0378
10ac
e9bd
f7ef
163e
fe18
f5d6
15a7
1066
f556
0107
0b28
f1c5
efe8
06ce
01b7
f35e
011f
08aa
fab0
f95f
09a0
06da
f808
018c
0bc6
fc92
fa34
0e6e
0566
f2a3
feba
05d3
f048
f4af
0c9d
ffda
f151
0ad8
0c5a
f0fb
ffde
1223
f6b2
f50c
0f7e
fd66
ea39
1aad
135b
ebd2
0331
0ccf
f172
f7f5
02e3
00f6
f412
fcc1
0973
00a3
fa90
0a24
07e3
f850
fbd4
09dc
fe9e
f49e
08aa
0b6e
f16f
fd57
0ded
f40a
f304
0db2
ffb4
f052
07e5
09d3
f454
ff7a
0f4f
fe1f
f857
099e
05fa
f5df
020b
0dfb
f99c
f608
0958
fe53
f1eb
02b5
056d
f5e7
fc7e
09cd
01b0
fa08
07a4
0987
f81c
fdd3
0997
fb33
f808
06ee
02fa
f6a6
ff1b
0689
fa90
f8e6
0626
015a
f6a7
011f
078d
fc65
fe43
0b2e
03a7
f938
0506
0807
f8af
fc57
08e1
fc49
f446
045f
02e7
f4b6
ff39
0a2b
fbd0
002f
069b
f4d8
f54f
0117
105b
0a83
01e5
0753
fede
f4a4
0018
03ce
f4ca
f6cb
fc32
f8b7
fd28
0cb1
0fb1
02db
00fc
0347
f65e
f703
07bc
03cf
fbee
0206
03a1
fbfd
fe85
08c2
00b9
f79e
fda3
fc65
f66d
ff58
09f4
0432
ff82
0449
007b
f9b3
ffd0
0569
ffd7
fe38
03f8
0387
fc1b
01c5
0572
fae6
f849
ff99
fa03
f892
02d0
05d5
00a3
0351
07c1
0069
fde7
0529
02d1
fac8
ff81
01d7
fc02
fd26
02f4
ff29
fa45
fe5b
0066
fb4f
ff11
05bf
027a
ff49
0456
04c2
fe92
ff6a
02e8
fe43
fbae
0195
016f
fe59
015b
05a7
01fb
01f0
e431
e05a
094d
1262
0e43
110f
0a15
00b6
ffa6
fc7a
0204
fa9a
e8e8
f4b9
fd48
fceb
0931
17d5
0899
fc2a
fb9b
fa2d
edf0
fcc5
0970
01e8
ff52
0b64
03d1
ff89
0454
05b3
fae8
f366
fa75
fca5
f9c3
0540
0e6b
fdde
fb4a
036b
f9c8
f4df
082b
0817
fec1
05e4
09e8
fe90
ff0d
053b
fd0f
f461
fa93
fbc9
f66b
fe0d
074a
0457
00df
0544
03fd
fdfa
ff11
04a5
00ca
fee5
0291
02cc
fdec
fe6d
01af
fc6c
f6bf
fdb3
0014
fac5
01a9
0929
029e
ffee
0572
0043
fa65
ff6a
02b8
fc24
fec3
0657
014e
fe42
0453
03f3
fb21
f72a
f9fd
03ed
fa0d
f92f
08a9
037b
fd2e
0ac4
059a
fbaf
0323
0380
f85b
ff89
0368
fbee
fcbb
0310
fc65
fc2d
002c
ff72
fd1a
00c1
032c
02ae
01ef
052a
01c7
fdf0
001d
0053
fd94
ff79
014a
fefb
fdf2
ff8c
ff52
fd51
fe5f
fefb
fe85
ff6b
01ad
025c
0282
030e
0242
0178
00ab
002c
005d
fe4a
fc82
ff2c
ff83
fe0a
0008
0247
ff06
fdec
0139
ff94
fdc8
01d6
018a
feac
02ab
03ea
0100
0155
0359
fdb6
fb31
ffac
fd9f
faa8
009f
009c
fce6
0052
01c2
ff84
0154
0289
0218
0166
00fa
ff5c
fc4a
ee90
f370
505d
f290
db27
3fda
e4c8
ab7b
2239
043c
d795
16c5
2031
df5c
0dd1
2da9
fe7a
ffac
0da7
dcc9
e702
02c4
f0bd
0ecd
1af9
f6cf
ff6f
0efe
e8d2
f980
161f
f427
e63a
138a
03df
ed8b
19fa
1e4f
ed80
fb83
0b17
eb67
ed8d
11c7
0aff
efa6
072e
10d5
ecb0
f368
10b6
f656
ec40
08dc
0701
f6f7
08a3
16d4
02b7
fb12
09d3
fedd
ed59
fdd3
04da
f7d3
f8e3
0636
01a1
f914
0259
0b91
fdac
fb16
0863
0355
f881
070a
0c99
f9ce
f997
06e4
f954
efbb
0406
0614
f472
ff9e
0e64
fa0d
f7d2
0b6f
0134
f14c
041e
066d
f4e0
f999
2250
0824
f3b8
19d5
f7be
d808
0826
0737
e7b0
0719
0858
f3dd
044b
0f90
08e1
01cb
ff6a
fd55
f67e
f716
0640
0834
021b
021e
01a9
fc60
f6c9
fb00
03d5
f880
f84e
0795
0141
f8ff
0b5d
0c0a
f871
fd52
0d75
fac4
f56d
0f6e
06e7
f300
0537
0908
ef5b
f7ab
0b47
f6d8
f141
0aff
048a
f564
080a
0fe6
fd71
fe19
08de
fe6d
f480
01b9
0705
f7c3
fb17
077f
fc2b
f629
0389
0471
f8d1
fcad
079b
fff9
fb81
099f
0a53
fad8
0075
0921
faca
f65d
05f2
00f6
f51b
016d
0754
f967
fb48
08a2
fee3
f6ad
032e
06d8
f976
070d
fa93
fb71
11b4
f6e0
0214
0ebf
f79b
fb9d
020a
f69a
fbbe
03a6
f93d
fc49
0364
fd8a
fefe
0d59
075d
fc95
078a
03f3
f33f
017c
0834
f6f3
fd96
073f
f8fe
f856
0620
01cf
f96c
004e
02b2
fa35
fd06
07eb
0507
ff6a
0538
0426
f9de
fe83
039c
fc87
fca3
01a6
fe4e
fba5
fe59
02de
0054
fd20
0188
02d0
fd7b
0203
05e3
0193
fe60
01a7
0181
fc32
fe86
0459
0008
fc2b
0294
00b4
f9b0
fe7e
0310
fb2c
fc85
04b4
003a
fc69
0593
0575
fe1d
01b1
0477
fc5a
fc50
02f8
fe42
fc01
0280
007b
fcd4
ffa7
009f
ffad
fe2c
02d3
0768
0e1c
d631
e69f
23ea
0d64
043c
1936
015f
ebfb
02f1
00d4
f750
f8e1
f326
ee8b
fcb9
0841
0d82
1726
0991
f8ff
fb30
f9ae
f201
0621
091d
fc2b
fda4
05bf
faff
ff80
0889
0075
f71b
f9b8
fae6
fc06
03aa
0a0b
0701
fcb2
fdad
fd62
fa02
0047
0b0d
0433
022f
04c0
0214
fbd2
ffd1
012d
f8d9
f585
fcd3
fa9b
fac8
05be
0884
029b
037b
0539
ffff
ffe1
0388
01a5
fc9f
fe06
fcc7
fbdf
fd98
00be
0019
fcdb
fc1b
fed2
ffe8
014d
0646
0733
021a
008f
0238
fe2d
fcf1
028f
0097
fc30
00d5
00bd
fced
0026
0208
ff64
ff0c
f670
f814
0a06
fca8
fc75
10b8
01c2
fa6a
09fd
ff4a
f8f9
064b
ff0f
f60b
01ce
fdfa
f9ac
0420
025f
fb8c
02be
00bc
fc6f
0369
05f5
003a
036c
051d
fef1
fe14
0299
fd69
fb09
006c
fdfc
fb6a
00a3
015e
fe65
ff4a
ff6f
fec8
ff0f
00cd
02b1
01ce
02eb
03ae
00fe
0095
00c1
ff32
fdba
fcab
fd13
fdde
fe1e
0011
0131
00db
014d
0204
0062
000b
01ea
0052
ff4e
0189
01cc
ffd0
005b
010d
ffb5
fd5c
fd12
fdb1
fc4b
fd8b
0119
010d
0009
018c
01c0
ffde
0106
02f6
0134
0055
0205
ffe2
ff20
fe4f
ff23
f3e6
04f2
17fa
f776
039e
077c
e120
f120
0e31
f954
fe8f
10d3
01ff
f5df
15ad
0da0
fa6c
03f5
fc56
e48d
fb07
ff8c
f9f3
0ca3
0a06
fa14
031c
0251
f620
033a
069c
f68c
f9df
0ba2
fb08
ff62
1458
0454
f666
044a
f7dd
f119
01e0
05ed
fe27
00ea
0710
fd84
f90e
048e
0380
f9dd
0072
01e1
fd96
ff5f
073f
044b
ffbd
0056
0022
f8cd
faaf
ff77
ff1c
fe30
ff6a
022d
00d4
ffe7
0550
05bc
ff08
0063
0201
fd9d
fd4b
044e
024f
fc39
ff0a
010a
f945
fc84
0413
ff7d
fc73
03e7
00e8
fc60
ffda
0474
f972
fd09
ec4b
0f82
4174
d752
0066
3aa6
bfe1
d0ff
3060
e90e
e054
2cb1
fdbd
e0b0
2346
1848
f493
1160
0403
dc0b
f67f
0116
f396
0f5b
1452
f825
0358
0876
eb9a
fc76
0d2b
ef8a
f47c
118d
fb86
f7e4
161c
0cc2
f136
00fb
0971
efc2
f66c
1696
028f
f25c
0dfe
05a8
e810
fd52
0b5b
eeeb
f688
0e88
fddc
f753
1171
0d41
fb34
0475
085b
f693
f6d7
02de
fff0
f90e
0060
0303
fca2
facd
0272
0438
fbde
fee4
085f
00cb
fbf8
0a3d
084d
f7dd
fd80
0580
f57e
f670
08a8
ff93
f5a4
06bb
06fe
f6f3
0034
0a07
fabf
f936
0a45
f74e
ee25
1de2
0726
ef68
0f6f
09e6
f264
fdae
02e9
f925
f612
0066
01d9
fe22
fddb
05dc
063a
fda9
fd4c
08e5
ff7c
f546
086b
092a
f40c
0291
0be8
f2b0
f732
0c9a
fd4e
f342
071c
04e0
f448
ff90
0c45
ff78
fb05
0903
0463
f5d5
0248
0b7b
f9be
fa0f
08aa
fd48
f45f
02c1
0510
f75c
fc25
0785
fef8
f974
07ee
0699
f982
022b
0887
fc98
fc1a
0619
0166
f819
feef
04d7
fbac
faea
0683
01c9
f82a
00cc
04ec
fa22
fcad
07fa
019a
f9fa
0542
06a0
fa41
ffa5
08ae
fbdc
f7b2
05cd
0062
f577
00e5
05ca
fa54
feb8
0a28
06cb
f60a
e798
fece
0ece
0998
0e28
0bc4
f8d7
fb1a
04e8
fa11
f836
fe26
f1d1
f01c
05ea
0990
076b
0fe9
0851
f640
f880
fdba
fa73
0152
07bd
0149
fd6a
0294
01b8
019c
01b1
fe09
fa3e
f553
f79a
020d
0385
0514
0a10
0308
fb6b
fe5b
0000
fe02
00c8
0575
01b4
ff01
046b
0400
fd8d
ff93
fdf0
f655
f753
fd7e
fe11
0151
0669
05dc
02ad
025a
0300
0248
feff
0024
016e
fc05
fadf
012a
ff35
fbc6
0080
0042
f9da
fdff
03b0
004a
01ee
076a
034f
ffab
02c4
00f3
fccd
fe43
0099
fe04
fe92
0192
0319
01fa
060c
fb75
eef8
f5b8
f939
0375
130d
06d3
023c
08a3
feef
faad
077a
ff68
ef6b
fd6b
fc15
f741
0796
0ccb
0030
02d8
fdd1
f6e3
fa23
0136
00e3
0313
0652
02c5
fff2
05b9
0184
fccd
01fd
fb6f
f746
ff00
00da
fe1b
0404
035a
fc45
fccb
0073
fb2c
feef
0541
025b
0429
069f
0238
0133
00a8
fe37
fc7d
faca
fabf
fa02
fd52
0118
02f9
04d1
03d4
0081
018f
0002
ff78
01a4
005a
ffa2
0040
0018
0206
0077
fece
ff42
fc2a
fb63
ffcc
ffa8
fea8
029a
0195
fd94
007f
03b4
fee1
0160
043a
ff61
0023
0285
0082
ffa6
0100
0019
f876
f3f6
0ae8
04b1
eff7
0314
0780
f831
064b
09ba
fd64
001a
047c
fcd3
0401
029e
fd91
feaf
fd63
f668
014a
ffc9
fbb5
0171
0405
fb3e
004a
06f2
01e5
ffcc
0518
ffca
fb6a
0172
0178
fe63
0090
0126
fdea
fbe1
fe56
0237
fe0d
ff89
02ba
fdc8
fceb
0284
02c1
00ab
0290
04d4
fe71
fd9d
0398
004c
fc9c
0083
feff
f9b5
fd47
0172
ff1e
ffdf
03f1
0120
fe8e
0025
0142
ffe9
007f
0257
01e0
fef2
feff
00ef
ffe5
fd10
ff55
01e2
fbf7
fbd2
03a6
0046
fce4
0457
026a
fb4f
0215
03af
fe87
fe48
04b2
f7ba
fb53
e282
12a4
60ac
c61d
ec5e
561d
b2a9
b360
4072
edaa
d2f2
354d
0d4f
d3e7
25c9
2824
eff1
0cf3
091d
cff5
f14a
020e
eced
170e
1a49
eee7
0633
0f67
e0ac
0059
199a
e8ab
eb66
1eb7
fa07
ef7a
232d
1429
e3a0
00b5
0bd6
e6a0
f1b0
1e7e
04d0
ec15
127a
0b16
de02
fb4e
11cb
eb3a
f2c2
1381
02af
f670
1258
1482
fa1d
fd78
0bb6
f610
ed21
042a
03f2
f3d7
fe7d
08ca
fc3d
f7f1
06d1
0886
fa3b
fecd
0b4e
00ce
f929
0c81
0bbd
f4be
fb12
0752
f266
ef3b
0999
0401
f12d
0564
0ed2
f3dd
fabf
121a
fc02
f13a
0c7c
0673
f35e
0397
0aca
09c4
002f
012d
fd5f
f16b
f9ad
053a
f532
fcb5
0583
0054
fdd8
0923
084b
fe79
feeb
07d5
facd
f911
0894
027d
f618
03e0
022a
f4f8
fc26
033e
fcbe
fccb
03fa
0386
fcf2
0044
077c
02ad
fb8a
0451
0550
f7b6
fe5c
09fd
fe4a
fc48
0764
feb8
f3e4
fea5
0474
f7b5
fabe
0915
0088
fac5
09e1
08d3
fb86
0083
056f
fb0c
f956
03c9
02ad
f975
ff4a
0605
fc35
f96d
03b7
0143
f802
ff97
05c8
fc6e
fe46
0a61
0461
fc58
0610
0571
f8b0
fc4d
0561
fc46
f8df
034a
0107
f8ef
00d6
056e
fcb1
fc66
0622
0326
00b7
fe5e
fa67
fd39
f8a9
0c92
1098
fc77
fff3
02bf
f5c2
fa31
05fb
fb18
f546
fb40
fee4
fd95
07e9
11a5
06bd
fe90
01f7
fb5a
f80f
00fb
048c
fede
fd24
0178
0118
fc6d
02b8
03f6
f94e
f8e4
fd5d
fbd8
ff11
07ef
07bf
01da
012a
0152
fd9d
fe4a
0182
0356
fe5e
fc03
02d3
ff00
fb58
0295
00e4
f871
fe76
01e2
fe25
002c
06da
0440
fe8a
0240
047b
fd73
ff37
035a
feb1
fb05
ffb6
ff73
fbac
ff5f
0270
fd62
fc15
0030
00bb
ffac
038b
05e3
0208
0039
0190
ff96
fcba
fe7e
0153
feb3
fdc6
017f
0194
fcd8
0201
03e5
067f
f340
d7f8
0151
1976
0d82
1156
0e36
fc35
f941
ff72
fcba
ffd1
ee4a
f045
f809
fef1
0494
17bb
1012
fffc
f81f
fb96
f239
f990
09f7
0746
fdca
04d1
0393
fc56
0111
0440
fe6b
f3f4
fa92
ff1d
fdf3
0359
0de1
033f
f91d
fed7
fd0e
f533
02cc
09fa
02ce
0412
085a
0277
fc38
00eb
fed1
f68c
f638
fcec
f8e0
fd3e
0796
0882
0142
03ae
047b
fee6
fe49
0434
01b5
fd24
ff8b
011b
fdd3
fe6d
0191
fe48
f973
fae3
0089
fe63
00be
079c
0512
fe1f
01d2
0209
fcad
fef2
0304
feef
fea5
0390
027e
ff1c
0298
00f3
f703
f5bc
065f
fcc6
f44c
07de
0749
fb55
0684
092d
fda7
fef0
0455
fe9b
fced
ffa1
ff95
fd64
fd07
fe4a
0066
fcb1
fd00
0119
002c
fe31
061f
0698
0044
02fb
05fb
fcfd
fc6f
029b
fe39
f9e0
00af
00b7
fbda
feaf
0317
fe36
fb51
0104
0255
fcc6
0081
062c
01cd
fec2
0561
03e3
fbc4
00ed
03af
fa87
fbda
03ac
fe45
faba
02b8
0180
fafd
0000
03c3
fe79
ff2b
0446
0126
ff0f
02a1
0339
003b
0005
0077
fe71
fc55
fd44
feb6
fcfb
fd09
ffe6
0053
fe66
020c
0485
010b
0054
05eb
0050
fe55
fcfe
fa52
e432
3da5
11cc
d180
2c14
051f
aaee
0a3c
1389
de88
0485
24ed
ec00
fea8
2933
0983
fba0
