ff5a
ff32
015f
015e
0264
00d4
fe6e
ff95
0084
ffbf
00cf
ffbb
fea5
ff5e
ff6a
ff72
0148
008e
fe4b
fd66
ff19
000e
00c0
01fc
017d
01bb
0166
0173
ffe9
fe60
fd8f
fbbc
fbcd
fef2
0042
fffa
ffa2
01fb
01de
0078
016f
01ff
008a
0025
ff9c
ff8d
0148
01c5
ffad
006a
007c
0056
0054
ff3e
fda3
fd91
fd7e
fdf0
ff70
0020
0016
0278
02ee
0225
0187
0009
fe3a
ff86
ff40
ff9e
0078
ff46
ff05
0050
007b
01cd
0249
008c
ff61
fe35
fe1a
ff92
ff21
ff9c
ffb5
00c7
00fe
010b
0175
0055
fdea
fed4
0017
ffb7
0101
0118
011e
01c9
0037
ffae
00d5
fe79
feae
fdce
fdc0
fffa
ffc0
ff50
011f
00cc
00b3
0237
02e1
01eb
0111
ff88
ff14
006f
007b
008a
00cc
fe64
fe06
ff00
fdd5
ffe8
0019
fe16
fde7
000b
008c
0138
00f8
ffff
ff76
ffbb
0121
0073
000c
024a
0094
ff62
012c
0038
ff55
ff54
fe15
fe7d
ff97
ff47
00fc
0124
fe78
000a
01b4
00ff
00d4
008c
fe61
fee4
0006
00ca
007f
011f
ffe4
fe49
ff63
0193
fffd
0076
ffea
fdd4
ff99
0004
ff73
01b5
002b
fdd1
ff5e
ff3b
002c
025a
ffe4
fec3
00a0
00a6
0054
0212
012e
013b
0038
00de
014d
000a
fea7
fe17
fc82
fe01
fe94
fec6
ffc2
0048
003a
02dd
02a0
02c8
035e
ffe3
fef5
fffd
fdcc
fde1
fe5d
fb28
fcea
fff9
ff49
01b6
049b
00da
0106
0284
00f1
0166
0149
febf
fdce
fde5
fee7
ff86
003e
0036
0078
ff21
fdc4
fe9b
ff66
fe6c
002e
0123
020a
02e2
02b9
02dd
034d
0054
ff35
ff03
fc25
faf3
fd23
fd92
febf
01b1
01b6
010a
0320
025d
00c2
016e
ff26
fd3f
fda6
fdfd
ffc0
0113
00b5
0039
fff2
001d
ff95
003e
00b4
00c8
0099
ffed
01cf
0255
00da
00e1
0042
ff50
ff78
fe31
fc2e
fd07
fcba
fd7b
ffae
0150
025e
0290
023a
031f
0298
0202
00a6
ffbe
feb1
fcd2
fc0e
fec8
fe86
fdf7
fff3
ffaa
00a4
03a4
01f5
0165
02a5
0022
0090
0049
ff0c
ff65
ff4d
fe82
ff1f
febe
fef3
ff06
fee8
0050
010c
0044
010d
0206
014c
0245
0143
00c0
0012
fce3
fd7a
fe1d
fd2f
fe4e
febe
fed6
0269
0277
025b
02f7
019a
0049
0119
ffb7
fe73
ff54
fca1
fce9
ff8e
fe6a
ff9b
00ec
ff8f
0014
00c2
006b
017d
0257
0214
00c5
0099
00ef
015f
012c
fffa
00bf
fe49
fcee
fe59
fe45
fd90
fdbe
feb6
00d2
0130
0216
020c
015a
0152
006e
ffb3
0045
fecc
fe3b
0110
0010
ffe4
0204
ff0b
ff40
00ef
fed7
ffe2
0131
ff04
ff81
0058
ff0e
01d2
02c3
0103
ffa8
fe60
fcb4
fcd5
fc9f
fe23
ff5d
ffe0
0193
0342
0356
0315
023e
0199
fff2
ff53
ffaa
fe13
fec9
0112
fe3d
fdd6
001c
fede
fe5d
0023
ff4c
0031
00bf
006b
00e0
02b0
024b
026d
020b
0032
fea9
fdb5
fc40
fc7d
fd47
fdfc
ffab
0119
028f
031a
01e7
024c
024d
0112
ffd6
ff5e
fea2
fea5
ff82
ffd5
fec9
fe8f
ff8e
ff32
fd98
005d
0126
ffb5
021e
02d1
01c2
01e3
00e0
0087
ffc9
fe1a
fdfc
fe04
fc9f
fcd9
fe79
0082
0157
0129
0105
0114
0033
013a
0104
00d8
00a1
ff3b
ff4d
ff38
fecf
fe4e
fdde
fdf8
fe33
002c
00e9
0281
0480
0444
03fe
03d9
02b3
0133
ff01
fce5
fc3d
fb73
fa49
fb0c
fb6d
ff2c
ff84
00cf
03df
048e
0299
0435
02bd
0062
01c2
001c
fd54
ff14
fe42
fcec
fe44
fed0
feab
ff39
0022
00c0
01d4
0319
01af
01da
028f
0169
ff30
ff5e
ff06
fd6d
fcda
fcb8
fd7e
fe59
ff3c
ffc9
0280
02e6
030a
0372
036b
01ae
0146
0058
feab
feaa
fe1e
fcfa
fe5d
fe47
fef1
fd31
fe87
0192
0188
031b
0390
0203
02b5
01fa
fedb
ffe3
ff14
fd19
fd60
fd9e
fc9a
ff2a
0042
0058
0076
0161
00d6
00e0
0203
01ff
00b7
00e6
00db
005e
010d
ffdb
ff88
fe48
fd78
fc73
fcd3
fe72
ff91
ffb7
010e
02ca
0400
0327
0269
0143
ffd4
fd84
fe6a
fec6
ff58
fe7b
fecf
ffef
0022
003f
01bf
0131
ff59
ffbc
fe9d
fe99
0158
00cb
000b
ffc1
fee5
0012
00df
ff0e
ff3b
fe75
fe45
0047
0272
0218
0407
01fc
00da
014c
0042
fe7c
ff9b
fdf4
fe1d
ff2a
fe58
fe7b
ff11
fe15
ffa2
fff4
0091
fffb
016e
0073
0182
0353
02fe
0033
0259
ffbc
fccc
ffdb
0046
fcf0
ff6a
ff22
fdf4
ff5b
009c
ffb3
00a6
ff8c
ff73
0050
00e8
0061
0164
ffb8
00d0
01d5
006a
ffcb
ff83
ff74
000a
ffb8
feae
fefc
fefe
fea4
ffd9
fff6
0062
0046
ff57
ffb9
00cb
00b8
00d6
0041
0149
fffa
ff2a
01bb
01c3
ffbd
0027
ff93
fd95
ffaa
ff90
fd7e
ffef
0028
ff83
ffd3
0068
011a
0134
0150
023f
0029
ffa5
0101
0001
fecb
002d
ffad
ff1d
001d
005a
0004
00cd
00b1
00ac
ff27
fdfc
fea4
fe73
ff70
0030
0109
006e
ffbb
fff7
ff4d
ff00
ffd5
ff1a
fe00
ff67
0186
0177
01d5
03a1
01e0
002c
010d
ffa8
fce3
fcd3
fc81
fd17
0024
0102
0121
01bb
0233
02e6
0219
015d
0133
fef8
fd36
fd5e
fe1f
ff09
fe47
feb5
ff50
fed5
0077
0261
00ec
0226
01e2
0121
01b8
0337
01a3
0003
febd
ff01
fe4e
fbff
fd60
fe1b
fc51
fe82
0027
ff59
0157
027d
00c9
012f
020f
00cd
006d
ffea
fecd
000f
ff54
ff35
0155
007b
ff20
00ff
0141
0017
0094
0071
0027
0080
00f2
0092
0022
0052
ff4d
fcdc
fdc1
fe3f
fd2b
fe6a
ff22
ff29
00b8
0203
01a7
01ae
016c
017e
00c6
0088
017f
01a4
fe42
ffd2
0134
feec
fff1
00bb
fe36
fe25
ff9e
ff00
000f
0177
00cf
fff7
01b0
0273
0244
0036
0063
ffa3
ff23
ff4b
ff3e
ff45
ff02
fdbe
00cd
004a
fed2
0101
00a0
fedd
0135
0071
fe85
fe16
fed2
fda8
fdc1
ff72
00a9
ff9b
ff02
017e
016f
00aa
0358
0280
0110
030d
0217
0040
0135
00e1
fee1
fe94
ff09
fe5e
feb1
fef6
fee0
fe7a
fe14
ff00
0045
00a9
004c
0099
0063
fef2
ffe7
ffbc
fd92
fe51
0044
fdf8
ff5f
009f
002a
ff8b
016a
010e
00e3
0195
0240
01b8
010e
008c
0228
00dc
00d2
0217
ffb7
fe4b
ffab
ff6b
fe17
fd9b
ff54
fec1
fcfc
0065
0026
ff1a
0176
00ee
ff42
0193
011c
ffa9
ffc6
0049
fddf
fea5
ff22
ff7e
0159
00c6
0022
01de
005e
ff9b
012e
0056
002d
00ae
0072
0093
0027
00b5
ff2e
fe78
ff86
ff38
fea5
0045
0079
0050
0092
0108
0121
013f
004c
ffdb
ff4c
feb6
fe1b
feac
fdd0
ff26
014c
00b8
01da
0327
0012
ffd3
019f
0016
ff67
ffbf
fde9
fd17
fe12
fded
fe90
ff1f
0141
0109
009b
01eb
01a9
00ee
013c
014d
00fb
0173
0090
0035
ffdc
fece
fe04
fe55
fe61
fe7c
fe50
fea8
004f
0181
026b
0272
022a
02a8
fff1
fe44
ff03
ff4e
fde9
000e
fef6
fdeb
0003
0009
ff92
00b9
ffd4
ffe8
00d4
00c6
00e4
0198
00ce
00b7
009b
fee9
fe50
fe5d
fdf1
fefc
ff94
ff2c
014e
0298
0089
011d
0200
ff84
ff0d
0085
fdd3
fe33
ffe4
fe8c
ff69
0160
0007
ff2b
0180
00f7
009d
0306
0088
ff6c
027a
feff
ff83
024b
001f
fe8e
fe71
fc2e
fd07
fe6e
fd1d
ff59
0113
fff7
017d
0294
01b6
00b5
014e
01b2
fff1
01cc
00b2
0056
006d
fffc
fec2
ff36
fec2
fe7c
002d
004f
0121
02b6
0169
0007
0147
0010
ffe6
0079
fec7
fd60
fe14
fddf
fef2
009c
ff9b
ff86
00eb
013e
013b
0200
ffd9
007d
00af
ffb9
00ca
00f9
fed4
ff91
fec5
fef8
0115
00f0
ffa2
000f
ff94
00b1
004b
004e
00ea
ff72
ff72
0126
002c
0168
006a
fd06
fd65
fe77
fd7c
fea2
fec8
fef0
ffd7
ffa9
0003
032e
0178
0139
01a5
0000
0044
00f9
ff77
ff6b
002a
ff69
ff1f
ff3d
ffe9
ffab
fe3c
ffd5
00aa
ffb3
ffb7
01a0
00df
0182
0164
010f
ff9a
fe53
fdef
fe09
ff15
ffc4
fe2c
feed
008c
01ae
021e
0129
0036
0011
ff5b
fe35
00e0
0138
ffb7
0202
00e3
ffb0
0299
0026
fe9d
005c
fe58
fd35
ffba
001a
0057
01bc
003f
013c
026a
ff5b
ff74
fec0
fd28
ff09
001b
ff1a
0030
0119
0047
0032
0099
00e3
ffab
0068
0094
002b
013d
02ff
008e
00dc
018b
fe7c
fe7d
0005
fd88
fe08
fe83
fda5
ff9b
ff55
febd
022e
0276
01ed
0385
01f7
ff58
ffcc
feb8
fd2b
fe0a
fe29
fc74
fcaf
ff0e
0005
ffe8
01a3
013b
013e
0106
0161
02e0
0317
01da
01d5
01aa
00a6
fed0
fefd
fcb6
fc50
fd01
fc32
fcd9
ffd7
00ea
019f
0241
0401
034b
0116
0035
ffab
fdac
fd55
fddf
fdf9
ffa8
ff44
ff4b
0022
00d3
009b
00da
014c
01d1
01d0
020c
01ee
0139
ffdf
fe6c
fe4c
fd26
fea7
ffbe
fd75
fe51
0079
ffa2
00fc
0296
0210
00cf
00af
018a
025d
0102
ff2f
fd42
fdfd
fe38
feb5
fe3c
ffc0
ff08
fefc
001c
0107
0228
0455
0170
00b6
0285
021b
00e8
0088
fef8
fe23
fd3e
fd4b
fd55
fcc2
fc69
fcfb
ff6c
00d8
021f
0353
0415
0365
0412
035b
0210
ffed
fea0
fccd
fdca
fdd3
fe34
feb8
fe20
fecf
01e7
00b6
00cb
0172
ffde
ff23
0092
00ff
009f
00ca
ffd8
fe72
fe83
ff94
fe9b
ff3a
ff16
fdf8
fe40
00a2
016d
01dd
023e
013b
00fd
0290
012c
ffbb
0172
ff24
fd83
fead
fd70
fd46
fea2
fd56
ff60
02af
0217
026a
03c2
01ec
010f
0261
00da
0023
fe8c
fde2
fe08
fd74
feaf
ff31
fc5f
fe2f
fe9d
fe70
0020
0101
0288
0403
0265
0304
0393
0100
ff77
ff5c
fbec
fbf6
fc45
fc7b
fe1e
003a
0134
026a
03bb
0451
0274
01eb
0004
feee
ffa5
fee1
fed1
000d
fedf
fccd
fe2a
ff4a
fe21
fed7
ffaf
fe87
01ec
0234
0344
059b
048f
01c4
0122
fdf1
fddb
fcc2
faf4
fa2d
fb92
fc7e
ff11
024b
0498
0459
04eb
040d
0452
0328
01ae
ff6e
fd1f
fd20
fd53
fbf8
fcae
fc8c
fd4c
ff1f
ff96
00ee
02b7
01cf
01b5
042a
035d
0315
02d2
009a
fec6
fdf3
fcce
fdf8
fd4a
fb7c
fcaf
fd48
fe63
0281
02ab
021b
0348
020b
01ee
02b9
019e
ffb3
ff2f
fd55
fc31
fcb6
fcb5
fcb5
fdc0
0039
0131
0356
04ee
0404
02d1
0265
011f
01c4
0105
fde0
fd14
fd56
fd68
fe4b
fdfd
fe28
ff5f
fe54
ffbc
03ae
0304
0266
0393
01a9
0110
017d
0018
fe24
fcfa
faa9
fb62
fc6a
fdd8
0055
0189
018a
03bc
0426
0239
022f
0212
0137
0051
febb
fe5a
ff10
fdd5
fe55
fe3e
fc07
fe4d
fedd
fef4
02ad
0407
037d
03fc
03f6
036c
026f
0144
0020
fdaa
fc2a
fbab
fbf7
fc9d
fd8a
fcb7
ff66
01a3
00c7
0296
029b
0111
022d
0153
ffcc
00d0
0114
ff3f
fee3
ff3f
ffea
ff46
ffa5
ffbc
ffaf
ff91
002c
0192
01b3
ffec
0096
005d
002e
003a
0035
fedd
ff7b
fe86
fe28
fe49
ff9b
ff19
fff0
ff73
fff9
0144
0265
00d8
02a0
014e
fe76
fedd
00a0
fe6d
fe85
ff25
fdbb
fe42
007b
001e
00ca
020c
01d9
0139
019b
00c1
01fe
fffb
fee3
ff40
0004
ffbb
ff3e
fdf2
fe5f
fc67
fdc4
ff7e
ff34
010c
02f4
01c8
02e0
0401
0213
014a
009c
005f
ff6d
fe15
feb6
ff39
fd9b
fe83
fec2
fe12
fefb
feec
fe4e
fff6
00df
00a4
006f
0181
0227
01f1
0188
0150
0000
feb1
ffb3
ff82
0054
00c6
ffc9
016f
0264
0219
022c
01b8
ff59
ff9e
fde5
fd11
fe26
fdb6
fd80
fd45
fd06
ff7c
0084
ffea
0145
00df
ff8c
0117
00a2
009d
021c
00f4
005d
01f3
008e
0087
ffbb
fe53
fe03
ff80
fd37
ff26
ff36
fea1
0044
0197
0049
011a
ffb7
0088
003f
008a
0080
00a5
ff9c
0201
00d6
0067
0145
010f
feed
ffb9
fe84
feba
ff4a
fd78
ffa4
011c
ff9e
0086
ff67
fec8
fe12
fca0
fefc
fef2
ffe9
0276
01fc
0196
030c
01e8
ff5c
ff98
ff3d
fd53
febc
0068
009d
0190
0266
0160
02e9
020a
00f2
001c
fed8
fdb2
fd26
fd31
ffbd
003a
fff0
00f4
fffc
003c
ff70
fdf1
fdcd
fe29
fe7c
ff73
00c9
01b4
023c
0213
02bb
0203
0148
0082
fe86
fe6f
fec0
ff66
0002
0133
0133
010c
016b
0248
01db
00cf
fe5c
fd7f
fd9f
fd6b
fe21
fe9a
ff5c
002c
ff5b
0030
015b
0084
004b
012e
fedf
0047
013e
ff4c
fe94
015c
ffbf
ff72
0033
00ae
ffe9
ff0f
ff8c
0082
ffe6
ffdd
01a2
00a8
00b5
01d5
0017
ffb3
0078
0073
fe56
fdd1
ff1c
000f
fe71
ffed
0207
ffd8
ffac
01ae
006e
009f
ff6f
fd9c
fdef
fef7
fe8b
ff99
000f
00e8
00a8
0112
017e
0144
fff7
ffc0
ff36
ffca
00e2
011b
010a
0131
0064
ffb4
001b
fdde
fe3e
fe72
fcaa
fe04
ffa8
0095
0257
02be
0290
0208
00f6
018c
011b
feed
fdc8
fd7c
fd48
fe2d
fe90
fde4
ff23
ffb8
ffd4
00eb
0213
02d9
035b
0258
01a8
01e9
00dc
0150
ff9d
ff4d
ffcb
fedb
fddd
ffee
fe6c
fda3
ff8b
feed
feba
ffd4
ff38
00ab
00bf
0052
ff9a
ffd6
fffa
0013
ff15
ff5f
0051
009d
014a
0127
010a
01f9
00cd
0133
0223
0017
ff0c
00aa
ff30
fefd
fef9
fe8b
fe36
fe36
ff45
ff67
feae
0134
012a
ff82
0128
0192
0057
00fc
fff4
ff78
0023
ff6e
ff2f
ff5e
ff77
ff13
fee2
fead
ffa6
fff5
0059
01d8
0231
021c
01ed
0071
0037
ffc2
ff55
fef6
0019
fe94
fdfa
fe7e
fe36
0052
024d
003f
006b
004a
fe3f
0080
017e
fedb
ffdd
ff3d
feb4
001b
0007
ff48
ff61
ffba
004e
005e
00b9
01e5
029d
00ea
01d5
0262
006d
0049
ff41
fcc0
fcda
fd0b
fd1f
fd1e
fddd
ff68
00be
0202
0384
03c1
0281
00dc
00fc
0184
0043
0114
016e
ff41
fe84
0096
0002
fe6f
ff29
fdd7
fcfc
ff9d
002d
008d
0046
0083
0129
01ad
0130
0135
ffb1
fe2c
fc5f
fe3d
ff1b
003f
014b
0159
00de
0157
026a
021d
002d
014b
ff83
fd5d
0027
fff1
fe32
fe75
feeb
fe82
fe9f
fecf
0001
00ad
003d
0015
0140
01e7
0392
027a
020c
01c0
01a4
ffd4
feef
fdce
fd05
fc83
fe85
ff8d
fffc
012e
0072
000e
0252
0180
ff18
00f5
001d
fd87
008b
013a
ff5e
014d
000e
fd97
ff21
ffd0
fe48
fefa
ff77
fe2b
015b
02e9
0262
02c2
0231
ff9e
fefb
ffdd
fe94
fd4d
fe6f
fdee
fe95
01c0
0329
034d
025a
ffaf
fee5
ff1a
ff63
ff05
fea1
fc99
fd38
ff92
0069
00f5
00fa
fe8c
ffb0
0106
00bf
0253
0229
fee6
00ed
0149
009e
00f1
ff5c
fd5d
fcb5
fd71
ff33
0044
00b2
ffe7
000f
020a
02f4
01bf
0197
0086
fe78
0045
0032
fffd
00a9
feae
fcda
ffdb
000b
feb7
ff78
ff8c
fee5
0061
00c0
0186
01bc
0038
fed9
ffe4
ff76
01fa
00ad
0025
00ae
ffb4
ffbe
00f4
00f1
ffe6
ff06
fdf5
ff30
00a4
0008
004c
ff6e
ff8b
003f
00e2
0041
0073
ff2e
0043
0137
023c
01d5
0036
0056
00de
ff11
0028
fe8a
fc48
fddc
fe24
ff2d
022a
0200
016f
0121
ffb5
00ac
00dd
fe88
fdfe
fe50
fcab
fe2e
01f4
0157
0145
02b8
010c
ffd6
00e2
0041
fe05
fe3a
ff08
fe91
fec0
005d
012e
ffce
ff93
ffd1
008e
012e
007d
0066
01bb
0107
0136
01ab
ff5a
fffc
ff95
fcdb
fec2
ff62
fd4f
fdda
fe67
fe07
0143
00c8
ff95
009b
0087
fff4
0269
00b8
0178
021d
ff8d
ff6d
00a9
ff4c
fe8d
feaa
fe1f
fd76
fe8c
ff61
0094
0142
028d
0189
047e
028e
015a
0184
ff64
fead
ff23
fd9f
fd48
feef
fdcf
fedd
00c6
0120
000f
00e0
0015
015a
0136
fff0
00bb
fffb
fda0
fef0
ff5d
ff7f
002f
ffe9
ff38
ffae
0160
012c
01c2
029a
016c
0136
009a
004e
016e
0173
ff30
ff4d
ff4a
fdbb
fd9a
fde5
fd85
fde8
fef8
003d
ffdb
0232
0369
01b6
026e
02fa
ffe0
ffed
ff5c
fed5
ff98
fe14
fe21
00fe
ffcf
ff1f
0172
0009
ffdb
00d9
fe7c
ff24
009b
0053
ffe2
0097
0048
ffef
fef1
ff67
fe8f
fe7e
feb7
fff5
0110
00a2
018f
02c2
01c6
0167
018f
0050
fed8
ffa4
fde2
fd06
fec4
fe88
fedb
ffc7
ff21
005c
01d2
00ad
00e1
ff71
fea3
febc
ff2c
ff45
008f
ffe1
feeb
012b
0171
ffdd
0123
ffdf
fe76
febc
ff45
ff8b
ffcb
0050
01c6
00e4
025f
0463
011b
0043
00dc
fe01
fd7f
fe24
fc64
fd5d
fea0
fe3d
01f1
0354
00ed
02c0
01ef
ff0e
006c
0178
ff86
0100
0100
ff70
fe59
ffbc
ff04
fd84
fd19
ff2a
fdc7
ffd7
0137
01df
03ae
044b
0290
034e
01d9
ffc7
ff5e
fd5d
fbfc
fcee
fcaa
fe00
006c
01ce
010b
0256
029e
00d5
0023
0010
ff30
fee4
0089
004c
ff05
008e
ff33
fdb3
ffc0
ff4f
fed5
0128
ff7b
002e
01ee
01bf
0285
0416
0268
0085
0052
fe5a
fd61
fdb7
fbf3
fbbc
fd78
fd39
ff41
0127
02de
043a
0404
0344
0316
01b6
ffd7
fde7
fd9c
fd29
fb5b
fb8d
fcae
fdc0
ff59
0177
0188
02d7
0248
00fc
0274
0390
00df
0156
0002
fdde
fed0
fecb
fd15
ff3f
fe29
fc64
fe60
ffe7
0070
027b
03ec
01dd
028a
01a7
0041
0000
ffcf
fe11
ff3d
fe7b
fdcb
fd2f
fdff
fcc3
fff8
014f
0089
0238
03ad
0179
0350
0429
0220
02bf
00cd
fd3c
fdf8
fe8f
fcfd
fd03
fc95
fd1b
fefa
ff43
00ab
0259
01d8
01a6
0303
0212
01de
0195
ffa2
feaa
fef1
fe30
fdb4
fd95
feba
ff35
0006
01d9
02cd
02a6
0174
0106
014a
00c8
0097
ff9f
ffc2
ff0b
ffb2
ff57
fdcc
fdba
feb1
fc86
ff73
0136
01c9
028d
03ec
03c0
0441
0208
00f8
fe63
fbff
fbe5
fba5
fbeb
fe46
fe01
fedc
015e
026c
038a
03bf
0242
01cc
0189
008a
014e
0097
fe50
fe1f
fe52
fc7f
fcf1
fca9
fc5b
fdc1
ffae
0136
02f3
04c1
0542
0456
0287
023f
0121
fee2
fc79
fbee
fcc0
fcb3
fc8b
fdf7
fe66
feb8
ff7e
00e4
018e
0351
0203
0110
027b
0160
ffe2
01c8
001d
fea0
fed4
fd35
fc87
ff97
ffd4
ff20
0120
01ce
00d6
00b2
0098
007f
ffb8
ff1a
fe60
fe51
0005
ffd7
ff76
011d
0071
fec6
0108
010b
01ff
03b9
0224
0135
01d0
0080
ffff
ffaf
fe77
fd8c
fd54
fc0a
fd0c
fef5
fe87
0048
01de
0112
0215
01a6
016c
02cb
01a9
00c3
013c
0038
0019
feb6
ff33
ff15
fdda
fe8f
fe84
fe39
0083
00c1
013f
025b
0198
007a
011d
ffc1
ffd7
fff0
fe6e
fe33
ff58
ff30
ff8a
ffab
fffa
011e
0134
ff0d
0056
0083
ff30
0066
ff99
fe86
ff59
fefc
ff09
0088
0077
00b4
005d
0063
00c7
00df
0038
01ba
0130
001f
ff70
ff27
fe9d
fe7c
fd9d
ff67
ff89
ffec
0141
0019
00de
0233
ffee
0062
0175
ff82
ffbf
ff99
fe9d
ffc0
ffc3
fe59
002b
fef6
fdc3
0123
0146
ff5c
0042
ff7f
fe05
fffa
0147
ffcb
00a0
005f
fee1
ff2c
ffb5
ff3f
ff7b
ffce
ffd9
0071
0187
0213
01a0
03ca
02bd
021d
0181
004a
fea0
ff79
fdec
fd59
fe94
fe83
fe5e
ff5e
ff62
006f
0103
015b
0026
ff9b
fef2
fff0
fecf
0043
0003
feb3
feaa
00bc
ffe7
003e
012a
011b
fff9
003e
01b4
0230
015d
020f
0147
007f
0104
fffe
fe5c
feab
fe20
fd80
fd64
fdcb
fff7
01bf
00a9
018d
029c
01dd
02f2
013a
ff68
ff32
fe53
fda3
fe77
fe57
fe9a
fe6a
ff07
0025
00ea
fff6
0057
01d0
ffdf
ff70
01c9
00a8
0121
0129
0005
fffd
007c
ffa7
ff2e
fe13
feb0
0017
ff57
ffc4
018d
00cf
0240
0299
01b2
004d
ff4b
fe9f
fe59
fdfe
fec0
fe21
fe20
febb
ffde
ff15
019e
0193
ffab
ff25
ff11
fed3
0098
ffea
0108
0190
001d
0082
020e
006a
00d7
002f
fdcc
fd5a
fed3
feb5
0045
0283
03b3
023c
02b8
0212
0071
ffa5
fec1
fc75
fd2d
fcee
fbb2
fdd7
0035
fed8
00b1
01c0
0050
0149
0232
0006
0259
021a
fff3
00d0
00b2
fef0
001a
feb3
fd8d
fe9c
fe4d
fe8c
0128
01b1
0250
039c
01f4
023c
0170
fe50
ff36
fda6
ff1e
fe6b
fe6c
ff5c
ff43
003d
ffd6
ffcc
013e
009a
001f
020b
01bc
0181
015e
00e2
0052
ffbb
fded
fd9b
fdb4
fc9a
fdfe
ff07
ff26
01a6
0163
00c1
0236
02c0
01ed
01e9
ffd5
ff46
fef7
fea1
ff11
0000
feb4
fea4
ffe7
ff29
000b
01e2
007f
0131
0193
010d
00a2
fff7
0041
ff78
fde7
feb6
fed6
fd91
fe60
fe46
fddf
ffef
000d
001b
0158
00bf
0233
0396
0284
02fe
01ec
ff12
ffa9
00b0
fe2f
fec0
ffde
fde2
fe8e
ff2a
ff1a
0043
ffb7
ff90
ff68
ff3b
002c
00ee
ff04
ff74
001f
ff4a
ff5b
0030
0126
0019
ff78
0116
0186
0108
01ff
035b
00f8
0056
01b9
0059
ff6b
ff2f
fe5b
fd8d
fddf
ff60
fe8a
fd88
ff9e
0002
00b6
02d8
0206
01d1
0229
fff1
00e9
00a5
fe03
ff2f
fd0b
fc1d
ff36
ff86
fe86
0124
021a
001c
00d1
025b
0271
00f3
0104
00db
00c3
0095
0092
ffdb
fee2
ff6f
feba
fe41
ffab
ffa9
fe24
ff00
ffa8
00ff
0137
001b
0086
ffbb
ff6a
ff9e
ff79
ff73
feb0
fea0
0013
01bc
01b2
01d9
0023
002d
00c8
000f
001a
004c
ffb1
ff44
ff4d
ffd8
ffcb
0036
ff14
fe7b
ff48
ffa5
0029
ffd1
ff70
00fa
00a3
fffb
0191
00d1
ff88
008d
0035
ff84
ff20
fe94
fd40
fe73
ffea
ff9e
0104
028c
01cc
01f8
029d
02cf
01eb
0125
fe8e
fe3c
fe5d
fd8f
fdf5
0070
fe3f
ff54
01aa
003c
feba
0085
fe44
fdfc
ff96
0041
ff9f
004c
fffd
0062
0055
0017
0109
0047
fe4f
ffae
0057
005d
01c1
014f
00dd
00d1
010a
011c
011d
00d9
ff7b
fdd9
fe26
ff46
ffad
ff06
ff9b
ffcd
ffc1
00d8
004c
0176
ffb8
fec6
fff7
ffc1
0005
0107
ff36
ff65
ff77
ff33
005b
00aa
feb5
ff83
ff3e
ff72
00ff
0011
fec4
0190
ffa4
0098
0307
014a
00b6
01ef
00ed
ff43
0087
ff9d
fe76
fea8
ff04
ff18
ffdf
feba
fe08
ff5c
ff94
ff8e
ffe3
00df
fffd
0116
00ed
006b
01c0
0096
ff78
0081
005e
ff67
ff93
fe77
ff74
0072
002f
006d
019a
004b
ff9e
0041
ff2e
0051
0019
fdf0
fe85
ffc2
000e
00ab
0047
0017
003f
ffb8
0120
01a4
006c
00a2
0075
ff7b
018a
0158
ff4c
ff8a
fd7a
fc1f
fe33
fea5
ffa8
000c
ff93
008c
0260
0321
032e
0104
ff99
fe60
fe89
ff0c
ffc5
ffd6
fec4
ff25
feb1
003c
0051
0005
ff04
ff19
ff97
01cf
0312
0366
02a7
00b1
0067
00dd
013a
ffdf
fd59
fd08
fc51
fcef
0021
00d6
0006
012a
010d
0119
02a4
023b
001f
ff24
fe3f
fdf2
fe63
ff27
fed7
ff95
fe8a
fed6
01f7
0205
00d8
01b9
005e
007d
0174
013e
016e
0206
ffcd
ff4d
0014
0015
ffd0
fdd1
fce8
fe0e
fd8c
fe6c
00e0
0187
01b3
0137
00fc
01c1
00d7
009a
ff3e
fe35
feb4
ff71
feb2
ffd6
0189
ff88
0043
00f2
0029
ff9c
fea2
fcd6
fe6a
006b
019e
0136
01aa
0135
00a0
0019
ff9e
ff14
fe3a
fcf3
feb2
0091
01b6
01d5
033d
0209
013e
01a3
00b6
fee8
0011
fdcc
fd45
fe9f
ff5a
ff48
ffd4
ff96
ff8e
ffd6
fed5
ffe1
ffa5
fe77
00ed
023d
01e7
03eb
0216
ffe3
ff13
fefc
fec3
fd85
fd19
fcf4
fccf
fee1
01e2
0350
0378
037f
023b
0241
0311
005f
ff87
fea3
fbdc
fdef
fe35
fe57
0037
fefa
fe1a
012e
0189
ffe6
0160
013a
008b
0095
00b2
01ca
0116
0032
00ab
fdd8
fd18
fe18
fd4d
fc65
ff42
0013
011f
031e
0463
03f1
023f
01ce
01ba
fefa
fd44
fcad
fb1c
fb90
fcd1
fd88
ffcd
0181
01fd
02e4
036a
049b
0374
00ba
0142
ffe1
ff13
ff93
ff61
fda4
ff5b
fcee
fc95
ff02
fe7d
fec5
007a
0004
011d
02b5
02ef
02f6
0309
010f
0057
008f
ff5d
fcf6
fbea
fad0
fb58
fe50
0027
00e1
01b8
0334
0377
0282
03ce
0477
0141
00ad
ffe3
fe5f
fe75
fdfa
fc90
fb8d
fcc1
fe2b
feac
0081
036d
024f
02e4
03cf
02b8
01a0
00d9
fee1
fd15
fd25
fc2f
fc82
fcb0
fcc2
ff15
0111
00eb
0291
0568
012c
02d4
0482
017e
0187
00ec
ff14
fe04
fd34
fdc6
fc14
fc3a
fdeb
fdeb
0059
02a5
0388
0452
047c
02d8
0270
0133
008e
0069
fe65
fd62
fea9
fd98
fb33
fd57
fd44
fdb1
0082
0178
023d
0217
02f9
038f
0349
0225
0053
fd31
fcc4
fcda
fd70
fd68
fdca
ffed
01a1
01d1
0474
04ca
0342
0319
01b3
ff00
ff32
ffe0
fcba
fc5b
fda3
fc37
fcb3
fe3d
fd50
feeb
0137
0088
0401
04d7
024e
034d
02d5
0157
01d0
0102
fe76
fe0e
fd29
fbd1
fc19
fc73
fd60
fcb9
fdd9
00f6
01db
033b
0384
02b9
027c
0284
00ff
0111
fff1
fe60
fcd5
fd9a
fd4c
fdfb
febf
ff6a
0052
0141
0160
00c9
0219
02c9
0168
017f
0140
fff1
fefc
fe38
fdc0
fe38
fd8a
fc7a
fe1b
fedf
ffe1
0203
0364
02e3
035a
0348
01be
00ac
ffdf
fe5f
fdd7
fd14
fcda
fdf8
fda7
fecc
0123
017c
ffe9
01fb
0210
0166
0149
02c6
017e
004b
012c
ffff
fea2
0106
fef0
fcf0
ff3f
fd5e
fcfb
0096
005b
004e
0204
00b8
00cb
0355
0089
ff6f
003c
fe9c
fe26
0005
00ff
fffa
00bc
ffd8
fe1f
fe71
ffb1
ff37
0074
00a2
0118
00e4
02a1
0227
0296
015c
fd8a
fd0f
fdb8
fbb6
fc72
ff25
ff12
00ac
021b
0202
021a
0234
00f1
0044
ff6e
ffec
fe43
fea3
ffdf
ff87
ff7e
ffb5
fdc4
fea2
ffa5
fe4a
fe37
00ca
00ca
0112
02fd
0265
0200
02b6
016e
003b
007c
fde8
fcf5
fe0d
fe89
fee7
fea0
fffd
00b9
005b
01b7
fffe
ff38
00a7
fe04
fdd4
ff9c
ff48
feee
ffa4
002e
00f7
00ef
00c7
017f
0109
008a
01ba
0095
ffa5
0186
0018
ff07
0199
0182
ffd8
018c
0016
fdd6
ff6b
fde8
fde5
001d
ff59
ff2f
00f6
0139
01dd
0138
00bd
fecb
fefa
fe7a
fd44
fecd
003b
ff4d
00b9
036d
01e8
0284
0289
00e9
ff6f
ff30
fd19
fd75
fef0
ff6b
0066
01a5
02d4
0371
00e7
0023
ffcb
fdbf
fdf8
fd85
fe37
fefb
fe69
0075
0318
02b4
01cc
0137
ff1f
fe65
ff3f
fec8
fe82
002f
0034
0061
0239
0276
011a
fef2
fe09
fc5d
fd4d
fe57
ff24
0064
026a
02c5
0238
022f
021d
00bf
0015
fe43
ff06
ff1d
fe41
feb3
0046
ff08
ff91
00a4
008c
001b
fee6
fef0
000b
ffe7
ffb7
0153
ff8a
0003
ffe9
fefa
feb0
ff99
fd72
ff09
ff9f
ffa6
01c4
02cf
00f6
02e6
01a8
00da
014e
00e6
ffcf
ff71
fe3c
ff69
fe2b
fec7
fe5e
fe22
febf
ffc8
fe3a
ffd8
0130
0152
0221
0247
0103
0157
00c4
fee2
ff8a
ff8d
fede
ffcc
0079
004f
00d0
0162
ffff
ffd7
ff51
fe0c
fea8
ff7a
004d
018a
0156
01c5
00f5
ffad
001d
0056
ffef
ff10
fe7c
fecb
fd9e
ff58
00ce
ff7c
0132
01bc
ff2c
ffba
00d8
ffb6
ffe7
00da
ff43
00c5
019a
0070
025b
0191
ff0b
00ac
ff26
ff3f
00d9
ffd5
ffbc
010f
ff49
feb2
fe4e
feab
fee7
fe47
feb1
ffed
ffb6
0057
0131
01be
0223
0198
01e5
00ce
ff47
ff67
ff4f
ff01
ff9a
fe7a
fd87
fe76
ff91
fec9
ff88
ffdf
0024
00d7
014c
01e8
02db
01ec
00f7
ffde
fe01
ff4d
004d
ff5c
ffce
0007
feec
001a
00da
0107
013d
ffec
fe75
ff2d
ffa6
ffd3
fe9b
fee9
ff33
febc
fff6
010e
ff7a
ffbf
0039
fe8f
ffb0
00c2
ff45
ffa6
00d4
0037
018b
0226
01a8
0201
01bf
ffe8
0160
006e
fee9
ff78
ff19
ff40
0069
00f4
00ad
015a
ffa6
fecd
0060
ff64
fee0
fee3
fd52
fdda
ff4d
006b
000c
0005
012d
0043
005b
01cb
00e0
002a
0082
ff4d
0053
0269
0059
ffc6
0185
fecd
008f
0194
ff35
ff83
fe7e
fd58
fffd
0121
00b8
ffdf
fffd
0161
0113
0211
01a4
0006
ff2f
febe
fdf1
feac
ff4c
fe3b
fe77
ff6c
ff73
0102
01cb
0210
01ff
0103
ffe4
01b4
008a
fe12
fea6
fef1
fe49
0051
ff8f
0022
ff80
feb5
fee4
ff92
000e
ffd0
0114
ffe7
ffc8
021f
0189
009b
011b
008a
fe34
fe9d
0045
00d8
0012
0198
00d3
0102
0097
fdf5
fcaa
fdc7
fcc4
fcf5
fec9
ff25
001f
020e
01fd
035c
0413
01b4
ff7f
fead
fdad
fe90
fe39
ff38
0032
0035
01d1
024a
016d
0299
ffcf
fdb1
ff31
0006
ff49
00f8
01f4
009c
0062
0197
0038
fe95
003c
fd37
fcf7
ff4f
fd71
fedb
017b
fe73
0183
02b3
0254
0136
014a
fe1a
fd7a
ffa6
0043
0054
01c7
ffa3
0097
010a
ff1b
000f
0043
fcff
fe46
ffe9
ff5e
01e6
0265
0053
01a2
011e
0016
0061
ff3c
fd8e
ff81
fe34
ff7c
0237
010e
ffd5
0062
ffb0
feba
fecb
fef1
fe76
fd57
fe77
0084
00ac
0250
010a
feb6
0011
008d
ffc5
018d
00af
010c
0167
0080
0222
0265
ffe1
fe7a
fe36
fd6b
fe34
fe19
fe4a
fe35
ffa3
016e
0193
01f5
02e5
015f
ffff
005f
009a
fdfb
fecc
005a
ff3d
002f
0229
ffb1
ff6d
005c
0054
000a
ff54
fef8
fdc2
fe57
ff5f
ffda
002a
006a
ff0c
0114
ffd5
ffad
0207
0168
ff9e
011c
00c5
0042
01ef
0225
ffdb
ffab
ff16
fd7c
fdc3
fd56
ff36
ff1a
ff2b
0174
00e7
0066
0305
0210
00fc
02a1
0018
fe76
00e8
fed2
fd01
fdf8
fe16
ff34
ff24
fe36
000b
0111
fffa
0179
01c7
0119
0052
0072
000c
0092
ffab
ff52
fdc1
fe72
ff45
ffdc
0064
0193
002f
0034
004d
027e
028c
02d7
01fb
00c1
0005
005d
fe74
fd8f
fd1f
fd44
fc11
fe1d
005c
00d5
01bc
0216
0171
0177
0038
ffca
ff67
fdfb
fea1
ff46
ffbe
0073
0049
0065
0031
0091
0123
0097
ff7e
ffd0
009e
00d4
02b2
03bd
022b
fff7
fff0
fd6f
fdc1
0012
fcd2
fc36
fe21
fd22
ff99
022e
0216
032b
01bf
0127
016b
000f
ff4a
fec8
fffa
ff06
fe98
ff46
ff9b
ff8d
011b
0080
ffe9
ffcc
ffce
fe9d
ff82
00eb
005c
0105
01c0
00c6
00be
ffff
fdfc
feb2
fedd
fdc1
fd9f
fecb
0035
01b7
01e8
0304
022a
0169
00c7
0100
0078
0050
fe2b
fdcc
fe03
fe94
fe9e
fea2
fea1
ffee
fff1
006c
0005
0034
01ac
00c4
0091
028e
0145
0029
0124
fecc
fdc1
fe6f
fdec
fd62
ffe0
ff5d
ffa9
0267
021c
01d7
027f
0234
034d
01d0
00be
fff8
fe88
fc0e
fc8c
fc2c
fc52
fe0e
ff11
ffc9
026b
030c
02c4
0320
029e
01ab
015b
0028
ffa2
ff16
fd75
fe52
fdf4
ff30
fe83
fdb9
ffd3
ffd7
ff3b
01f7
00e4
00f2
0447
0117
011c
0309
006b
fe12
fea1
fd5f
fd61
fe08
fe63
0062
018e
0296
0369
01e3
00c1
006c
fda2
fdbe
fe6c
fef0
fea1
feba
0061
01f5
00b1
0111
01b8
001f
fee5
ffb2
ff7d
005d
0028
019c
0143
00ee
01ad
01e1
007a
feff
fde1
fb82
fb37
fdf8
fe63
ffbb
01d2
0297
0364
036c
0233
01e8
0127
fff9
febe
fe36
fe80
ff65
fdaa
fd3d
fe93
fe02
ff42
003e
ff64
0037
018d
0074
0332
03bd
026f
012e
00ef
0088
fec5
fe5a
fde8
fd07
fc4a
fcbc
fea9
015f
0208
0171
01c3
0220
ffe7
0178
0181
ff54
0055
0083
fe31
feee
feb9
fe07
fec8
ff2e
fffb
004c
0100
02cf
02b6
0258
0385
01cc
0145
0049
fe7e
fe48
fe44
fc1c
fc78
fc8e
fcfe
ff82
0132
0136
02e8
02ef
0120
01aa
0218
0137
018c
0058
fea1
fe66
fd14
fcd7
fd9a
ff00
ffdf
0057
00ac
01a3
02da
02cd
016c
0156
00d6
ff40
fe68
ffaf
ffdb
feb6
fe64
fc26
fccd
ff2d
ff4c
ffa0
021a
025e
01ae
02de
0382
0282
0303
011b
008f
ff38
fcf2
fc65
fc7b
fc68
fd54
fd97
fe90
ff36
0107
024c
016c
0202
03e2
021b
023c
028c
01ed
000f
fef3
fe18
fd7d
fbb0
fb64
fddf
fed8
000f
01f7
037d
02ab
03a4
02a5
0185
0058
fe1e
fd9e
fcde
fc41
fdc7
fe92
fe6d
00e9
0077
000e
01b9
00f0
004f
0152
00e0
00d9
018f
00cd
003a
00c0
001b
ff06
fe1f
fd4c
fe0d
fe84
fea2
ff0f
01e7
01d3
0191
0241
01ac
011a
01b5
ff98
feb8
fe3f
fe83
fd36
fd02
ff94
fdf3
fec5
01d3
01af
022c
03fb
027a
01f0
0206
0024
feb5
fe60
fecb
ff55
fe90
ff07
006d
ff2c
ffd5
ff78
ff0a
ffc9
ff27
fee3
0175
012b
0144
029d
01b9
015c
0152
0054
ff82
fea5
fd3a
fd7f
fe03
ffd6
006a
0037
0226
01f4
ff80
00bb
0074
fddd
006c
006c
ff07
0133
0120
003b
ff82
fe8f
ff50
fecd
fd95
fe53
000d
0035
0220
0374
0327
012c
0051
002e
ffd7
fefe
ff30
fdab
fc5f
ff93
010e
ffdf
0047
00e3
fe0b
fd5f
fec4
ff7d
fed5
ff0a
007b
0142
02ad
04ca
02a1
006a
0125
fee8
fe54
ffd1
ff99
fe8b
00fd
00ce
00ae
02a3
012c
ff1d
00a1
ff41
fe98
fffb
ffaa
fed0
feb8
fe31
ff5b
0160
0014
fdf3
fe4e
fdcd
fdad
ff51
ffde
ffca
ff8c
01f1
01a1
0389
030e
017b
0102
014e
fec9
ffe4
ffd0
fe74
fed0
ff0c
ff09
007e
0120
0124
0145
0123
0134
00c9
fffe
0059
fef6
ff24
ff60
fe04
fef1
ffd5
fe73
ff38
0023
fe46
ff1a
005c
00fa
016e
0129
00e2
016e
0053
ff89
ff6a
fec4
ff5d
ffbe
fe6c
fef5
0062
0125
00aa
00cc
01cb
0108
ffd6
00d6
00ee
006e
012d
ffbf
ff47
ff95
0000
fe15
ff55
0037
fe11
ff0f
ff9a
ff89
017d
00cf
ffb6
017b
0175
004a
00e8
ff37
fe20
fe75
fdbf
fe21
fffb
ff2f
fe9d
ff37
008c
01da
01da
01a7
019d
006e
010d
0142
019f
0117
ff22
fed4
ff15
febd
ff70
009a
ffe4
ffb0
00f0
0088
0075
0169
003e
fef6
ff7a
febf
ffa0
ffbf
fedd
fe4e
fed2
fe1c
ff46
ff42
ffa0
fee7
fe63
ffdd
014c
00b7
02cb
0271
02d8
022b
00e9
0121
005d
fe44
fea4
fc1f
fd82
fef0
fec2
fe20
01e7
004c
008f
029c
0149
00ef
03cd
0135
004f
01bc
fe9a
ff9e
00d0
ffcc
0035
fe77
fe09
fe7a
fe26
fe94
feee
ff2a
ff8d
ffaa
0028
013d
00fa
fff8
007b
fffa
0006
0076
ff30
0017
0057
011f
004c
00f8
0152
0073
0035
018f
0119
ffea
ff5a
ff71
fe8b
ffea
ffdb
ff10
fdc6
fefb
ff14
ff98
ffc7
0214
01a9
008f
0219
0236
00a7
001f
fe46
fdda
fe88
fe26
fefd
ffb9
ffa5
00f2
01c1
00c3
01b8
01ae
ff35
001b
016d
fffb
0028
0040
ffdf
004e
ffe5
ff74
ff44
fe81
fdd6
fe2c
feb2
ff6a
ffc6
0039
0080
017b
014d
018d
018a
00b3
ffcc
ffad
ffba
00b4
00b8
0021
0096
00c9
004d
014c
0086
ff50
ff9b
fea2
fe0d
ff84
ff4a
feb0
fe67
fedf
ff4d
fedc
000a
0061
ff82
00c1
00f2
007e
0171
018e
019a
0181
00cc
0182
009b
fede
fedc
fff0
fda8
fe6a
fdb9
fea8
ff70
00d0
0016
00f9
00e7
0228
0079
004f
0142
0021
fe2a
0192
ffc9
fe59
ff00
ff53
fec2
ffc2
ff78
001e
ff0c
feda
ffb8
0174
00b7
0246
01cd
ffc9
0032
ffd5
ff07
ff3b
fed2
ffe3
ffb4
0014
027f
020c
0081
ffea
ff73
ff6f
ffdb
ff37
ff28
ffc3
ffdd
ff6e
0050
ffdc
002e
ff28
fe96
0089
014d
00c1
0119
022a
015b
01c7
0116
ffef
ff68
fe38
fd8b
fe0a
feac
ffbd
ff3c
000b
00fd
005f
0034
0124
fff3
ff54
ffcc
ff6e
ffa1
0101
01ae
01c5
001f
010c
0011
fe8f
ffc4
ff68
fe96
fef5
fe50
fecd
00c5
ffe4
01bf
02dc
001f
ffea
00d7
fe3b
ff51
017b
fe58
fd8b
fff0
ff71
ffe5
01dc
017d
004c
ff2b
ff04
ff38
ff63
0013
ff42
febf
ff1f
ff95
ff38
012e
fff5
ffd1
0069
ff4d
0024
02ca
002f
0066
01a4
0099
003a
01c5
0075
ff39
ff1d
ff14
ff28
0051
fe54
fda0
fe22
ff78
0078
00b6
00e5
01ba
ffd0
0099
00e1
0192
001e
fe67
fe4b
ff14
fde6
000a
ff07
ff23
00e1
0143
00c2
01b0
00bd
003f
00aa
0089
00a8
0061
0044
ffa8
ff6b
001d
019f
00bb
0055
0005
ff98
ff2a
0144
0131
0010
ffa8
ff08
000f
008c
fed6
0081
ff87
fe09
ff1f
fffe
ff19
013a
fffe
fdfa
ff3e
ffb5
ffcc
001b
00bb
0178
00c1
0103
025e
0158
ffba
008f
0003
0037
ffc1
fe6b
ff12
000d
fe73
00d9
000a
fe28
ffd7
ff37
ff31
0207
01ad
0025
00ab
00dc
004b
007a
0050
ff3e
fe49
fd32
fd21
fe62
ffd1
0197
00a6
ffff
01b1
0214
01bc
0007
0035
0000
fcf7
fdbe
ff6d
fdf7
ff92
006a
ffb1
022e
0311
00e5
0020
0089
ff46
ff1e
00e9
0013
ff51
005a
ffc4
ffb5
0100
ff77
fef0
fe5a
fde5
ff17
ff91
011f
013b
02aa
0223
0131
0269
0135
fe55
ff4a
fe6d
fcaa
fe56
0031
004e
0083
0250
00be
00f1
006e
ff97
feee
fcd6
fd7f
0024
fed4
0124
0320
012e
0077
0339
01bd
ff8d
fea8
fc61
fb92
fe6f
ffd9
0188
0117
0283
018e
00ce
02c1
01cb
0012
fe68
fe11
fec2
feb1
0061
0064
005f
ffad
00b4
01d3
00f2
0053
ffc0
fe01
fee3
ff33
0025
ff9f
fef6
ffff
ffbe
fe50
003c
ffcf
fd83
fe1a
007b
00c7
026d
02b2
01c0
0231
01fc
01f4
01b7
ffbd
ff60
fdcb
fba6
fe2a
ffa0
ff88
ff11
ff85
ffc2
00fa
0230
0192
ff31
ff83
ff1b
fe3f
0066
00f6
fe8e
fdda
ff0f
ff03
ffe8
00da
0042
fff0
0104
ffdd
01e2
02a7
0070
010c
017d
0030
0268
013f
fe46
ff87
fe48
fcbc
fed2
feb8
febd
ff7d
ffc3
013b
0255
0133
017d
0048
ff32
ff63
ffd4
ff78
0030
ffae
ff8d
ff58
ff78
ffc4
fe5c
feb1
ff6c
ff49
0053
0229
01b8
0411
034c
02c1
02d4
00cc
fe34
fe6d
fa20
faa1
fd03
fb9e
fed0
02c2
01ce
03d7
0440
03e4
02cd
0125
ff12
fd1d
fe5e
ff33
fea0
ffbf
ffd2
ff36
ff2f
ffb9
00af
fff6
ff71
fe20
fe57
00f2
022d
032c
04e3
0264
00d0
0074
fdcc
fd1a
fd5b
fa9b
fbd2
ff74
0077
033c
04b8
04d7
0411
02a4
00a9
0001
fdf5
fd55
fc14
fc60
fceb
fe55
fe6f
ffeb
ffee
017e
01a7
0254
024c
0171
ffe7
00ea
0275
01f5
0100
ffa2
fe55
fd21
fcf2
fd96
fd9d
fd38
fd3c
fe8d
00c0
0400
05a5
02f1
0292
01cf
ffe7
ff08
fec8
fd28
fcfe
fd1d
fd86
fe33
fe26
002f
00bb
00df
03be
041c
0257
023b
0247
0141
0175
0001
ff21
fec9
fce0
fd16
fe26
fe76
ff0a
fe55
fe10
00ad
00f6
0032
02ea
01fc
003f
018a
00e2
000c
010c
ff07
ff51
ff1a
fe05
fd85
ff7a
0062
01b8
0204
0288
0179
01c2
00c1
ff0a
ff8b
0103
fe71
fe1b
fe60
fe6c
fe81
fed9
fde5
fedc
ff1d
009e
02bf
0396
024c
0361
0349
026f
025d
fff9
fcc8
fdc3
fc7e
fba9
fc99
fd98
fe41
ffbc
0038
01fd
02a6
0200
018c
001c
0028
00d9
ffa4
ffae
00ca
ff8d
ff4e
ff78
ff05
fe94
ff11
fdae
fe6c
ff64
0020
00b6
036a
0432
02bc
01b5
01d0
0025
ff7c
ff15
fd37
fbf7
fbb2
fb17
fcb9
fe4f
0011
0132
0231
02b4
03d7
043f
02ec
0394
01c5
0087
ff56
fe2e
fe28
fece
fd5a
fd2d
ff06
fee0
fe49
002a
0046
0099
01b2
00d1
0171
0262
00bc
0013
00cd
0037
ff1c
fdec
fd8e
fe94
fe6e
00b6
00fc
011e
027d
0146
00d2
02d8
0154
fec2
ffcd
fef6
fef9
febd
feeb
ff52
ff7f
ffb7
00ad
0037
ffff
ffca
ff5e
ffa5
0086
0178
011c
00d6
01e1
018c
0057
ffc9
feb2
fd0e
fcf1
fed2
fdd9
ff35
00d7
0156
0220
0264
016d
0157
ff18
fee0
fefc
fe40
fea0
ff82
005e
fef4
ffd5
010e
0115
ff72
ffca
fede
fef8
ffdc
016e
00e6
023e
02ca
00fb
018f
024a
ff47
ff83
fe0b
fd61
fcd2
fd27
fe67
012b
0100
0197
022c
ffab
000f
01df
fe83
fe2f
00a0
ff54
fe1c
0153
00de
0040
004f
fff4
ff0b
fec2
ff39
ffe8
fe52
014e
01a2
0044
0352
02e3
0111
0179
ff92
ff3b
feed
fc4f
fe6c
ff6c
fec8
0069
00c2
ff8c
febb
ff24
ff70
fe8d
0032
0122
0081
00e6
025a
0220
01a0
02fb
0253
fecf
ff50
ff2b
fddb
fe03
fefc
fdbc
fea2
ffe0
0178
0137
00f8
0180
ff73
fe7d
ff8c
ff70
ff76
fff3
002e
0026
ff02
0003
01cc
00ca
0147
0189
017f
0136
0249
0060
fe57
ffd0
0022
fce9
feea
fe82
fdb9
fe8a
fdf3
fe2b
000e
0015
01c1
012c
00ce
01ba
022a
0137
0265
01dc
003f
fe2c
fdea
feeb
fc86
fe34
fef9
fe54
ffe7
024a
008f
017c
01f5
ff62
fe5f
006d
fff6
00c1
fffc
00ae
0175
000f
ff91
0183
ffbf
ff0c
ffac
0078
ff9f
00e3
006f
ffef
001c
00f4
feeb
fe3e
fe71
fda4
fcb1
fe10
ffdb
002c
00d5
0222
0219
015b
00c4
017a
0154
fee0
fdf4
ffda
feca
ffe3
025e
00b6
0001
0162
0005
ff25
0001
00ca
0096
000b
00da
0173
0035
ffde
00e3
ff5c
fec9
ff29
fdd0
fe4e
ff15
fec8
fed3
fe63
ff2a
0069
ffab
ff33
014b
00cb
0151
0264
00c8
01ef
0297
0138
02ec
026a
ff92
004d
ff1c
fe5b
ff72
ff36
fed7
0042
ffbe
feb4
00d2
00cb
004e
0025
fede
fede
ffe1
ff0d
fe2c
ff76
0085
0018
012e
01ff
00d7
0067
ff86
ff23
ff08
febf
fd8d
fedc
fe71
fe7f
ff78
ff7c
ffd4
014f
002c
00f2
02a3
0182
00bf
0126
001c
0158
02af
024f
0267
0266
ff7b
ff35
fd89
fe91
fd44
fcce
fd0a
feb5
feb1
0161
0151
01e0
024e
01fe
ff9b
00ce
0021
fe6a
fe68
fede
fe4d
ffe3
fe7b
feb2
ff3d
fea7
fde9
fefc
fed6
ff76
019e
0304
03a4
0420
04c5
0280
021b
00d4
fe5a
fd55
fe32
fd83
fe13
ffb9
0077
0064
0155
00c8
ffd4
00d6
ffbc
fe8b
fef3
fe30
fe3b
0071
fe5e
ff6b
00d3
ffe0
ff47
ffd9
009b
0039
000b
023b
0125
0077
0214
0177
00ad
01b9
fec6
fd09
fdb2
fd88
fe25
fee6
fff9
0143
0093
0182
02f0
03ec
0209
00d5
009b
ff35
ff5e
0039
ff0e
fee0
fe5a
fddf
fe56
fe96
001f
ff9a
fea0
0089
01e6
0123
01fd
0277
0167
0129
0069
ffc7
fe83
fe29
fded
fe4b
fee0
0099
ffbe
ff27
ffd1
ffe7
00db
0037
00a9
00aa
ffbe
fe49
ffe7
007d
00b4
010e
001e
ff6e
008b
ff9d
00ad
01a2
0086
ffaa
000b
ff20
00fe
fef0
fe0a
ff72
ff5e
fea0
0050
fe29
ff88
000b
fedf
fee3
0119
ff9e
ffcc
0187
01f9
016a
01f7
00e4
ff6c
fec0
ff14
fe91
ff6d
002a
fe2d
fef6
ffb6
00e1
02ee
01f2
0024
0107
0034
ff69
014f
0182
fffd
0003
0015
fe8a
ffc4
ff4a
fdf8
fe38
feda
fe26
0060
001a
ffb3
0016
ffae
ff70
0141
00a8
ff8b
ff9c
ff87
0089
009e
00cd
0132
ffeb
004f
01cf
014f
01ae
00c2
febb
ff97
004d
fee2
0078
017e
fcfe
fea8
ff22
ffc6
0188
0193
ffe6
fffa
0044
0239
ff6c
ffbd
00a1
fe9c
fd44
005b
ffe6
ffd3
fee5
ff13
ff80
0082
ff8b
ffac
fe2f
ff9d
00d0
013e
0020
017d
019b
0098
0113
0328
0222
0158
0054
0077
ff9a
0092
0093
fdc4
fdca
fe72
fb94
fe3d
00eb
000b
ffc4
fe1d
feae
015f
0178
0040
0185
fff1
ff5c
0116
015e
0007
0115
fedf
fcf2
ffbd
fff5
ffc4
ffee
ff93
ff1e
ff6a
ff7d
0204
00cf
ff57
0059
00fb
00c8
020b
027a
0131
fe70
fece
ff79
fc27
fdf4
ff71
fc87
ffd5
03ff
027b
0247
0397
0045
fe8a
ffea
fdbb
fdec
fefb
fbc5
fc06
ffae
01ba
02e5
0321
01a2
0083
0110
010c
fff5
00c5
ff20
fc88
fefd
00a3
ff26
0004
ff54
fcf8
fe02
00c0
0137
0222
029b
01a3
00d5
026c
0492
02c4
00e6
feda
fd6e
fd71
fe2d
fd91
fd6d
fde6
fd96
ff15
029f
020e
02b0
027c
0014
0170
01f0
ff6d
ff44
fe8b
fd29
fe31
005c
00d5
ff9e
0009
ffc9
00f6
027f
0269
00dd
fed2
ff96
008b
0050
01d2
01fd
fec5
fe4d
fee7
fe9c
ff12
fef8
fcec
fcda
feb9
fffc
0102
0234
024e
0168
0021
01b4
01d3
01ae
014d
001c
ff46
feca
fcfa
ff10
fe43
fcd6
fee2
ffa9
ffe6
0120
01bd
00b0
01c4
026c
0154
0028
ff78
febe
fdf7
fe12
ff6f
feb0
fe22
0017
ff4c
010f
028f
00a5
011e
01f6
0023
0196
0139
0132
0107
fee3
fd75
fe9d
fe4e
fe6c
ff26
fecc
fe3d
ffb9
ff79
005d
012a
00af
0122
019c
0077
01d4
0108
fe1d
ffbe
ff23
fddb
ff56
0067
ff26
ff4b
013e
01c4
00f9
01b8
0234
00f4
024b
0257
ff40
ff26
fef6
fce6
fe7c
fe13
fd33
001e
0074
ffd4
02e2
0300
012a
0091
0068
ff47
00cd
00b3
0169
00ef
00fc
00bf
ff8f
fe82
fe0d
fbc5
fc65
fdd7
fdcf
0002
01c7
0365
04f4
0432
02c8
02d8
00a5
fe78
fd14
fc02
fcf8
fce5
fec8
00f0
00ec
01a7
023f
014f
00bb
011c
ffcc
ffdd
00ba
016d
0166
0081
005a
ff88
fcb8
fc5b
fdc6
fe30
fe76
ff73
0019
0113
02be
01e0
023d
018e
ffe9
003e
ff96
fde4
fe1a
fc43
fb76
fd74
ff6a
ff8c
018b
01ee
02b4
0342
034c
02eb
031a
0179
ff97
fe77
fd8c
fcd9
fc06
fcc5
fdf7
fd9c
fe89
004f
0142
00a1
01a4
01a6
01d8
024a
0297
020e
019f
0088
002d
fe20
fce0
fcd4
fce7
fd08
fd5b
013f
01c5
0088
027f
02b6
0166
02e3
02ad
ff77
0029
fecf
fd37
fefb
fef8
fe60
00c3
0033
ffd6
0116
ffe6
ffb3
00cb
0028
0020
0160
0137
0208
028a
01a1
00cd
0044
fcd9
fc56
fbcf
fc50
feb5
fecd
ffab
01f3
01d9
02b2
0386
030c
021a
00fc
fff7
0009
ff84
ff0f
fe9c
ff8c
ff2a
feaf
ff6f
ff1f
ff24
013d
00ba
ff42
00e2
00b7
fef2
000e
0118
ffed
fee5
fe82
fcdc
fe9f
ffc4
ff45
01a4
021b
00f6
0291
0350
0264
020a
004d
ff14
fea8
ff0d
fe57
fc68
fc53
fde8
fb77
fda1
009f
ff6c
00a7
0248
0109
021a
03f9
01d8
0060
00cb
ff55
fdfc
feed
fdd5
fd70
fe01
fed7
0013
0269
0164
0239
013d
005d
fe82
004a
ff98
fff6
0005
0007
ff87
0149
00b2
fe55
febe
ff9c
fe36
0071
02b9
0134
00d5
014a
0071
0041
ffb0
feb6
feed
fe4f
fe10
ff4d
fe2e
ff45
0050
0027
ffe9
0286
0259
01af
0134
0164
01f5
0101
0125
0097
fe9f
ff58
fee8
fd29
ffc0
ff5c
fddd
ff8f
fff7
0108
01d3
0120
01cb
0111
ff0b
fff8
0042
00ba
0102
0072
fe9f
ff8f
0021
0036
ff3a
ffc6
0079
ff02
fe41
0118
005e
ff50
0145
0074
ffb1
0139
000e
ff24
002f
ffbf
0063
010e
0183
01f4
003e
fe1e
ff67
ffb3
fdb0
fede
fedf
ff2e
fec0
0052
0153
004d
ff9a
ffa3
fd17
fe10
00da
ffe7
ff92
020f
0044
ff71
0193
008b
ffc2
0082
ff20
00d8
01de
002b
01a0
01fd
010c
021c
0103
fe63
feee
ff06
fd04
fdf6
ff52
fe35
fd37
fe28
fe26
fef8
0032
ff8d
fdce
ffa5
0010
ffb3
0289
0401
02ac
02a5
0228
00ba
0184
ff84
fe8d
ff34
fd87
fdda
0004
0025
010b
0189
ffd0
00ad
01d5
00ae
ff5e
ff99
0047
0029
0049
000a
ff40
ff2b
ff19
001a
01c0
0115
0078
ffe4
ff95
fe75
ffbc
0058
fe83
fefe
fe8f
fdad
ff5f
002c
0179
0169
0077
0179
0346
0186
019b
016a
ffc5
ff95
00cd
ff97
fffc
00ce
fe03
feb1
ff2c
fe37
ff76
0178
ff88
0040
ffda
0111
02a6
0233
001a
0097
ff47
ff27
fe06
fd05
fc99
fd0b
fd4f
fe47
ff4f
00b5
0207
017d
01d6
0264
0287
01d1
013a
00c7
ff10
fdff
fe1b
ff32
ff33
ff94
0058
00ff
0227
0213
004b
012b
00c7
ff88
ff4f
fdf1
fe4f
ff0c
fc71
fe73
00aa
ff53
0070
01a6
fff1
00f9
00a6
0037
003c
00b6
ff64
00f2
009f
ffa8
ffbc
fefa
fe96
ff7c
ff53
ff53
fef5
ffe1
0104
0001
027e
021d
0183
01c3
0197
006e
01d3
008f
fe97
feee
fef8
fd90
fec1
fe1a
fd84
ff49
fed1
fff2
025f
0172
0129
028a
0191
00f4
01a8
0014
fe1f
fde7
fd07
fd38
fdde
0037
ff73
ff5c
017a
02d0
033d
037d
0164
0159
0125
0062
00d9
0213
fe58
fe2d
ff08
fe6f
feb7
ffb9
fcf2
feca
ffff
001c
00e9
0223
014c
00d1
ff7f
fff0
00af
ff01
fedf
ff6c
fe1c
ff7f
0078
0016
013c
0104
0097
006e
00d1
01dd
00c6
00e2
0124
fe9e
fe45
fec0
fcf4
fec6
ff28
fd8b
ff7d
0124
011e
0272
02e1
007c
0159
fff8
ff92
0052
ff8c
fec3
ff1f
fe73
0035
00af
0006
ff93
0011
ffa0
0093
ffb4
005e
00cb
ffc2
ffce
0286
0125
ffaa
0069
fe7c
fd94
fe5f
fdfd
fd5c
fea6
fe92
fffc
001c
0118
02f3
0191
0018
0219
005d
ff48
0194
011d
ff53
0078
0031
ffcd
0122
0055
ff28
ff86
ff27
ff3d
005a
ffb5
00ed
0110
ffeb
fede
00d9
0098
fe00
fe9b
fe43
fbcc
ffab
ffd7
fde9
00c5
020a
00bc
031b
0255
0231
02eb
01bb
0178
0110
fded
fda5
fe7b
fd5c
fc6a
ff01
ff52
ff68
0126
01ba
010a
0257
0252
016d
00ab
0189
0153
fe67
ffbb
0056
fd8e
fd55
ff93
fd9e
fe38
feee
fec3
ff4d
00bd
0064
00f0
00ab
0146
008d
003a
ffed
ffb2
ff9c
ffbf
fe89
008c
00a1
ff44
009b
025a
007b
0100
01ea
004e
0156
01a6
ff9d
ffdf
0046
fe47
fe4a
fefa
fdfd
fe3e
fec4
ffba
fff1
fff9
fff5
002c
ff26
0037
005b
feac
0010
00e8
0080
fff2
00af
003e
ff27
fe92
ffdf
ffdb
ffe0
00ac
0128
02c0
01d1
01a2
01b3
0058
feea
ffae
feda
fed1
ff90
fef2
ff66
011a
00e4
0046
00bf
ffea
ff81
ffb1
ffad
ff7a
ff98
ff1c
ff70
ff3a
fedc
0008
ff08
ff14
ff67
fed2
ff53
017f
0106
0221
0233
0155
020a
02e6
0119
0077
ff2a
ff10
fdf3
fe5b
fd61
ff02
ffb7
0033
00b3
0105
ff10
0083
004a
ff22
0026
0039
ff66
ffd1
0004
ffc6
fe83
ffba
0084
ff40
0046
0092
00a5
0230
00e0
001d
00f9
0056
0034
00b3
0037
fe1d
fefe
fe4d
ff58
ffb1
0036
ff09
ff0e
fff1
018f
00b8
0231
01c9
00be
00a2
01a1
0156
00d8
ff3c
fd3c
fd87
fe9e
fe29
fe2a
fdc8
fe11
fe56
009f
02a6
0340
01a2
0148
0048
0197
02b7
01a9
ffdc
ffa2
fe48
ff28
0131
ff1e
ff33
fe37
fbe6
fe1f
ffb5
fff6
01ea
00cf
006b
0163
016e
0121
0085
ff0c
fd8b
fd2f
ff54
00ce
0031
0058
0173
0216
02c9
018b
0009
00c6
fd96
fe15
0054
ff81
fe25
006c
ff10
ff4c
01ee
007d
ff56
00dc
fcdc
fe5a
ffb2
0071
01ab
01a0
fef6
011f
0157
ffb1
ff35
ff0f
fcbb
fc4e
fef5
ffcc
0129
0207
023c
0145
025c
0332
020e
01b7
003d
feef
ff80
ff24
0051
00b2
ff11
fe12
ff3a
ff9a
fe05
fe8f
fe43
febc
0066
0085
016e
0160
0014
ff51
fe3e
ffd9
0149
ffa4
fe86
ff61
ff49
0077
021c
02b1
00c0
0076
ff96
009f
023b
025a
00ad
ff7f
fe09
000f
ff31
ff4d
0011
fecf
fdb0
0011
0013
0049
0048
fe55
fe44
00be
0021
00e9
0163
00eb
00b7
00ef
0194
0144
ff66
fef3
fc82
fd9b
0036
ffc6
ffa9
007a
ffd1
fffb
0216
017c
0170
00cf
fd71
fe5f
0105
0100
028f
0249
fff9
002a
ff65
fec4
fd52
fcc5
fc75
fb8e
feb2
0197
0219
02b7
03b7
02d1
02b7
02f9
013a
ffb0
ff35
fdd9
fe38
ffd0
ff71
ff1d
ffe0
ff09
0022
00f4
fe68
fdb3
fed5
fd3a
0050
017a
01a4
0152
0069
0015
0221
0048
00b0
003d
feee
fe96
ff9d
00d7
010e
0105
014c
00b1
0087
016a
00cd
fe30
ff30
fe3e
fddf
fe7c
fec2
ffa6
00c5
ffbf
01b1
0303
00a1
00df
022b
0086
0016
0088
fe86
ffe5
ff89
fd91
fe51
fe56
fe26
fe45
ff05
fefc
005e
0260
0261
02e2
04b5
0264
00c2
01d7
ffc7
fe58
fd22
fb44
fc52
fc98
fcd5
ff69
01b4
01a3
03d9
04c6
036d
0373
0253
fea6
ffa2
ff55
fe22
fffb
fd7d
fb62
fdf9
fcdf
fd12
ffff
ff60
fe11
00b7
014c
030c
0512
04b8
0305
030c
021a
002e
fe3e
fe55
fae9
f96d
fab6
fd05
ff5e
019d
02f3
0318
047e
03a4
0252
0262
ff97
fcd3
fd73
fc62
fc67
fd57
fe21
feb9
ffdb
01e7
0363
03b2
033a
02e1
01bc
00c1
01dd
00a1
fe74
fe96
fc1d
fc8e
fcf3
fbbf
fc76
ff03
ff35
0091
03e6
0560
0508
0444
0481
033e
0186
0011
fe16
fbf0
fbf5
fa1c
faba
fccc
fc74
ff73
01b6
017c
0465
04fe
0345
02cc
0370
00df
005d
0084
fece
fe00
fe16
fcf9
fd56
fd3b
fdbf
fec0
fe10
002e
0179
0158
02d2
02e5
0260
01c2
006a
0039
fe2a
fd44
fe92
fd43
fdd2
feac
ff68
009a
032b
0255
0279
02d6
0111
011c
0101
ffc6
fff1
ff42
fc86
fe21
ff22
fc9b
fdde
fe1d
fd97
0094
0173
00c4
0316
02c5
02d2
02a0
0253
01aa
fff3
fd0c
fd83
fd95
fc2f
fbf8
fd7b
fdc9
ff8e
013c
02d4
03cb
048e
0369
0256
00b6
0021
ff49
fe9e
fcc5
fdae
fe6a
fd45
ff8e
00bc
ff6a
0037
023c
00b0
0090
01e9
006a
0074
017e
015e
0151
017a
ff34
fe04
fcb2
fc36
fd80
fe2a
fd1a
ff33
0183
028d
03bf
04d0
0324
01c1
0129
fff8
ff82
ffe7
fe82
feba
ff13
fee8
ff7c
ffdf
ff6e
fe6f
febc
ffaf
ff5a
00c9
02ea
ffd8
021c
0300
00a6
0041
004a
fda4
fec8
fd8d
fc53
ff76
ffb2
ffbd
02db
02b4
01d1
0306
0199
0021
ffea
fe8a
fdc4
fee4
003b
ffa5
ff5d
00d0
004c
fea2
fff6
feb9
fe28
ff16
ff6a
ff9b
0126
0173
022b
01b3
00ac
00ef
ff86
fdcb
fdd4
fe77
fd33
fecd
0131
01b1
0178
00cd
0146
00a1
ffcc
0046
fe2e
fe59
0036
ff66
feef
00ed
0066
ff5d
0029
ffb2
00af
012d
ff4f
ffaa
0103
ffeb
00ca
0295
00b6
017b
01b5
ff1d
ff3d
ff0d
fd2d
fd37
fe28
ff9c
ffab
ff4f
00ca
00be
001c
00c6
003b
ff60
00d3
ffd3
0056
00c0
0005
00bb
00e6
ffb5
027b
0189
ff9f
013b
fec2
fcc9
ffe7
ff71
ff00
015b
0084
0047
01ae
017b
0057
ffd4
ffef
ff39
feac
fe8c
fed7
fff5
ff84
feb8
0015
0069
ff02
ffd3
013c
feee
00c3
0215
01d3
01b7
02de
020a
0049
0154
0097
fd48
fd3c
fe00
fdb5
fd97
ff40
ff63
fee4
010e
0111
00aa
0300
0239
ff8c
0073
ff3a
fc97
fe2f
ff0a
fde8
008f
009d
ff4a
0290
0242
00c4
02ac
00fb
ffc3
0010
ff0f
ff71
0064
0005
fff9
ffe3
009f
0013
fe74
fd93
ff1e
fe05
fe3b
ff16
ffd0
006a
0239
0209
0264
01d9
00c3
ff1c
ff35
fe80
fe1d
fd0f
fd59
feb4
ffb9
000d
005b
01a4
01ca
00d5
011e
0280
00c2
001a
012d
ff9c
ff8c
0135
ff30
ff1c
007e
ffdd
0044
003e
00c4
0151
00ae
0037
005d
ffe4
ff10
fec3
febb
fea6
fe25
ff08
ffe5
fff7
fffc
ffe9
0033
011d
00bd
0049
00a7
002f
00d4
01cf
010a
01c3
01f7
ff17
ff53
003c
fe94
ff76
ff0b
fda8
ff0c
000f
ff51
01b8
0313
0128
01bb
0272
0119
0163
003e
fe67
febc
fd7d
fcc8
fd48
fd4e
feb8
feeb
fee2
0054
007c
0089
023e
00f9
025c
0242
0084
0286
031c
000f
ff77
ff4f
fda7
fd16
fda0
fd68
fffa
ffa2
013f
01c7
00e6
018e
014c
ff66
ff4f
0033
fea6
fe3f
ff98
ff58
ff79
00c4
010f
00b1
00a0
ff6f
fee6
ff3d
fe3b
febb
01d7
0098
ffa7
0217
ffde
ffa3
0173
ff0c
fc19
ff3e
fde5
fe8e
01ca
00e4
011e
03e2
01c9
008f
010e
0053
ff17
ff55
feb7
ff53
fff6
0043
0100
0230
fffe
0167
fffa
fefd
ff35
fe1d
fdf9
ff9e
ffc4
0102
004e
febf
ffcc
002b
fdb8
002c
0123
febc
ff07
00eb
0045
0127
01d8
026a
0188
01f2
02be
02df
0067
ffe1
fddd
fc43
fcd5
fe3a
fdb6
fd6f
ff2d
0132
0040
01d2
0423
02ca
01eb
010b
0029
ff9b
fee1
feff
fec0
fd57
fd0d
fe77
fead
fe2a
ffce
fff1
ff14
0174
0134
0080
0345
048a
0336
0275
00fa
ff64
ff26
fe82
fda6
fd03
fdab
feeb
feb6
ff9b
0204
0159
0081
ffb4
ff7c
0025
ffbe
fdf5
ff88
ffa4
ff0d
ffe3
fff7
ffec
ffb0
00b5
01bb
0289
01d2
0016
ffa7
fff7
00b3
ff43
fe7a
feaa
fd24
fe53
0078
ffa3
0078
018f
fecf
0082
0272
01f5
0066
017e
008e
00fa
005f
ffdb
ff5c
ffc7
fd0c
fd8e
fd46
ff7c
feeb
fffc
01a1
013e
00e6
0340
01b8
007d
ffd1
fe79
fe27
0042
ffdc
004f
0082
0032
001a
0057
0005
ff96
ffb8
fe38
fe63
fecb
00b6
00b5
010f
017c
016d
00a2
013b
0084
ff1c
fe94
fe6f
ff35
0058
0113
007f
0005
0164
01ae
ff98
fec7
ff85
fe79
ff00
0069
002d
00b7
01f1
ffa8
ff28
ffe9
fe42
0003
009f
ffed
00bb
00ab
ff20
0139
022b
ff33
0001
ffa2
fdd1
fe4f
fea3
fec6
ffd0
00eb
01ee
0192
00e6
0251
00a8
ffaa
01dd
ff37
ff16
ff40
fd5b
fd7d
00c7
0069
0154
00c2
0072
ffc3
00a9
0144
003c
feed
fe4f
fe09
fef3
0004
0040
0057
002d
fda6
fee5
0176
ffe6
00e2
01b4
0092
0151
0196
010f
0130
0087
febb
fe62
ff64
ffa2
fefb
fda7
ff05
00d6
0134
0201
00f1
0046
ffff
fec3
ffb8
0116
ff55
fe28
fe7b
fd5b
00c0
0194
0011
0001
01a6
fe31
0043
0186
ffd3
003b
004c
fcb1
fe4f
00d9
01f0
00b5
00eb
006f
fffa
00e8
0231
015d
003d
ffd7
fe32
ff0e
008d
ff33
fef6
fe8b
fc4b
ff03
0041
ff29
00f6
006f
ffbf
0329
031b
027c
0279
0089
fff4
004e
ff5e
ffa1
fee7
fb76
fb85
fd60
feca
00fb
0257
0058
013d
0299
022a
0237
0279
00ea
fedf
ffb2
ffd5
feef
ff7b
fd85
fc5a
fe90
ff07
ff22
01a8
0108
ff7d
008e
030c
0368
0306
00bf
fee4
ff21
ff0e
fe1a
fe77
fd27
fd8f
ffa1
ff91
01f5
031a
01f1
006c
002b
0065
0047
ffd8
ffb4
fdba
fe5f
fedd
0089
0062
ffc0
ff61
ff71
fff0
0176
0141
01de
003a
0160
0237
0183
0155
0250
feac
fd38
fd04
fc67
fd10
fd15
fc3f
fed4
0023
00a1
0465
0397
03ba
0504
0266
0223
01b7
ff59
fd97
fcd0
fceb
fdbd
fe24
fd9a
ff01
ff41
00a9
006e
00ef
006e
000e
0020
0168
0145
01fb
018b
00bb
0082
0031
fe80
fec1
fdea
fd4f
fdd0
ff18
0221
0322
01c0
01b6
02c0
0080
00d2
ff6a
ff38
fe80
fe4a
fd9d
ff9b
ff49
ffbd
ffd5
0005
fffa
0254
ffb5
feeb
ffb4
fdf5
fe0c
016e
0089
0124
01cf
00ba
ffe8
0146
0071
ff89
fecd
ff81
0000
0054
0251
024a
0082
0157
005c
0000
018d
ff01
fd0d
feb6
fcd6
fd28
0016
fe84
ffa9
0156
000d
0119
0207
ffc1
0097
00f1
0132
021b
015c
0176
0063
fe83
fe06
fdae
fe52
fe90
fe53
fe41
ffe0
00da
0299
0246
02c6
02f2
00cb
006f
0062
ff03
fda9
fd3a
fcb0
fdd4
fe0a
fdee
0063
01b3
01c5
0209
01aa
00db
01ea
0189
0060
01f8
0177
ffa2
feb3
fd78
fe1d
fddb
fcd6
fe08
feae
fef1
00e3
0274
0215
038a
031a
020f
0275
015d
0053
ff58
fd9a
fba6
fb44
fb7c
fd01
fe66
ff20
ffac
027a
021a
0290
02e5
01bf
009e
013b
011d
ffc8
ff1f
0076
fdd8
fcbc
ffd6
fecf
fd72
00c8
006b
ffad
0192
0147
01f8
02c4
01fd
00e4
001d
fffc
fedb
fdf7
fc79
fd3a
fe71
ffb2
ff38
0114
019e
ffdf
007e
021c
00b0
00ed
015d
ff5d
ff73
0088
ff92
feeb
fde1
fd4e
fea2
ff49
0002
02db
01af
00b5
03e6
03af
01bb
0357
00e6
ff17
ff22
fcc9
fba0
fcb7
fc0e
fbf6
fe81
002d
0157
018f
0234
02dc
0299
0221
0218
01cf
0028
ffd2
0098
ff44
ff0f
fe99
fce0
fddf
ff07
0010
fec3
ffbf
00ca
0007
003c
0194
0181
0206
00f1
01d4
0117
ff9c
ff53
fef9
fc07
fdb3
ff29
fd6f
ff24
02c6
0084
0172
0325
01ef
0172
004a
ff0c
ffa5
fef1
fe14
febe
fe59
fe8b
003c
018d
00a8
01e5
0139
ff2e
ffa3
0017
0009
0050
0074
ff43
fef7
ffd3
ffad
fecd
fee4
fde9
ff66
ff3a
007b
02f1
012f
00fb
0398
0132
ff99
0114
ff2f
fcf6
fe47
fe43
fdc2
ffba
ffda
ff21
00d8
0067
0056
01a9
0050
ffce
022a
0063
0111
017e
003e
ffec
011c
ffb4
ff96
feb9
feda
fe65
ff20
ff93
ff8e
ff53
00cb
00f4
000f
0168
0109
00cd
008a
00c2
0079
ff19
fe6e
001f
ffad
fde1
0081
001b
fed7
024b
01e4
ff69
01fc
fff8
fe36
006d
0092
0064
00bf
ff41
ff4f
00ed
ff76
ff85
ffb3
ff48
fe53
ffb2
ff26
fffd
00d9
ff21
feae
01ae
01fd
fff4
0006
0051
fe53
fd66
ffa7
ffc6
00c9
0051
001c
010a
012e
0141
037c
ff47
00cc
01f3
ffac
ffa6
01b1
fec0
feb0
fedc
fe21
ff26
0090
fe78
0051
008a
feed
ffbf
ff29
fe07
fee9
ff29
fdd5
00ba
0115
0003
0197
03e7
0301
0243
0211
00ab
fdb4
fd5b
fbe8
fc73
fe78
002d
fefd
00ff
0139
01ca
032b
0104
ff15
0120
ffe2
ffd9
02ef
00b4
ff96
018b
ffed
ffac
00cb
feee
fdf6
ff43
fdf9
fd52
ffa3
000f
ffad
00c3
0183
002d
0035
000c
fd67
fd8b
fec6
fe27
0021
01a7
00b0
01fd
0236
00d8
0236
0164
ff84
00d2
0128
0014
0081
007d
007b
ff35
fecf
fefb
fef0
ff35
ff59
ff3a
ffbf
0138
016a
01e0
01c1
00de
ff9b
fe2c
fbfb
fdb9
fe49
fd57
0013
014b
008a
0210
01f3
0168
0115
0002
ff87
011a
017f
0146
00c1
005f
0055
005c
ff07
fe1c
fe64
fdcf
fcf8
fec5
fff1
00f3
01f5
0192
033d
0214
00e2
0139
002f
fec3
fe18
fe40
ff4a
fef3
ff97
00e3
ff1b
ff11
fffe
fde9
feca
0170
00a9
0083
01b0
0102
01ff
0119
ffc0
ff2b
ffa3
fedb
fe20
ff74
00be
002b
00f8
02cf
0270
027c
01fb
ff9c
fe8b
ff39
fd08
fd2a
ff05
fe06
fe64
ffbe
0080
00d5
01ba
0013
ffa9
ffed
0087
ff12
0098
0221
00c1
0132
0207
00a3
ff05
ff9b
fe3c
fc7f
fe92
fdae
fde4
0079
01c2
01d6
02d2
015e
00fa
001b
fe6f
feee
fea9
fda4
fee9
fedb
fec8
0128
0039
ff5b
0209
0104
0020
01d2
01a7
01b4
0285
01ca
014e
0095
fe9c
fe19
fe3e
fe39
fdb1
fe75
ff1b
ff11
ff46
00d9
ff8a
0005
0113
ff21
ffc8
0265
0158
0172
0228
00bd
ff9c
ff05
fe0e
ff1c
fe84
feaf
ff66
003b
fffb
0194
01ce
01e6
01de
015f
ffd8
fe6e
fffd
ff77
fde2
ff91
00b5
003a
0101
0153
ff38
0057
0062
fec1
feff
fff7
ff37
ffd9
0090
00b4
0112
ff8e
ff35
ff39
fe58
fe23
006f
0019
0185
02cf
0216
019c
01bf
ff95
ff90
fcd4
fcd4
fd9a
fc60
fdea
0130
ff1a
00d4
022a
fff3
0063
0222
00c1
015b
0189
01b0
0119
011d
0136
ffa3
fe02
febb
fd01
fc3c
fd57
fdb7
ff5e
00c5
0077
0240
01c0
01f7
0144
005c
ff84
fffb
fe25
fda3
fe7f
ff3c
ff97
0084
012d
0092
00eb
ffd4
0081
016c
ffc0
00f7
02af
01bc
02af
01ca
ff60
ff72
feea
fc5b
fc2b
fd38
fe7f
ffe4
014a
013d
00d6
0029
ffd5
ff55
ff7f
ff78
ff33
004d
00c0
015c
0207
01ec
ff9b
00a8
fec7
fe37
00de
00e1
ff45
01c7
0163
013b
025a
0155
fe61
fe6c
fe5f
fd12
fd16
fdc4
ff51
ff75
000f
0230
0229
01a2
01bb
00aa
0042
0044
ffd0
ffe0
0028
ff23
fee2
001a
0099
0036
0104
ff91
0031
012b
ff5d
008b
011d
005d
011f
0075
002c
ff70
fe3d
fe14
fcc1
fdbf
ff72
fe7b
0019
ffe2
ffef
010f
021a
01e2
01ca
00ba
ffdf
0116
01e6
01c3
00cf
005d
ff24
fd56
fd8d
fe0b
fdf0
fe6d
001b
ffab
011f
0323
02ad
01f1
0258
ff40
fe80
fe24
fd8e
fe46
fed8
fd26
ff50
00fa
0032
00b1
020b
ff72
ffd2
feea
ff9e
0083
003f
0030
022e
0126
0141
0032
fe60
fe0e
fe0e
fef0
ffa0
ffb6
01cb
0242
00db
024d
0325
0004
013c
003b
fc0c
fddb
fdc9
fe81
0100
00e7
fef8
0083
0013
0042
ffba
ff64
ff67
ffa3
ffb8
ff70
0023
011b
006b
fea1
008e
0051
ff80
012e
0105
0006
0159
0133
0077
011f
0030
0063
008a
0083
0154
0058
fe41
ffeb
004a
ff48
ffa7
ff07
ff0f
fe98
fe81
007d
0095
0162
02a4
003e
005f
0162
0052
ff5f
ffe6
feb6
feed
febc
ff2f
006a
000f
ff1d
ffda
0089
009a
01de
00b7
0007
0165
ffd5
ffd0
0034
ff3b
fe78
fe76
fd44
ffb6
ffea
fe4f
ff82
004e
ff0a
009b
0016
ffda
00da
010a
0150
0316
01b6
0095
0119
00a1
ffb9
ff84
fda9
fe1e
fef9
fe19
fe90
0157
013a
0059
ff17
ff3f
ff63
001d
0010
fe87
fefc
fec6
ff53
0100
01e8
0189
ffc8
feb2
0018
000c
ffb9
0038
ff19
fed3
0019
0183
0285
02e4
0215
007d
003c
00a1
00a9
ff56
fd5e
fd12
ff98
ff68
0101
0231
0041
0047
0153
007b
0106
00f2
ff09
fd7f
fece
ffbc
ff1d
fff9
ffbd
ff60
ff0d
014f
0236
0191
0062
ff8d
ff01
0163
01df
0151
028c
ffb9
fee6
00fb
fe48
fdc3
ff83
fb15
fa4e
ff35
00f3
00f2
03f6
0439
01e7
0396
041d
01d8
0090
fda6
fb5f
fbac
fdd7
ff37
fff4
001b
007d
014e
0083
00e3
0257
0024
fe06
ffa1
0145
fedc
00df
00d5
fdd1
feb9
ff9c
fe1a
ff20
fe7b
fdf5
ff48
0081
02a0
03ee
01fb
0152
0384
0133
ff9c
0070
ff05
fc68
fdf0
fe2b
fe88
fec5
008e
ff7a
fee0
00f6
01f7
ff54
0103
00ac
ff0d
007f
0135
00c8
016c
ff30
fed2
ff91
fe1b
fd9e
ff07
fca4
fe05
01d3
0107
0295
03bc
0281
0190
01ea
019f
ffd6
fd36
fd2d
fe01
fc38
feda
0023
ff59
028c
031e
01f3
035f
0207
ff87
ffea
ff4c
ff57
ffb9
ff78
ff16
ffc2
fde4
fde9
fec7
fe0e
fe0b
fdf7
fef3
017c
0343
055a
05fb
04d9
03f6
01c0
ff3b
fdb8
fbb5
f998
f84d
f938
fc53
fcc9
ffbb
040f
0447
0540
077a
0519
03af
0409
0082
fee1
ffed
fd09
fe24
fc86
fb8e
fd55
fd89
fde1
ff78
fe04
ff13
00b4
01dd
0334
0567
03f7
02f2
01f4
0089
fe1b
fd85
fc14
face
fa8f
fce7
feb4
025c
0349
03fa
044e
03ff
0309
00c4
fff7
ff37
fc00
fcb4
fd0b
fa77
fcc6
fd34
fdaf
0094
0171
0330
03f0
03d6
05ed
04bd
02bb
01bf
0025
fd20
fc73
fb63
fc6c
fb0f
fb1a
fcc3
ffb5
0058
0124
0368
0367
0374
0389
025b
019b
0229
0108
fed8
fd8a
fd5d
fc0f
fc6d
fd18
fd3b
fdac
ffd5
00c1
038f
0503
0417
03f4
0509
029a
0193
fdc4
fd66
fd4b
fb60
fb18
fd78
fcb9
fe7a
016b
0165
01e1
041b
02cc
01b3
02db
0178
00b8
0141
ff24
fe2f
fe03
fc3d
fcba
fdec
fd95
fdd7
00e4
01ef
0240
0261
03ab
01ba
024c
0236
0058
fec7
ff5d
fd87
fcaa
fe7b
fe8f
fccd
ffee
0106
01f9
033b
03a9
0314
02ac
009d
0094
ff60
fee8
fdbc
fc10
fcf0
fed3
ff48
ff15
fed1
fee1
ff83
0012
0132
02bf
02a9
0114
019d
002a
0016
00fb
ff27
fdd1
fe33
fe33
fe52
fdd9
ff62
ff0f
feb5
00ea
020f
02c4
03b9
02be
0267
028b
0199
010f
ffec
fd38
fcac
fc58
fb7f
fd2f
ff5e
fe76
ffbb
00d1
0085
0290
02ca
009b
015f
0079
ff54
021a
01c0
0046
00ca
fff1
fd4e
fe76
fec8
fd89
fed0
fef4
fd4f
ff68
0236
0252
02ab
037f
0386
0189
01d4
007f
fca8
fca1
fc5f
fb08
ff14
fed8
ff0e
0216
02c4
0239
03ea
02d5
0080
0122
ffd7
feb7
fe5a
fea6
fe43
fd86
fe8e
ffbc
fee7
ffc9
fffc
0071
0191
00b2
00b0
01ad
0075
0054
00db
009c
00a7
00ab
fef3
ff05
ff72
fe41
ff09
ff9c
ff0b
00e5
007d
0086
02ad
01f5
008d
00d7
ff6a
ff9d
ff9a
fee4
fe58
feed
fdb2
ff49
ff63
ff27
0049
015e
0069
01d4
022f
00bf
ffbe
004c
0120
ff94
ff26
fefa
fe85
fddc
ff80
004e
00ca
0134
fff9
ffb2
002b
ffc0
ff60
005c
fedb
ff65
ffe4
ff8b
017d
0188
002c
ff8b
ffa4
0080
00cd
0045
0123
00f1
ffe6
008e
00b9
ffdb
001b
ff27
ffbe
0086
0089
fef5
ff74
feb6
ff15
ffcc
0054
00b9
009e
fedf
ff7a
fedd
ffd1
00aa
fed5
ff49
ff07
ff6d
00a6
0078
016c
0185
0072
0103
018a
0177
004e
008b
ff61
ff5f
ff9c
ff37
00a2
0230
01a8
02ae
010a
0015
00cd
fe83
fce1
fd9e
fd62
fc05
fda6
ff66
fe1a
00de
0132
ff02
008c
00cb
0030
0262
02b9
0138
0090
00e9
0181
019f
002d
fe80
fd40
fd88
fe26
fd34
ff0e
ffc3
0003
01a2
0298
02c3
03af
01be
018f
01ea
0108
0153
0079
fec4
fe63
fd83
fdc9
ff27
fe59
fccf
fd01
fce0
ff36
00c9
0077
0037
014a
00e3
00e5
018c
01b6
fffc
003e
00a6
005e
00b3
016f
00cb
ffc9
0073
0025
ff00
0129
0097
fee0
0029
00b8
00d3
0099
ff56
fec2
fecb
feda
fee9
0024
0033
ffcd
00f5
00c9
0099
0051
00a4
ff3d
fe58
0009
ffb2
fde0
fff2
ffd5
fde7
ff13
ffba
ff1f
ff36
00a7
007b
00ef
01e3
0244
01f4
0235
026d
0090
ff6b
0017
fede
ff3c
ffb2
fe55
ff43
ff56
fe85
007f
019e
ff2a
00c2
007a
ffc4
013f
0162
0069
0105
009f
ff2c
feaf
fe6e
fdbd
fcb1
fc5e
fe01
fe99
ff67
0003
0027
015d
0285
0193
027b
0310
0273
012d
00ea
004d
0073
ff6d
ff82
feed
fd5c
fdad
fff7
ffd6
00e3
0000
ffdc
0080
0100
024f
0103
fecc
ffbb
ff1f
fd95
fed7
ffb4
ff2e
ff07
ff9e
ff7f
00e3
0120
0123
00b1
00ab
0040
003d
ffc6
ffd6
feb9
fe45
fecc
0066
00b6
0162
018c
013f
0133
0146
0123
010e
ff15
fe21
fec1
fd4c
ffa3
00db
fe2f
fe63
ff78
fe65
ff74
005b
0094
00c2
ffaa
0133
019b
01b1
0207
01f7
0097
0179
0037
fe58
fdf7
fe90
fd76
feb3
011a
00d5
00d2
013c
010a
021d
0175
ff1f
fe3d
fddf
fd2c
fee0
001e
ffd8
ff69
0046
ffc9
ffcf
022e
01b9
ff00
006c
014a
ff30
017e
031f
0136
ffea
ff52
fe44
ff77
0019
ff82
fe8d
fec2
0024
0077
0193
0174
002a
fef3
fe6d
ff31
fffa
004d
ff50
0094
ffdd
ff55
0127
0047
ff21
00d4
ff15
fef1
01f0
fefe
fe8e
ff0b
ff10
0049
00d1
fec8
00ee
00ed
0014
00c8
0198
ffb8
0110
0035
fef5
0091
01ee
00a2
ffd9
00b1
fffb
febe
000d
00a4
fee4
fe3a
fea8
fe59
febc
00d5
004c
0164
01b4
00fd
0185
006f
ff52
00a5
fd2d
fc9c
fe81
fdf8
ff53
00c3
019c
023d
02e6
02a0
01d1
0087
fefe
fec1
ff3e
ff27
ffbb
fef8
ff6f
004b
004d
0024
0025
ff0a
fe6f
fe1c
ff24
0028
017c
01c9
012d
00d4
00dc
00de
0067
ff45
ff79
fdc7
fd87
ff4c
0171
0154
00fa
0146
00d6
fffd
0178
0087
fe6f
feba
feb3
fd5d
006c
019b
0031
012d
005a
ffcd
0118
feea
fee0
ff4a
fdba
feff
022f
0037
01a2
01d8
fea5
ffe1
0124
fe09
ff31
fe9e
ff0a
00b5
01d8
02f7
028b
0080
ff5d
ff93
ff80
ff6c
fe96
fdf9
fd41
fed0
0122
025c
01a6
018d
ff3c
fe7c
0120
009f
ff4f
000a
feb5
fdee
ffb2
0106
0162
00a0
fee3
ffc4
ffa7
005f
0188
00aa
fdae
fee0
005f
00c0
0163
0192
ffd2
fe68
fec1
0130
ffb8
003a
ff22
fe9b
ffb3
0234
01bf
0176
00d1
0057
ff4c
ffba
0058
ffab
fd3e
fbdb
fe01
fe9b
0097
010d
0101
0176
0328
0321
0207
01c0
ff96
fd6f
fe2d
ff4b
0076
ff4d
fd9c
fef5
fec6
ff8e
0175
ffc2
ffd7
ff8c
fec3
024b
0312
02c9
0398
019d
0061
00ea
ff2a
fcb1
fd37
fb02
fa43
fc48
ff1e
00c8
024d
03b0
03f4
03ec
03aa
0183
ffa7
fecc
feea
fed7
fe24
ffa5
fe52
fe51
ff96
00eb
0043
ff99
fec4
ffed
ff8a
00cc
03af
0349
033f
01db
ff6e
fea6
fee5
fd03
fc2a
fb1f
fc52
00d2
023c
03d2
046a
0366
0189
00f8
00a8
fed7
fc53
fd7e
fdd9
fff0
01b0
01e8
0101
0118
fff6
ffaf
0057
008f
ffec
ff65
fdd1
002f
034e
0227
0044
007b
fef1
fd5e
fc7a
fdd7
fd99
fd99
fd4e
fed9
0158
0339
03b7
0435
026e
02c3
0114
0034
ffbe
ff13
fe03
fe1d
fe08
0068
feb4
fedd
006d
0003
ffcc
00b1
ff52
fee9
feaf
fe1a
ffaf
016b
00e5
01be
00c1
ff69
ffe2
ff96
ff3d
ffa1
fe51
fd73
fe83
014e
01db
012f
0296
0183
00df
01ec
00d9
ff8e
ff03
fe3f
fd19
fe07
ffea
002a
0027
001e
ffec
0085
00f4
009a
0098
fea5
febb
00f5
0015
013e
02ae
ff74
ff7c
ffa0
fe93
ff7e
fec9
fec8
ff2f
febb
ff74
0250
02ac
02c8
036d
0154
011c
0170
ff15
fea6
fed4
fbb7
fd11
fee2
003e
01ab
021a
02a2
01f1
ffd1
00ba
fff4
fee5
ff69
fff3
ff36
00c3
0098
fef6
ff15
fe34
fe1d
fe8f
fe99
0045
00ff
0114
0235
02f4
0352
02a0
ffa5
ff3f
fd6f
fbb1
fcd2
fcb5
fc8c
feec
fefd
0021
049e
04d5
034b
032f
01e0
0096
000e
ffd8
ff13
fdc5
fe47
fd7d
fd0f
fd24
fe36
fe6d
fe79
ff3c
014e
011b
0287
0414
028e
0281
026b
00de
fff9
ff92
fd7a
fc75
fc8a
fdb6
fc80
fe7b
01bc
00fe
0043
00ed
00d0
00dc
00de
00b3
0047
ffcf
00b0
0235
0133
00f4
ff2b
fe43
fca9
fe5a
fe90
ff51
ffe5
003d
014a
026c
0312
04a1
01ed
0075
0036
fe89
fdf7
fe67
fc3a
fcbd
feae
ffdc
002f
0296
0343
025a
0052
ffb2
ff1a
fe3d
fe94
ff73
ff83
009c
00b8
0175
0197
006f
0090
0073
ffe3
0067
0068
ff79
0105
030d
01f2
0235
00f8
ff17
ff3c
fdf5
fc81
fc55
fc2d
fba2
fd06
fec6
030c
0308
0312
04f6
035e
0209
0219
001c
feaa
fd4b
fd1f
fd95
fdc8
fdee
ff0a
ff29
00d3
01da
0142
ff78
017f
014a
016d
0197
012c
ffff
00c8
ffa5
ffa8
0045
fe9d
fccb
fd23
fd32
ff55
0107
006a
01cd
02bb
0246
0201
02f3
0162
fecc
fcf4
fd5c
fd06
fe32
ff49
fdb7
fd17
006f
00c7
0023
0307
01d2
ff09
fffe
007b
004a
011a
009e
006b
ffec
0025
ff83
ff02
ff4e
fef0
ff25
ffde
0066
02b3
01f3
013c
0274
01aa
fe62
ff5e
ff3e
fce8
fd64
fdbf
fc73
ff53
0093
007f
0132
0220
019c
02e2
0142
014b
017e
ff8f
fea6
0164
ff27
fe5a
ffb4
ff2f
fdad
fede
ff51
fed8
ffb7
0170
0192
018a
0305
03f5
010d
00e4
011e
fd9b
fdeb
ff08
fd45
fe6e
fec2
fe23
00bb
009e
0191
0364
0221
01a4
01f6
0092
ff04
ff8c
fe69
fe05
fdb6
fe72
fd88
fc1c
fe8e
ff74
fecc
012e
02ba
00e5
0390
044c
0279
01e3
01e5
feff
febf
ffaa
009a
ff32
fe38
ffbc
0092
fe97
000f
0019
ffba
fe7a
fede
ff2b
ffc2
ff4c
0084
fe48
ffde
022f
0054
ff63
00b0
ff03
fe49
ffe8
ffcf
ff96
003f
ff29
00a7
00cb
0002
00cf
ffb3
ff02
ffef
ff61
fea2
007e
000a
ff51
0093
02e7
02a8
02f1
01df
0088
003a
ffeb
ffdb
ff21
fdaa
fe35
fd14
fdd3
ff05
ffda
ffbe
fff0
0047
0118
0060
fffc
015d
ff96
fe19
00b7
ff96
ffd7
023e
00f9
0149
028c
0055
fe70
ffa7
ffb9
0027
ffa5
0031
0091
00b2
00a3
02a1
0085
006d
0023
fed8
fede
fef1
ff83
ff56
fed0
00f0
01db
0080
0140
01ab
febd
fdcc
fe92
fe1c
feac
ff04
fec4
005f
01e6
02ca
01a4
00ff
0179
00fa
ffd3
008c
00cf
fe8d
fe89
ffdb
ff2c
ff31
ffdb
fe72
ff41
006c
009f
01b2
029d
01ce
0104
00a2
0079
0079
fecf
fdb8
fd47
fcf6
fdb3
fdf4
ff19
ff21
ff62
0120
00ab
ff42
01a5
0100
fe78
00e1
016c
0089
015e
0193
0165
00e1
ff83
003e
00fd
fec3
fef2
0061
fec7
ff4b
023a
ffc4
00a8
02db
00ac
febb
fe5a
fdfa
fd0b
fd1c
ff52
fefb
ff37
007c
00b9
013d
02f0
010f
ffcf
fe79
ff84
fffa
ffc8
0110
027b
fedc
ff78
026d
007d
ff5f
ff97
fe41
feb4
ffba
ff71
009d
00e2
0118
0215
0249
0011
0135
ff11
fd5e
ff1f
ffca
fdf7
005f
fffa
ff7a
ff9b
ff45
ff56
000e
ff2d
ffe2
ffe1
00d1
01c4
00c4
0087
003e
ff74
ffac
fed3
fea7
ff9d
ff4f
fffa
0248
01aa
026e
034d
018d
008b
0143
ffc7
fe6f
0020
ff2a
fe3c
fff2
ff8b
fe92
fede
fe8e
fedc
fe4a
feee
ff5c
ff01
ffda
00c0
ffbe
0124
0030
ffc6
ffdd
ffee
0027
ff7b
fe76
00d8
0124
fffc
01e1
0298
0129
00e0
01c4
0043
ffe6
ffb7
00cf
ffa2
fe34
010a
ffec
fd54
ffbf
ff4d
fc73
fe42
feb3
fe92
00c9
028a
012a
0180
0226
009d
ffcf
ffa7
ff80
ff06
fe97
001d
00f2
006e
011d
0163
0192
0079
ff2a
ff58
fe54
fda6
ff2c
ffa7
fee9
00cf
0018
feaf
004a
00f0
ff91
ff3e
ff80
008b
ff57
01d3
03ef
020b
00f2
0293
00be
fe13
ff64
fe72
fba3
fd86
fe69
fc99
ffbd
017a
021c
024d
014d
00d9
015d
feee
ff57
0071
003a
ff6d
0168
0065
ff8a
0005
000f
fdf5
ff08
0071
ff7b
007e
0227
017d
00c8
00d0
00cd
00f6
ff6c
feb1
ff86
ffb4
fef2
ff8d
ff5f
fe9b
00c3
ff98
fed1
0075
ffc7
ff79
0055
0077
0118
00ce
00d9
007a
0092
ffb4
fecb
ff8f
ffaa
ffdc
ffcd
008c
0110
0125
00e3
fff3
0135
019c
ff00
fefb
0014
fd53
ff06
ffb4
fdd1
ff88
0211
feec
007e
01c5
ff90
ff64
010e
ffcb
0063
017e
0058
00d4
00ff
ffa5
fe02
0016
ff28
ff8c
002e
00ae
0079
01a8
ffcc
0011
0066
ff41
fd6f
ff0c
fe96
fe01
0023
ffad
ff89
0137
00b1
001b
013f
fff7
0036
00e2
ff5b
00d1
0029
ff51
00c5
0117
ff78
ffae
ff59
ff6c
fed9
fef3
ffe8
0104
011b
ff7c
004d
00e8
0038
0183
006f
ffe5
006f
ff7e
008e
0074
007a
0018
fdd2
fdfe
fe2c
fd09
ff74
ff48
ff8c
00b3
ffd0
009a
0357
02a4
013b
ffaf
fede
ff1a
00c1
fff0
00b1
0074
ff8e
017b
00c4
ffb7
014c
fed3
fd29
0167
ffe6
fec7
0201
00f9
ffce
013d
ffca
ff48
ff65
fdc1
fd73
fec2
0046
002c
ffb5
012c
0090
018e
02ac
00fb
0099
0090
fe17
ff06
007b
ff01
fefe
ffe1
ff0e
006a
00de
ffa0
fff0
0030
ffeb
016d
025b
01f7
011f
0001
ffdd
ff37
ff43
ff94
fe4e
fdd5
ff7b
003c
00c1
01b6
00f3
0016
ffc9
ff93
0065
fee0
fc7a
fde2
fe91
ff4d
0193
00cc
009f
001d
ff75
fffc
0245
010f
00c2
01a8
0084
0212
02d4
00cc
ff5a
fe81
fc45
fea6
fd9f
fe21
ff0d
fe0b
ff6d
01e0
0093
0189
00bb
001f
0064
0130
00f1
0138
fffa
0013
ffee
01c5
01a2
003b
fe65
fe5a
fd79
fde4
fe7b
ff6b
ff84
ff6d
0056
00d8
02a3
032f
00df
fffe
fe4c
fed6
ff3b
0024
0087
ffcb
ff06
ffe2
0058
014e
01d2
ff99
0012
ffa5
feff
004e
0225
00dc
017c
ff96
0005
0045
002c
ff96
fd2d
fd46
ff90
009f
00e7
0236
01ad
ffe3
fffe
0091
ff74
ff15
fe26
fd27
ff20
0131
025e
0179
0237
01f2
ff80
ff38
0028
ff46
fe6f
fdd0
fdd0
0003
0224
015e
016d
0229
fedd
00f4
0052
fd94
fed8
fe95
fd4f
fffd
025f
01b9
0122
019a
0068
ffec
fff7
ffb1
fff3
fe53
fde0
fe76
fff7
00bb
0051
ff9a
ff3b
ff7d
0054
009d
0039
ffc6
ffc0
ffcd
00c5
01a0
0127
0158
ff53
ff60
0025
fe8e
fe73
fed4
fdf4
ff94
0047
00aa
0221
00eb
00c6
024f
01ff
0092
001a
ff3b
fe2c
feb3
fed3
0098
fef7
fe5a
feaf
fee3
fe23
020d
ff94
fdec
002d
ffac
001e
02ac
01f6
01ca
01a4
ffe0
ff19
ff77
fdb1
feb9
ff53
ffc7
0023
00a1
0296
0219
021d
03a1
0113
fdd9
fe9d
fc3a
fb4a
fe68
ff5a
fe82
008f
01bd
0214
02c8
0243
017b
00c4
fe3d
fea3
ff4a
ffb1
003f
00ce
001b
ff43
fe5a
ff44
fd3e
fe07
006a
ff04
fff0
0352
0230
0298
038d
021f
0289
0043
feee
fe36
fc90
fbf1
fc51
fc49
fdf8
ffa1
ff9c
0164
037b
0439
039b
0391
025c
01ca
fff4
ff66
ff63
ffcd
fdf3
fd6f
fd0e
fc71
fe70
fecb
fda5
009c
011b
0175
03da
039e
03a8
024a
0056
0067
fe57
fce9
fd3a
fbcf
fc12
fe22
ffc5
fef2
0257
02c7
027a
02b9
03d0
0211
00a1
ff71
ff5c
fdd5
fe17
fcb9
fbe1
fd41
fe1c
fe8b
01cb
009b
0141
04be
0375
02e3
0553
022c
fff8
009d
fda9
fbf0
fcc8
fd59
fc94
fb97
fd2d
fed8
ffec
01d8
0233
02c2
02ae
023e
02af
03da
01a6
0012
ff1b
ff39
fea6
ff29
fd86
fcb2
fc75
fe17
0012
02b7
02fe
0415
022f
0122
02e8
022d
fefc
fe36
fc8a
fd19
fed3
fcff
fe0c
fe82
fe5d
ffbc
01c8
01a8
036b
0286
0219
028e
0307
01a7
0055
fe3b
fd35
fbef
fbbb
fc8d
fdc0
fd87
feb0
004d
03b2
04be
040e
040a
0342
0018
00b6
00d4
fdb1
feb9
ff61
fc70
fd3c
ff4a
fcfd
fdc1
fef0
ff8f
008d
0144
01db
02eb
0389
038c
03bd
0322
0053
fd77
fd60
fca7
fbc8
fda6
fcb0
fd4e
01ac
00d9
00e1
0347
0351
00dd
019e
00f8
fe9b
0013
ff0f
fe5f
fedd
fdf4
fd41
fe93
fe7b
ff05
0039
0149
0154
02be
037e
0295
0307
0382
0187
0026
ffde
fe39
fc9d
fc2e
fbb9
fc29
fdaa
fe33
fed6
0104
0194
02e2
0450
0383
0360
035e
012b
0009
0057
fe39
fd0d
fe84
fcb5
fc4e
fe8f
fdd8
fec9
00ef
0168
ff78
016e
03d1
023a
01f4
0485
002d
fe9b
004a
fd75
fcd0
fee7
fd5c
fe02
ffb8
ff9a
0105
0233
02ac
03a8
0280
0224
0123
0018
fe3b
fd6c
fdd5
fe36
fda2
fbec
fcc0
fd8d
fd87
0021
01fb
031f
0557
038b
0271
03cb
0268
00f4
ffb5
fe06
fd87
fc32
fd67
ff4f
ff69
ff0e
007b
0059
00b4
0161
00d1
00e4
0156
ffb9
ffb6
ff3b
fffb
0062
fffc
fe84
ff98
febd
fea0
0001
fe94
ff84
0224
00ce
01d1
01be
0068
00b1
0007
0027
01b6
fec7
ff02
00bc
ff8a
ff18
0094
ffe3
005c
00a8
fff9
ffdd
0082
fee0
ff70
fec6
ffe5
009b
ffe3
ff7e
00c6
ff95
000e
0039
ffc2
fee3
ff67
00cf
009b
0002
0023
ffda
ff9c
00d9
0039
ff71
00ab
ff73
0023
0062
0077
00bd
0137
ff38
00dd
012d
0138
00f2
0144
ffba
ff54
00a7
ffb4
fea2
ff65
fe1c
fd74
ff45
fff9
ffab
ff67
ff8d
ffa8
ff16
fef5
ff13
ffa6
0071
0085
0086
021b
01bd
0140
019b
00bb
0107
ff5a
fe68
fe9c
fe10
fd49
fecd
ff9d
ffa9
01aa
017d
01b0
02ad
01ad
017a
00cc
006d
0092
fed1
fdef
ff9a
ff4e
0024
ff10
fe3b
fe84
fe33
fc77
fd47
ff00
ff4a
00ab
01e8
0314
035d
02a9
0252
020b
004d
ff35
fe2c
fdb6
005f
ffd5
ff79
0149
00e1
0122
00c3
fed4
ff8d
ff5d
fdf8
fdc1
0054
0086
0134
0207
01db
019f
0035
fed6
ffbc
fe59
fdc9
ff1c
fe9f
ffe9
0179
00c3
0167
01db
0069
fedb
fdfc
fdb2
fe2e
fe29
0025
028a
0300
0205
023e
015d
0055
ff4b
fe07
fda0
fe14
fe4a
0048
0250
030d
0212
0271
00a0
ff2c
fe7d
fdc1
fcd6
fd2c
ff35
fef4
ffab
0176
0053
00d6
011c
ffe3
ff60
ff15
fd66
fe93
fff2
0063
00ea
00a5
ffc3
0175
008f
00ec
0257
009b
ff7d
01a2
00a5
00fb
019e
01f1
0065
ff2f
fdf5
ff2f
fdc9
fe10
ff44
fd0e
fe74
0188
00ef
005f
011d
00a4
ff7b
ff12
ffbb
ff93
fec4
fedd
fe22
fe21
002d
ffd4
0026
017a
02a3
0294
02be
00fd
01a4
ffbf
fdc7
ff81
0031
ff1a
ffca
fecc
fedf
00d0
013d
01ad
003b
ffa0
fed8
fe9c
fe85
0088
00ea
ffa1
00cd
0269
0041
00ff
0147
fe64
fdd2
feff
fdd7
fef8
0024
00d8
004c
014d
0238
0189
0079
00ff
ff8c
feaf
febd
fe89
ff42
ff3e
ff02
ffe7
000a
00a7
0241
0178
ffa2
00f7
00cd
0040
016f
00e5
fed4
ff02
ffbe
ffee
000d
ff46
ff71
ff4e
fea1
0037
00ff
00e2
0166
ff96
fe32
012c
0149
fe9c
ff84
0012
fd84
ff0c
0106
ff33
fea1
ff99
ff85
ffb5
019b
022a
01a9
018c
007d
00fc
01b2
ff78
ff74
ffe5
fd5e
fdba
0144
0008
fe33
ff84
feb6
fdc5
023b
01d1
0013
0086
ff4c
fe7b
ffca
000a
000d
ff29
ff2b
00ee
007c
0080
018f
01f4
00ee
0002
009d
00ac
ff69
003d
ff99
fd57
ff25
008e
fe23
feca
0001
fda0
fea9
0001
fff8
00d9
010d
0002
01cc
01da
01c4
017a
006b
ff73
ffc9
ff9d
ff2e
0071
ff7c
fda1
ffee
023f
015c
014e
0166
0063
ff0c
0096
ff62
fd8f
fea2
fe6f
fd49
ffce
0053
00d3
0152
fff8
ffb1
005f
0053
0097
0103
ff8e
fedd
0033
016b
01ef
00f2
009e
ff22
ff5b
0145
007f
feff
ff41
fde7
fe0c
0146
0247
00ae
011a
0046
ff10
00fd
0093
fe9d
fe64
fcdd
fc90
febe
00c5
01aa
0194
0045
0062
011d
ffec
0080
000e
fe20
fe87
0007
00cf
0299
0120
004a
fe46
fe9b
00e0
ff46
fec4
0101
0031
00be
02eb
029d
01d9
0016
fe72
fde8
fe56
fe14
feb8
fe4c
fda6
003e
01a7
01dd
0250
014e
fff1
ff8a
0030
ffef
ff14
fe49
ff4f
fff0
016b
01cb
0221
01d7
ff51
ffaa
0059
ff1a
fee0
feba
fde2
fee8
ff6a
ff41
00a5
016f
0038
0170
030a
00a0
00a2
00a0
fd65
ff3a
0051
ffdf
0141
007b
ffdb
0198
ffc3
003d
00ab
fdc7
fdad
fec5
feee
00a0
00c8
01a2
017a
0170
00d7
0071
fe7d
ffd1
fec3
fc54
fe78
0134
ffee
00d2
0114
0146
00e5
0021
ffe4
ff1b
fe69
ff36
ffed
005d
01c1
005b
fe05
fe8f
ff6c
ff66
00cb
00fe
00b3
015a
01b9
02a6
03b1
0226
0035
ff2e
fdf8
fe90
ff79
fe50
fe0c
fde7
fd71
fe8b
ff13
00e8
014c
ff05
00bc
0200
0084
0146
00a3
ffb8
ff9f
ff56
0136
0016
fe5d
fe8d
fde6
feec
01fb
012d
009c
017f
019c
0154
024d
02c3
0229
ffea
ff36
ff11
ff6c
fe18
fdda
fcff
fbd9
fe71
0142
0030
022b
0289
0038
0021
01cf
00bc
ff36
fdbb
fe6d
fde2
00c7
009a
0043
00ac
0044
00ad
0260
02dd
021b
ffbb
0018
fec7
00b8
0273
ff33
fed2
ff55
fcd0
fd7c
fdc3
fd51
fd0f
fd54
fea7
016a
026c
0380
0272
0217
02a3
01d5
00dc
0166
ffe1
fd53
fe88
fe05
ff30
ff97
ffc9
fef6
0033
0050
018f
ffe8
ff25
ffcb
ff26
ff0c
021e
0179
00ab
fffb
feb4
ff2d
fe2c
fdca
fe03
fe0c
feaf
00e5
0227
03da
03c6
0235
01b6
001c
ff27
fe7f
fd6c
fcfb
fef7
ff47
fecc
0060
00bd
0077
02a6
0151
006e
013b
0003
ff97
0052
ffef
ff32
ff71
ffdc
005c
ff30
feaf
feef
fd42
fd3b
fdf7
ffae
018f
01f7
01c6
03fd
03bd
038b
02e0
00a0
fe11
fd70
fcda
fc6f
fe4e
fe16
feab
00be
0143
0253
039c
02f5
0274
ff79
fe1c
ff44
fe7d
ffd6
0064
ff87
ffbc
ff88
ff9a
ffb7
fdc0
fed3
ffa3
fed6
019d
015b
0120
017c
00bb
00d8
016b
00ab
ff37
fe38
fd2f
fdb8
fd8d
ff93
fee0
0092
0149
019d
0332
02b4
0077
01b9
011e
0049
ffa1
ffb8
ff15
fe3d
fe13
fda2
fd37
ff20
fe85
fee6
006b
01bf
0139
02fe
0206
01cf
01d5
00a3
0069
00e0
fe40
fd56
fe1f
fcc1
fd9b
fea3
fdc1
fe96
0112
0135
0214
0353
0286
01c6
0093
007b
0079
ff5c
ffd1
fef3
fcee
fd7e
fdbb
fdfd
ffcb
001c
019a
0248
01b8
047a
032e
019e
02cb
0099
fe3d
fe6a
fda1
fdba
fd6d
fdab
fe70
fff2
00ab
0117
00f9
00ff
0104
00c7
001e
0010
ffc1
ffa6
000f
00cb
00b3
003a
fe89
fe6e
fe2c
fdef
0010
00fc
01d6
036e
0135
0108
0188
00c2
008e
fee6
ff38
ff4e
fe52
fe33
ffcb
ff1a
ff6c
00a9
ff44
0008
01c7
009d
002a
01ea
0119
ff7c
00e2
ffd7
fed3
ff63
fe0a
fe93
ff65
fe3f
feb6
0007
009a
0161
0114
00aa
0010
0077
ffd9
ff39
00bb
0069
ff59
ffa0
00aa
ff35
ff18
ff96
00c0
0047
0104
005a
010c
00fe
0197
01c2
0098
00fb
ffcf
fd70
fe04
fe2e
fe11
fd5b
fe3a
fe0c
ff96
002a
00f2
01e4
0180
018c
0119
fff8
0130
0151
ffb5
0017
ffd1
fead
fe47
fed4
fe84
fe56
fe65
0011
00e6
0158
028e
02a5
00ef
032e
0140
fdb2
fee7
fe2c
fca4
fe59
fee7
feec
014a
0035
00e8
0188
0121
00b0
01e8
011a
009c
00fa
006f
ff67
0063
ffaa
fed8
fe59
fec0
fdfb
fe88
00d8
0178
0168
014f
00ca
ffb1
0156
0106
ffaf
0009
fec3
ff9f
00c7
ffd0
00a4
ff7c
fdbe
0004
ffae
ff6a
00c3
0173
01a8
01f8
0234
010f
0040
fef3
fd86
fce0
fdab
fee5
fe37
fefc
01c8
0199
0146
0250
00b9
0140
007b
ff96
009a
0015
fe74
ff7e
ffb6
ffc6
0031
0073
feb4
0000
ffb2
feb0
ff57
00a0
0049
ffdf
0098
00fd
ff6b
00ae
fff0
ff09
ff41
ffe5
fdee
fec1
0132
005f
0030
013f
0044
00fc
00f5
0071
01c3
00dc
ff17
ffc6
fe31
ff22
001d
fee2
fffb
00a9
ff5b
001c
0080
011d
01a6
0006
ff27
ff7a
ff28
fdfd
feaa
fe29
fed1
ffaf
00c7
0206
025e
00b7
01b1
fffa
ffc5
011e
00ae
ffeb
0142
000b
0005
00a4
0126
ff4f
ff9e
fff1
ff34
ffae
004e
feab
ffb2
01db
0018
00e8
00e3
ff1d
fe28
fe7a
fdc0
fd9e
ff46
fe4f
ff42
01c5
0109
01b0
0320
01e8
0118
ffb4
ffeb
014b
00d9
ff2b
ff1e
ff02
ff44
ff00
ff41
feef
ff1e
0040
0047
ff3b
01aa
0198
fff1
00b5
022f
ff75
ff84
0029
fe32
fd68
fe97
fe5c
ffe6
0134
0207
0191
0167
0292
0387
00c4
00d0
0054
fdf2
fd22
fccb
fded
fdf9
fd4e
fdb9
fe9c
ffa9
016a
0232
01e4
00ac
024f
0179
0110
023b
01f0
0132
ffca
0030
ff70
fe1e
fddb
fe25
fdac
fe5d
ffdf
ffe8
0166
022c
00e9
0090
01b5
ff5f
fe8b
feb5
fe42
fe0c
fe1f
ffd6
ff72
ff00
01e1
0198
00cf
032c
01ec
001b
0060
ff33
feb9
ff71
fd89
ff82
ff65
fd73
ffd5
0234
0086
0236
02f2
0079
ff4d
ff8b
fef0
ff89
ff8b
0114
ffaa
ff37
017e
013d
ff48
013f
0007
fd74
fda0
fe4d
ff52
008f
0039
007c
00d2
0043
0114
014e
0045
0032
fed4
fcb9
ff53
0057
00dd
0155
010a
0082
010e
ffdb
00e6
00d0
ff98
003d
0183
ffee
013a
0123
ff92
0002
ff52
fe8c
fe82
fe85
fe94
fe41
ff4e
010e
0041
0181
0112
fef4
0020
0048
ff13
ff42
ffda
fe65
fec3
ff23
00e7
0266
015c
013e
029f
011f
012e
01c1
0161
fff4
fff6
ff31
fe0b
ff34
0057
fec3
ff02
ff67
fd85
fded
fe85
ffc5
00fb
00df
0116
01c5
01aa
00c8
0092
010c
fe12
fdd9
fee5
fd56
ff06
0089
ffca
008b
0351
024d
015b
0148
00f9
005a
00e2
ffc4
febe
fe7a
fde7
fe7b
fe3d
fede
ff4e
fe83
fe5c
0047
00c8
0195
0129
01a2
0201
000e
0105
021c
ff87
003d
ffb5
fd7f
fe91
0009
fdd1
fecc
fffb
ff68
fee8
00d6
00a9
00ff
00fc
01aa
034f
019a
ffdd
0048
feca
fdae
fedc
fe6c
fd5e
fe17
ff68
ff3f
00b4
024c
0192
00f0
0241
020f
0173
0107
00e0
0004
ff9f
fdc2
fdd6
ff36
feff
feed
ff97
fed5
00c0
00fe
00da
01ee
0234
0073
00da
ffe0
00a9
ffff
fdfe
fe7a
fe97
fd00
fe83
ffca
fee3
00d7
00e0
01a9
0352
02e5
0237
00a9
ff7d
0010
fe58
fd77
fe3d
fe02
fdf8
002c
ff66
ff78
0097
00ce
ff54
0115
02e7
01e5
018f
0360
0122
00aa
004d
008b
ff21
fe3e
fc98
fd09
fe27
ff01
ff4c
014d
010c
011d
02ce
01da
015f
019b
fec4
fd4e
fec0
fdee
feed
fe28
feb9
fe55
ff00
0065
00f6
ffe3
0132
008c
ff2d
015c
01f7
ffad
01f5
028e
0075
00b3
004f
fdd5
fe0d
fdc6
fcae
fe91
ff24
ffec
018d
019b
0252
0401
026b
0182
00f0
fdda
fcad
ff2e
fe67
ff04
fe89
fe84
ffcb
01c7
ffde
0101
005f
ff26
ff36
000a
00d4
00bb
0071
ffe2
ff30
0106
00ed
fe88
ff2f
ff00
fe1b
001f
0265
011c
022a
01db
00d8
0132
01d2
fefb
ff28
fe47
fe8a
ff2b
feee
fea7
0017
ffb4
009b
00cf
01cf
0117
0071
0137
0191
0162
01e1
0054
fe6c
fe27
fde8
fd1c
ff26
feae
fdb5
ff78
0047
01cb
030d
0284
0286
01cb
0075
0193
fff2
fef1
0012
fc53
fc82
010d
00b4
ffdc
0152
fefd
fffc
02ac
017d
00eb
0078
fe8e
ff84
ffde
0175
0156
ff9a
fe77
fee1
ff28
0024
fe90
ff4e
fe7b
fda7
fde2
0197
01d3
00af
0164
00ca
febd
01ce
ffed
fe5f
fe24
fcfe
fd67
ff1e
0025
01ba
0097
010c
01ee
0059
00a4
021d
ffaa
fee1
003c
ff52
ffa3
00e3
ffcb
ffc5
0092
ffd0
0018
ffe8
fe26
fe03
ff4b
fe36
fef5
0150
0077
000e
01c8
01ac
ffee
0030
ff4e
fc90
fec4
fed5
ff14
023f
02ca
002e
01b7
0187
018a
0113
0109
ff92
ffc0
009c
0004
fffa
006a
00d6
0092
ff67
ffeb
ff78
fdd7
fd77
fddb
fe9b
0140
0050
ffb1
01a4
01d7
018d
0279
01d9
ffd7
fe27
fd3a
ffb1
00b7
005c
ffc1
0036
005b
009f
006b
0185
012e
ffbe
ff85
ff93
ff57
0100
0086
feba
ffdb
0191
ff90
ff39
ff2d
fd95
fce1
fe2c
fff3
00b9
0069
01a1
01af
01c5
0251
01ea
0007
ff08
fe8e
fdb9
fdfd
ffa3
00ad
0014
ff0d
ffd4
ffd5
ffb8
0069
ffe3
feeb
ff4f
fff2
00ec
00d6
0115
013a
ffd0
fe4d
fe57
fc7c
fc40
fe81
ff2a
0063
02f8
0322
038d
02e9
0165
0223
001e
fdce
ff68
fd51
fd0b
00b8
ff0d
fec1
00ea
ff87
fed3
0035
ff72
004b
01d2
0008
018f
0253
014d
00eb
ffe0
fe63
fea4
fda2
fd93
fd75
fdad
fec8
0023
0376
0417
029c
01bd
01cb
012e
01c6
00a6
fee7
fe2c
fe24
fd46
ff54
fe84
fd09
fea1
ff91
00ad
0374
02cf
027f
040a
0236
0125
01b9
fffe
fed0
fe1c
fe57
fdcc
fe21
fe64
fd53
fd3c
fedf
0017
01ad
02c7
034a
02f4
0302
030b
02ed
0038
fd07
fbac
fbab
fa49
fc43
fe27
fea3
0168
01e3
0361
0603
050d
0391
0302
ff45
fef5
fee6
fcdd
fe4c
fef7
fce8
fddc
fef9
fe6a
fed2
ffa0
ff07
fee7
01ab
02b5
031f
0337
0367
0337
0169
011e
ff86
fc2c
fb38
fa86
fa17
fcdc
fdde
ff52
0260
0348
03c1
0402
034d
01dc
011a
ff66
fe80
fee9
ff11
fe25
fda6
fe37
ff1f
fd50
0086
00ef
0073
0238
0291
0230
0350
029e
00d4
ffef
fe99
fcf6
fc69
fccd
fcfd
fca4
fd57
ff14
00c2
01bc
0363
0306
0338
0324
0254
029a
011a
ff00
feb8
fd25
fccf
fd6d
fcf0
fd35
febe
ff3c
0039
01f2
03cb
0508
0356
025f
0276
01b6
00fa
fffa
fdf4
fcdc
fe04
fcf7
fc33
fe44
fe5a
fec4
00fc
01ea
01cb
0388
0169
01b4
0201
011c
ff9d
ff72
fee5
fe24
fc47
fdd8
fe9b
fed8
ffa3
0149
0232
03b6
02ae
0157
0202
0106
ffea
0053
fe37
fd64
fe26
fccd
fcdf
fea1
fd91
fed4
ff81
0197
02c2
0304
0399
043c
032a
028a
0191
001c
fe8f
fdb3
fc04
fb9b
fca0
fc0a
fc79
fd46
ffa6
01a3
02b3
0309
04c1
0318
027c
02be
00e9
0043
ff98
fe2e
fd69
fd53
fe8b
fdc1
fdf0
ff70
fe7f
fdea
00fb
01be
0184
0320
021e
0164
01a6
0082
fffc
0014
fea8
fccf
fccd
fcc9
fee1
0160
ff57
00b5
02f3
027f
023e
0419
0174
0093
ffb2
fe9c
fe55
fd41
fde6
fe1d
fd16
fedb
0150
00a3
0229
0267
0196
0198
0099
00a9
0018
fe04
febc
0020
ff38
0046
00fb
ff19
fe83
ff78
fee3
ff93
016c
0037
00c8
016f
01f9
0129
0200
00f1
0067
ff8f
ff72
fea2
ffbd
ff05
fd99
fed3
ffc9
fe78
0038
0001
ffc5
013f
00d0
0084
0172
009f
ffd9
00cb
0042
ff32
fee9
fee5
ff12
0034
00cc
0171
0186
015f
0191
00ac
ff77
00ca
ffb4
fe25
fea6
fe8c
ff8b
ff6b
ff58
ffcd
ff43
ff7b
001c
febc
fffe
0087
ff41
0094
023c
0176
02b5
0223
0013
0013
fded
fc24
fdd2
fd44
fd6d
fe9c
00b3
014a
024e
016a
017e
0116
ff90
fef3
fefe
ff3d
0164
01e2
027a
03a5
029f
015b
00a7
ff3d
fe18
fda3
fcbb
fcb9
fe40
fe18
ff1e
0184
025a
011f
010b
008f
fe5f
fe69
ff41
fe64
ffd2
013d
003c
00e0
016f
005b
004c
ff73
fed4
fea1
fd93
ff8a
0032
016f
0267
024c
0212
0295
028a
0144
0085
ff5f
fe7d
fd77
fd96
fdf5
ffc8
ff3e
ff6c
00e7
00f0
003c
0054
ff1b
feeb
0002
ff7b
ff7b
0074
fea9
ff08
ff49
ffc3
0078
0034
fe92
0030
005d
013f
01a8
0211
013d
0158
00ac
0175
0147
002d
fe7b
fe39
fcf0
fe08
fe82
ff29
0099
0141
0114
00c9
01a9
02eb
0194
fff2
ffc5
fe60
fcd8
fe7f
fe72
fe22
ff16
ff12
004d
0094
00a8
00a4
ffd1
ff47
004b
ff96
0085
00e6
027a
02e5
0168
011e
00d6
fe35
fdc4
ff38
fef9
fd6d
ffab
ffab
001c
0211
01c5
01dc
0205
0017
0128
00a0
feee
ff1e
fe72
fc07
fe59
fe22
fc90
fef3
ffe8
ff28
0180
018d
0078
0144
0231
017e
0138
01ea
0193
006d
ffdf
000e
002a
feec
0071
ff20
ff46
ffe9
fed9
0076
01cb
00a7
013c
ff64
ff07
0082
fe84
fdf8
ffe3
fe27
fe53
feaa
ffa4
00b4
feaa
ffe8
0281
008c
0160
02ff
0136
0080
0151
0006
febf
ff94
fe09
fd2a
fe00
ff06
fe6e
ff70
0118
00d2
02a3
0306
0294
0272
02ff
ffbf
fe46
fd4d
fdc1
fe20
feb3
fe02
ff53
0010
00ea
0258
0333
0049
fff9
ffc0
ff5c
0015
fe88
ffa2
01b5
ff96
00e7
0096
fd52
fe9a
ff6a
fd8e
ff4d
015e
00ac
ffe8
02a7
01f8
015e
023e
001a
ff0b
ff9f
ff93
ff13
ff01
001f
ff15
ff3e
00ad
006a
005b
0208
0090
01c5
03d5
ff24
ff1e
fffa
fbd5
fd20
fe44
fc18
fe70
ffcf
feca
00fe
032f
025c
0259
0270
ffeb
fedd
fec1
fef1
001f
008c
0005
00dc
01b1
00aa
016e
006a
fd71
fd1b
fe4c
fe30
ffc9
0242
00bf
ffc9
01d7
01ac
fee8
ff8c
fde8
fd61
feb6
fe8d
0006
0158
0004
01b1
01e0
01fd
01b1
0189
fec3
ff0e
0029
ff8d
0107
021d
00a6
feac
fd87
ffb3
ffe4
fe1a
ff1c
fde0
fdb1
0187
0276
02ad
028f
0014
ff1b
fe75
fef9
00d1
ffc9
fd57
fe52
fe95
ff1c
00c8
0246
01a7
0173
0158
0164
012b
01c4
00e4
ffa5
ff77
002e
fea6
fe6c
ff69
fedc
fe05
0014
0048
0097
008a
ff97
ff92
00c6
0076
00ff
ffde
fff3
008e
00b0
ffc9
00f8
000a
fe41
fd03
fedf
0011
003b
0171
028e
0083
01b2
020e
012c
013b
0072
fed8
fe31
fda0
fece
fec5
fe5c
ff75
005e
ff4c
0004
ff7c
fd84
fe3e
ff9f
00b0
0118
01d2
01b8
01df
029a
0264
0125
fe7d
fead
fe2c
fd97
fdfd
018a
0001
ff3e
0089
007f
016b
02ee
00d7
0076
0024
fdde
ff9a
fff7
ff58
0093
fee2
febe
00fc
ffb7
fed1
0061
ff93
ff59
01e0
0168
00d8
0131
fefc
fe60
feda
fe31
fe76
fcbf
fe9a
ffde
013d
039e
03d4
0300
02bc
002f
01f4
03c0
0075
ff45
fec6
fd1c
fe86
001d
fe5f
fd53
fdce
fd2c
fd74
ff94
0164
0156
0162
01ce
0300
03c5
0217
002c
ff6a
fdbd
fd54
fef7
ff70
ffa7
ff7f
fed7
ffa0
015d
01f0
003b
01a3
ff48
ff5c
0183
00d7
ffa9
ffda
fe3c
fe76
0128
01fb
0127
ffdb
fe80
fe97
005b
ff89
000e
0062
fe3c
ff3a
0118
0187
0227
005c
ff7a
feea
ff09
fee8
ff04
fee1
fec9
fce7
fe93
016c
0111
017c
023d
0074
0237
00c1
ff7d
00a9
fe70
fdda
0003
ff5e
00d6
014e
fe76
fe9a
0020
fe08
ff21
0004
fffd
00fa
0222
01f5
03a3
02a4
0247
00bb
feb4
fe37
fe81
fcb0
fd06
fe4d
fef4
ff7c
00db
0266
02d8
00f6
01d1
00ff
ffd6
fefb
fe27
fd07
fd74
fe3d
ff78
0037
009c
0149
0138
0150
018b
01b0
0054
ffd4
006f
0091
0134
01cf
0127
0179
008f
feec
febf
fdd0
fbbf
fb6a
fc72
ff3e
00d2
0195
0256
0396
0237
0198
026c
004c
fdf0
fd5c
fd51
fed4
ffad
ff5c
0054
fff3
0069
006f
ffe7
01bb
00b0
ffe8
003c
fef1
00c4
0191
fff4
0023
00e1
fe47
fef5
ff05
fdb1
ff01
ff12
fdbe
01ae
01c8
012f
02b0
021c
010d
0059
feeb
fefc
ff2a
ff72
fe56
feac
0031
0129
ffe4
ffa7
ffc1
ffbc
ff50
000f
0063
ffb9
ffbd
0103
00bd
007e
0076
0112
ff46
fe2a
feb9
fdd5
fe24
ffb5
0052
01c6
019d
0217
0322
0163
010b
0238
ffd6
fdcb
fe3f
fdcc
fe0f
ff31
feb6
ff0c
0070
010b
021f
01fb
0042
00f1
fe4a
fddf
0010
ff44
fdf4
0036
0073
00a4
0227
0208
00f2
0098
00d5
ffb5
ff99
004e
ffa2
fe21
fef1
0101
0036
01d7
007d
000a
0064
fef6
fe00
ffa2
fca8
fe7b
0093
005f
02e1
0430
018b
0299
02d0
0006
ff6c
ff82
fe4b
fd98
fd99
fd5c
fe3f
fede
0015
ff3a
ff81
0025
00ab
00de
014d
0102
0178
014d
01eb
02e9
000b
fe74
ffd9
fcdb
fb9e
fe03
fc5d
fdcc
007c
003d
01a2
03ef
038b
0283
0211
0126
0054
ff06
fdd5
fd38
fe8b
fd79
fe92
0056
ff4d
ffb9
00dd
ffa8
ff80
01a3
019e
ff97
003a
02c4
01c9
010e
022e
ffbe
fcdc
fd8b
fde0
fcec
fe8c
fffc
0024
017e
026c
028b
01b8
001d
0070
fed5
fe46
ff84
ff7b
ff6f
fff1
ffef
0031
ff23
ff3b
0085
ff48
ffe9
01e5
0203
0256
035b
0202
007a
00a0
feb0
fd40
fc94
fd10
fd1e
fcb4
feae
018e
01ec
02fb
0318
0186
00b1
0094
0057
ff7a
ff24
fec2
ff32
0060
019b
019f
fff7
ff07
ff9d
feaf
fed3
003d
007e
004e
00ef
00a6
01fa
024f
016c
003e
ff41
ff50
ffe6
fe1d
fcd9
fe05
fcad
fdf4
fffa
003d
006d
0164
00e5
0237
028e
031a
004d
ffd6
ffe6
fdfa
fddf
ff69
fe43
ffa7
009c
ff20
017c
0242
ff78
ff93
004a
fdb0
fed6
ffc7
ff37
009e
01d9
fff5
0170
0170
ff27
fed8
ff38
fdd9
ff46
ff8d
002a
0289
015b
017a
02ba
0143
ffe5
fe90
fd09
fc6c
fd9b
fd8e
fe93
ff84
015b
0205
02aa
021a
02eb
014d
ffc0
ffbe
0112
0024
feb9
0068
ffa6
fd69
fecd
ff47
fec2
0051
ffee
ff1d
00c5
0183
01b1
01cd
01ce
0098
0053
ffaf
ff61
0020
ff2e
ff38
ff07
fea1
feb8
005e
ff84
0096
0097
009c
0120
0262
0190
0336
00e7
003d
00c8
ff33
ff84
ff67
febb
fecd
fdb7
fed6
ffcd
0026
ffe5
004a
ff91
000f
000e
004d
0061
00bf
ffdf
01c9
00ed
0027
01c5
ff6c
0015
0113
fe43
ff7d
005b
ff47
00d9
0079
ff9c
002f
ff0e
fdaa
fe6b
fe1b
fe44
fef8
ff07
0030
0157
00eb
020a
02e7
01ed
024a
003f
ff49
ff39
ff16
fe63
ff46
ff40
0037
ffb2
ff4b
feee
0021
ffb5
ff57
fec9
003f
fe69
fe92
01b1
01d5
00a7
0202
009e
fff3
0189
ff35
fe77
feb1
fd10
fdbe
fecf
ff24
022c
0309
020a
02d5
0255
ff34
ff1b
ff43
fedf
fecc
ff28
fe40
0119
00d3
00ba
0270
00f0
008c
006a
fd06
fdf5
ffd9
fec3
ff85
0001
0005
fff8
fffa
01e3
0191
010e
00e6
0066
0009
0172
0139
006d
00ad
ff0d
fd2c
fe7a
fd91
ff23
ffdf
0013
013e
02f6
0272
0224
019a
01c7
ffaa
ffae
fef4
fdf2
fdb5
fe67
fea3
ffb6
006a
ff89
ff4e
003d
ff21
ff7b
019c
00fd
0076
019b
00c8
007d
02aa
0131
fe8a
fd72
fd6e
fedf
fdee
feae
0147
00d9
0036
019b
009e
00d2
0163
ff9b
fe67
ff6c
fdfb
fe41
ff16
ffaa
ff09
ff79
010d
0281
0292
01d6
0103
00be
0028
ff45
fe56
fe59
fd73
fe74
ff5d
fe77
0064
004f
fd9b
fe5d
0003
ff71
ff9a
00b4
01af
0249
02c8
033a
0335
0287
01ef
008c
ff57
fe5f
fe40
fdab
fde7
fe83
ff0f
ff89
fe4c
ff2c
ffd0
fed2
ff4a
00d8
ffb2
ffff
00f9
0077
0146
01e5
0086
006e
ff1b
fe93
0023
ff25
0057
012a
ff19
00f1
021b
0178
01e6
01aa
fffd
ff4f
feb6
fed9
ff9a
fff9
ff84
ff53
ff0f
ffad
0130
ff9a
0012
000d
007a
00a6
0261
011a
011e
fffb
ff25
ff45
febd
fd90
fe0b
fe7e
ff69
ffb9
0146
023f
00ad
0022
0111
ff3d
00c6
000e
fe23
ff5f
00a7
ff49
00b2
0073
ff94
0005
fff8
fff4
0173
006e
0076
0255
00cb
0125
0140
ff81
ffa2
ff35
fe61
fec9
fe8e
fded
ff1d
fe02
fed8
0088
0027
fff3
0059
006b
ff3d
ffed
00e8
000f
0089
0156
ff53
ffe6
025d
0083
00c1
01ef
0022
ffc9
0027
fee4
000a
0049
fdf8
000d
ffa6
fda7
00dc
001b
ff39
0156
0167
fe74
ff38
ff8c
fea6
fe6e
ff76
ffec
0064
0060
0216
0311
0216
012b
010c
ff93
fde3
fe28
fdf4
fda4
fedf
00e8
0079
00a2
0302
01ee
ff96
01b3
01bf
fe65
fe69
fe43
fd83
ff58
feb5
fe5b
0032
fe8c
ff84
01b5
ffd2
0090
025c
ffe5
01aa
0353
023e
01dc
01e0
0147
fff4
fe4c
fe3a
fdc5
fd8e
fd0d
fe42
ff2f
007e
0138
0119
00b5
0110
0089
0002
ff26
ffe5
ff61
fee5
0097
ffcd
ff7d
00da
005f
007c
00c6
00ce
00e2
0030
00f8
002a
ff6c
0054
010c
ff2c
fe99
ff6e
ff43
fe6f
ff64
ff29
ff7b
005b
ffcb
00d4
0241
00e6
01b3
017f
ffed
0067
ffe0
fe00
fed1
fe93
fd14
fe9c
ffd3
004a
00a8
0070
01a3
0116
017e
023c
01fa
0229
01d0
feeb
ff32
fece
fe4c
fe6c
fdd7
fc90
fe16
ff7c
fe57
01a8
02fb
00d6
016d
0182
007f
019a
00fd
0085
ff3a
000e
fdb9
ff07
fffe
0026
ffa0
00af
ffdf
0085
014c
fffd
ff93
004f
fe9e
fe6d
001b
fed0
ff32
003e
fed0
ff46
013b
ff51
ff70
fff2
ff5e
ff5c
0201
025e
0352
024c
01b9
0198
0205
ff26
ff06
fd32
fced
fc8a
ff53
0095
01c5
00fe
011c
ff70
0036
018d
0125
fe97
ff14
fcd5
fd84
00b3
0132
0034
0010
fe7e
ff4f
00f2
005d
008e
016e
ffdd
018a
0275
010e
027b
0065
fc67
fc97
fce2
fe40
fedb
feae
0164
00c3
02a2
04ab
0336
0260
0147
fed5
ff72
ff5d
fe5e
ffa7
fed4
fdd2
002b
ff86
ff3d
000a
fec8
fe2a
ff33
001e
00e0
0180
0185
0214
02ab
01cd
0014
fede
fd98
fe34
fe36
ff30
0021
ff2c
0091
018c
00e6
024e
01fb
fff2
ffc6
007e
004c
ff7e
ffae
ff9e
fdde
fd73
fec9
ffb8
feab
0005
0133
0158
024e
02a9
01a8
0161
ff5e
ffff
fe40
fc65
fe15
fe4c
fdfc
028d
0279
00e2
0287
0139
feaa
feec
fc89
fc7a
fe04
fe0c
ffc7
01e6
02e6
0422
026b
ff79
ffb5
fe81
fc84
fdae
fe18
ff31
007d
0106
018a
0194
0043
00dc
00c8
ff0d
0038
0121
00b0
025c
0304
01bd
00c6
004f
fdfc
fc08
fbfc
fba8
fc38
fec7
003c
00c7
03e4
04af
040a
03bf
00dc
fe60
fe0d
fb6e
fc94
fef4
fded
feaf
00bb
00f6
0066
0353
0215
0068
007b
0057
ffed
01d2
01cd
015b
0124
0136
001f
fec7
feed
fe4d
fd77
fbc6
fd5a
fed3
0079
015f
01fe
02bb
0265
028e
0212
ff53
ff18
fe47
fcd1
fe87
fffa
ff1f
ff63
ffc2
0089
0159
015c
0030
00e1
ff06
ff2c
0109
0077
00c9
024a
004e
ff68
0216
001c
fd09
fe64
fd63
fc32
fe2b
ff8e
00ca
0259
0393
03fd
0405
0318
00f2
feb8
fe0f
fd19
fd11
fdd5
fde1
fe18
ff9d
fe5b
ffb4
0270
0101
0105
0004
fdba
ff97
0111
0046
0151
0037
01c7
00c5
002d
006e
fed1
fc04
fe05
feab
0000
00a5
01ce
02af
024d
0222
0261
010d
fea4
fde0
fd22
fd18
ffb2
ff50
fe17
002f
ffc9
ffe0
0142
01d7
013c
0060
ffae
0063
01b2
01dc
010c
00a6
ffa2
ff08
fe74
fda4
fe59
fd44
fde4
ff66
00a9
0339
03cd
01f1
0446
0251
00ba
01a9
feec
fdfe
fea2
fcee
fcc0
fdee
fcdc
fdf9
0005
0066
01c7
01f6
0158
02d6
0308
01f1
02f8
0194
021b
00d8
fe34
fd8f
fc9a
fb42
fc46
fbb8
fcfd
ff9c
0084
0224
047e
0504
048e
038e
02cb
019c
fe93
fe79
fd23
fb2d
fc6c
fbb2
fba5
ffa5
ff6a
0052
02d6
0439
0255
02e4
0325
0119
01b0
01dd
feef
feb2
fd9f
fc6d
fcb9
fbcd
fcf4
fe9b
ff3e
0292
0455
0378
046a
053c
03c5
01f1
ff63
fd26
fd04
fc15
fa7f
fb67
fb07
fd00
ffc9
fffd
0315
049e
03cb
042b
0453
033d
01ef
ffab
ff09
fc24
fa6b
fb60
fb1b
fb4f
fedd
ffe2
0105
034d
03ce
0418
04a0
0368
03c6
02cb
ffdd
ff77
fed4
fd07
fcc6
fced
fb86
fc82
fc44
fd6e
fef3
01e6
02d9
03f5
03ec
039f
0303
02e0
0190
ff9b
fd6b
fd9c
fd64
fd6f
fda2
ff1d
ff4a
ff7a
00e9
0277
0218
0365
0304
0030
ffff
02ac
00de
ff73
fea0
fdf4
fde5
fdb2
fd7f
fe04
fd82
fde8
ffe2
003e
01a8
044c
0261
0254
044c
012b
fe8f
ff2f
fe91
fe96
fedc
fe19
fec1
fecd
fe3a
0074
01b8
0142
02c8
013c
ff7a
01f5
0163
005e
ff52
fddc
fda9
fd9a
fdea
0014
ff7d
000f
00f5
019b
0232
032b
0213
01b7
0058
0003
ff6e
fec8
ff60
fe84
fd47
fe0e
fe32
fdc4
fde4
fdf9
ff01
0016
0222
0384
02f1
0337
038d
025b
01f7
018d
ff89
fe31
fd44
fd67
fd50
fd3b
fdf8
fea6
ff04
ff7a
009b
017b
020b
02ce
0161
01b2
0225
022a
ff42
00c9
ffe2
fcfb
fd9d
fe8a
fd74
fecf
ff4e
ffcc
01b5
0217
015e
02ce
0197
0121
00c0
ff79
fefd
ff8b
fdaf
fe4e
fe7c
fe67
ffac
fef8
004f
020a
00c4
01a4
00ee
0158
0158
00f8
003c
00f3
fef6
fee4
fefd
fe0c
fd84
fe2f
fd4a
ff51
00c8
007b
0164
02ee
0163
02dc
0202
0135
ffbe
ffa2
fe38
fcc8
fe41
ff65
fcdf
ffb4
0078
ffc8
017d
01f3
002e
01a4
00c0
ff86
012f
0161
0055
00ee
fec3
fdcd
fe23
fccd
fd85
0046
0004
00d5
0281
02af
033d
0240
fffe
ffcf
fe3b
fc1b
fdbc
fd48
fdcb
0005
0038
ff5e
01a9
0196
0086
00b3
0161
021e
0242
0263
02d5
0338
0227
01d6
016a
ff8a
fcef
fac8
fbba
fc55
fd29
ff7b
ff08
002e
021f
ffd6
ffca
01ba
fedf
fecc
ff19
fdce
fff5
01be
013d
0266
0315
001d
00a0
00d5
0000
ff79
ffea
fe0b
ff71
ffe3
ff24
ff1d
00d0
ff80
ff3c
001a
0046
000f
00ca
0159
010b
0187
0163
006f
ff82
ff76
ff0d
fdf4
fdc4
ff9c
ff6e
feee
ff60
ffce
ff0a
ff36
0006
00ec
0114
0065
001b
01dc
0024
ffae
ff78
fdbb
fda1
007e
ffb4
00e2
02fe
02bc
01a1
027b
023b
01f1
0069
fef1
fedf
fd85
fd10
fe50
fef4
ff11
ff9a
001b
008f
0029
010c
ff85
feca
ff79
0091
ff87
00cf
015a
00c7
ffbf
ff91
fefc
ffa8
ff3a
fe01
0160
003c
00c1
01ed
0176
0111
0172
0088
004b
0095
004e
ff5a
0047
00de
006c
005a
fe40
fe06
ff65
fe0b
fe52
ff03
0005
0016
fff4
0286
0257
00af
0076
febd
fde7
0033
ff38
feb4
0017
ff86
ffef
0245
01ca
01c2
029b
001f
0074
00f5
fff3
fedb
ff72
fe73
fe06
ff2b
0001
ff5f
ff89
ff76
ffe8
ffdd
00c7
0042
0027
01de
017c
01aa
0323
0114
ff5e
fed9
fe6b
feb1
fdce
fc8a
fcb2
fcb6
fe8a
00c7
0144
01ca
0245
00ff
00fb
01a9
0143
012f
ff54
fdfa
fe15
fe43
fe0f
ffcc
fe6d
ff90
007c
0027
0146
02f6
01f2
0315
0292
011d
018e
ffce
fed7
0051
ff1d
fdf9
fd84
fdc3
fd42
feb3
ff7b
004c
00fc
029a
00cd
fff2
013b
011b
fe31
ff55
ff03
feef
ffdc
fff6
0157
0160
0048
014a
00f6
ff2c
009d
0030
ff32
0059
001f
ff18
0153
01a0
0005
0031
fede
fe6d
ff50
ff7a
ff56
0081
0091
0181
023d
023b
023a
022a
fff7
fece
ff32
ff82
fe9b
fe98
fe87
fcea
fd2a
ff24
00d0
00e2
0128
016d
0087
00bb
01aa
0002
004f
0056
feb9
fe33
fe35
ff23
ffbb
fce8
fe81
006b
ffe5
018c
0243
0143
01ca
012c
02bd
0283
0177
002a
fed6
fed2
fec4
ff5c
fde2
fda7
fdda
fe28
ff5c
01e3
01e5
0134
ffa7
0123
009e
ffad
ff6c
ff11
fd91
fcf2
fe14
ff87
fefd
ff8c
fff5
009b
018c
024a
02af
0130
0170
01d5
004a
00ee
0030
ff44
ff67
fe74
ffc0
00e3
00ca
ffcb
ff6c
fea1
00b0
ff75
ffb9
ffaf
ffe0
ff98
00c7
00dd
017c
ff43
fe86
fe59
ff49
fe71
00df
0049
0164
0210
02d6
0283
0264
017d
0047
fdda
fec0
fff3
fd42
fd09
ff11
ffd6
00f0
023e
01b4
ffd5
ff5e
febb
ffd6
00a5
0065
007e
0051
0052
0272
02f2
0105
ffb1
fe1b
fc75
fcb4
fe50
003e
ff96
ff53
005c
0166
027c
029f
0118
0006
fed5
fe99
fe48
008b
00d7
ff9d
0031
fff9
005d
ff93
ff46
feef
fda1
fe35
ffda
0021
01eb
02e8
01af
0200
026c
0032
0078
fee5
fd2b
fe7a
fec1
ff82
0200
0109
0013
fff2
fea4
fe35
ff29
fee1
fd75
fdd0
fe1d
ff38
0222
02f0
0356
0279
00f1
0189
00b1
ff79
ffda
feed
fe61
ffae
fff0
ffc3
ff49
ff2c
fe1e
fd2e
fe8d
ff50
fd9d
ffe7
0275
0177
01fd
0310
01ce
01b8
0195
0127
00f3
ff69
fee8
fe9f
fe4b
feee
0191
ff5b
00af
0119
ff33
fee6
fe77
fe1c
fead
fd96
ff08
0176
01bd
018e
016e
0162
00e2
011d
0087
000d
ffc1
0020
ff2d
ff7b
018c
01f6
ffdc
0092
ffe4
fe53
007e
ffe9
fe82
ffad
fef7
febf
019d
020c
00d4
00a5
ff58
feb8
ff95
0041
feca
ffc9
ff22
ff83
0154
021a
01c7
00c3
0015
ffa6
ff9c
ffdd
feee
fe3d
fe3b
fd42
fcd8
ffd4
0155
ff30
009d
0149
ffda
0228
0223
ffe4
0093
0085
ffd9
002c
ff75
ff49
fdff
fcbd
ff78
ffc8
0007
ffe1
008d
00c3
014c
0136
0104
001b
ffdd
ff71
ffb6
0058
0198
ff75
fed1
ffe9
ff61
0073
00cc
ffd6
00ee
fef6
fe6e
000a
ffbd
fee8
ffc4
feee
ffa3
00b6
010b
0154
0146
ff2b
feaf
ff1c
ffe1
00c3
0101
00aa
02ae
024b
01d6
0157
ff43
fea2
ff32
fdb3
fd62
fe0c
fdb0
fd9f
002f
015b
022e
0266
01ef
0115
0175
00b2
0131
006f
ff89
fed0
ff21
ff77
ff02
ffb7
ffcd
fe27
002d
0048
ff83
0175
01f6
ffff
0156
0078
fefe
013f
013d
fe87
ffa3
ff39
fcd2
fe7c
fe63
fdf1
ff3a
ffc7
0058
02cf
0223
01e3
03a4
0363
00f5
0104
0043
ff00
fe88
ff7f
fd92
fe33
ffc0
fda8
fdab
00c8
0097
ffa0
0029
ffcb
ff6c
00b5
007e
009b
01a9
004d
ffe4
0011
ff29
ff42
ffbc
fe83
fe90
0088
0048
009f
0263
01d7
ffb2
ff44
0005
ff40
fe43
fee2
fd27
fe28
003c
00cd
024b
01e9
0082
02bc
019e
0040
0295
ff67
fcb0
001f
ff60
fd5d
0069
ff9c
fd15
000f
ffa7
fe99
0119
00c3
fff5
0171
023e
026d
02d0
0269
019f
01c5
fff3
fe87
fdfb
fd63
fd1b
fbda
fcb9
fdeb
fdba
0041
013d
01f7
04a0
031b
026d
02ee
00f4
002b
ffd8
00b2
0035
fe48
feef
fe61
fcec
fe17
fe02
fda9
ff76
00f8
007d
01f5
02fe
038d
0250
01e2
00f3
ff25
fd8d
fd70
fd55
fcb6
fc77
fe7f
ff85
00e4
0219
030c
0391
038e
0292
026b
00cc
00e8
ff3e
fce8
fcbb
fd29
fb94
fc4a
fcd7
fdad
ff44
01e5
02e5
0409
051e
043f
0282
0144
007d
ff39
fd18
fe26
fe99
fd3a
fd9a
fcea
fc9f
ff4b
fea4
fff6
01a8
014f
019f
02ed
02f4
03b6
0398
0003
fedb
feb6
fd91
fcb2
fdef
fe98
fe35
ff2b
0155
01c8
024b
0393
02af
015e
01fa
0099
ff4c
ff25
fe95
fe1a
fe56
fde7
fe2f
fca1
fe8b
005d
007e
0171
030a
01c4
0239
01af
0166
00ba
fff7
fe20
ff01
fe0b
fe83
0035
fea6
fdd4
004e
ffb0
ffc6
01ce
01bf
0206
02f5
020a
01f3
021c
025b
008a
fece
fea7
fd96
fc1f
fbe0
fc33
fcba
ff23
ff35
0172
02e0
0322
03d5
0462
0256
0167
0013
fdc5
fe77
fe99
fb49
fbc5
fec0
fe10
ff19
00f6
017c
0197
02dc
00ca
01aa
016b
00f3
01ad
0143
ffcc
0150
fe7e
fcf3
fe29
fd09
fc92
fe8a
ff5b
0098
02ec
024d
04e2
04ab
0289
0237
008e
fd4f
fd73
fb11
fb4a
fc47
fcff
fdca
ff4b
016f
0217
01a3
02f6
028a
0256
0249
01e6
00df
000f
ff00
fe08
fdd2
fcf3
fc20
fd11
fdc1
00a2
01bc
01b8
0453
052e
03ec
031c
0261
0105
fea4
fe1b
fd53
fdd1
fde1
fd2e
fca8
fcf9
fe86
0069
ff3e
0167
02eb
017b
02b0
0499
02b9
0218
020b
0007
ffb7
feb1
fadf
fbfe
fc3a
fc7f
fdaa
ff31
017a
02a9
0307
044c
0265
02d3
023a
fe7d
feea
feec
fd2b
ff91
0054
fe67
0010
0085
ff77
0141
00ea
fe9a
00a6
ff8e
ffc7
ff42
0023
0009
fff7
0107
0116
ff17
ff65
fe38
fd03
fe7e
ff83
ff4d
01f6
0149
01d9
040e
0283
0112
02a4
ff04
fd81
fdf8
fc4b
fc2d
fdf1
fdf1
ffec
01aa
01b8
02ba
0285
022b
01bf
ffad
feff
ff73
fe0f
feab
ff0c
ff15
ff64
002b
feeb
fe66
ff3e
ffd8
ffce
ff72
0028
017d
0146
0280
03c5
01d6
00a7
0125
ff78
ff56
fe2b
fc6e
fd41
fda0
fd50
00d5
018b
01c6
0241
ffb9
ff4b
ff97
ff02
fe3e
ff27
ff5d
003f
0166
03ba
02c3
01e7
00ec
0065
fed2
ff74
ff34
fdb7
ff40
007f
002c
010d
01bc
021c
00d8
ffff
ffc2
ffa3
fedd
feea
fdb7
fe50
ffc6
003c
00e7
011a
ff37
ffdc
ffd5
fff4
00a1
ff0a
fe30
009d
01ca
0122
023f
0268
0085
fff4
fff3
fe91
fe71
fef6
fdae
fccc
fe0f
0028
0059
0027
013d
0206
009f
01ff
029c
0107
01f1
00e5
ff2f
ff39
ffd1
fff2
fe9a
ff50
ff7f
fecd
ff2f
01d0
0036
ff1e
ff46
0095
0011
ff9a
fecb
ff46
fe5f
feed
fed8
fe0e
fd58
ff94
ff4a
ffb9
0303
043a
01d3
0210
026c
020f
00fe
00a9
ff34
fe0f
fda5
fe91
ff8b
ffce
0035
ffe4
ff5d
0096
0080
012d
ffea
00db
00e7
fff8
007f
0155
fea8
ff0b
fe4c
fdb6
fefe
fee4
fe0a
ff76
ff48
0044
02e3
0155
01c1
0214
ff67
ff3d
00f0
ff13
fe69
005d
fe7f
fe10
0021
ffab
ffff
003d
004d
0013
0059
0285
03e4
02ce
0240
023b
ffda
0025
0026
fe57
fe60
fe62
fd49
fffa
0124
febd
ff15
fe4b
fd11
fe1d
fe89
ff1e
00e7
0021
011b
0294
029a
0178
002a
ff64
fed0
fd47
ff27
fe76
fe39
014f
0158
00cb
0412
0301
013c
0166
009e
0048
001f
ff98
ffb3
005f
fefd
ffc3
ffda
fed0
ff2d
fe60
fcee
ff05
0001
00b9
0099
0187
0018
fef3
feb9
ff60
fe17
ff8e
ff12
ff3b
00f8
0184
0183
03d5
02a0
0121
018c
ff7e
fe5e
00bb
ff01
fe0f
0179
00ab
002e
013d
ff69
fd34
fee0
fe04
fcd3
ff22
ffe9
ff7e
0160
0284
0361
02a9
0197
000e
fefb
ff2b
ff31
fea6
ff07
fcd2
fcf3
ffec
ffc4
00a4
027a
0099
ff99
0198
0098
ff4b
018b
0049
fe61
ff4e
fee0
fec8
ff3a
fe60
ff87
0083
0086
00ce
00e9
0137
00cd
014c
0286
01e0
0151
00c6
0031
0080
00e2
ff58
fd69
fdc3
fd27
fcf5
ff21
00b9
004e
004a
ffa1
0182
0148
01ae
0175
0078
fecc
ff19
fe8a
ff07
fef8
feee
0000
000a
00fd
0320
0171
0242
02a5
013d
003b
fffa
fd9b
feef
fe95
fdb2
ff27
00c6
ff0a
ff6c
0095
0022
014d
0109
0054
0091
0006
ff82
00fc
01d0
0078
0016
ff9a
ff17
ff78
011a
ff83
ff52
0102
ffbf
ffbf
0141
0145
00db
00ef
ff44
fef9
ff93
ff24
fd63
fefd
fddc
fe48
ffc6
ffe9
ff4e
00f3
00e9
0261
02f3
0330
0272
0057
ffb3
003e
fd54
ff2d
ff24
fe84
fd80
ff67
0012
00cd
0113
01b7
ffe7
0015
ffdd
ff64
004e
fffe
ffbf
fedd
fe7b
fea1
ff3e
ff68
ff2e
fee5
ff9a
ff9e
0074
011d
0048
0050
010b
0105
01d1
0135
ffa6
001f
ffd0
ffcc
0057
ff01
fdfd
feab
fe06
fec7
011e
014d
0097
025f
01d4
016b
029c
00a6
fe08
fe51
fcd7
fd48
ff1e
feff
ff9d
ff96
01c6
02ee
02af
0201
ffc3
ff78
fff8
fe8e
fed3
0025
fe69
ff9c
0111
fffd
0297
02aa
ff69
0082
010e
fea5
ffb5
006a
0038
ffbe
ff60
ff9b
012c
ff5d
fdda
0005
fe6b
fe0d
001f
ffd6
0028
024d
0184
00bd
01ed
0160
0013
ff96
0174
0088
0033
008a
ff60
ff03
006f
feb0
ff7a
feed
fcb1
fdad
ff97
ff1e
023c
0294
00b3
00fd
01c5
007b
00ca
ff1d
ff21
fe96
fea8
febf
0118
ff86
006e
ff89
fe96
ff0d
ff7a
fda0
ff5b
009f
ff6a
0194
0255
0104
0165
00d1
0061
0181
ff9c
fe72
fe8e
fde1
ff23
ff5f
feac
ffbe
fefe
fea0
ff57
00b8
0152
0110
ff6c
ffc8
0052
0080
0099
ffc3
ff7a
ff64
ffad
ffba
003b
ff5e
ff92
ffc3
0076
01fa
016f
0053
0198
012c
0134
027b
0047
0075
feb1
fc9f
fd33
fed3
fe7a
feeb
ff03
ffe7
0190
01c5
023a
01e6
ffff
fed0
ff2e
ffd7
00e4
01e5
0174
007b
0033
0011
ffac
ff08
ffd5
fed6
fefd
00cc
023a
020c
02a8
0185
00d1
01f3
0131
fec5
fe7a
fc2d
fa14
fc2d
fd5a
feab
0181
00e1
01f1
0545
03c7
0220
02e1
0043
fdae
fe32
ff3f
fec7
fef5
ff4b
fdde
fe6e
00d7
0015
fde8
00ae
ffae
ffc4
0136
031b
02aa
0364
00e1
fff2
0103
feb9
fc86
fd60
fa6e
fc1c
febd
feaa
0163
02b5
015f
01f1
0397
0324
014f
0031
ff99
fea0
fe60
ff45
ff3a
ff16
ffbe
fea9
ff45
0064
0046
001e
fe4f
fd82
ffe5
0055
ff93
023f
019a
ff79
0132
0135
fda7
fee5
fd27
fc37
fda4
007c
0159
016c
01c5
021f
028c
0346
02f6
01b0
ff53
fd14
fe46
ff52
ffb1
fe72
ff86
fdda
ff7a
020b
0155
00db
020d
fe70
ff14
01e1
0164
0051
01ab
0062
ff00
ffe0
fe75
fd66
fdfb
fcbe
fdc3
ff49
0146
032a
0294
0400
0454
033a
02c0
005c
fe9a
fd82
fb8d
fb93
fd45
fd3c
fe2b
00e5
01d7
034b
0484
0486
03ae
023a
0069
feb6
fe2f
fffd
ffb0
fd22
fd76
fd50
fcb9
fdf2
fdc3
fd3d
fdb8
ff4d
0003
0465
053b
05fb
0579
0358
0371
01bf
fcc2
fc6a
f9d3
f84c
fa0c
fc4f
fed2
010f
0205
0465
0627
05da
04ba
02d3
ffc5
fe3d
fd9b
fdb0
fdb2
fdf0
fc5f
fc66
fd5c
fe2c
0071
009d
016b
012b
028d
03b2
0390
0300
0204
ff1b
fda8
fec4
fd9b
fbea
fbd3
fb07
fc32
fed1
ff9a
01c9
0407
0315
0347
03e0
0286
01db
00d3
febf
fdab
fdf8
fd88
fe67
fe5e
fefe
ff53
ffc1
0162
03c5
02fb
02fe
035a
026e
0205
0167
0020
fd7e
fc6a
fbb1
fa75
fc70
fe41
fda4
feda
0142
029f
0521
05c0
0375
03dc
0266
000d
018a
000e
fd91
fdb0
fcba
fb45
fde7
fdc9
fd6f
002c
015e
0108
02e4
02d6
027e
02bb
00f9
0144
0163
00dc
002e
ffce
ffd7
fea4
fd64
fda5
fd88
fe8f
ff4b
0016
00e7
027c
018c
0194
028c
017e
fe17
fe7d
fdb3
fd4d
fd45
fdd4
fdf3
ffb1
00e6
02c0
035f
0340
02ac
01b1
fec5
005a
0127
ff9f
fe85
fe0f
fc19
fbac
fd05
fe45
fe0a
001e
00bc
01cb
04bf
0611
03ce
039e
02db
ffe7
fecd
feb2
fcea
fd31
fcce
fbbb
fd5d
fd87
fd6f
ff2b
ff80
ff55
01bf
01b2
0121
02e8
0422
01e6
0193
0162
0073
fe72
fe8e
fe01
fc9e
fdb0
ff4e
ffef
0017
0129
00cd
020a
0270
0349
027f
00b2
00bf
0044
fde1
fe7d
fe7b
fd99
fc79
fdcc
fee6
0137
0296
028d
02cc
0316
0138
01c7
00d9
ff6a
fe93
fd9c
fd37
ff0f
fe66
ff98
ff21
ffd6
0009
ffda
0047
0188
ffd4
00f2
00d9
0040
021c
024d
ff4b
0052
fffd
fdb2
ff70
ff9f
ff1e
ff47
ffe8
00df
01d4
0308
02c6
0160
006e
ff00
fe4c
fe9a
fe7a
fef6
fdad
fdab
ff89
000c
feae
fe07
fed2
fe84
feeb
0166
0164
01a4
030a
0257
01e8
0272
012d
0042
fe17
fc65
fd8e
fcc7
fca9
ffcc
019b
015d
01f5
023f
0366
021c
001b
ff7f
fe64
fd6e
ff57
fee8
ff1a
0111
004c
ffb9
0173
0064
fdf6
ffc0
fe0b
fdf4
febb
ffa6
00ae
0210
01ba
027d
026a
01a2
0034
fe17
fd15
feb2
fe3f
feb6
0034
009c
00b9
0166
0063
0212
ffc7
febd
ff3e
fe19
fead
00fe
01b1
016a
0104
0180
015d
0130
022f
015b
ff08
fd67
fe56
fe67
fdf9
fee2
002e
0051
005a
013d
012a
0042
0093
ff2f
feee
fefd
fec9
fdd3
ff45
ff98
fffb
01b9
021a
014b
0274
00a2
ff8b
013e
ffa7
fddf
ffe2
ffd8
0006
0278
0230
0100
02db
00c6
fd6a
fdf7
fd57
fcfe
fe26
fecc
ffdc
0159
02fa
01ba
015c
01b7
ff36
fdf5
feab
fd05
fd34
fe53
fffa
027c
0314
0257
02cb
025f
ffd7
fedd
fdad
fd8a
fe5c
fe8a
ff09
00f9
01a6
0100
007a
ff6e
ff08
fe6e
fdb9
fdf8
ffd4
0031
01fb
0325
0361
02ee
030d
fff9
0007
002b
fdb2
fd5d
fe7e
fe81
ff80
000d
00df
0036
ffa3
ffd9
ff50
ff6c
0078
ff6d
ff73
009b
005e
0081
00a7
ffa2
ffde
ff6d
ff60
004e
0073
ff9c
01b2
0250
01a1
013f
ff11
fea8
fe77
fe7a
ff41
fe68
fd5f
0055
ff09
feba
026a
00eb
ffcd
01c3
00dd
0000
0173
00cf
013c
024e
020a
ffee
ff9b
fe6c
fd3c
fcb6
fd3d
fe28
fee3
ff39
00dd
024e
044b
0341
0225
0156
ff56
fe0f
fe24
fca5
fe77
fec9
feb4
00cd
0213
00ce
019d
00e3
ff11
ff61
feee
fe5e
003a
0031
0039
0182
0071
014b
016c
0081
ffed
ffef
ff27
feea
ff31
008d
ff04
fde5
ffbe
fea8
ff7e
0152
0018
00b8
01f4
0007
0073
0135
fea3
ff5c
ff91
ff41
014e
0169
00be
0246
0292
010a
0128
fffc
fd42
fc44
fcb1
fc24
fd8c
0112
fff2
ffea
00f1
019b
0131
00c5
0128
000f
ff9b
0055
0141
0258
02b3
013f
00c7
ff6c
feab
fe99
fe9b
feab
fe6d
fda5
ff3e
02ed
0433
02ea
021e
01f2
0039
febb
fdd6
fc34
fca9
fc0a
fd29
fe0e
ff41
01c6
0166
011b
02b5
017e
0050
0142
0108
ffca
00aa
011d
010b
fffe
fff0
ff09
ffe9
ff71
ffc2
ff84
fdc4
ffd9
019e
00ad
0075
023a
0136
ff37
00a4
ffc6
fe2b
fea5
fe96
fce2
ff4f
ffca
fed9
0133
0143
009d
022e
008e
0021
0184
fe7b
ff44
0146
ff88
fedf
0034
ff57
ff09
0046
00c0
ff75
004d
00fc
00f2
00cc
0242
020c
ff60
fef2
ff9a
fd38
fe67
ff2e
fe57
ff06
ff07
ff77
0161
020a
027c
0295
012f
0015
00fc
ff7c
ffe6
01c1
ff88
ff96
ffb9
ff5c
fec6
fdac
fe5c
ff15
fe6e
fef6
00a3
fffc
005e
022f
01b2
01e7
029b
015f
0010
ff48
0065
00b8
fef1
0116
ffa1
fdaa
fef9
ff2a
0020
0099
fe4e
ff4d
000e
004f
016a
0166
003b
ff3b
ff8c
fe3e
ff60
00ea
ff9b
fea0
ffcc
ffcf
0073
ffce
ffe8
fec9
fe27
0014
00c5
00e2
021d
0082
006f
01ad
0188
00b8
ff69
fda5
fdd9
ff99
00eb
0280
019c
002a
ff82
fff5
ff7e
0010
feb9
fda3
fe59
fdac
ff87
0265
0052
013e
0163
fe0d
0022
00d8
fe40
fedc
ff6c
ffb8
027e
02ee
01b4
014f
ff1c
fe2d
fe6b
fdf4
fe2a
fd37
fdac
fff4
027c
020d
0360
02a0
00d8
ffc6
005c
ff44
ffca
ff0a
fe0e
ff28
0149
01d5
0100
0130
0019
fe93
ffee
ff39
fd7a
000a
fda8
fdb7
01bd
0267
0167
02a8
ffe6
ff2c
ff67
ff51
fde0
ffb9
fe91
fd91
ff6c
00f5
01cc
02b5
0212
0199
01fa
0089
ff67
febb
fee7
fec7
ff38
00ac
015d
0027
0067
ff1a
ff55
00cb
ff92
feb3
ff59
ff02
0033
0267
0267
0106
0039
ff2e
006c
ff8a
feba
ffbf
fe08
fcea
009c
fff8
ff43
00cb
ff8d
ff20
00fb
01c9
00a5
ffc8
ff10
ff4d
ff22
002c
0096
fec4
ff18
ff96
ff68
016c
00b4
00ce
027f
0063
0120
0330
0052
fecf
00e1
ffd4
ff26
fff2
0033
ff02
fee3
fdc8
ffdd
ff4a
fff0
fee6
fe4a
ff3e
013e
00c5
0159
0169
0064
fe9c
0025
0168
ff9d
ff34
ff3e
fe19
ff16
00c5
011d
0171
016d
011a
ff79
ffee
0132
0114
ffff
fff5
ffaa
00fc
ffd3
ff19
ffbc
fdfc
fdd9
ffa2
002b
01cc
019e
004f
012c
0165
00bb
0107
ffe2
fe01
fd3f
fd5e
fd96
001e
ff6e
ffae
008d
009b
00eb
0166
00a3
00ed
0008
010c
01cc
00a2
01a2
021e
fe24
ff0b
0039
fce4
fcff
fe29
fc42
fdbd
ff5e
01a3
02c4
03de
0349
0286
022e
0194
ff69
fecd
fd6f
fe39
fe2f
ff30
00f1
01a3
0056
ff9a
0017
fee4
fea7
ff59
fd62
fdcb
ff90
ffee
01a9
0256
0123
0143
0078
fef7
ff4e
ff6f
fde6
fff2
01ca
00e8
037b
02e7
0021
023e
fee4
fdbd
0138
ffd6
fe3b
fdc9
fea1
feef
ff5f
ffae
0043
ff6e
00b1
013b
01dd
015e
014e
014f
ffdb
ff06
ff1f
fe22
fe3c
fdf3
ff2f
fee0
ff6d
0101
016b
00bd
0242
022a
0224
00e7
ffc7
009d
001d
ffe3
00c9
fe97
fe68
fee1
fcf3
fcac
ff13
fe2a
fef7
0131
014b
031f
0271
0342
0330
024a
0067
ff69
fceb
fe01
fd0a
fc13
fe5c
ff39
ff67
00b0
00e7
0143
02ad
0192
00be
00f5
ff73
ff48
ff83
ff15
ff74
ff4a
fde8
fec2
fe3b
ff8c
ffee
ffcc
02fe
0337
01e6
032b
02ad
0073
007c
0069
fe12
fd94
fdd1
fd30
fd82
fed8
ff9f
fff2
0031
00ef
0271
016b
01f1
027f
fff8
011d
010e
ffb1
00c9
0016
fedc
fff4
fde4
fbf4
fc94
fcb1
fe93
0006
001b
016b
0353
01ae
01ec
01b3
01f8
ff83
fecc
fee3
0054
ff2f
0128
0117
007a
0026
01c6
ffe3
000c
008c
ff5f
ffd3
026e
0114
0171
00fe
ff4e
ff13
ffb8
fd3b
fcbf
fce9
fd1f
fdcb
0163
0200
0216
02ff
021c
005f
0163
00d3
ff56
008c
fdad
fd37
0006
ff36
ff6d
0007
fd6d
fe4d
0046
ff83
ffe6
01f8
02b4
03b3
045d
0342
02d5
01c8
fe5d
fd4d
fd32
fc69
fad6
fc02
fbdb
fdb0
005f
0129
0287
0316
0358
0198
01f8
02cd
0145
ff02
ffb5
fd4c
fda0
fe09
fd20
fe54
fef9
ff5e
0019
ffc7
0195
024a
00bb
016f
021a
00af
00b9
012f
ffa3
0013
ffe8
fd2a
fce6
fe87
fe51
fef5
00b8
01ce
00b1
0189
0279
0213
01de
011f
ff35
fec6
fe9b
fe53
ff4f
000e
fe83
fe98
fead
ff11
00b7
020a
011c
0094
00e7
01e5
0179
027b
0200
0045
fe58
fed6
fdc7
fbe2
fcb4
fccc
fe51
00cd
0179
0278
0410
038b
02de
0337
026e
ffd7
fed2
fd86
fcc4
fd82
fe00
fe0d
ff67
0063
00f9
00a2
00f1
01ff
0065
015c
0231
010d
01dc
0177
ff1c
ff9a
ff75
fd14
fd14
fcd2
fd0d
fdd9
ff67
ff89
0171
00d7
0144
029e
01fc
02d8
01f4
ff56
ff47
fe97
fd41
fe95
fe70
fdb6
fe1f
ff4f
ffb5
017a
0213
019b
031e
037b
0227
0048
00d7
ffa8
fe34
fdbf
fc9a
fcb6
fe75
fdbc
fe0c
0041
fff8
00c8
014d
01ae
019a
015e
0032
00e8
ffae
008e
00a0
ff76
fef3
0121
fefc
fedb
0111
ffa6
ff27
0106
fff4
01e1
00d1
fec1
ff57
ffad
fec4
00a4
0075
ff79
0052
005b
ffbd
ffaf
0011
ff9c
fe3c
ff88
00ab
0128
0210
02fc
00aa
ffca
002b
ff6c
ffdf
00fd
fe6e
fefd
0022
0051
0105
018b
fff6
ff71
fe72
fe44
fef8
ffca
febc
ff93
0055
0108
0321
037b
01a9
0144
ffa7
ff52
ffe5
009c
ff49
febf
fe39
ff85
0096
ffa5
ff59
00d4
004b
ff5c
00f9
0019
fd62
ff3e
ff6c
fc58
ffbb
006e
feea
01a3
0226
0057
01d4
0237
00cc
01ef
01ed
0085
02cb
02f2
ff70
0030
0006
fe23
fcc8
fcbd
fc55
fc0a
fc9c
fc60
fdef
00fc
0140
009c
01b0
01d5
0146
015f
016f
00c5
ff8f
000a
ffbd
0047
00eb
0089
fe8c
fe34
fe06
fef6
ff5c
00ba
015f
00e5
014f
023f
01d6
0209
0022
fe61
ff3e
fe6d
ff1a
fefb
febc
00cc
005e
ffa8
027c
0155
0023
00d5
ffef
ff8a
ffda
ff2b
fe01
feb1
fec4
fe4c
fef6
fff2
ffba
ffc4
ff46
017f
01f1
024f
0230
01e8
02cb
01d4
00ac
01e5
0080
fed6
ff0e
fddb
fd14
fef6
fe5e
fe64
ff3b
ff10
0045
01c5
0269
039f
02eb
019d
0154
0063
fee9
fe57
fd05
fbf7
fc45
fc33
fe5f
0037
0101
01b9
0245
0167
02c4
009c
ff90
0078
ff64
ff03
01a7
0107
00e3
013b
00c3
00a4
00df
ff6e
feb6
fe4b
fe9b
fed4
fedb
fff7
fffc
ff5d
ffb1
ff77
ffe6
001d
ff1d
fe9c
ff77
ff0a
fe69
ffef
ff9b
0031
01f9
00d4
0170
0296
01bc
0118
0193
00d2
00ed
fdcd
fdda
fef4
fdac
fee9
0003
ffc4
00f2
0113
fff7
0186
00e2
ffe1
fff9
0068
0096
0063
00bf
006a
ffbd
ff4b
ff0c
fd96
fdd9
fea3
ff19
ffe6
002c
00db
0153
0200
0312
02e0
01c7
002b
ff5a
ffad
0050
fef4
fe03
fd36
fd98
fe4c
ff06
0082
00ee
00c3
0171
019b
03da
0291
00f8
014d
ff87
fdcf
ff71
fe76
fe29
fed2
ff06
ffe9
01af
014a
0166
015a
00a8
0081
0004
fd8f
febf
fdfb
fcfb
fdbf
ff86
ff35
0205
027d
00b1
003c
0096
0092
0060
010b
013c
013d
0130
0223
025c
007e
ff2f
007a
fe0d
fc7f
fd40
fda0
fd75
fefa
01a4
018c
02dd
0425
02bd
0122
013a
fdba
fcc6
fd03
fb6e
fdce
ff9c
feae
00fa
020d
0087
01f7
024c
0082
0116
0015
00bb
00ac
010f
00d4
fe45
0030
0033
fdcf
fde5
ff15
fd44
fe0f
fdcc
fe72
ff3d
019e
0140
0233
02f5
02d5
0274
02a6
011a
fffd
fccd
fd56
fd85
ff2c
ff52
0074
00f8
024e
01fe
0273
034d
0196
fe1e
fe7e
fcbd
fc8f
fd5e
fd32
fd4c
ffb7
fff2
00c9
023f
018e
008d
0158
0188
014c
0206
0168
0095
00f8
0112
ffdb
ff29
fe6b
fe2f
fbf3
fce8
fefc
0090
00bd
0178
0294
02a2
0286
03bf
0248
0041
ffd2
fcd1
fc97
fe23
fe08
fea1
003c
ff04
003d
0053
fed5
0008
ffe0
ffa2
0050
00ea
011a
0087
ffc4
0052
ff79
0029
ffed
feb9
fe5a
0015
00cb
004c
0246
01e7
009f
0174
00c3
001e
021e
ff46
fe3e
ff24
fd5a
fdf1
ff34
fe05
ff48
ff30
feee
000b
ffe8
ffdd
ffba
003c
00d3
0077
ff9a
00e5
ffe5
0025
0181
015d
ffaf
0055
001c
ff12
0135
012e
ffe8
011a
0079
ffb0
fff9
ff1f
ffed
ffde
fe38
ff4c
ffc1
0057
003f
ff00
0121
011b
0036
00f1
0092
fec7
000e
ffd8
ffdd
00f9
007b
ff99
fedb
fedd
002a
0059
ff83
fff3
feb2
ffb6
0167
00d4
0237
01c7
ff79
ffc4
0207
00ac
fffc
ffec
fe21
ff1d
007d
ff3d
006c
ffca
fdd0
ff2e
ff6b
ffd4
ffa8
ff34
ff22
ff5f
0184
02fe
016e
0091
0058
fe20
fed8
01c5
008d
fe9d
ff61
fdef
ff1a
0163
fe78
ffd0
0126
ff1a
016c
0301
0187
00ec
ff50
fd9c
fe0c
fea4
ff18
fec2
feef
0008
0008
0026
00b1
003b
ff34
ff1d
0025
019a
01ad
020b
036b
02b2
017f
011b
ff70
fed8
fe5e
fbf6
fc6f
fdfb
ff7a
ffbe
006e
008a
0227
0161
ffad
0037
ffae
fe06
0043
0150
0108
0214
029f
0166
ff91
0043
ff6f
fcd1
fe65
feb5
fe7d
fffa
0194
01e9
019f
0170
0103
0072
007a
ff34
ff07
fe25
fe0b
ffab
ff55
ffc3
023f
01d3
ffa9
01f2
0107
ff85
ffa6
004b
fed3
fe5e
fefb
ffe0
fe6a
ff46
ffe0
ff0f
004f
01c1
ff39
ffbc
011e
01c4
0174
00eb
fff8
0150
0053
ff94
02ad
00bc
fc35
fcfd
fcd7
fb3d
fe3c
00fe
005e
019a
0309
0248
0320
04d4
026d
ffd9
fe98
fda2
fd32
fe3f
fe81
fe34
fec1
fe59
feac
0030
0054
0047
008f
ff3e
005a
01aa
015b
021b
0373
00aa
0065
0019
fdeb
fd44
fcf2
fbd5
fea8
ff9e
0115
0116
00e7
0211
0305
02b0
02d4
011e
fed8
fe17
fef3
ff0f
00a4
ffb6
fe14
fec1
fd6d
ff28
0176
0010
0051
0155
0008
0239
0353
020b
0283
003b
ff51
ff0c
fcdd
fcf2
fdd9
fc38
fe39
0041
00e8
02cb
031c
01cc
0343
02cf
01a4
00e8
ffa4
fe07
fce0
fc88
fec0
ff33
fe8d
ff94
ff9d
0114
0250
023b
0179
00ee
fef8
008c
0056
0221
02f2
0019
fe2e
fea0
fcd9
fd97
fd51
fc16
fdb1
ffbe
0107
03e9
0519
0497
048a
02a5
00d4
006e
fcc7
faa3
fab3
fabd
fb6a
fea6
00c8
0175
0459
03c2
04b8
044a
0361
ffec
fe4c
fe01
0015
ff99
fe99
fed3
fdcb
fbcf
fe40
fded
fe4f
fefb
ffb1
00cb
01c2
02c6
0479
0318
02fc
023d
fe76
fedd
fecd
fc7a
fc10
fc1f
fcf3
ff99
ff66
01c6
02ea
0265
02ab
027e
0155
0225
00d7
ff7b
feaf
fe58
fda9
fd8d
fde4
fe6f
ff7a
004b
010d
039e
028b
0135
021c
013f
00ca
0164
ff91
fe78
feec
ff66
fe20
fddd
fe81
fd7d
fe60
00bf
0089
0145
0154
00ef
0274
0367
02b9
0355
01ad
fe6d
fd4e
fd8b
fc87
fcda
fdd5
fc91
fe23
0236
0257
0356
0473
0251
0295
012c
0085
0060
fec1
fd9f
fd82
fc23
fca2
fcd1
fc1a
fd42
ffe0
010e
0203
032e
05f0
0402
03d0
04dc
01d1
fede
fefa
fbcc
fb90
fd00
fc3d
fce8
ff9f
ffab
016f
01f1
00d2
01d2
010e
ff9e
0255
0249
01ee
01c6
00e4
ff6a
fe17
fdd5
fcea
fcf3
fd6e
fd10
fe74
022c
02fa
0317
02cd
0311
029b
00e7
ff3a
ff72
fe7f
fccb
fc7d
fdfc
fcd3
fdc3
ffb3
ffa0
00ec
027d
0208
01cc
0276
0263
0131
010b
ffc2
fedd
fd21
fcbd
fdf5
fd35
fe3e
ffae
007c
0167
027c
022e
02ef
02a9
01ff
01a9
00ae
feff
0064
fe91
fcc2
fe46
fc77
fb91
fe9a
fe90
ff46
01e1
0192
01a8
0366
0385
031b
02dc
02ed
00e5
fe5d
fdce
fe54
fc43
fc7a
fd81
fc4f
fe68
002b
ff8f
0221
0432
023b
03ba
031b
0212
01bf
ff5a
fd67
fdb4
fc48
fc72
fe70
fe10
004a
0110
03b6
03a3
0265
0101
0052
ff25
0069
ffdd
ff76
fe1d
ff73
ff11
fef4
ff78
006f
ff37
ff64
feea
fe7e
ff6a
016d
0067
00cd
0280
0141
00ad
0271
0136
ff40
ffb3
fe04
fdbc
fd8b
fe1e
fff0
0169
00b4
02af
022d
001c
018d
0066
fdf1
fdc9
feb1
fd9e
fda5
0007
0138
021f
0250
0209
0108
009f
003f
ff2e
fe56
ffd9
feef
fecb
0208
0238
00ff
01f3
0187
ffe8
fe53
fc0f
fd76
fe07
fd27
fe89
0036
ffe2
00c9
0208
0189
0012
00bb
009e
feef
ff3f
00d0
fedf
ff7c
0192
00ef
0034
0178
0161
ffe7
fec0
ff96
fff0
ff56
ffdc
ffbe
ff92
012c
0215
0056
ff9f
002a
ff73
fedb
ff85
ff6e
ff61
ff4e
0002
00b5
ff1a
006a
017f
0059
00ef
00b0
ff83
ff28
00db
ff5c
fe4e
ff6f
00f9
00f2
002c
001b
00c0
ff63
ff81
ff58
fe71
ff80
0039
ff7a
00b7
0267
00ea
ffd6
001b
ffd2
0052
ffa2
ffb9
0032
fe3f
fec6
0021
0092
010c
01a3
ffe5
ff2b
0064
012b
fffe
ffc4
00b9
007f
fe49
fff5
0056
ff01
ff65
fffb
fe64
ff48
ff39
ffce
0110
016a
012b
0104
0054
00e0
0003
ffab
005c
010a
00d1
ffe0
ff99
ff95
ff3d
ff81
0075
ff55
ff40
fdfd
feae
ff45
0139
00e6
00c0
009c
0002
ffe6
ffab
ffbd
00a4
0085
0065
008c
ffd5
0084
0194
00cf
ff51
ffbf
fde1
fca6
ff7b
ff9a
fe63
ff8a
ff18
ffcb
003c
ff49
017d
0187
0037
0112
0060
ffeb
0051
0115
017c
01d4
00c4
0040
fed9
ff7b
ffff
ff51
ff24
00e2
fda9
fd6c
0070
00c6
0064
026f
00a0
ff67
00ce
0023
ff55
002f
ff1e
fe89
fdb4
fe1b
ff18
ffdc
0076
0046
009f
00ab
00e7
0168
019a
00c5
ffe0
008f
ff2c
0112
0144
0020
00d0
0176
ff69
fe9b
fe8c
ffad
fea1
ffe8
00eb
00c7
01c4
01cc
018f
00fe
0030
ffc4
fd90
fd3b
fdf9
fe22
ff8b
008a
0186
0281
00aa
0208
01ce
0046
0006
ff94
feb6
ff85
ff04
fed6
ffdb
ffd9
ffc6
ff4d
fe0c
0005
0077
0013
01e2
01e9
0155
0219
01b6
0199
019e
0079
ff1e
fe8e
fdf0
fd7f
ff28
ff0b
ffb3
fff0
febd
014c
02a3
0224
020e
00ef
fee5
ff40
fe13
fd6a
fd72
fd8d
fc0d
fd36
fedc
ff42
00fc
01fb
0179
029c
021a
017e
017e
0178
ffa2
00bc
0130
0051
ff36
0039
ff19
0072
0159
ff6d
fd7b
ff3c
fe77
ff75
ffda
0019
0005
ff27
feaa
006d
ffd6
0075
ffc6
ff96
fedc
ffe3
fff6
fff5
01c7
00bd
00d3
01db
ffd8
00c4
fff6
fe48
ff77
ff5d
fe5d
fe06
fe19
ff49
004e
00b9
01bf
020d
0184
013e
01bb
01ed
01c7
ffb2
fee3
003a
ff20
ff62
00be
0092
ffa6
00c5
fe7d
ffa4
0066
00b1
0063
ff53
ff7e
0012
fe75
0050
024b
00dc
00d6
00f2
ff94
0054
ff95
fe16
ff84
ffb8
fe63
ff30
fecc
ff43
00c8
01e0
01e4
01ad
0052
ffec
ff22
0116
0089
fe45
fe95
fe63
fdc1
fffd
00cc
0126
019a
018d
0081
016d
020f
fff5
ff6d
fe8d
fd00
fed9
ff3d
ff48
ff07
ffa7
fffb
ff1c
fff3
0054
fe7c
fed5
ff12
ff65
00db
0297
00dd
00cd
009e
00bc
010b
005b
fe0e
fd5c
fd32
ff16
01d3
01f3
0121
015f
0024
ff71
ffb4
fedc
ff57
fe6c
fd72
007c
01ba
00d4
01c5
008f
ff91
ffe8
ff6a
ffb8
00ad
ffcb
0089
ffe0
008f
0137
004b
ff11
ff0c
fdaf
fd56
ff86
fee8
ff9a
006b
01cf
0275
0255
00cf
0030
ffa6
0016
008c
0130
019b
01c3
0097
0038
004d
ff6f
ffc0
fdbb
fd38
ff96
ff27
0088
0168
008f
0122
0165
005f
00a8
ffe7
fe88
fe5a
fdd8
ff1d
00c4
00ac
000c
01a0
01b4
008a
012e
0013
ffce
ff9d
fed1
ff81
0158
0027
0027
ff43
fec8
0074
0054
fedc
0156
00aa
fef1
00b9
019c
012b
001d
ff9d
fe8d
fe8e
007f
00a4
ff46
ff5b
0018
fe47
005c
00d1
ffb1
fef9
fcc8
fcd8
0008
0053
005e
0299
ffde
0018
026f
022b
00b0
00bf
fe44
fd58
fe89
00d6
00ef
016e
ff7b
fe0d
ff19
006e
ff92
ff53
fe44
fea7
00e4
0291
0201
030b
0217
003a
00ab
ffaf
fe7b
ffd0
fc98
fb02
fbe5
fe12
001c
0253
0206
021f
02ba
0121
008d
0207
fec2
fcdb
fef9
fd41
00de
01b8
0020
0081
0151
fffb
004e
0170
01b3
ff84
ff88
ff8e
00d0
01d9
019e
0115
ff5a
ff40
ffd4
fe91
fda5
fd64
fcdf
fdb9
0013
0292
02f6
0165
01dd
023a
0195
0287
0180
fe7a
fe43
fd30
fcbd
ffa3
ff7d
feed
ff98
ffab
0122
0321
0291
0249
0106
fef9
fe12
ff2d
fff4
fef5
ffc6
ff18
007f
003c
ffa8
002a
ff72
feaa
ffaf
00fa
0129
0080
00bf
00d4
ffcd
027a
0165
feb0
ff19
fedc
fdd8
ff71
fef6
fdf2
fe83
fd8a
fe28
0090
0240
0199
01d0
00a5
0052
0193
009c
0047
ff52
fe37
fcde
fe1a
ff76
ffa2
feaa
001f
0005
00dd
0209
0298
012f
02a4
0187
0145
01a7
003d
ff42
fe82
fcc6
fdd5
0029
fea7
ff8b
00f2
ffb4
0023
01b0
001f
ffda
ff77
ff2d
fefa
0084
0054
0065
0020
0076
ff40
fe6d
ff79
feea
ff28
00aa
014f
01f0
0272
0231
03c4
037c
0183
00e1
ff18
fc1e
fd6a
fbca
fb44
fe7d
ff70
ff68
0195
039c
0409
0289
024f
00f3
ff86
fef5
fedc
fe1d
ff49
004e
ff85
fffc
fff9
ff32
febf
fdf4
fe31
0018
ff00
0018
0169
0201
021c
0219
0144
00f4
fff9
fecf
fdbf
fde3
fd80
fe53
0036
0253
0386
0380
035c
0312
0172
ffd8
fe85
fca9
fd81
fd8d
fddf
ff3b
feef
fe34
ff62
fe5d
fede
023f
010a
016c
0349
00d8
0104
039b
008b
fef3
ffcb
fc07
fc15
fef8
fd5f
fd6a
005d
ffec
0187
032a
01bb
01fb
0228
0033
fef8
004d
ff91
ff38
008c
0034
ff2b
00b8
ff61
fcd5
fee8
ff9d
fe30
00fb
038c
0136
024b
0274
01ad
024e
ffe9
ff09
fe57
fd3f
fcf5
fd64
fcb9
fef6
ffcf
002b
0132
0159
009e
018b
0129
004f
0094
0043
010a
012b
0001
0022
ff6d
fe5b
fee8
ff1b
fefa
004e
01e0
00d2
01ce
0144
027a
01c1
ff6a
fea3
ffdc
fdb9
fe6f
ff0f
fe24
fdab
fec9
ffe9
0155
012d
022a
0026
0112
01b8
0001
000d
018a
fff8
0024
001f
ff98
ff2a
fe46
fcf9
fdb1
fe6d
ff4a
0072
ffbf
0006
0190
017e
014c
02d4
01fd
00e2
0082
ff53
ff6e
ff35
fd50
fd83
fe62
fe46
ff3f
011f
01d3
019a
019f
00c2
022f
01cf
0033
fefd
fec3
fee5
fde0
ff3b
fefd
fe40
ff13
ff65
fe7f
005a
0027
ff75
ffc0
001b
0181
030b
02af
0329
0218
ffb0
fe3b
ff26
fc9f
fd06
fdff
fd5d
ff9d
01cd
0144
02ef
03fd
02a3
01fa
00a4
0029
ffed
fe99
fdab
fe47
fdab
fca5
ff1a
0061
00c3
01e5
0215
0311
024c
01f1
019c
0132
fec4
feab
fde7
fe89
ff2a
fdd3
fc20
fe8c
feaa
ffb7
0088
009a
0058
0115
0278
0223
0142
029e
0054
fe88
011e
ffe3
fd59
ffa9
fec6
fe0a
0096
fff7
ffb5
013c
01a4
011a
0191
00b5
0066
febd
fed1
fee9
ff43
ff1b
fe94
fd95
ff59
ffc1
0001
0119
0166
01da
013f
008c
0156
0096
fee5
ff70
ff2e
fe63
febb
fefc
ff7b
0150
0089
003f
02db
00db
ff67
005c
fe32
fd7e
ff95
fe55
ff2d
020e
019c
01d6
0308
01bf
00fd
000e
ff23
ff79
ffa1
fef0
ff46
ff8b
fed6
0061
001a
001a
ffcb
ff3e
fecf
fec1
010d
01ed
ffe4
ffde
01f2
00c7
0097
0137
ff4c
fd85
fd7e
fd07
ff22
ff51
ffe4
009a
fff7
0169
0320
016e
019c
013c
ffbb
ff91
ffa5
011f
006d
ff5a
ff8a
0046
002f
00a2
005f
ffd1
ff71
ffe0
ff9f
0095
0070
ff0f
fea7
fe26
fee7
0002
fec8
0159
ff61
fe71
002d
fffc
ff88
0042
ff98
ffc3
ffd4
00f2
00e9
00b3
0122
014b
011c
0002
ff80
ffa3
fe64
fd8f
fd72
ff6d
019a
00d1
0285
03c7
0271
0274
034c
0074
fe71
ff14
fd2c
fce8
fea5
fced
fe1f
fdbc
fe30
ffed
ff89
00cc
0366
007c
005e
008b
017d
00e3
00e9
ffda
ff5a
fe72
ff5b
feca
fefb
ffc0
ff38
fedc
fea4
006e
017a
0228
01e3
0229
0281
0194
019c
0355
019a
ffe7
ffec
fdb2
fd3c
fe0d
fcbb
fdc5
ffca
ff8b
ff50
0086
00d7
0192
0143
001f
0022
0040
fed6
fe71
febd
ffd7
ff25
0011
0149
00bb
004f
00e9
ff8e
00f3
014d
feff
fffd
00ba
ff97
0058
006c
fedd
0014
ffb6
fe6d
ff55
0047
ffcc
0081
00ee
011c
011d
0141
02bd
010b
009b
0108
ff5f
feb4
ff7f
fd50
fd55
fdf1
fd77
fd29
ff34
ff7a
0131
022f
0292
0312
02e4
00e7
00bd
ffa6
fe9a
fe9e
fcd8
fd66
fe52
ff08
00fb
016e
007c
02e2
017b
003c
0228
009e
ff8d
0165
015b
00f3
0063
ffbd
ff54
fe0e
fdd3
fdcd
fbfd
fde3
fdd8
fdf3
00e2
0369
02e3
0338
020e
014c
0008
ffb9
ffc6
ffb6
ff1e
ff57
ff38
ffc8
025d
0176
0032
0027
ff88
ffbe
ffee
003f
0082
0034
ff62
ff69
005b
ff91
fea2
fe68
fd39
fe1b
ffc7
0090
0127
0281
0286
02a3
026c
0294
00a8
fefb
ff43
fedc
fd5f
fe27
feb8
fd24
ff02
fefe
fe67
016e
017e
0054
01e4
0225
019c
0263
0060
ff31
ff4f
fd5f
fcd5
fe80
fe04
fec5
ffdb
006d
0075
0110
00af
00c3
00f6
0169
00c1
0071
00ef
01bd
016f
0138
003f
0078
fea7
fe50
fe06
fe8e
fee0
fffe
fef6
ff8f
0148
00b1
ffc7
0094
0028
feb6
fede
fec5
febd
ff80
ffb4
0024
004d
0136
0137
016f
02fa
021d
0183
019f
00fa
0044
ff6f
fe61
fe04
fe53
fd21
fccb
ff7f
0047
ff66
0059
00a7
0138
022f
01c8
01bd
01b4
fe85
ff6d
ff1c
fef1
fff3
ffd7
fef9
ff97
ff22
001f
ff41
fec4
008e
ffa0
fd57
0111
02c1
018a
02b3
01bb
ffc2
fffa
ff13
fdaa
ff00
fe42
feed
008f
00ea
0016
0201
0072
ffd6
026e
0155
fe94
0055
004b
fd7a
fe92
0058
ff72
ff1f
ff19
fed4
ff57
0086
0116
017f
007e
008d
0117
00c9
00bc
00f3
fed0
fd41
fe3b
fea5
fe0a
00ca
0227
000e
0140
00a1
ffb2
00e5
0083
fecf
fe7b
ffb3
000e
ff54
ffc6
0092
0086
00dd
ffea
00ae
00ad
00b5
0013
00a9
0027
ff4f
fffe
ffc1
fdde
00d5
ff61
fcc3
0042
ffd5
fe85
021b
0151
ffca
0147
0021
00a8
0137
0007
ff84
0020
ffa9
0049
0070
ffb7
ff13
ff3d
ff32
fe81
0033
0039
ffff
ffe7
0127
ffe7
ffbb
0141
0092
0191
0338
012d
0191
00ed
ff96
ff35
fe70
feeb
febb
fd6b
fe19
002b
fffa
00dc
0082
0036
00b3
00ac
010e
0205
0106
ffb4
ff2e
fe85
0093
0127
feec
feed
0031
fe7b
ff3c
00d7
feef
0079
0159
fffe
0147
0118
0080
ffe5
fe2d
ff2d
ff3e
fdf4
feaa
0046
0022
004d
015f
0255
0175
ff7c
fe6b
ff31
fdfb
ff42
00d2
fe6b
ff27
0176
011f
0220
0284
ffce
fdab
fda7
fe5c
fe89
fd03
ff3f
00f8
008f
0251
03d1
0295
0171
fffa
fd5a
fc7d
fce8
fdd7
fd4d
ff01
009b
027e
02be
02be
02b0
00ba
ff73
001a
ff96
0073
0084
004f
01aa
0209
0143
0115
ffec
ff5c
fc36
fc56
fcb8
fe24
fea2
0064
ffc9
027f
0339
0200
0250
010a
fddf
fe56
fe83
005a
010d
0000
0016
00e5
0075
0076
00af
0088
00fc
017e
00f2
016e
02b4
001f
ff6f
feb9
fcaf
fee2
fe67
fbfd
fdca
fe97
ffe1
0222
041f
0490
0302
0089
01a2
ffd0
ff92
fe7b
fc2c
fb6f
fdfc
fe26
ffc1
01d6
00f5
ffe3
005c
0020
017b
009c
ff84
0011
006c
ffb2
01a5
0150
ffd2
ffef
ffae
fed6
fe98
fe5a
fcf6
fda1
fe6b
00da
021f
03ce
0401
02bb
01fa
0114
ffcb
fe91
fcd5
fbf2
fc47
fcf2
ffb9
00ad
ffb4
00f1
018f
fffd
0226
01cb
ffdd
fec1
ff50
ffb3
0144
000b
0061
01c9
ffc9
fecb
ffc7
fd5b
fca5
ff0d
fe0d
ffe7
03c3
03a7
03f4
0425
0331
022e
000b
fdf2
fd69
fc93
fd4a
fe30
fe9a
ff72
0056
ff90
00da
0239
015a
0089
006d
ff76
0043
00fd
0150
022a
02a4
0025
fefb
feff
fe2b
fbac
fd58
ff23
fedf
01e0
049e
0343
0497
0226
000d
0087
fede
fce7
fe90
fd22
fd77
ff3a
ff69
005d
0231
01ce
fff7
0153
0141
ff6d
ffed
ffd4
003a
0165
01a1
ffe2
012c
ff72
fd57
fcff
fdec
fc61
ff13
ffa9
ff4c
01af
043b
01b6
0499
04ab
0045
ffb8
ffcb
fc20
fcda
fc98
fa1e
fae8
fe20
ff6f
030c
0384
0428
043d
0268
01fe
02a1
00ff
ff9f
feb4
fd03
fdd5
ff9b
ff20
fed1
fd73
fca6
fdaf
fcee
fe78
009c
ffa1
00cb
0293
0391
049e
0411
03ff
00ea
febb
fd8b
fcb4
fb22
fb1d
fafc
fc41
fe4f
01db
0237
0319
0463
040f
0271
02b6
0202
0019
fe70
ff09
fe13
fccb
ff1b
ff3f
fe79
00ee
0168
01de
045a
02ad
01a1
017a
ffc9
0051
ff8e
fe2e
fe25
fe41
fcbc
fc8a
fcee
fdb5
fe7f
00a4
018f
020d
03f9
0347
02c4
036f
0384
017e
002c
ffb3
fd6e
fbe5
fce2
fcea
fe3b
feb3
fd8a
00e0
03dd
0485
05b6
0407
01c4
01ac
ff74
fde3
fe90
fded
fc07
fc50
fca2
fccc
ff26
001d
fff4
0063
01b7
00f6
00fc
0276
01d4
0048
0170
00cd
0014
ff75
fddc
fd80
fdea
fcc7
fb7f
ffd9
0083
00b6
0375
0343
018b
03b8
00ae
fffa
00d6
ff21
fcf7
fea9
fea4
ff6f
ff14
fec9
fe88
ff62
ffc0
0056
019e
015b
0086
01a3
0202
0186
0155
0018
fe6b
fd91
fe46
fc76
fce2
fdcf
fe05
ff7c
0218
00e0
0228
03a1
01b7
015e
01d5
010a
0037
fff4
ffe0
fead
fd67
fedf
fdbf
fe2e
ff01
ffcd
0002
0104
01d4
02bd
0268
032a
0217
00bd
ff5b
ff2c
ff30
fd36
fdbd
fdd0
fcc0
ff3f
016e
0234
0329
02d6
0214
0312
0115
0042
0096
fe93
fdaa
ffa8
fd5d
fe9d
fecf
fdb4
fde0
ff9c
fff8
004d
0073
0123
02a6
02d1
0368
01eb
019d
00a0
fef9
fed2
0077
fe24
fca9
fddc
fdaf
ff2d
0033
ffe0
01f5
028f
00e2
0252
01d9
00a9
0085
fea9
fe4b
fda5
fd33
fea1
fe32
ff0f
0068
ffdc
ffd5
0144
02ac
0159
0155
0238
012e
0052
00b5
0083
ff87
0033
fe6f
fe4f
fd79
fd88
fcdd
fed4
0097
006f
00a0
00eb
00bb
024d
0155
ff71
0000
fef3
fe10
ffdb
ff3c
ffbd
015f
0030
ffcc
010d
005b
00b2
0023
ff1e
feb3
fe2e
ff39
00aa
015f
0154
01b5
00d8
0051
0112
fec1
fe36
003c
fe4d
ff47
ffcb
ff91
00ac
017f
fff4
011b
ff15
ff90
ffd7
0008
ffd6
ff78
ff07
0031
ffb6
0198
00a8
00ac
01e8
010e
ff67
0094
00b3
fffc
ff49
ff86
0022
0116
00a6
002b
ff8f
ff16
fe84
fe81
feac
ff62
ffbd
ffda
0182
01e9
0040
00d6
0107
005e
ffe5
ffe9
ff99
ff5b
ffe0
01fa
011e
0026
00c2
feb4
fd52
fe18
ff74
ff76
ff45
ff73
0031
004d
00dc
0136
01ca
0023
ffda
00af
0038
0121
00ec
ff2f
ffce
ffda
fe17
fe09
000e
ff73
fdf1
ff55
0087
00ba
00e9
01b3
00e3
0131
019d
ffce
fe1a
ff73
fe98
ff07
003d
ff1c
001d
00fd
fed5
fff6
01d6
008e
00fa
01c2
fe5b
ff3b
ffc0
fffc
0076
0048
ff4f
ffb0
ffdb
0114
ffd4
ff9e
00ae
0070
004f
013b
ff91
003c
ffc0
fe5c
0015
ffc4
feaf
ff49
ffd6
ff54
ffda
ff60
ff9d
00aa
0006
00f1
019a
00f1
019e
0076
ff10
ff6a
feaf
fe5a
ff25
fe19
fe43
007b
000a
ffec
01cc
0126
01cd
0239
01a4
020b
0169
00f8
015f
019d
ffc9
0005
ffbc
fe72
ffcd
fe55
fe5e
feb0
fdad
fd56
fe2e
ff4e
0157
ffd9
0152
0162
005e
01e7
01d1
0040
00fc
fe96
fd49
ff6d
fe8e
fe5c
00e9
ff29
ffa2
022b
0120
019f
032f
009c
ff01
0114
012d
0017
ff6d
ffa5
fed0
0015
0046
feb2
ffee
0042
fd3a
ffc0
0209
ff9b
0168
01bb
fe64
fffb
00de
fd90
fed7
0017
fcd3
fda1
ffc4
ff7b
01af
02da
00de
0182
018d
0066
0047
00e8
0007
0054
016c
0048
004a
ff8d
fe4a
fdfe
fd6c
fe5e
fe5a
00bf
0031
0135
0334
02a4
01ac
01d9
ff5b
ff3f
fe76
ff32
fe76
ff25
feb0
ffc1
013f
0063
003d
0284
ff14
fe08
ff58
fd9a
ff53
ffcd
feb7
0009
0030
ff33
002c
feea
ff68
0056
0037
0134
017d
0092
01a7
018f
0158
0243
0205
ffda
0050
ff57
fd7c
feee
ff54
fe3a
fe48
fd89
feba
0046
0137
0183
014d
0188
021e
0136
0175
ffc6
fdc5
fe53
fda1
fd7a
feaf
fe7e
fe3c
001a
0139
00b8
02ed
0265
0118
0107
0097
0140
01de
00dd
fff6
fdcb
fea9
ff9c
fe19
fd6a
ff09
fdd0
fe73
0052
00c7
0335
0289
0176
0283
015b
0097
00fb
0020
fe05
feed
fe0c
fe5d
ff06
008b
ffeb
ff43
0121
038a
ffd5
ff75
024d
fe6d
fe3b
002f
feb7
feb8
01b1
ffc9
ffab
008b
ffb6
fe5a
ff33
ff3a
ffed
0024
ff10
00e7
0292
019b
0210
03ab
015a
ff76
feef
fef7
fe0a
ff18
feb2
ff36
ffb1
ffc8
ffc1
00d6
0026
ffda
ff75
fef4
ffdd
00e2
fe4a
ffa9
fff0
fe21
005e
019a
ff4d
fff8
ffa7
fe39
fef6
0029
ff88
0041
003d
0165
0217
0171
0088
00a8
ff06
fe28
0016
ff8a
004c
015b
ff6d
0075
0190
010c
01e9
ffbb
fec9
fee5
fd5f
fe4d
00df
fe9c
feb6
0106
ffe3
0105
0307
012c
ff73
fe73
fe2f
fda5
ffb6
0201
00ea
ff69
00e0
00dc
019c
023b
00f3
fe73
fef5
fe92
ff61
0281
00a0
0027
01ca
0064
0142
0184
ff55
ff89
fd86
fda3
fee1
0067
018e
0060
ffbb
00bf
0076
0120
0107
fe21
fd46
fde1
fe90
0129
0240
0110
ffaf
fed5
003c
01cf
019a
0139
00de
ff11
fe00
008a
00ef
005e
fffd
fc4e
fb87
0073
00fb
00a1
0171
ffa6
fef1
015b
01ff
01df
013a
ff11
fcae
fde9
ff6c
ff4a
0054
00c5
ffc7
006d
01fa
00ea
0129
01e3
fd8e
fec7
00c7
ffd8
0064
ff98
fd20
ff27
00ae
fed0
0071
00fb
feb2
ff21
01ab
004f
010e
0091
fe01
ff77
fff9
0081
0040
fee3
fd5f
fe8c
ff48
001b
01a1
00b0
0037
008d
027f
035a
024b
02bb
00a0
fe77
fec7
fed1
feac
febc
fcd9
fe4f
fe9b
ffb5
01e8
01df
0106
00e7
ff00
ff9f
00a2
0035
0096
0024
0029
0165
0143
ff61
ff25
fea5
fe4d
fe74
004e
00de
0124
00c0
00d8
03cc
0393
0156
00c6
feb4
fe41
feea
fe0b
fcc4
fd25
fc51
fcd9
000c
030c
03e4
0455
0357
0352
027c
00a9
fee0
fdca
fc6a
fbb8
fc65
0091
0061
0161
02a6
016b
0162
02c0
ff1c
fe18
fe05
fd0b
fe74
0033
0039
010d
015f
0028
00f2
ff6a
fe17
fe7f
fde7
fe0a
fff6
019c
029b
0431
0316
0202
01e8
014e
ff05
fcfc
fca5
fbc6
fc46
ff83
fe91
0074
021d
0195
0168
01e6
00be
ffdd
ffe9
ff2a
ff83
0072
0029
0093
006c
fe88
fe15
fe06
fe9d
ff41
ffa9
ff90
0158
02f2
0423
037e
019f
00ed
00c7
fdad
fe62
ff53
fcc0
fd37
ff1c
fea1
011b
005e
0006
013c
00f6
00a5
02a5
020c
0221
01b2
0025
00ed
0045
ff18
fee6
fcf7
fcc0
fdf4
fc09
fe8c
0101
00da
0316
02d4
02fc
0428
0255
00cd
01b1
ff21
fcd8
fe51
fd55
fc91
fdd8
fda1
ff22
00f8
01b7
010f
020a
029c
01db
0065
00e7
ff6b
ff6f
ff9d
fe18
fed4
fff5
fdfe
fe2b
ff9f
fe16
feec
0185
0074
01d2
0328
018b
01e1
0309
0140
0029
ffa7
feb4
fcf0
fbd7
fc0e
fd4a
fd5b
fe94
0138
01e8
0388
03d6
02e4
031b
023e
0063
ff08
fce1
fd75
ffa8
fdf0
fdcc
ff26
fea6
feb8
004a
ff84
0055
00c1
002c
008e
0161
0188
021e
024b
025b
019c
ffbb
fe6b
fe7a
fd05
fba1
fde9
ffea
008d
019d
029b
02ac
0135
00f0
0042
fddf
fe2b
fee7
fd5c
fed5
00eb
ffdc
003c
ff34
0061
008f
fedf
0093
01e5
ffa7
01e3
02ee
02e8
03a2
0284
0064
fe89
fe28
fc86
fb83
fc09
fdd8
ff81
ff51
01cd
036e
0179
018e
0141
fede
ff32
ff9e
ff34
0161
00dd
006c
00b7
0063
ff8b
ff29
fe8d
fdc6
fe2e
fef6
ff19
00f2
0319
02d1
021d
0129
0031
fefd
fe5c
fdfc
fcd4
fd66
fe6f
fe55
0052
02ba
019f
0144
013b
012c
0135
00d4
0195
0207
fffd
0117
009e
ff07
fdf4
fc2d
fad2
fcfd
fe12
ff69
0096
00d6
02db
02c6
0271
0464
02f0
0012
ffa4
fea0
fdf8
fed7
fd9f
fdd2
fe1c
fe29
ffff
00eb
022f
0259
00e2
0146
01ab
0277
0206
007a
ffad
ff33
fdca
fd00
fc50
faf4
fd6e
fe3d
fe5f
019e
02ea
00f6
03d8
0456
02bd
03c8
03a0
005d
0069
feaa
fc45
fcbf
fc74
fc0f
fe2c
fe43
0044
0290
023b
02ec
0489
0426
023c
00b1
fed4
fdfd
fd0e
fc14
fcfa
fddd
fd8a
000e
0106
0136
02a7
028f
0143
0190
0044
ffe4
0126
013c
00cb
ffa3
ff28
ffe3
fe41
fd4e
fef5
fc5d
fe57
ff2b
ffed
0280
03d1
0300
037b
013a
00ec
00d6
fdc9
fd16
fe79
fc0c
fc8c
fec7
ffa2
00a5
018f
0191
01b4
00e4
019f
fff5
ff3a
0012
ff2a
fdd9
0077
fff6
ff95
fffc
fe87
fec3
0017
ff6f
ffe4
0075
00c7
012e
0132
01c0
01ba
00d9
005e
009c
0052
ff79
fe1f
fd8d
fef5
fe09
fe6b
0099
0109
00ec
01d0
008e
000e
016b
fff0
fe74
feba
ff31
fe99
003d
ffd4
0126
00ce
ff98
0163
017d
009a
0131
00eb
ff32
002b
ffe5
0038
0105
0024
feea
ff80
fece
0049
ff38
fe2e
0124
00c6
0032
0135
00ba
fecf
fe74
fe68
ff44
feef
ff2a
00e4
0120
01a8
03a8
0296
00ff
00ad
ff83
fe2c
fee5
0070
0029
ff07
ff8a
ffa9
fecb
0000
fe39
fe48
ff3e
febd
fe73
004c
0099
0141
0301
02b4
014f
026b
0014
fe62
ffc2
fd80
fd59
ff4c
fe74
00f3
00d4
012d
0156
01da
004c
feed
feb9
feb0
fedb
fef3
ff86
0150
01bb
0007
0117
001b
ff9e
0004
fe2b
fd53
fe2f
feec
ffec
0164
02ad
01ae
0091
00df
ffe4
fd74
fdc4
fe4a
fe05
0194
02ac
0139
0336
029b
0102
01c8
017b
ff97
ffb1
fe3c
fc17
fe16
ff90
fe45
ffa3
ff56
fed0
ffb7
00c8
0068
01a8
0192
01e7
011d
0270
01cd
000b
007e
ffe5
fd85
fe6a
fe95
fe3b
ff73
ffa4
ffe0
004a
00ba
0047
ff27
00e6
0170
014e
01ea
0255
00a9
0125
005c
ffc4
fff5
fe9d
fd55
fe7b
ff2e
fed1
007f
01dc
00a9
0217
00a9
ff34
ff99
ff34
fd71
fe2e
fee2
0009
0027
0046
0111
00fc
0044
00a2
00f4
fff5
0080
0063
00fe
01a1
0000
001f
000e
fe92
ff62
ff29
fe32
fe98
feac
feb3
0125
026e
0207
02bb
005b
ff53
007c
fe10
fe85
fe1b
fdd2
ff29
ffbf
0012
0084
ff25
febb
fed4
fe88
ff8a
ff13
0025
01d7
040d
03cc
03ce
03df
0218
ff3d
fd61
fe3b
fcd8
fcca
fdc9
fd11
fd58
0071
00da
00d8
01cb
010e
0020
ff51
ffc4
00f1
0036
fffd
0081
00c3
007d
017f
01eb
00f1
0173
007b
0031
00f7
0046
ffd2
ff08
fe98
ff12
ff10
fda9
ff06
ff36
fe72
fe95
fff0
ff64
0030
0192
0235
0116
0292
0356
0125
0109
0301
ff62
ff43
0158
ff0a
fdd6
ffb2
fe27
fde2
ff1e
fd3d
fead
0159
ffcc
0095
02c7
008b
007a
01a6
fe7d
fed7
ff13
ff97
fef3
ffbe
ffcd
ff30
0014
0190
ff92
ffff
009e
ff86
ff97
0133
0067
006e
013f
0131
0010
0001
00f6
0046
fe89
ff15
ff6f
fe0a
ff30
0099
fe4a
ffc1
00c0
ff1f
0010
0145
feed
ff5b
fec4
ffa1
ff81
ff8c
fef5
003c
febe
ffe9
0097
0168
030b
02bc
0134
031f
01dd
fecd
fe60
fd7a
fc5d
fe52
fd90
fdea
0189
0337
01b3
028e
026b
0025
ff6c
0016
fe86
fdc8
feee
feeb
ff4a
01a5
013b
0011
00c3
0099
ff33
feea
fe8a
0046
004e
ffa7
00f5
02bd
0175
0180
009b
fed0
fe45
feda
fcfe
fdf6
fe9f
ffbe
0109
01f0
020e
029b
00c6
00e1
00bd
ffe4
fead
ff54
fed0
ff7d
0034
0073
01a9
01dd
0169
005f
003b
003a
ffc5
fe8b
ff55
ff5a
ff80
00f9
ff62
ffa0
feeb
fcec
fd4d
fea2
fd74
ff1f
014f
01bb
029a
02b6
02cf
0244
00d0
0034
feba
fd38
fe60
ffcb
fe93
fea3
0091
0079
003a
00fa
ff72
ff4c
fef1
ff15
ffab
00a6
0132
02f4
031e
0279
019a
001b
ffa1
fe96
fd35
fcfc
fd9f
fefb
001f
0013
011c
0173
ffd8
fe66
ffc1
fe50
ff38
fecb
ff07
0036
01a0
00b7
01e3
0135
0069
0158
ffba
ffb4
0051
feed
ffe1
0109
0042
00fd
ffee
ff5b
ffa6
ff2e
ff6a
ff6e
0055
0175
00d7
018d
0261
0139
0068
ffc6
fd34
febf
ff4e
fe55
ff37
00a9
fecb
000e
ff56
00e8
00e2
fff8
fee7
0046
ff3d
ffab
008e
0062
fe84
ff73
fe97
009f
01c2
01c8
0129
007c
00c9
0267
0194
007d
0058
fe18
fdcf
fdcf
fda8
ff75
ff9e
fe67
0000
01b8
019f
0244
00b2
ff4f
000f
ff6d
0011
01a6
015f
ff96
fe3f
fed4
fe95
fdf4
fe34
fe41
fdf0
ffba
02a0
02a7
02df
039d
001c
fe28
0059
fe10
fda6
fe3f
fe71
ff26
0141
02c6
0297
0090
015a
ffe6
0086
011e
004b
ff3b
fffb
fffe
0062
fff4
ffc7
0030
fdb5
fc8b
fe01
feec
ff83
006f
003d
00a7
01b2
0362
028a
0135
009d
ff3c
fefe
0061
0151
000d
fdc5
fe30
fedd
feb2
ffeb
0132
ff51
010a
012f
0200
0349
02cb
ff6f
ff6b
fe19
fea8
ff6a
fd50
fdca
ff46
fe6a
ff33
01a4
0197
00b5
00be
0132
006e
004b
0131
0048
fff6
00d6
0094
003b
000e
0087
ff0a
fdd7
ff27
002d
ff1d
feda
0097
febe
ff26
01be
001e
ffb1
0125
ffec
ffff
015a
001f
fe17
febd
fe07
fff9
0178
017d
0207
0262
ffce
00de
0133
002b
ff3a
fe51
fcd0
fe40
ff58
00b6
004c
ffdd
00c7
ffe6
ff59
0085
ff28
fe4d
ff89
0038
0144
01a8
0115
0178
ff89
ff39
004e
fdfd
fdaa
ff05
fda2
ffad
0270
02fe
021a
0248
00d8
01c9
018c
ffd6
014c
00ad
fd76
fec2
002a
fe4f
fe60
fea5
fdc8
fe85
0035
003a
0098
00ee
012c
0068
0157
0332
01d5
0088
ff56
fe83
ff19
fe38
fd8a
feae
fd9b
fe24
0075
00b3
016c
043e
0149
02d6
0384
0130
013b
011d
fd73
fd1b
fbdb
fbb8
fd91
fed3
ff05
00ae
0280
032e
026a
03c8
02f7
0182
ff3e
ffc1
fea8
fed1
fe46
fce9
fbc9
fdc1
fc53
fdbd
fe97
002e
0207
0348
03a7
04b8
0489
03ea
029a
006e
0022
fd38
faaa
fb2b
fbc7
fbfd
fe43
fefc
0148
0329
0386
031e
03b0
02b7
0242
ffbf
fee9
fee0
fe26
fc49
fd38
fcbc
fc5e
fe5d
feec
feed
01f6
02e8
0239
038f
0391
01e8
0277
01d1
fffe
ff95
fd6b
fc7a
fb47
fa9c
fd5e
febf
009f
01b4
0218
024a
0336
02af
036e
029f
003b
ff40
fe47
fd14
fd24
fd1e
fcc8
fdb2
fe25
ff3d
012c
01fa
03da
058e
0459
0426
0375
01a4
004a
fe41
fc5b
fc3b
fc10
fc38
fae3
fcd3
feea
ff45
0195
04a7
0332
02be
021d
01d1
028b
034b
006a
0004
ff7e
fd4e
fd9b
ffd5
fdf0
fe78
ff2d
fe21
ff61
034f
01ec
0190
0180
0279
ffa8
fedb
ff10
fea1
fdf6
fe52
fe43
fe18
fee8
ff98
00d7
02c1
0158
01db
012f
0247
0239
01c3
ff96
0085
fda8
fc28
fd33
fdb8
fc8e
fe66
fcff
feb9
01a7
0282
03bb
03a1
024a
034f
01f5
00c6
0098
ffbb
fe08
fcbf
fd20
fd0c
fce7
fc5f
fe2a
ff51
0014
0191
03fe
02a5
02d2
0369
0254
01be
023e
fec0
fd06
fe91
fd3d
fc2b
fce8
fd70
fd8f
feea
006f
015c
031b
0394
0329
03c0
02bb
0224
0241
ff52
fe53
ffdf
fc55
fb19
fe0a
fd3d
fca6
0027
0122
0131
0349
0238
0226
0399
0278
0200
00fc
ff5b
fe48
fc94
fb9e
fd0b
fccc
fcb6
ffb5
00e9
0190
0429
04a2
04c7
0465
029d
018d
fee4
fe16
fd0f
fb5c
fc82
fe54
fd17
fead
ff52
005d
011a
009f
0125
030c
0204
0257
0333
00de
013b
0180
fe8b
fd34
fdaf
faf3
fb40
fd81
fe88
ff19
00a6
025d
03c6
0384
0352
02ba
028b
0104
feaf
fdf9
fd16
fcb9
fdd9
fd45
fd4c
ffaf
008f
fe41
017f
0201
ff49
008d
02a4
007d
021d
02e0
021f
02be
0331
008e
ff25
fcf1
fcd6
fbb2
fc00
fd9c
ff74
004a
01a9
027b
03c7
02db
009e
ffaa
fd4f
fd18
fd79
fcf9
fdf5
000f
ff6a
01c0
0320
0252
01cb
01af
ffb5
0113
002c
fee4
009d
00de
ff11
00d4
00a2
fe89
ff6b
fe9f
fd08
ff17
ffd3
ff46
0065
00ef
0138
01fd
01e3
0221
00de
ffad
ff96
ff2f
ff2d
0035
ff2a
feb8
ffd1
ffb4
ff3b
ff16
ffbd
ff46
fe57
0048
0100
015b
0146
013a
0172
018c
010b
00c5
0086
febf
ffcc
000b
fef1
ffb9
012f
fea8
febd
0003
fd8f
fedc
00c1
ffe9
0046
0171
ff92
010f
02ca
01cd
ffee
fee5
fdcc
fdeb
fde0
fe4f
ff83
0006
ffe1
0138
024b
0257
0190
0115
0014
feb7
fe90
fee6
fecf
ff0c
00da
ff98
ff9a
00ec
004f
ffa7
00de
0176
01af
00b2
02c5
023c
0243
00eb
ff60
fd7b
fe50
fe53
fc6c
fc7b
fddc
fcdd
fee9
00b8
0034
0139
017f
0201
02f1
02c7
0317
02a0
009a
0097
ff09
fe27
ff15
fe51
fccd
fe9a
fee1
005c
008f
0116
00ec
00c6
fed2
ff1e
ff5c
ffb1
00b1
00df
010b
0135
002d
014d
ffb8
fdf6
ff52
fefc
fdd5
027e
012c
00a8
0216
01f6
0089
012b
ffbf
fdf7
fcd7
fce1
fc81
fd34
feba
009e
0082
0082
021a
0244
00bd
01aa
01b1
004a
0162
0186
019d
00cc
ff52
ff01
fdf8
fde0
fefe
fd87
fd69
ff5f
ff41
0095
01da
017f
0316
0190
00d1
02c9
003c
ff4b
ff61
fd71
fda8
fec9
fdcf
feb9
ff32
ffd4
ff6e
ff66
010c
00f2
006b
0196
01e7
fff3
0003
00c4
ffd5
008e
0117
00b6
00d4
009f
00a4
ff75
fedf
ffdf
fefc
fd69
ffef
00a7
0049
01ca
0275
0085
010b
0114
ff50
ff5f
ff32
fec5
fea6
fe97
ff7e
ffd2
00f8
011a
0184
0049
fee3
fddf
fece
fe83
fec4
fed1
ff2a
ff26
00ed
0044
015d
0282
01a7
0003
011b
00e2
0016
0152
0113
0012
003d
ff86
0019
008f
fee6
ff89
ff65
fde3
ff8c
ff8a
fdf9
0084
00a8
ff55
ff93
0045
fe7d
ff7b
ff26
fe1e
ff2f
0061
ff23
fed0
ff0d
ff9f
00e1
014d
00be
00c9
ffe1
feb2
01de
0365
01e1
012c
0202
fffb
007a
01f0
0094
fea5
fec2
fd80
fe6b
003e
008b
ffab
feff
ff1f
012e
0008
ff8f
0049
fecf
fd05
ffd7
ff8a
feda
002e
fe89
fe57
01b3
02cb
0170
0227
00db
0009
009e
02af
0285
01f5
0055
ff33
ff2f
00c8
0078
fdf4
fe88
fd37
fe52
00b4
ffe7
0084
01d0
ff65
00a2
01b7
00ce
0032
ffe9
fec3
fe03
ff73
ffd5
fed5
0018
00d1
0012
0055
01ac
009b
fe55
ffa1
006d
003d
0176
0094
ff18
ff71
fe59
fefd
00c3
fe38
fe8f
ff0c
fea5
ffe4
040c
01cc
025e
0375
02a0
0186
02f2
01ac
fe21
fc8e
fcdb
fd43
fe0e
fee8
ff49
0011
ff96
00da
0182
ff33
fecb
fefa
fd84
fe35
00e4
0054
ff1d
01e6
0188
0071
0305
0125
ff34
0064
fdb9
fdd9
005e
ffdb
ffaa
00c6
ff5b
ff85
00ec
ff72
ff8d
00eb
fe6b
fe60
00e2
0070
00ff
019c
0253
00c8
006c
002b
0068
fff9
ffcc
ff6d
fed5
ff46
ffc7
fd77
fe82
fe35
ff0c
0050
ff14
00d1
0162
ff13
01be
01f4
019d
025e
0070
fe9d
feab
fe30
ff62
ffe7
ffc4
00b1
003b
0136
02e1
02d9
00cd
0037
ff9b
ffbc
005d
009a
0051
ff23
fee7
ffd8
ff4e
000f
ff8b
feb0
fe08
0025
0107
019a
0079
0009
0096
ffe4
fff0
022a
ffb5
fdf4
fe5e
fdff
ff24
0133
005b
0089
0131
00dd
0127
01f8
001c
005e
ff6a
fe1f
007f
0129
ff87
fe8e
fe17
fec0
ff8b
0131
0228
0173
0007
fff8
0006
ffd3
00fe
ff78
fced
fd84
fe99
ff89
fffe
0062
0180
00d5
00ee
025d
0257
ffff
fed5
fcde
fbe0
feb5
fe1e
fd70
0061
014b
00d8
0229
01ba
0130
fea4
ff89
ff9a
ff77
fff8
0165
fee7
003f
ffad
007d
0031
00e1
ff89
ffb7
ffdf
025d
030a
0227
00d3
00ce
0079
0045
fefc
fe97
fdc4
fc96
fd49
ffbd
ffc7
ffbb
010e
ff31
fff1
02d6
0159
0158
0253
001f
0067
019e
0192
0004
fee3
fd6f
fef2
feed
fee2
ff96
fff9
0028
024c
02af
03d1
039e
01ba
fe1a
fe77
ff61
fe99
fde0
fd4b
fd9b
fe24
0155
03a4
02ba
01fc
00b8
fe99
ff8e
0020
ff1b
fe70
fd2e
feeb
00ec
0072
01c5
028b
fff4
fe6a
ff82
ff12
004c
00ea
ff3e
fede
0164
0299
02ba
0229
0025
ffe5
fd97
fe4a
feb9
fdad
fcca
fdc6
ff59
0155
02b1
02be
01bd
00c8
ff41
ffcd
fede
0004
fe0c
fcbf
fda7
ffeb
00b7
0139
ff87
0062
0042
ff5d
01c9
01a2
fdda
fffd
0093
fe97
00b5
00dd
fed7
003b
ffef
fea5
00ee
00c2
0056
0015
ff40
ff52
00bb
00e0
015a
0151
013c
0196
00ba
ffab
0019
fd3c
fc41
fcfd
fcfb
fdf4
0032
ff57
0231
02b1
0204
0304
0318
0196
0118
00da
ff8a
ff80
0022
ff65
feea
ff4d
ffd6
fd96
ff0a
ff88
fe8a
ffd7
00b4
ffb7
01b6
0216
0187
030e
02b6
00cb
002e
ff2d
fe01
fdcb
fbc8
fb50
fee8
ffca
003a
0287
0347
02c0
0134
00b6
01b0
009c
007b
ffef
ff52
ff72
0065
ff0c
ffba
fe8a
fed9
fdda
fcfb
ff38
0097
ff79
0271
0301
0153
0185
00fa
feb6
fece
fd74
fc62
fd48
fdf4
fefa
0086
01c7
0317
0413
0280
0088
0080
fefb
fe20
fedb
feb5
fe07
ff47
ffd0
ffba
0050
0161
012d
ff61
ff54
000b
fe9b
0070
00cf
ff85
0168
ffc1
ff8b
0050
ff3f
fe3c
ff9e
fe73
fe2b
ff29
ff42
0225
0210
0115
0047
0034
012f
0018
00b9
024b
01b0
0055
003b
ffec
fdae
fe30
fef7
fdd5
fe58
ff9b
fdf7
002c
0253
0327
02ac
03b1
0290
009a
ff2e
ff05
fdb2
fd6b
fcdd
fcf6
fd29
fffc
0003
0142
0325
0223
00d9
0155
ff71
ffea
00cd
006b
019f
02fd
006e
00ea
00b8
feef
fe72
ff09
fe26
fe68
ff33
fef3
ffc5
0135
0326
014b
0018
00c1
ff3f
fefb
ff16
fe24
fda0
fcee
fd33
ff39
00f1
01fb
02e1
02b4
02d2
0329
02a5
0254
01e3
0026
fdc3
fd4c
fc94
fda9
fd0b
fcba
fe98
ffcc
000a
01bc
0112
0136
017d
010a
00ba
020f
013d
008c
ffef
fe07
ff09
fda7
fd82
fe61
fce2
fdf6
005d
0139
02b2
03c3
01dd
029c
03d0
0263
0003
fea5
fd02
fcf1
fd1c
fd81
fe39
ff37
ffe3
00e5
0119
0237
00d7
00dd
0199
004f
00ce
00ba
ff61
ff2b
0055
fdaf
fdbc
ff75
feb8
fd2f
005c
fff6
009e
0209
0265
0286
031c
0153
0077
fecb
fdf6
fe5c
fe25
fdbe
fece
febb
fffb
013a
030c
03aa
02a8
01fe
02e5
ffb8
ffb3
0102
fec7
fd4b
fdbf
fc2e
fdd0
fed2
fdcd
ffd5
ffdd
fed2
01f8
014b
0190
0366
0285
00e8
014b
0188
0014
ffa7
00bb
ff2f
fdcf
fe9c
fd54
fda4
0093
fe52
fe22
015a
004e
ffef
0349
023e
0174
028a
ff6e
fe66
0132
ff38
fe8f
fe43
fd6a
fe8f
0096
0099
01c7
022e
0048
ffe2
ff9b
ff54
fde1
fe3b
ff04
ff01
feb6
00cb
00de
004f
028e
0241
00e4
027b
0072
ff29
ff34
fe0f
ffbd
ff6e
fde8
ff98
008e
ff32
00a5
00ca
ffd4
ff46
ff15
ff01
ffb3
0061
01df
01b5
0278
03ab
01d6
ffa4
01a2
fed4
fe32
ff91
fe7b
fec6
fede
fdc8
ff9a
00bb
ff3e
ffce
ff8b
fd56
ff1f
00ef
fef9
00fe
00b0
fff8
010f
0349
014e
0174
014b
025a
0095
0299
010f
ffa2
ffe7
ff2b
fd25
fe02
fd9d
fcf0
feae
fe4f
0056
0383
0182
0175
0342
0020
ff5b
00a0
feee
fd75
ff07
fe8f
fec7
0122
014a
ffe9
0052
ffa4
feeb
fdac
fde4
ff97
ffd2
0155
024a
0343
021c
0144
0047
ffbd
fee8
fe08
fded
fd73
ff62
0304
01fe
01cf
02d9
0095
fee4
ff90
ff90
ff06
fe31
fec4
fe9d
ffde
00dc
00f4
ffee
0041
003f
fea2
ffaf
0199
fff2
0023
00f7
0083
00bb
fef9
fe22
fec1
fe78
ff37
00b3
ffd9
ff8d
017b
0151
0234
0364
02de
0069
ff21
0031
fe50
fe16
00fe
002a
fedb
ff4a
ff39
0022
ffd2
ff59
ffb1
ffb8
ff4e
0066
00c2
004b
035b
02a9
ff6f
0096
ff26
fcc7
fea1
ff16
fe3e
ff86
fef8
ff04
013b
00f4
0084
025d
00d1
ffd6
00ae
ff6e
ff72
010f
ffdc
ff45
fef9
fd90
fece
ff38
ff4c
00c4
00b2
0163
02ad
0241
01d2
01e3
0083
ff5d
ff73
fe21
fd15
fe0f
ff83
fed4
ff9d
01bd
0070
ffe2
000f
ff23
0075
00db
ffbf
004c
00f2
ffd4
ffc2
fef1
fddb
fe3c
fd9f
fdb0
ff48
fff5
00d6
01b5
02e6
03b9
032b
02b5
0275
0107
003b
ffcd
ff74
ff63
fef7
fd64
fdd6
fecd
fe40
fef7
ff47
ff56
0044
013f
0106
00db
0056
ffb9
ffc5
fde9
ff95
0056
fe92
0115
0233
0037
00f1
010f
ff4e
ff97
ff8a
fe73
ff22
ffda
ff69
00fb
016a
00a4
0148
0099
fe28
ff41
0001
ff48
ffb0
007e
009b
009a
00c9
01ee
00bb
0124
0113
ff58
0037
ffc0
fdd3
ff4c
0022
fded
fefd
0014
ff70
ffcc
fff3
fe65
ffba
0028
ff91
0102
00ec
005a
009f
0086
0071
01a7
ffdc
fef5
fedd
ff7a
ff95
0017
003e
003b
0038
004e
0182
010d
0086
0007
ffc7
ff95
ffce
ffed
0017
ff90
006a
ffa0
ff59
012f
000c
ff14
0015
ff3d
0049
01d9
ffd1
fedf
ff22
fd5a
fe1e
feed
fe45
fec0
ff6f
ffb6
0204
0421
025f
0282
034c
013d
0164
009e
feec
fed4
fe93
fd4c
fd6c
fe8d
001e
ff7d
ffc2
ffd9
ff92
004f
00e0
00fc
0236
0114
007d
01dd
009d
ffb2
fff3
fe2a
fe59
ffdd
fea5
fee9
00c9
0092
0024
0098
008a
fff8
fffa
fe6c
ff1c
ffe8
ffc1
0022
ff8b
ff1b
002a
ff5c
ffc2
ffd2
00c3
008b
0113
0238
01bb
00a9
0197
019d
0091
004d
0047
fed4
fe90
fe09
fd8b
fe6f
ff1f
001c
0073
0095
01cd
01e3
00cc
00e2
0071
ffd0
ff61
fe53
fd16
fee0
fe34
fd9c
ff7a
ff4f
febd
0059
0109
0222
01db
0170
00b6
0082
0143
0148
0057
0067
006b
fe37
fe81
00ba
ffa4
ff51
fff2
fead
ffeb
013b
fff7
013a
01ac
000c
00d2
010d
007b
ff4e
fd85
fe08
ff54
fed8
ff2f
ff98
fe78
012a
00ff
ff0a
0129
0028
fe38
00b3
00b3
005a
01af
0011
ff52
0047
004e
ffca
0104
00e1
fff1
00b2
0139
00fd
009d
fff6
ffee
ff91
ffe1
ff7c
ff17
ff43
fed9
ffac
0053
0006
001c
fea8
fdd7
ffce
00ff
0089
011e
ffc2
ffa6
009d
0127
00c4
0114
ffe2
ff98
00c4
00cf
0079
003b
fea2
fe1c
ff01
fe91
fec8
fed7
ff86
ff6c
000b
00ea
0381
01a5
0149
009e
ff21
00ae
010a
fee6
ff86
fe08
fe45
ffc3
ff96
0077
ff62
fdee
ff2f
0129
0158
021b
02ab
009c
00d3
0157
004a
008a
ff5b
fd01
fd45
fde4
fed3
ffbc
ffd1
0076
0056
038a
02a0
0077
018e
fdf0
fcbc
fe78
fe2d
fda3
ff3b
ff1b
ffa4
0364
0242
0051
01d8
00e8
ff4d
0221
0318
01cc
027e
01c6
fe5c
00da
007d
fd9c
fd6d
fc2e
fbbc
fc23
ff1e
0099
0204
02a4
02cc
02a9
03dc
0162
fee4
fea6
fcc3
fdb3
ff2a
ffa8
0131
0169
008c
00f6
0155
00bb
fee1
fe88
fef1
ff3a
0134
01ab
02d6
021a
00e2
001e
ff96
ff80
ffa3
fdb7
fc01
fc7d
fed5
0010
0231
031b
033d
0111
009c
00c0
001f
fe54
fd73
fdff
fe1d
ffab
00d0
00b2
01cf
0183
00d3
0036
ff8a
ff76
fd98
fd79
fde4
fe5b
00b7
01ce
0159
0251
01f6
0070
ff8f
feff
fc9b
fd02
fdc2
ff83
026b
02ac
030b
02fd
00a8
0159
00b0
ff55
fff6
fe03
fd01
fed2
ff61
fef6
0087
ff2f
fea8
ff34
fefd
0050
010b
007f
ffd4
015d
011e
00b1
00f2
0121
ff3c
fea4
fea4
fe91
fe0d
ffee
008f
0003
0243
0285
0136
00b7
0031
0150
01dc
008f
0033
00a5
ff8a
ff73
ffb7
feda
ff4e
fe0f
fe2a
0066
0025
000c
018b
005f
0102
014e
008d
01b5
00ef
fea8
fe62
fe29
ff23
fe3f
fe27
fe8a
ff36
fed8
00bb
010e
0283
0312
022a
0211
03d1
01a8
ff3a
ff6f
fdfe
fbb2
fdcb
fddb
fdae
ff7f
0053
013c
01b3
0201
0245
0040
00d1
0150
00de
016e
feae
feab
ff86
fd3d
fd09
fe41
fba8
fcaf
fd68
feb3
016f
03e0
037e
050f
047c
04b0
02f5
fffa
fe1f
fb93
f988
f9e7
fbee
fd83
ff0f
01dc
02d6
0375
0455
02a4
019e
0115
ff26
ff36
febc
ff39
fff3
fea2
fed7
ff02
fd8a
fe46
feb7
ff1c
00d1
0110
014f
03e7
0409
03a9
0396
01a7
ff1f
fee4
fc49
fb1b
fd05
fd2c
fc19
ff6b
011a
0125
030d
02f4
0228
0271
0215
0189
ff32
ffd5
fefd
fe9d
fef1
fdce
fdce
ffaa
ff4d
014c
00b0
006c
026a
02b5
0289
02dc
0116
00ee
00b4
ff12
fde5
fe77
fd8c
fdf4
fd3b
fdc7
fe66
ffe3
0020
0261
02f7
0263
024a
0291
013f
00c2
fe34
fdec
feee
fe3b
fd68
ff07
fda6
fe15
ffde
0124
0302
04b1
01d5
011e
008e
00d8
00cf
0055
fe18
fec3
fe4b
feb7
fde8
fdca
feb4
fd83
fdaf
0130
00a8
0184
02b5
0225
0354
045c
0118
ffe4
ff85
fc9f
fad4
fc08
fc10
fbfc
fca4
fe62
0106
0406
0546
04f4
02d7
00ee
0099
003b
ffd2
ff74
ffa0
fe4b
fe3b
ffbc
0007
ff28
ffa1
ff37
fda4
febc
00b9
0192
032d
02e0
0275
02b9
0174
001a
fea0
fc4c
fa86
fbd1
fa89
fc85
000f
0142
028e
047d
034f
0320
0321
0333
0207
00fa
00aa
004b
fefa
ff62
fe31
fb9e
fc9f
fd99
fda3
fef2
0021
0117
0306
03a4
042b
03f9
01c1
0170
ff63
fd97
febd
fd82
fbba
fd6e
fd5b
fe1b
0015
00fc
01cf
0264
00bb
025f
038c
008f
017b
033f
ffc9
0058
ffd5
fdd6
fd70
fd48
fd44
fc0b
fe39
fefd
ff5c
00db
033a
038d
0393
032c
02fa
0234
ff98
fe8b
fdb9
fbbc
fc82
fbd2
fbf2
fe42
0099
0090
027c
0335
0315
0294
0270
0103
009c
ff69
fe03
ff19
ff8a
fdb6
ff87
fe46
fe22
ffd7
fe7a
fe73
00ba
0004
00fd
01d9
01a3
0261
0197
0139
009e
fedc
fd8a
fe4d
fd0b
fe2f
fed0
ff5f
0000
0358
034e
0271
0136
010e
003b
ffdf
fe56
ff09
fefc
fe29
fed2
fef2
ffbc
00c1
0046
010d
0050
0063
0191
0100
00aa
0279
00bb
0068
01fd
009f
ff3a
004d
feb6
fdd9
fe1b
fd23
fe76
ffce
ffe7
000e
00dd
0025
00c4
00a5
013b
ff5f
00bc
01cb
0143
016c
020e
008f
0043
0091
00ee
ffb7
ff33
ffc2
ff87
fe75
fef7
0041
feea
fee1
0027
ff33
0052
0073
ffa8
ff56
ffa4
ffd7
ff43
0075
ff54
0049
00cb
003b
007a
017c
ff21
ffce
0158
000c
ff0b
ff90
fe61
ffd0
00db
00f8
006b
0021
00b6
fec0
fec5
0110
fff9
ff8a
0080
ffba
01bf
0180
0019
ffef
0049
fe2b
ff37
ff12
fe03
ff05
fec1
fd7c
ff66
00f6
ff81
005b
02ac
0183
002b
0111
01b5
ffee
00c4
014e
ff2b
fed1
ff0d
febe
fed0
ff83
ffc9
fef3
fe91
ffd3
0111
0101
0063
025f
011b
011a
01b5
0226
019b
0089
ff5a
fffc
ff07
fec8
feae
ff24
fe8d
ffec
fed3
feb1
fe6f
ff31
fea5
ff25
ffc9
0185
0071
016f
0293
0111
01a5
0270
ff10
ff65
002a
fd47
fe4f
01a5
ff02
009a
027a
0102
0174
0225
fff5
ff67
fe99
fdd2
fd9f
fe5d
0018
0072
00a1
01ff
01fe
01ae
00e7
ff7d
ffb4
ff31
feaf
ffd2
0099
fe75
ff67
0073
ff2f
febc
fed6
fd23
fe01
fecf
ff29
ffcc
00c1
01bf
01dc
019e
034f
0203
ff8b
ffc7
fe60
fe88
fefc
ffb5
ff45
ffef
003b
012a
0134
0142
00f5
ffb1
ff7d
0123
004d
0022
0128
001c
ff04
fef5
fec1
fea1
fe4c
fdb5
fee2
fdc8
ffdb
00fe
0060
0079
008d
0107
0229
01e6
019f
ffcb
0074
ffbb
0095
013f
0090
ff10
fea0
ffa7
00b8
ffe0
003c
01b7
ffe6
ff90
ff62
003c
0045
0082
ff3a
ff38
fecf
ff7c
ffa2
ffc2
fe65
ffa5
fe45
ff47
015e
0132
011f
01c5
0189
0345
00ae
ffd1
00e9
fee7
fd0b
ffca
fe04
fe39
ff36
fee1
fefe
01fb
0294
017d
01f2
0145
ff9c
fed9
ffc3
ff5e
fd97
fe44
fe61
fef5
0107
01cc
019b
0170
0088
0032
008b
0072
00fe
0072
ff80
ff91
00c7
ff85
ff0d
fe37
fdf0
fdbc
fd9a
feed
004b
0117
016d
019a
019f
02fa
0209
0023
000c
febe
fd0e
fe79
ffa4
ff0e
0079
0008
ff0a
0036
0156
00e0
012b
0056
00af
012a
00d7
0208
0173
fedc
fedd
ff67
ff9a
0011
ff99
fec9
ff81
0064
007d
00d9
0064
ffe0
fdfc
fd6f
ff7e
fed0
ff33
ff69
ff77
024a
021e
0072
02a3
00f3
ffa1
ff84
00f0
ffe0
0082
fece
fe2d
ff69
01af
00e5
0112
ffd5
ff7c
fe37
ff31
0057
ff96
0007
ff54
feea
00ec
0182
0256
0280
00d9
ff54
ff4c
fe5b
fe5a
ff7c
fd49
fcf7
fef4
004d
01aa
032e
01f7
02f1
0209
00ef
ffa4
fef1
fd1a
fcca
fc68
fe77
0046
009b
0069
fff5
ff7f
0071
01ce
0143
0076
fd86
fda3
00ae
02ff
03ca
0378
0128
ff73
fff3
fe08
fe1e
fe5a
fad9
fb91
fe1f
0008
0437
041b
02d5
03a8
00f5
0008
ffd5
fe44
fd68
fd87
fcdc
ff0a
016c
011f
0166
0277
019c
0211
0024
fe62
fe5c
fda5
fe3c
ff71
0076
00d7
ffb4
ff31
00d9
fff9
005e
00a6
ff9f
ff67
0031
00a9
02e4
02d7
00df
0058
00e6
ffc3
0064
fffa
ff66
fded
fe62
ff6b
ff69
00b8
01df
0052
ffad
01d4
00a1
ff93
feb9
fd1d
fd4e
ff7d
00a1
0141
0197
ffe1
0073
01c0
ffeb
00e8
ff05
fe83
ff56
0040
00b2
00de
0086
ffd3
feb7
ff66
013d
0009
ff9c
ffc8
ff2c
0091
0426
01ac
ff62
00b3
fdcf
fe51
0088
febb
fe90
fe24
fd7e
005b
0235
009f
01dd
00a5
fef8
ffc2
0032
fe8f
0049
00be
ff76
ff31
00cf
0053
0048
feb0
ff83
ffcc
ff4c
ffa2
0048
005c
0062
00f9
012a
00e0
00ca
007f
ff3b
ffb5
005d
ff07
fe5b
feb7
ff8a
ff18
0046
01d1
00ee
00d4
00f2
ff21
007a
01d7
0105
ffd1
fe6d
fd58
fcd7
ff4c
00e2
0149
01bf
00f8
012f
027d
01e3
0221
00c5
fd44
fd5d
fee2
fe30
ffe5
00ba
feb3
fe5f
01a8
011a
0120
01dd
0141
ffeb
0056
0070
00ff
009c
fe4e
fde9
fe8b
ff00
ffa2
fd8c
fc7f
fdb3
fee6
022b
03d2
0523
0494
01da
025c
0376
010b
ff84
fdad
fbc7
fbfb
fd24
feed
fff0
0101
00ae
fffc
fff5
01c5
0163
fe0c
fe34
ff53
fed8
015d
029f
0135
fff2
fee1
fd62
feca
fd8c
fce3
fcdb
ff78
01c6
0312
040a
0544
029f
033b
0172
fee0
fece
fdd4
fb9f
fd67
fe20
febf
00b7
001b
0033
012d
fff5
ff14
001c
feff
fe11
009c
01ab
00a2
036d
0190
ff04
fefe
fd23
fba1
fd59
fcfc
fed3
0067
030c
0441
04e6
05ce
0322
0244
0257
fe0d
fc5f
fd9a
faf2
fb7b
fd6e
fc6a
fecd
0218
0146
0201
0454
0199
01e1
01cb
0117
009f
ffd0
ff31
fff5
feef
fe4f
fd63
fbef
fca6
fd38
fe51
000d
01c7
0212
02c4
0391
04c9
054e
0377
02d1
0083
fcc8
fc1e
fbc7
fa32
fc6b
fcdd
fe4c
0116
03f5
0459
058b
04b3
0366
0182
fef5
feae
fe78
fcef
fcae
fd27
fde5
fdf5
fe9d
ff38
ff05
00c2
0167
0153
028c
0238
0374
028c
031b
0315
007e
fd53
fc42
fa31
faac
fa8c
fc6b
ff29
00f8
0290
0429
03d2
050b
03c6
0180
00eb
ff2c
fe3c
fecc
feda
fecb
fd45
fc60
ffdf
ff76
fdb2
00a5
001a
fe64
02ed
03ff
01a6
0362
02bf
0033
00cd
0072
fe83
fe2b
fb57
fbba
fc23
fc54
fdd9
0054
0153
02a6
02f2
0419
0251
0229
013e
ff42
fea9
fec9
ff16
ff56
ff29
ffc3
0006
ffde
0130
00c1
fee4
007e
0165
00e1
0113
021f
002c
0147
0205
ff3b
feab
fffa
fd20
fccb
fc7f
fc84
fe90
ffb7
ffeb
0243
01fa
01b4
02c9
02ed
0140
0103
ff47
fe27
fff0
ffc9
fe6f
fedc
ff70
fecb
ff07
fffa
008d
0122
0121
0198
00ef
025f
02e5
00a0
fffc
0086
fe31
fe3b
fcb5
fcb4
fddb
fc9e
feaf
0203
0138
01b8
035d
02d9
0299
0346
01d5
004f
0030
fedc
fe28
fdbd
fd22
fd71
fcc9
fd8d
ff7f
ff8b
001c
01cd
0190
01e6
012c
015e
00da
0050
015c
0155
fef3
0046
fd95
fc50
fe9c
fff4
ff89
017a
0196
01ea
030a
01c7
0140
00e2
ff5e
fd95
fdb9
fd2f
fe03
fe37
ff4e
fe86
00cb
0068
004f
021c
01e5
0185
01d3
0193
00dc
0038
00a3
fff9
fe4e
fe3a
fd36
fc20
fe01
fe5a
ff32
008f
0217
0359
02de
01dc
0260
019f
0096
0078
ffa4
fdf8
ff43
fef5
fe3f
ff2c
fe97
fef6
00c1
003a
0193
01f5
ffba
0173
0188
0074
ffa7
ff86
002b
feda
fdfb
ff95
ff06
fd5a
ff60
fe06
ff0a
011d
014f
00bd
0282
00e5
00d9
013d
0128
0014
0059
0070
ff60
ffe9
fefa
fef4
fef2
ff16
001a
ff59
ffd1
0106
012d
009b
00f2
0093
00b6
fe28
fea0
ff45
fee2
ff6c
ff00
fdc4
0017
ffdd
0077
02a7
02be
00fd
01a9
01b3
002e
0083
ff42
fed4
004b
004d
fedc
007e
0063
009d
00cd
ffa5
ffec
ffc2
fe91
ffb3
fee9
ff4f
008b
ff86
ff8f
0129
0049
00d1
00ae
ff6d
004a
ffa1
fff5
017f
000b
ffa4
00a7
fed8
001c
0162
fef5
ffb8
0128
ff50
ff1c
015f
00b0
0109
0169
004b
01ba
0179
0076
fea3
fde6
fd36
fceb
fd34
fe77
fe84
ff98
0144
01fc
029d
020a
0240
0066
fff6
ff15
ff42
fe73
feb7
ff29
ff7f
003e
016a
0166
008e
ffb7
fe7e
ffac
0028
fda7
ff92
0005
006a
0109
0279
01e5
0146
003b
ff39
fd4c
fe88
fdd2
fe53
ff22
00b1
ff7c
00b1
0264
00f2
ffdf
0088
fe31
ff31
00ef
ff4b
ff9a
011a
ffe9
fffe
0157
ff84
0055
0034
fde3
0030
0207
fff0
0119
01b7
0031
007a
0083
ff90
ff43
ff1d
fe94
fe24
0049
010e
fff7
00b0
01c5
00b9
0138
0108
ffd7
ffec
007a
fd4c
fde8
003c
fea7
fe17
ff47
ffbf
ffa8
01bb
01c1
031f
0299
01d5
025a
021c
0104
ff56
fff1
fe2d
fdbe
ff39
fdfe
fce7
ff24
fdcb
fd1e
ffa6
fffa
0078
0181
020d
01f8
0317
01e5
002d
01db
ff0f
fccb
fe83
fd46
fd6b
ff71
fe72
0085
0272
00e8
015c
0139
0056
fff8
fe19
ffa3
ff43
fcfe
ffa6
0020
fede
0178
0036
fe85
00a6
ff70
003e
0193
00e4
0253
0202
00f0
01de
00b0
fe7f
fe81
fede
fc6f
fd64
fe0c
fd5a
fef0
00af
00d3
0193
01bb
02b2
0252
017b
01eb
0115
fefa
fee4
fefb
ff41
ff3f
feb1
ff3f
fd8d
feda
ffcd
febe
ff97
00d1
0082
019c
01f8
031e
01d4
0151
0137
00cc
feab
fe80
fe4f
fde0
fed3
ff36
ff3b
009e
0197
00db
0157
0144
0169
001c
ff96
ff49
ff49
ffa7
ff81
fff0
0080
ff77
0009
002b
0099
013a
ffef
0063
0082
ffaa
ffd0
0030
004e
ffd2
ff23
fec5
ff3f
ff1a
fe85
ff4b
fe66
fffa
0243
0181
0268
0323
016c
00ef
00c3
fffa
0066
fe99
ffb2
ff92
ff0b
fe7a
013c
0008
fe40
ff55
ff42
ff84
001d
ff9f
fee7
fe02
0044
0084
0012
00c8
0006
fe7e
ffb7
0062
008e
0048
0030
007b
0066
ff8b
009b
00e6
0018
01b8
0114
fe64
ff82
00de
fec2
ff62
ffd7
fe80
fed9
ffc6
ff83
00a2
005f
0028
0001
0042
014d
ffdb
ffac
fee1
fdd6
ff04
feed
fe94
ff9f
0035
ffad
020e
0317
00f0
0105
01be
ffb8
0223
01b9
ff7d
ffb9
fed7
fe7b
feb5
fec1
ff93
fe9d
fe01
0130
0061
0064
00a5
0068
ffde
0134
00b6
00a4
0156
0163
004a
0080
017e
0099
ff92
ff3f
fffc
fe92
fe42
ff7c
ffc4
0066
0136
ffbd
007c
00b0
0013
009e
ff60
ff66
001a
ffe8
ff20
0103
00bf
fff3
ffe8
0004
ff77
0059
00b0
ffe7
ff4d
ffa1
ff19
fefe
01b3
009d
ffa5
ff23
0089
ff53
0088
ffda
ff70
ff8c
00d6
0094
00dd
021f
01b4
0065
ff7e
fec2
fe46
fd73
fd5c
fcf8
fea6
ff54
0014
01c8
0268
004d
015b
01cb
ffa0
ffb1
0058
ff66
0000
00ff
fe88
00ce
00a5
feda
ffda
ff29
fdd4
00c9
fec3
fffd
01c2
0097
010f
02bd
0129
ffdd
0057
fe4f
fed4
ff56
fdea
fdbd
ff5a
001d
0007
010a
00e8
0039
ff6d
fffe
0078
0068
00a5
0027
0070
01bc
00c1
0119
00fe
ff32
fff5
ff53
fe33
0154
0039
ffaa
0086
00dc
00bb
00e7
ffbe
fffd
ff24
ff06
0006
00ad
0023
00a2
fecd
ff79
00e7
003b
ff9f
fffb
ff79
0109
0289
0179
01e6
0129
ff7e
ffba
ff58
fe00
fe4c
fe20
fd94
ff42
003f
00e2
008e
021b
01a2
ffb5
00d7
0272
ffd9
ff75
ff40
fdaf
fee7
0127
009f
ff8f
00cf
ff26
ff88
feec
fecd
ff9c
ff10
ff6f
0184
0109
01f7
01a0
0081
0033
ffb8
fe5a
feef
fe6c
fcaf
fe97
0003
0026
02a3
0219
ffa9
015c
015e
ffe7
ffde
ffec
fd8d
fc90
fdde
ff2b
ff05
0087
0082
fed9
00cf
01dd
0159
0260
023f
0133
006f
0064
0178
01aa
ffae
ff8b
000e
004b
ff9f
fffb
fe10
fd0b
fd0b
fedd
ffa4
fea0
fedb
feb7
fef4
015e
0281
00f2
01fb
020d
00da
009d
0219
00d3
0011
feac
fea3
ff49
0018
ff52
013f
00c6
0192
00bb
0029
ff71
0150
ff36
fe7b
ff96
ff5d
ff66
ff0c
fd3f
fee8
0079
0103
02b0
01cf
026c
0318
00a1
0110
000a
fd36
fd78
fcde
fd50
ff40
fd59
feaa
018e
0059
019c
03b5
01c5
0212
019e
ff18
ff2e
0178
0053
fe9d
ff7d
ff3c
feb7
ffa9
ff74
fd5b
fcb6
fd33
fd3d
00f3
0297
01ad
03f4
0356
0157
0316
012e
feaa
feb6
fcbe
fb3a
fed2
ffa7
fe75
ffd0
00a7
ff71
01c6
01eb
004a
fe4b
ff7f
ff5b
014e
02c9
020a
0161
000e
0032
ff90
fd85
fd2c
fce0
fd35
ffe5
00e2
021b
0260
0178
0333
0117
0070
020f
fe6a
fcd4
fe2d
fd80
fe6b
0079
0012
007d
0184
0042
018b
028f
00bd
0140
0099
ff95
023e
0026
ff64
001f
ff02
fd14
fe47
fe31
fd20
fd09
fe48
0062
0264
034f
0365
024c
0282
01e3
01c1
0030
fe84
fd65
fc2e
fc5a
ff14
ff7f
fe20
00b0
016f
00ba
02fe
0306
0192
0246
ff74
ffe5
017b
0048
0059
fffa
fcdb
ff3e
002c
fd0c
fd1f
fe76
fdd0
fe1e
01c0
017f
ffcc
01cc
0203
012b
02a7
01df
fe40
fe18
ff03
fce7
fd5a
fed2
fe68
0009
021f
0314
03cc
040a
00ae
ffd4
005b
feb9
ff57
ffc9
fe09
fe6f
ff68
ff55
0075
0100
ff76
fed5
ffb3
ff9a
ffcb
ff2d
fff6
0172
0092
01a1
0227
0053
0041
ff81
fcc9
fdde
fe80
fcdd
fdcf
0047
0005
0133
0334
0290
01ea
0246
0135
ff97
011d
00d2
ff20
fe4e
fee6
fe68
ff3b
0054
ffe8
002b
ffc0
fff5
011b
0182
0153
01eb
0093
0081
ff8d
ff3c
ff8f
fea8
fd1c
fdf6
fc5f
fde0
0043
0050
00c8
02f0
01b1
017e
042e
026d
00b1
017b
ff7c
febe
ffcc
fe36
fbfb
fd3e
feaa
feed
ff73
0123
02bc
0264
025b
00d8
0152
01d7
0075
fe74
ff01
fe1e
fd43
fdeb
fe80
fe62
fee4
fe6c
ff0c
0168
028c
023d
0300
02db
02c6
0190
020b
0145
ff18
fe2f
fbfd
f9a3
fbba
fce2
fbbe
ffe0
0259
01e9
025a
0397
03b5
029a
024f
01c2
ff29
feb7
ff19
fc7c
fc89
fe07
fc80
fd9a
0099
014a
023c
043f
0325
03c2
0289
fff9
ffd4
ffc0
fd32
fd6f
fe29
fcfb
fd9c
feba
feb7
ff45
017b
021f
0124
01db
028c
00cd
00e9
02c6
0068
ffef
ffaa
fe9c
fdd0
febc
fe1b
fd9d
ff00
febd
feba
0112
022b
0300
0354
02ae
0282
01d3
0151
0025
ff02
fe01
fcf5
fbb0
fda6
fdb8
fef8
01c5
017a
0195
03fd
02fb
0139
0439
012a
fdf0
feb8
fdf5
fd0c
fdf1
fd0e
fe17
fd39
ff90
0175
00f3
012c
01a3
011d
01d2
024d
0218
00bf
0024
008b
01a7
ff75
ff1d
ff15
fcb2
fb8c
fe31
fde7
ff41
0077
0014
016d
0158
0274
032a
01a0
0247
01b4
ff9c
ff9b
0079
fe0d
fcfe
fdbe
fdcb
fe10
ffd4
fff0
0046
009a
0117
0143
0181
0127
0147
ffcb
001e
00d4
ff16
fe37
fdd3
fdd2
004a
ffa9
013f
0379
0136
0165
0217
ff1a
fedf
ff3a
fd18
fcf9
fdca
fed6
fff7
0091
024e
02fc
0184
02a5
0248
ff79
ff8f
0108
ff2d
ffcd
014b
ff9c
ffe3
01b2
ffd7
fea5
fe2a
fda3
fe56
fe26
fe72
00ab
0046
000b
0116
021d
00d8
0045
0144
0001
fef9
0053
ffa8
ff8f
ff8e
ffc6
001d
0060
01a6
0021
ff7a
ff77
0039
ff25
ff6c
ffc4
ffc4
ffcb
01ec
00e3
007d
01e3
ff27
fe35
fedf
feb8
fec0
0014
fff9
0002
0031
00c9
0105
01c3
0120
00a1
ffb8
ff61
0039
00a9
0006
ffc3
000c
ffa1
ff3f
fe73
fe19
fea1
fd6e
ff69
006d
ffd9
ff96
018e
015a
01f3
0226
0084
000d
ffbd
ff5f
000d
0111
010c
ffa6
feb4
ffbd
0012
ff79
ffa2
0033
ffc9
0008
fe20
ff13
00bb
00b7
00be
00d7
0097
0164
ff5e
ffbf
0027
fef2
fefe
febf
fe2c
fefc
ffd0
002f
00d8
00d2
ff89
ffcc
ffc0
ff89
ff32
ff22
ff37
ff74
0159
01c9
013d
02e2
02c7
00f4
000d
ff76
fdec
feb4
ffe2
ff42
0040
0167
0101
00e6
0094
ff0f
ff70
fe3c
fd8e
ff9b
fe90
ff31
0294
0114
0108
0219
00a2
ff23
fee3
fd23
fe68
fdfc
fe96
fe23
fed3
ffed
020f
0143
024f
0267
01f3
024c
0135
00cd
01cf
00f2
ff4c
00a1
ffb9
fef1
002b
0044
fef0
fecb
fde3
fdae
fe62
fdaa
fd92
fea7
0133
01b0
00b3
0239
017c
00e7
00f9
fff9
fe3c
ff8d
fdee
fe7e
ffe4
0028
ffa6
0079
0059
00ae
0223
01e6
02e0
0343
020c
015c
016a
ffd8
ffe6
fee1
fda4
fd9a
fd1f
fdc1
fe2e
fde4
ffe8
0005
ff36
0030
0181
0143
01d9
0044
0083
ff55
ff51
0154
0118
ff95
0058
0047
ffae
00ac
0141
ff75
00bf
011b
ff42
ff5e
ff3f
fdf2
ff3f
feac
fe66
0075
008b
ffd0
0050
ff5e
007a
0085
00ae
0132
0072
00c0
017d
008d
00c6
0050
fe8c
fe6c
fef8
fd13
fdd8
ff18
004c
00e6
00f7
012f
02f2
01df
00d3
fff2
fede
fe03
fdf4
fee2
0037
ffb5
0015
0015
ff52
00d9
019a
ffc8
0055
0055
fe77
ff43
00a2
0020
0090
0096
0097
0161
01fa
0097
000b
ff86
fe29
feb8
ff3a
ff7e
0021
ffe5
ffd7
009b
0249
0190
ff99
0064
ff2e
fddd
ff5e
fff9
ff90
002c
ff94
0020
01bb
0181
00e8
ffc2
fe51
fdfd
ff7d
fe4a
0036
014e
ff64
fed8
fff2
ffc7
009f
0145
010a
ffa9
00e8
0119
0228
0240
0122
ffad
fe7f
0010
00b6
0101
ff55
fe33
ff2f
0059
fe6b
0106
00dc
ff04
ffd0
007c
ffc9
010f
0035
fdf9
fe9c
ffc4
fe57
fed2
fe6f
fd94
fec9
ffae
008b
01e3
00d1
006c
0189
0181
019b
0204
0164
0065
0067
00b5
ff7f
001f
feb3
fde8
fd8a
fe78
fffc
0078
003e
0107
00ed
0211
0134
00e6
0057
fe9c
fdda
fdda
fe90
fece
ff43
ffa5
ff53
ff5a
0118
0196
ffae
ff82
00a9
fead
00a2
02a5
0108
0109
016c
ff76
00a5
fdfc
fdd7
fe55
fd66
fecb
0200
01fb
03d9
03dc
0178
008c
01e4
ff6c
fe0d
fdad
fc54
fba8
fdc5
fefa
00f0
00d5
00a8
00ef
01bb
021b
01b5
00e6
016d
ffc3
ff4e
0254
01f7
01be
0150
fdd1
fdf9
fdec
fc13
fd3b
fd1f
fe73
0201
02b5
03ed
0533
02a0
0053
0104
ff66
fd90
fd57
fbeb
fd73
ff5b
0202
03e5
030b
0266
00ce
fed3
fffd
feec
ff92
ff4a
fe20
ff29
015e
006f
0110
0009
feb5
fee5
ff8b
ff4f
0170
016a
0083
01db
027d
00d5
00fb
feca
fc70
fc70
fd40
fc95
fe21
ff40
fdfa
002f
01aa
038a
0390
01ac
0173
0032
ff2b
0130
008f
ff14
ff8f
fd7e
fe94
001e
ff38
ff2d
00c5
0001
00da
00ca
0008
0095
ffe0
fdcf
fe17
ff1a
fff8
ff4a
003a
0151
0238
0213
0191
fee9
fdbd
fc6c
fc3f
fd2b
fe41
ff2f
00d9
0117
03f3
0593
033b
013b
0086
fe40
fe2c
00d5
0105
022b
030f
02f3
0178
014f
fffe
fdae
fb71
fafc
fb46
fb6d
fdf1
02a8
02ef
047b
046b
02c8
0164
ffe6
fece
fe48
fdc6
fe40
0070
004f
0178
03f2
0154
ff7b
00e4
fe1b
fc05
fda6
fd65
ff3c
0226
0252
02b3
034c
0197
ffcb
ff96
ffbc
fe0e
fc3e
fd35
ff02
00cf
02d2
02fc
01e7
0265
fe9a
fdcc
004e
fde1
fe36
ff8d
fe81
0025
010a
ff62
0024
0198
ffa9
feeb
ff5f
009e
ff9a
ffc1
0162
ffbc
ff22
0024
fec1
fd96
ff14
ff23
fedd
ff91
ffd5
ff66
00a0
0198
0266
021d
0037
00b7
00ef
ff41
00c4
0168
00a5
ff72
006c
fdaf
fda7
fe6c
fe15
fdd1
fea2
fe5e
000c
0082
0364
0341
028a
0293
0115
ff25
ff29
fe1d
fd6d
fd00
fd2b
fe80
fed0
fff8
029f
01e7
0126
0260
0196
0040
018a
0147
0067
0231
0084
0089
00d2
fe50
fe78
fe1a
fd29
ff52
0066
ff53
0212
01ba
0085
0165
02a9
0078
ffc0
ff3f
ff50
fe81
fecd
fedf
fd62
fdfa
ff4d
fe6a
003e
0374
02ca
024e
02e4
0346
0266
011e
0077
ffec
fcbe
fbf1
fcaf
fc7a
fcb6
fe37
ff89
01c4
02ef
04fc
03ec
02a5
0226
018e
fe5b
ffd4
ff9e
fd49
fe53
fe01
fcee
fe98
fe26
fdf7
ff56
fefb
ffc8
022c
0147
01fd
040c
01dc
01b5
0261
fee2
fd2f
ff0a
fd62
fb80
fc91
fe07
fea3
018a
038d
023a
01cf
0334
0170
ff9f
0071
0032
fe18
fe37
fefd
fea3
ff8e
fe6d
ff0b
ff9d
feb6
ffbc
019d
ffeb
0196
01eb
ffce
00f2
0331
0063
00b4
006a
ff65
ff53
fe22
fd85
fea8
fe22
fe7b
ffe0
ffe4
0027
00c5
004b
011b
00ed
00c3
00f6
00c7
0098
0038
ff5d
0027
ffa9
ff39
ff89
ff8b
ff6e
ff8f
019b
0122
01ea
0289
01b8
0153
02a7
01ae
ff6b
fe17
fe5e
fc42
fcbc
fd70
fd36
ff21
003a
0075
02be
02f3
01bc
02ae
0197
0096
0091
ff69
fde4
fefa
ff2d
fd9a
fd99
feee
fe40
febf
ff8f
0157
0297
0235
02b2
021e
026f
040b
00c2
feae
fe39
feb2
fdee
fd24
fd17
fe87
fbd2
fdca
021c
01a1
01f1
042a
015a
021d
03a5
ffd8
ffb4
00e9
fce5
fc27
fd7c
fc3b
fd85
ff1f
fea2
00f7
0214
0194
0258
0188
0263
02a1
00b2
005a
ff57
ff32
fe1b
fe00
ff57
feef
fd92
ff58
ff3b
ff55
0139
011d
0192
02b5
016e
01ba
0238
00d9
0062
fedb
fcc7
fc82
fc31
fbd6
fd06
fec8
007e
0181
03da
0469
0432
0448
02cb
01d0
fffc
fe18
fe06
fd85
fdc8
fd90
fd3c
fef5
ff44
ff15
ff59
00c3
01be
0375
02f9
021a
028d
00f5
00a5
005f
fdde
fed3
fda5
fbce
fe1d
fe6c
fe18
0119
013a
01f1
03be
021b
0384
0345
00d9
0078
ffba
fddb
fee0
fd76
fc82
feaa
fe44
fead
0002
ff19
00b4
012a
01a2
0297
0273
00d8
00a1
ff89
fff0
ff26
fe63
fead
ffad
fddb
ff57
007f
00da
00f1
00bb
0021
005a
ff92
001b
0078
ff93
004a
0096
ff9b
ffa4
fffc
feee
fed1
fe9a
ff7e
ffd3
ff69
0179
023d
01e7
0223
01ad
ff24
ff60
ff29
fdcf
fed7
fea8
fe81
002c
ffde
0095
01bc
ff5d
ffd3
01c8
fefc
ffbb
0032
ff32
0089
01e0
0078
010c
003a
ff9c
ff6f
fe81
fed0
0026
fe79
ffa8
019e
ffa6
ff2e
0128
00e5
ffda
ff32
0039
0065
ff68
00fa
010a
ffb2
0166
012d
fefd
fffc
ff9b
feff
fef8
ff81
ff2a
ffd8
0051
ffa8
ff08
ff90
ffe5
00b8
0136
00ec
00f3
0214
00f1
01c6
00e1
fe7d
fe62
ff5d
fe0d
fded
002d
001d
fedb
008d
0069
ffac
00da
0026
ff61
ffc3
ff3f
ffa4
0080
0051
0116
00a0
00aa
00bc
00fd
00cb
0071
ffc4
0020
ff94
ff19
ff3a
ffca
ff53
ff00
fe88
ff05
002a
ff88
feed
0097
0049
ff17
0144
02a9
0259
0186
00c5
0066
0078
feb4
ff0e
fe22
fca5
fdd1
ff97
fe51
ffa3
ff6d
ffc6
ff1a
01b6
0281
0180
00f3
026b
01fe
0294
02f7
007e
ffba
ff41
fca7
fc9a
fe61
fc5a
fd47
fe01
fdc3
0098
01cb
0235
02a2
0280
01bc
00ee
01e3
0188
004d
ff9b
ffa1
0043
00f5
ff84
fe9e
fe5a
feac
fdcb
febd
ff90
ff0c
000f
0105
0098
0236
0169
ffc1
ffac
fd8b
fe22
ff78
0051
00aa
01e5
0139
0105
028a
0237
005f
0087
fece
feca
fdf1
fdda
fdee
fe41
fe6c
fdef
fe0d
ff67
006e
ff26
0122
028c
0269
0411
03cc
026d
0381
0132
0007
fffd
fd7c
fbcb
fccd
fbf7
fd95
feeb
000a
009a
01cb
0202
0280
00c3
0164
ff5c
fe70
ff96
ff48
fefe
febf
fe7d
ff22
0049
00df
011a
013e
0093
00f7
01f8
019f
00be
0033
fe2e
fecc
ff20
0006
ff82
ff8e
0046
ff42
ff37
00e3
ff7a
feeb
00f7
fe10
fe9b
024c
01ef
015d
03cf
01f2
fffe
004b
ff29
fde9
fec4
fe46
fd3a
ffe4
0083
00b5
0177
01e3
010e
0052
ff31
ff10
ff8e
fe60
fda9
fe91
fee8
ff4e
010e
013c
004c
00e2
0155
ffb5
0072
00e4
ff69
0105
024f
0119
018c
0215
0074
006c
ff22
fd98
fe0f
fee2
fd50
fe79
ff65
006a
0107
010f
01a4
0195
0016
ff76
fdb6
fea4
fe8d
fd4b
fe99
0047
fe83
ffdd
0185
00ea
01a7
0181
0078
013f
015b
0136
01e6
00e1
0078
004a
0007
fe71
0046
ffc0
fe9e
ff7c
ffd4
ffa6
fe52
ff2b
ffeb
ff59
0044
002f
fdf5
0029
006c
001f
0108
0094
ff59
ff9e
fedc
ff14
ff69
fee4
ff15
01fb
019e
013c
01c0
0142
0158
fff8
ff14
ffeb
feeb
fdc2
fee9
ff74
ff36
01fc
0168
00f1
0189
0123
ff58
ffb6
ffa2
ff92
ffb3
0041
017f
0132
00a9
006c
fe8c
ff1a
fe1f
fcdf
fee1
ff7b
008b
01c4
0172
010e
02c6
0160
ffbe
0144
01e5
ffe6
0029
ff49
fd69
fe1b
fe51
fdb4
feb1
ffb6
ff0b
fff1
012d
01d2
0246
027e
01cb
00cd
fffa
ff34
ff40
ff90
fde2
fd80
feef
001c
0136
022f
0160
01b6
00dc
00ce
ff4f
004b
ff01
fdef
fe69
fe90
00cc
ff41
feca
ff29
001c
feb8
008c
0068
feac
fe34
ffec
0145
02ce
023f
020a
0035
ff94
ff7e
feff
fed3
fe67
fcfe
fecf
ff15
00ec
034a
0353
0101
0205
01b0
008f
0105
00f2
fe27
fe98
fdd2
ff69
0058
ff5e
ff4f
ffec
fe75
0018
ff76
0003
006b
ff5d
0049
010e
00c4
01e0
ff70
fe9a
ffcc
ff46
ffc2
00a2
ff79
0037
002e
ffdb
00b4
01b8
00f2
ffe2
0022
010f
00bd
0130
0050
00a7
ffa8
0021
ffb5
ff7b
007a
fe8a
fddc
ff80
ffc4
00ae
00d5
ffbd
00a9
0085
001d
ff85
fefc
fe77
fe05
fec2
ff6d
ffe7
007c
0097
013b
01ef
004c
003b
ff60
ffd3
008b
ff4b
018b
0192
fee0
000d
003b
ffe0
00c8
ff3e
fd98
fe16
ffc7
0092
00df
0020
0046
ff57
ff73
0125
0068
ff56
002a
fff0
ffa2
01d0
006e
ff6b
0021
fea6
fcd2
fe9d
fea1
fe95
001c
0127
011c
036e
02dc
010a
ff7c
ff02
fd67
fdef
fedf
fd99
fe7d
014c
0094
02f2
0446
01a7
0085
0194
ffba
0035
0099
0077
000c
ffc7
fe67
ff35
ff6b
fe84
fd93
fc75
fdf5
ff94
00da
01e4
02ac
01d8
0186
0190
009c
00f3
fe9a
fccb
ff11
ff65
ffb4
013f
00a3
ffcf
ffa9
feab
ffba
ff96
fff9
ffcd
00cb
025a
0292
01da
00b1
fff3
fee7
fe03
fd7c
fcdd
fcce
fe67
fec3
019b
03fe
0382
01e4
0138
01ee
0228
00a1
007b
ff2a
fc5b
fd56
fd67
fe2e
ffd0
fdf4
fe70
003c
0098
0188
021a
01a6
0186
011a
fffa
ffd3
0010
ff75
fe81
ffe5
fe5f
ff7c
ffd3
fded
fe08
ff62
0014
00c5
0158
0394
031e
01bf
0398
03f5
00c9
ffc7
fe82
fb8e
fbe2
fcd0
fdeb
fd59
fe55
ff85
ff09
0118
02cb
0237
017c
0021
00db
01fd
018a
00dc
015f
fedb
fd02
fefb
ff2e
fe1f
fd32
fec0
fd7f
0161
0292
03aa
038e
0403
0298
0245
0034
0087
fe79
fa5c
fd23
fe47
fca9
ffe4
ff9a
ff84
ffb4
00ff
0212
0161
0037
015a
ffbb
00be
028f
013f
ff11
ffdf
feac
fe71
ff14
feda
ff60
fe73
fe9b
0137
02ae
01f7
0216
022d
01ff
0119
0102
ff88
fec6
fe4f
fda6
fced
fd67
fe3a
fdda
fefb
0253
0148
0347
0325
016e
02b7
010e
ff19
ff7d
fe42
fd14
fe27
fd4c
fd8f
ff8e
fef8
fe9e
003a
00ac
0089
02b1
02f2
02e3
032f
0294
0129
019d
009d
fe04
fbc8
fb70
fa99
fb04
fc77
fef2
0078
01c2
038b
0546
0547
0350
0250
00c3
fd89
fdfb
fec6
fd75
feac
003e
fe7c
ff75
0114
fe17
fe58
014b
0025
ff68
00f1
00ea
025c
0323
02e9
0105
0005
fea9
fddb
fb2a
fc52
fc24
fd1b
fe8f
0132
0331
041c
0358
040d
02c4
00ba
011c
005c
feda
ff36
febe
fd76
fe55
fe08
fde7
fed5
006c
00eb
0232
0159
02ce
036a
02bd
0299
0240
ffbf
fed0
fd23
fc0e
fbf2
fc0c
fc6b
fc08
fd23
00a9
0248
02fb
0423
03d6
01a7
0303
035f
0210
0035
ff74
fe67
fcc6
fd59
fd28
fbd2
fe17
004d
0018
0193
03fd
03db
01dd
021f
007f
ff8d
feea
fe0d
fdb7
fcd9
fd8e
fdcf
fd64
feb7
0025
ff0a
0173
0345
02b8
030c
0362
0362
0329
0074
ff1a
fe69
fcff
fa62
fb62
fb8b
fb88
ff04
010b
01cc
0515
0648
0480
0282
025d
0045
fe9c
fe56
fe1c
fc7a
fe1e
fe39
fd99
feb8
ff3f
ffae
0114
022a
0332
01f4
014c
01eb
0203
0068
ffc2
010f
fdb0
fd90
ff0f
fdce
fd04
fea3
fdbb
006e
00a3
0247
039f
02c4
025b
034a
006a
008f
016e
ff59
fdec
ff64
fdd3
fd54
fda8
fe36
fede
0012
019d
0160
0341
02fa
0190
01f9
01e3
0134
0160
ffb6
fde5
fe0f
fddf
fbf4
fdb2
fdee
fd45
0057
02b5
017c
03c6
02bf
00b0
0134
015b
ff9c
ff54
fdf5
ff3b
fea0
fdbf
fdcb
febe
fe15
fef3
ffde
ff8f
0192
0130
0037
0327
02eb
01e7
02ed
0089
feef
fe26
fd4e
fe35
fd6c
fd7b
fee0
ff3a
00ab
02a3
0116
01d7
008b
004e
00a2
ffd8
fff6
00b1
fdc9
fe0f
ffeb
fe9a
fe02
004f
fe15
fef8
015c
0107
007e
024a
00dc
00de
009e
0160
0041
ff28
fedf
0086
ffb3
ff80
0078
0073
0088
00b7
00a4
0091
feea
ff3d
ffd5
fe0a
fef2
00fe
ff1d
0041
015b
ff92
ff60
ffaa
ffe1
0083
002e
ff56
0053
ff7c
0087
01f9
014b
01b3
022c
00bc
0088
0131
ff8e
fe2e
fe49
fea9
fe33
fded
ff35
00cb
ffcd
013c
0236
006a
002b
00e6
fefd
fff2
0064
0015
0009
ffca
ffea
ffab
fedb
ffae
ff65
fec1
fe64
ff2d
0040
003c
011d
01dc
01a4
01b7
01dc
ff4e
ff0c
00e6
feed
fddf
00c9
ff9c
fdcf
ff52
0038
fff0
001b
ffa4
ffaa
febd
ff67
009f
ffe0
fffb
00e4
0051
ffdb
018a
01c1
0012
ff31
ffdf
ff50
ff2e
ff5b
ff88
ff29
0015
ffee
0050
ff5b
0125
00ee
ff44
00a9
0107
ff12
000e
ffee
ff3e
ff24
ff0c
ff54
007c
ff86
00c8
00ff
00f4
018a
0006
fe95
ff59
ffae
002f
fff9
ff33
003e
ff78
fdf0
0093
ffe8
fe6c
0046
0076
fed8
01ae
02e6
025f
027b
026c
ffb0
005d
0055
ff34
fe11
feb8
fea1
ffd8
fff1
0026
fea7
0028
fed9
fe90
ff80
fec1
ff03
0176
006a
0232
0371
0192
fffb
0199
fe51
fda9
ff65
ff58
ffee
00ec
0078
0230
0252
0128
0098
ff07
ff5a
fff9
fe07
fd8b
ff7c
ff0c
ffc4
00b2
0009
000f
0008
0022
0084
ffe9
0056
00d3
ffb9
0110
00df
ff6c
0050
00db
fef4
ff48
fff6
feef
fe2a
ff02
fe44
ff70
ff6b
ffcc
000e
00cd
01fb
027e
01a8
02f8
019d
ff5e
fe36
fe36
fdbb
fe18
fd62
ffb2
003d
ff88
0183
01b5
009e
0145
0065
ff16
0018
0033
000f
0029
00aa
0142
002e
feb6
ff68
fdd5
fdec
feb0
fe07
ffb0
00e3
0093
025d
0331
0275
01f2
00d0
fea6
ff96
feba
fe38
ff53
ff56
fe54
006a
0038
0075
0166
01f1
0051
0057
0017
003f
fe6c
ffb8
ff71
fe47
fdec
ff3e
fe25
ff4c
007f
008e
0158
029c
020c
02df
02b8
019d
0203
009f
ff71
ff53
fe2e
fd4d
ff2c
fe78
fe1c
fee6
0026
00eb
0067
0034
0047
ff30
ffc0
0144
ffe6
ffb5
001c
febe
fe76
ffb8
ff8f
fef5
fef5
ffd6
0117
0091
01ab
021d
0082
0103
00b0
007f
017f
00cf
ff51
ffbe
ff52
fe91
fea3
fdf1
fee4
fff4
fec9
004c
0179
0026
0015
0216
ffd7
009d
015b
ff5c
feb8
ffb7
ff25
ffc3
0000
ff99
ff5a
fe30
00a7
01f2
0202
0116
00c4
ffc6
0032
ff3d
0031
ff44
fdf9
fd34
fe80
fee3
00a8
0139
006b
010f
01a4
0181
01f2
0153
0082
ff57
ff0b
ff1f
00af
ff6f
ff4d
0022
008f
017c
0128
0005
ff9e
ff7b
ffd5
0075
009a
0150
00b0
ff43
0084
01ff
00fe
ffbc
fe54
fbb0
fd3e
fe22
fd9f
ff96
ffa1
fe99
0119
02f9
03af
02f8
0265
00e1
ffd3
00d5
ff8f
fd96
fd64
fc81
fc52
fe8b
015c
035b
02b4
0257
019b
01e2
0125
ffab
ff72
fd90
fdad
ff51
ffb4
0096
00ba
ffc7
ff29
fef2
ffee
0002
ffbb
ffe2
ff77
ffea
ff85
0167
fffe
000a
004d
ffde
001e
0095
feaf
ffb5
ffe8
ffc2
0191
017f
0052
00f9
ff09
fe5f
018c
000c
fec3
0095
fde3
fe16
0062
002b
00fb
01a7
0154
00d2
00d8
00be
ff2b
fe3e
feb4
fe1f
ff84
00c9
00b7
02a6
02a2
fefc
0063
00dc
fe01
fe71
ff69
fd60
ff2b
fffb
0022
00ed
02a6
0025
0165
0124
01db
0107
ff3a
ffe2
ffe9
ff41
01a5
0060
0060
0020
ff6d
fe3d
ff12
fe9e
fe9c
fe87
ff63
00c1
019e
00cb
0158
016a
003e
0195
ffb6
feeb
ff74
fdbe
fd25
0010
ff24
fec8
0080
0070
00b8
01cd
00a4
ffa9
002b
fee3
0046
00cb
002f
0156
004d
ff83
0006
ffb9
0005
ff37
fdef
004a
ff69
002a
031d
021d
0004
0146
ffdf
febd
ff5c
fe95
fe8c
fde2
fdb3
fd9d
ff49
0103
01aa
ff71
ff6f
0040
002b
ffc8
0109
0084
0049
0092
01ce
0157
ffa9
feb6
fecb
fdae
ff1b
0061
ff42
ffc0
0210
024a
023d
0234
0332
01b9
ff1b
0015
00da
ff64
fe9f
fdb3
fcb6
fd05
ff25
fe8b
ff49
0071
013e
0068
01eb
021a
00b3
0100
0069
0032
ffbb
ff20
fed5
ff99
fff0
0000
fffc
002e
00a6
ff93
001e
0091
01cd
031e
0166
0160
0089
fe78
feda
feb2
fcac
fdb4
fcf3
fed1
00c9
014f
0390
03db
01e7
02b0
0192
fdc3
feae
ff2e
fd00
fce0
ff32
ff0c
009a
ffe3
ff4f
0075
001d
ffb5
0018
ffe7
ffd0
0146
0076
00f8
02a7
014e
0082
ffc9
ff1d
fdc1
fc6f
fce2
fc62
fc8a
ffb2
0134
029e
04fa
03b4
0327
0387
0243
009e
ffca
fd13
fd47
fd4c
fc0d
fdc6
feff
fdda
fe6f
ffc1
007a
0257
01fd
012b
00e8
013f
0170
0243
011d
0052
000c
fe54
fe8c
fd81
fd34
fd73
fd9b
ffde
010f
009e
0321
02d7
02bc
0394
017b
006b
0133
fed0
fe72
feda
fd07
fd18
fe8d
fe85
0009
0272
0261
02f4
02e9
0121
ff7e
ff32
feed
fed2
fdea
fe47
fed6
fe95
ff78
ff56
feff
00c5
ff3d
005f
02f9
02c9
040d
03f4
02c5
02e0
00b3
fe77
fddd
fccd
fb0a
faa1
fb7e
fd47
fdad
00f3
0292
03ee
0470
03b3
0451
020c
0166
ffb2
ff12
ff02
ffc4
fe58
fd35
fc18
fd08
fe5c
fcd9
fe89
00aa
ff4d
00d5
02d6
01f2
02c1
024b
01bf
0138
0130
007e
ffaa
fe28
fd8d
fce7
fc72
fdeb
0051
00d6
023d
031c
02f8
0275
019d
00a6
0057
fdca
fe47
fdcf
fc73
fdb5
fe4e
fd41
ff49
ff9a
0044
0080
0182
01c9
0303
01f9
0282
02e9
00a9
fe7b
ff8e
fea6
fd64
fdb9
fc0f
fc1f
fd2c
fff2
01b6
0329
035f
027d
01d9
0238
014f
0137
0016
ff06
003e
002f
ff81
00a2
feb2
fdcd
fe27
fe6a
fef9
00c6
0026
0037
01c9
02ca
0269
015a
0070
ffed
fe90
fdb8
fdca
fe31
fd0d
feb6
005a
006b
02ae
020f
0133
0242
01b5
0163
016b
00d8
0025
0027
fe1c
fe13
fe56
fd6e
fcc8
fe4d
fee5
0190
01fb
0317
030b
02ad
01fc
01aa
00f7
00c3
ff57
fd0d
fd8c
feed
fd91
fc37
fd4d
fd3f
fd61
feb5
0121
01e2
028d
02c5
0400
03c6
03cb
0101
0194
ff73
ff17
fdac
fceb
fb76
fe18
fd4e
fdb3
0024
0116
0075
025b
01c7
02de
01e9
0163
0019
ffb2
fe39
ffce
fed3
fe76
fedb
fe7b
fde0
ffff
0222
0121
02a4
02a6
0193
01a0
017f
ff13
fe51
fcf2
fce6
fca0
fdcd
ff15
fe29
ff4e
0135
00d3
0268
03d9
0168
01fd
02b7
005d
0309
01a8
fe61
ffc3
fe84
fc5f
fe19
fe06
fd74
ff97
0096
001d
028c
0350
02b7
0242
0109
011e
ffe4
ff66
fed9
fe2e
ffac
fe75
fbc2
fea3
feab
fda3
ff87
01a6
00fa
036d
0370
024d
0393
0244
fdf5
ff82
fe24
fd04
fe39
fd07
fca6
ff6f
0087
ffe3
00c8
0322
00d0
009a
021d
0101
ffb9
007e
ffa2
ff72
007b
ff07
fefe
ffff
fdd9
fdfe
004f
0077
0165
018d
00c7
01b5
024c
0006
003e
fe79
fbda
fdc5
fdf2
fd4d
ff83
0027
ffe8
0089
016c
01ca
02c9
0388
0356
02ff
01a8
00cd
fff2
ff9b
fe2b
fda2
fd0f
fcd7
fcee
fec9
fecc
ff78
019c
0132
ff74
036d
0178
000c
0006
fed8
fef0
ff4f
ff5e
009f
000f
001e
0106
0053
ffe4
0243
ffcb
feba
00cb
ff6b
fe54
0021
002f
ffad
00bd
ff17
ff2e
00cc
0059
fecb
ffc1
feba
feff
ffe3
0103
0133
0251
0146
ffae
00b7
00a0
fe06
fe4f
fe3f
fd16
ff0d
0091
0051
0094
0049
004f
0115
01a8
0126
0125
ff97
00fc
014c
0067
0041
009d
fec9
fe51
fec7
feab
fe87
ffcf
ffd0
0042
01bd
0189
021d
0113
fff2
0014
ffc4
ff37
ff8c
fe9a
fdfb
fec8
fff6
0044
00df
0116
013c
0066
0083
007b
ff8d
ffe6
000d
fc90
fd5d
ff88
feae
ffce
0146
006f
017a
01bf
015e
02ff
02d2
0114
ffe7
ffd0
ff33
fef3
fea4
fe79
fecf
fe49
fef0
0028
008f
0127
ffef
0083
0110
0161
00c4
0118
ff3f
000b
ffc7
fe63
fdbc
fedc
fdda
fdac
ffec
01a3
0067
0137
02dd
0179
0022
01c1
009b
ff08
ffb2
ff7e
ffd3
00e7
004a
009a
fed8
fed7
008f
0015
fef2
ffde
ff70
fddc
0061
010d
013a
01e2
00f4
003a
00a7
ff93
feab
ff02
fe1f
fea5
ff23
001f
00f8
014e
0167
0098
009e
012d
ff79
fdee
fec8
fd01
fc04
fec5
fec3
ff98
0296
017b
0099
03c0
020a
0122
0206
022b
0004
ff7e
ffb6
0037
ff97
0009
ffe2
fe41
fdb0
fddd
fc9b
fe1d
ff3a
fe84
ff71
0072
0182
033a
02a4
02ca
0330
0107
ff56
fe95
fde1
fe91
fec7
feab
ffb5
ffa8
ff66
0071
022c
01fd
0209
0134
00e9
00a6
0004
ffb8
ffc5
fe4d
fd91
fcb8
fe35
fe8a
fef3
00f7
0044
ffb2
030d
0278
010a
0307
01f2
ffcc
004e
ff41
fdaf
ffcf
ff62
ff20
0060
ffa6
fef6
012f
0013
0033
014c
0074
002f
0219
00df
ffec
0098
ffe3
fea1
ff25
fe48
fd8c
fd07
fe97
ff5e
ffe8
01dd
0205
008c
015e
0160
0104
009b
002d
ff5f
ff3b
fef3
0088
0193
ffef
ffbc
ff82
ff5f
ff10
ffc2
ff5c
ff8f
009a
0174
004f
005a
00b3
fe1f
fd9a
feda
fd65
fcb2
fea0
fde5
ff87
025d
018e
0294
03e5
0173
0174
023e
0260
019e
007b
fe41
fe20
fe62
fe86
fe41
fdd6
fe6d
fedf
feb0
00c5
0085
00c3
0163
018e
0225
02c0
0139
006d
ff45
fe32
fe25
fd87
fda1
ff97
fe44
feb5
01b1
01ad
0209
02da
00fb
00f2
01d0
0028
0030
009a
ff30
fde6
fec0
fea4
ff63
00bb
ff74
ffa9
01e9
0041
0164
0234
0226
008c
0018
002c
00f1
ff7c
feea
fe67
003d
fecc
ff86
0021
0076
ff0a
0144
0117
ff45
0159
00ab
fdb0
ffe6
00a2
ff0d
ff5e
ffab
fe35
fed9
ff80
ffe1
0008
0093
00cc
01c3
019d
0263
0265
011e
01e1
017a
ff16
fd2d
fd7d
fdbb
fc79
fc98
febe
fee8
008b
0279
0238
0231
0290
01a5
0098
0016
fe90
febb
fdc8
fd9c
feab
ff30
fd32
ff93
ff1d
fe24
ffc1
0105
000d
0111
00b2
0179
01b5
02e5
028f
012b
ffd8
009b
fdf8
fdc9
fddc
fced
fd26
ff62
ff48
0154
0175
00e9
0215
0270
009b
01e8
00f6
fe20
fee5
ff2c
feb1
00d5
ffcc
ff27
0048
011b
00a1
ffab
0043
0064
ff2f
ffac
ffd0
fec3
0048
0121
ffb9
ffd5
01d8
0142
ff8b
0077
0060
ff91
fff4
0201
0111
004a
00c7
00b2
ffdb
0138
ff60
fda7
ff0f
febc
fed2
00b3
feb3
ff31
0159
ffb4
0069
0245
ffe1
000a
00c0
0047
00cf
01a7
0097
fecd
fe8e
fef5
febb
fe20
ff53
ff4f
fcf9
ff84
027f
ffff
00d1
0290
0092
0110
01ee
0037
fffc
ff8e
fddb
fdd8
fdf4
ff4c
fe80
ff1d
00fa
017a
0194
00d8
ffb3
0108
ffa3
fe74
00ba
ff9a
fded
ff48
0063
00dd
018e
00c2
ff4c
fead
fe8a
fe68
fecf
fea2
ff28
ff95
ffd0
0185
0334
00a0
005c
0012
fed9
00bf
006c
ff27
feff
ff3f
00f7
00d7
0193
020e
ff66
fef0
0165
0034
00fc
00fe
ff02
ff61
fffa
ffd2
005d
00eb
fea2
feb4
fdec
fe1d
00b5
00e3
ff9f
007b
00ad
009c
00d6
018b
005c
ff94
002c
0000
0071
00a8
ff28
0068
0033
ffc7
001f
fef0
ff22
ff66
002a
004b
01c8
0296
00a2
ff7f
01ac
0001
0040
00bd
fef2
fca2
fdc4
fdf2
ff91
0160
014a
00da
00bd
01b9
02ac
00ce
ff49
005e
fe35
fbdb
fe77
ffac
ffd9
029d
00ca
0004
017d
00eb
00aa
00d0
fd77
fd7d
fd3e
fd76
ff4c
0060
00ae
01fc
0285
03a6
01c1
00ca
0051
fee5
fdff
fe40
fd42
fe97
0040
fff9
0183
02da
0297
00fb
ffeb
ff56
fef0
feba
fddf
fe9f
fead
ff28
00e0
00aa
007a
0162
feb2
fe56
ff5e
feb1
ffc9
ffef
00fe
0203
016f
0166
0232
ff35
fdc7
fd85
fd65
fdeb
ff62
0010
011d
0178
0234
0441
033a
0325
0201
fe5c
febc
ffba
fd2e
fea7
fcc5
fc6c
fdc6
ff7d
0000
0238
00ee
0008
0084
003f
0213
02a4
020a
019e
0053
ff9e
ffcf
fe53
ff0f
fdb7
fca5
feb1
0137
020b
01d5
01d2
01ed
00b1
015f
00dd
ff93
fed1
fdbf
fca2
ff16
ff99
ff09
ffb8
00f0
ffcb
01cd
01c5
0079
0122
0125
fed1
009e
0288
015d
000e
0015
fd47
fd09
fde9
fd8b
fd3b
fe8f
fe90
ffef
01bd
0450
0472
036f
0226
02b2
014e
005c
fe42
fcd7
fbd5
f992
fba2
ff75
ff6b
ffa5
0211
009a
02a5
03b7
0295
00fa
0023
feb2
ff71
ff19
fec0
003e
fe0b
fd44
ff6f
fee3
fe55
012f
00ed
0062
01bc
027e
0309
03b5
0308
01d8
0107
ffe9
fe38
fb16
faa6
fa48
fc65
fd31
0054
0296
02f1
01aa
0534
02a9
019d
0106
ffe6
fd15
ff42
ffd1
fefb
fff0
00e0
ff64
ffa0
0114
0132
00c4
ff7d
ff66
01b8
00eb
0234
0249
002e
ffdd
ffa7
fd91
fcb3
fc41
fcda
fc8c
fcff
00e9
0403
0366
041b
05b3
023e
0196
023e
ffbe
fd95
fc16
fb30
fc6e
fe64
fee0
ff28
ff89
0040
0112
0201
0210
02ab
0055
fff1
01c5
02a0
0348
0257
007b
fea3
fda9
fc32
fbde
fb78
fc0f
fcdf
ff11
0303
041d
03bd
0424
030c
02bd
00ed
fdf8
fe53
fda4
fbe9
fd5e
fe62
ff1f
0143
01ba
0118
01d0
01f3
009e
ff67
fee6
ff3f
ff59
ff77
014c
002c
ff09
000c
ff27
fd68
ffdc
ff5b
fe9b
00b0
02cd
01a4
02de
03ff
02cd
004a
00a1
ff41
fd84
fdf9
fd8f
fbc4
fd13
fe63
fe65
0006
0195
01f3
0268
0224
026b
02de
01c3
ff10
01b0
ffcf
fe91
0019
fe4e
fd51
fe06
fe2b
fea9
008c
ff82
0007
0065
019d
02bb
01fd
00f9
0199
fed6
fe38
ff7c
ff0b
fdce
fefe
ff12
0067
00ee
0160
0209
00c2
0128
01e8
0002
ffc0
0137
feac
fe6a
0036
ffb2
fe63
fe9c
fdd0
feda
ffa8
ff3b
ff77
002b
008c
00ff
00a8
0222
0247
01f1
00ce
0069
0042
ffc6
fe99
fe8a
fd82
fc8d
fe54
fee6
fec8
0120
016c
ff96
0260
0289
007e
0095
ffb7
ffbe
004f
ff3f
ffe2
0074
ff3a
fec9
feea
ff7d
ff85
00cd
ff92
fff0
012a
00f1
00da
0172
00a6
ff6e
fd7c
ff0d
ff74
fda2
feef
007d
00a7
017b
02cd
023f
00ed
fffe
ffa4
fcc5
fcb3
ffb4
fe1d
ff68
0323
01c2
0062
0140
00f3
fff1
ffca
fef4
febb
fea6
ffcf
00a8
01ed
0279
0319
015f
0040
00cd
ff67
fda5
fcfd
fcd5
fd71
feb8
fefe
003d
fff5
001a
0094
001c
00cf
01bd
0031
01b3
01e6
0227
0234
0183
ff70
ffb2
fec0
ff7d
0078
ff65
fda1
febb
fe2a
ff84
014f
0084
ff44
00f7
0083
ff2d
ffff
008c
0017
fea2
0026
ffba
ff25
000e
006f
ffb5
006f
ff6c
0049
004e
00fa
0058
ffee
ff45
0064
0031
ffea
0025
ffe7
ff75
00b3
fffc
ff04
ff7f
ff07
fd9b
0067
01c2
0035
00ff
013c
0095
02a0
00fb
000f
0062
fe78
fcb0
fff1
0027
fe9e
ff77
feea
fe44
0054
0051
ff6f
ff7b
0052
ffe9
ffae
01cc
035f
016a
0171
0145
ff3e
ff4a
ff04
fe10
fd5c
fe46
004e
00e7
0188
0259
0274
0196
01d7
0142
0079
fef7
fe58
fea5
fdb4
fd53
ff10
fea3
fe9d
ffe8
00af
0048
0221
0071
ff68
0085
00f3
0059
00e7
0089
0199
016c
0009
018f
ffb5
fcef
ff07
fe82
fe71
ffc2
ff24
ff32
005a
01a5
0192
01da
02a5
01b7
ff04
fe8d
ff89
fde4
fe04
ff73
feab
fe33
00dd
ffbe
011d
0207
0053
ff3f
004b
ffee
00fa
0067
001a
ffea
0072
ff2a
0040
00c7
fe90
fd63
ff3c
ff33
fefd
014d
0159
005d
02aa
02ee
0141
0139
00f3
fde0
fdd8
fec2
fe65
fed4
ff4d
ff1f
ffb0
ffcc
0020
0006
ff8f
006b
0082
010c
0286
023e
01d0
00b2
fe9e
ff77
fe9a
fcb5
fe83
fe15
fdce
0096
00b8
0117
021d
0282
0267
01c4
0141
ff3f
fec8
fec0
fe23
fefa
feb8
ff4a
013c
0147
015b
013c
0036
004e
0045
ff87
ffa3
fea7
ff1d
fe4d
fe91
005e
005d
fe4c
fff3
fff5
feb1
00e2
019f
00af
0176
01c5
0221
0240
0144
01f3
003a
ff07
0045
000a
fd46
fe47
fe9d
fcac
fc9e
ffa1
ffce
00e9
01fd
01a8
011b
0241
0084
fee4
ff04
fdd8
fd38
fedc
fed0
ff70
00e7
0064
0041
02d6
0124
01a1
02bf
005d
fe2a
0184
0079
00be
01bb
ffbc
feec
0078
fe40
fd04
fdb6
fd61
fe73
fefa
ffe3
0170
037f
0254
02bc
0241
0137
fffd
fecc
fd84
fe45
fe1e
fead
ff8b
0083
009c
0078
004c
02a9
005b
ff35
ff5b
fece
00e9
0164
00a5
0111
ffb8
fe86
0063
fe9e
febc
00e8
0059
000e
0370
02cf
0052
0018
ffbd
feac
fd4f
fe3e
ff6f
fe6f
0019
00b9
00ce
0107
0164
0065
ffd7
003f
ffd5
00c0
007e
00ab
019a
0097
feaa
0062
ff91
fdd6
fd8a
fdaa
fcf4
fdc7
0026
0017
0101
01d5
015f
01ef
02bd
00e5
00f0
0024
ff42
0112
ffbd
ff09
ff99
ff18
fce8
fdd2
00bc
0044
002d
00e2
ffe9
00ce
0151
ffde
0143
001f
fdca
ff49
ffb9
ff66
01b2
001a
fe8b
ffad
ffae
ff8a
00cb
ff3d
feee
ff66
ff0e
004d
0014
fff3
00bd
0083
00d7
0147
ffb6
ff20
ff95
ffac
01f2
0253
0100
0143
ff96
ff26
017a
00d0
ff17
0046
ff04
fe69
0024
0086
fff3
ffd0
ff0b
ff03
fe33
001f
0137
ff59
ff2a
001d
ff2a
01b2
0133
0161
019b
ff8f
fde4
0104
ff7d
fe25
fffb
fff5
feff
02e6
02cd
00ba
0131
014b
fef3
ff18
ff4b
fe8a
fd1f
fe9a
0059
01ab
02f3
0199
000c
0001
0002
fde3
ff11
ff62
fdda
fe39
feac
008d
02ac
ffcf
ff20
0050
fe14
ff62
014f
ff66
ffcd
00df
ffff
00cf
014e
ffde
ff73
fef2
0019
0151
ff9b
feb2
fffe
fe72
ff2b
00ea
0096
ff5c
ffd5
ffd4
ff21
000e
01ab
0128
ff1a
008d
013f
ffcc
01d3
0221
ff9d
0015
00bd
ff7a
ff2e
fe29
fe01
fddd
fdfd
fe61
ffb4
ffc4
0018
00bb
0104
0120
01f1
00ed
fe42
fe09
0007
fec3
0046
030a
0117
fef5
01a8
0170
0063
01b7
0083
ff0a
fff0
0085
0085
ffb6
004a
010d
ffab
fe5a
00c7
00a3
fed6
ff0e
ffd5
feea
00a1
0164
00ef
ff8a
ffcb
ffb7
ff96
ffa2
002c
ff54
fda7
ffa3
016b
006b
0096
013b
0058
ff72
00ef
00e6
00af
0099
0026
fef8
fffc
0131
ffdb
febf
ff41
fea4
fefc
ffe8
fff6
00d4
0021
007c
022d
0205
0140
0197
00fb
ffbd
004a
fe75
fdbc
fe67
fe5d
fd09
fcc8
fed4
005d
ff5e
fff8
0125
0001
00de
0317
00c4
ffa0
ffbd
fe63
fea6
0004
0094
00a3
00c8
0002
ff30
fec1
fec3
ff4b
fe80
ff32
ffe5
0074
0265
02c5
014a
02a8
0198
ffb3
ff3b
feb4
fe5f
ff3d
fe13
ffc6
0156
ff31
ff68
0052
ff6c
ff98
ff34
fd71
fdcd
feea
00f8
02c7
0297
039a
0243
ff81
ffe6
008f
fde4
fd8b
ff04
ff2c
ff2a
018d
0194
01a6
0130
0226
00c6
ffc4
008c
ff21
fd58
ff61
ff74
fe77
00b6
fffc
00ff
0255
014b
014f
0184
fe04
fed9
0024
fecc
ffb4
012d
ffbc
ffb8
ffe4
ff51
fe69
ff6b
ffb7
fe6c
fe31
00e5
015d
027f
037a
028a
01b0
0193
ffff
0053
ff63
fd08
fc6c
fc62
fc27
ff5a
0026
00fb
02a5
0376
027a
02de
00e9
00e3
fef1
fe08
fe54
febb
ff19
ff97
fe53
ff36
0001
ff4f
ff10
00e7
0018
ff9d
0037
00a0
00c3
0183
0009
ff2c
ff52
fe96
fe58
fe30
fe78
fedd
ff6f
ffae
017b
0186
029f
02a6
0113
018b
00bd
ff47
ffe3
002f
fe56
fe80
fe35
feb4
ff6f
ffbe
0014
008f
ff39
0084
004a
ffb6
011b
006c
007b
01d5
01a9
0042
0072
0031
ffb7
fe74
fd8b
fdf5
fe09
0066
00fc
007b
01b7
01d7
0072
00cb
0134
006a
0053
ffe8
004a
00db
0109
003b
ffef
ff7b
feec
ff7f
00c3
018c
0108
0060
016f
017d
0023
0054
fe81
fcd5
ff14
feec
fe67
ffcc
ff44
fe3e
0065
0080
ffdf
00e3
0116
0125
01e7
027c
00ec
01df
ffca
ffea
ff32
ff15
fec8
ffaa
fd0d
fcfe
ff78
016d
008a
0130
019c
ffe9
00f9
0247
ffd6
0044
0106
ff0a
fe28
ffbd
fdc2
fdfa
fdbb
fd08
feac
fef0
fe94
029a
0259
0297
0401
052b
022d
00e1
ff30
fd18
fd0c
fccd
fbc7
fc1e
fd4c
ffe5
00d9
0163
02dd
0199
00a8
004c
0051
0097
ffcb
0094
0074
ff10
0060
ffeb
ff04
ff09
fd49
fe4d
ffe6
00fc
0255
02d4
01d5
02dc
02cf
000c
001d
003a
fce7
fd62
fe95
fbba
fcae
ff18
fe63
ffa3
0225
0165
03a0
044a
0348
046f
026b
0121
0171
fe90
fd00
fd2d
fb9a
fbd7
fce3
fc06
fed5
01c0
0252
0388
04e4
04a3
03c1
01b7
018d
ff8d
fd7a
fe11
fc8c
fcec
fed1
fce0
ff4f
0167
ff32
004b
0264
00c6
007d
023e
0175
00d1
0263
ffe4
fdda
feeb
fdb3
fd31
fe18
fe7c
fe7d
ff84
00df
00f9
0269
03d1
01b6
00ec
0150
0055
ff01
ff78
ff30
ff0f
febe
fd40
fedf
fe46
feb7
fffd
00b6
00c3
0203
0030
ff15
0178
0221
ffc5
001e
feb1
fee2
ff2a
fe1f
fea6
ffe7
fe3c
feed
ff6d
0013
0114
0245
027c
0207
010e
00c8
ffbf
0060
010a
ff41
fead
ff90
fe68
fe3a
fff3
00c2
00de
0138
ffa3
00b0
010e
fffd
00a2
fed6
fcf0
fe08
fe32
feb8
00fb
0054
008e
00b8
021e
029e
021c
01a9
018d
00eb
ff1c
ffaf
0057
fea5
ff64
ff79
fd65
fe7b
ff3e
feae
fe50
0079
00d9
0039
0235
02f7
0124
016c
00e6
ffe8
ffed
ff78
ff22
ff2e
fe58
ff3e
00ee
00df
009d
0187
fec0
fe65
005c
ff31
fe29
feb7
ffa0
ff00
0092
00ef
01a2
01d2
0176
0077
ff97
ff00
0036
ff4e
feba
00ed
0084
000c
022e
0034
ff11
ff76
fedb
feb5
fff8
fec5
ff82
fff6
ffaf
ff8b
0133
00ec
0085
016f
fff7
feb4
ff73
004e
fd89
ffc6
0050
fee9
0025
028c
004a
0129
0310
ffbd
fe3e
0035
febf
fd5c
fea9
ffa6
fdf1
ff7d
0100
017e
0076
018b
0147
00b4
0214
00b3
ff8d
00ea
005a
002b
004c
ff36
ff10
feb0
fe2b
fdea
fdca
fe82
fdad
fec6
00b0
0130
0264
0313
02d7
026e
02ad
00ba
ff8d
ff88
fd7a
fc5b
fead
fe33
fed0
fec6
fffb
004e
0187
00e6
018c
0159
017e
0137
020b
013a
01a9
0050
fec2
fe72
ff33
fdd3
fe7d
ff23
fffd
ffe9
0189
02fc
003e
fefd
008d
fe92
fe25
0059
fc63
fcbe
fe68
fc3d
ff51
00cf
000f
02a6
0272
0242
04a2
0469
023c
02a8
0180
fec3
ffde
ff9c
fd2d
fe8d
fe9e
fd03
fd80
fe9d
fceb
fc79
fedd
0051
0012
02b3
022e
0242
03b8
0246
0173
0221
ff18
fe16
fd10
fcb8
fe6d
fe5b
fed6
004a
00a9
ff34
0096
01c1
022b
0164
0121
0131
009e
0079
01c2
00d0
fe53
fef1
feb7
fd43
fe08
000d
fec9
ff80
0111
01f1
01c0
0225
00f9
0160
ffff
fff4
ffcd
fd37
fed5
ff52
fee1
00a8
01b3
004c
0018
0100
0071
00d0
fffb
0035
017a
0086
ff7d
ffba
fe4e
ff0d
fee8
fdeb
fdfc
fe27
ff60
ff6d
00a9
028e
021b
0118
0253
0324
01c5
0117
0071
feab
fdd3
fde9
fd83
fe84
fec8
feba
fe2b
0023
00cd
00fa
01cd
02c1
01c6
01aa
0199
00ea
ffd8
ff82
fdda
fe3e
fdf4
fcea
fe60
fef5
fe70
00c4
0129
00e6
01ea
029c
00ec
012e
01cf
0198
ff5f
0082
0046
ff3f
fe85
fe79
fdae
fe1c
fefd
fe72
fee5
0136
0154
018b
02c3
01da
0157
01ac
ff5f
0036
ff8a
fd9e
fe2c
fdb9
fda7
fea5
fe9e
001b
0166
02a3
03eb
02b9
033e
0299
ffb6
ff17
ffa6
fe38
fcf2
fc14
fb68
fdfa
ffa7
ffe2
0162
01fd
01d4
0299
0207
025a
031e
0173
0046
021d
ff16
fd11
fe63
fdf7
fdac
fefb
fdec
fea7
003d
0120
00b4
0212
0296
0064
ff43
ff64
fee9
fe84
fe70
fe44
fe81
ff88
ff3e
00da
01bd
011f
0173
015e
002d
0196
012f
00d4
01c6
0249
00c7
ff93
ff06
fe5d
fc4d
fc28
fd0b
fd3b
fe4e
00f2
01fa
0315
04fd
03e2
0224
0121
ff20
fd61
fc79
fd16
fcfb
fdae
fea3
ff72
004a
0036
ffe5
0105
ffa8
0079
010f
00d5
022f
02e7
028c
0085
fefc
ffcc
feb2
fc59
fee0
ff3f
fe1a
006b
00fc
0142
02b2
0278
016d
0163
ffb1
fef3
fedd
fe3c
fe4c
feeb
fe2e
ffc6
ffc3
fe8f
ff68
0086
00ed
00fe
002d
0084
0190
020c
01a9
014d
0049
ffb5
fe6a
fe64
fdee
fe27
fecf
ff01
00af
020a
013a
0159
02aa
00bb
00f8
00b2
ffae
ff1a
fea4
fcbf
ffff
0031
ffa1
ff99
fe6f
feae
022d
0110
00c8
01e6
015d
00bc
019e
0166
ffda
ffc3
fdd2
fd6d
ff09
ff20
0059
007e
006b
ff8b
fea0
ff96
0007
ff57
ff42
ffd1
0096
0188
0167
0064
ffa0
fe75
fdb3
00d8
ff6d
ff43
0192
ff76
fee8
01eb
003b
00dc
00ea
fea9
ff9b
0072
fe66
00e6
00ef
ff40
0121
029c
00e7
ffad
ffb6
fe21
fdee
ff94
ff39
fdfb
00bf
00a7
00b3
01b1
01a4
003f
ffa1
fda0
fe66
ff54
fe6a
001e
006c
00a0
0129
019b
02ad
0210
ffce
feeb
fe45
fe54
0019
00b7
00a1
00c7
016a
00a7
0004
ffd3
ff35
fea8
fe23
fe2a
fffa
001c
011b
0276
01ab
00b5
000a
feeb
fe00
feea
ff1e
ff4a
0037
0060
0112
022b
019e
0206
0080
fdb6
fe5f
fee4
fe7e
0015
00a8
00d8
0296
0129
013e
0193
ffe4
ff36
fee0
fc2e
fc80
fd08
fdbc
00b6
02c3
028d
018d
01c8
03b0
00c6
ff4a
0069
fe60
fc78
ff34
ff8a
0061
01f1
0026
fe74
00a7
004a
ffbb
00ca
0044
fdeb
ff12
ff9a
ff7e
00d7
00b7
ff0a
005f
00f4
fee5
fea8
fe00
fd9f
fedc
009d
01cc
0262
035e
00f6
01e3
0367
0217
0034
ff6b
fc11
fcd5
fe3d
fdcc
ff1b
ff3f
fda7
ffc9
0198
0139
030c
0204
ff9c
001a
ffda
0065
000c
ff36
ff79
fdbb
fe69
0050
ff05
ffd5
ffb0
ff8d
00db
0299
01c7
026c
0210
00ec
0105
00c8
ffa3
00bb
fe05
fbe6
fd4b
fe65
fee0
ff73
fed9
007c
0102
02a8
040d
0336
010b
004a
ffd2
004a
ffbf
fe10
fd4d
fd85
fdc2
fec6
ff7f
00cc
00a4
ffaa
006f
01d4
0202
024b
0134
006c
fff7
0026
ffc8
ff6b
fd91
fc11
fd18
fd49
ff26
009d
009d
027f
0496
0424
039f
0238
00e3
ff6a
fe74
fe52
ff0c
fd5f
fdd9
fe30
fc89
fe40
00b5
ff5a
ff72
01fe
00e3
01c8
0369
0353
0274
01f8
0028
003d
fee4
fc89
fc0d
fb0a
fb7f
fd6e
fe71
ffcf
0249
034f
0443
0439
0439
02f2
fef3
fd78
fdbe
fc12
fe34
ff6b
fe83
ff42
00f3
0005
0175
018a
0055
001b
ff4d
0013
027a
0242
027c
032b
0221
fef6
ffac
ffe4
fd03
fac0
fc5c
fcd7
fe16
0128
026b
01a8
03b4
034f
01df
012d
0034
fdbf
fd35
fe9f
ff2c
ff42
ffda
006b
0073
ff48
0146
010f
ffd0
01a4
00aa
ff4b
0275
030c
01fd
01c7
fef4
fdc5
fed1
fca0
fc9b
fdfe
fd01
fdca
0075
00dc
0260
037c
02a5
016f
01e3
ffd9
ffad
00c9
007e
fe9b
fdb6
fe10
fdb5
fde3
fe74
fe8e
ffea
00d8
0084
0193
016c
fff0
015e
00e0
ff8b
00e4
00f8
fe5c
ffc4
ffa5
fdfc
fd95
ffa0
ffa4
ff09
ffd5
0247
02cd
02cb
02a6
028c
0147
0111
fedf
fe2b
fd9a
fc36
fd02
fcfd
fca0
fe5d
febe
0041
0161
00b0
0192
0300
0268
0307
0446
025a
011d
00c6
fe38
fe07
fe22
fc7f
fcd1
fd91
feb4
0091
0206
01fd
02a5
02a9
0265
0236
00ae
0067
ff66
fe3e
fe73
fd6d
fc67
fd8b
fe4d
fe88
001b
00c4
0132
029c
0270
039f
03bd
0202
0249
0062
fdbe
fe0d
fda2
fc4d
fd61
fc8b
fc0b
ff2b
012b
0146
0351
0374
0373
033a
023f
0251
0081
feef
fe77
fc1d
fbbc
fd94
fc00
fdbb
00aa
ff73
00d4
036b
02f0
032b
02fb
00ef
0046
ffff
fd98
fe23
fe1b
fe71
fd5d
fd44
ff3a
ff71
ffbf
0092
008e
0105
018b
0168
0242
01df
0149
00b5
ff8f
ff39
ff73
fda9
fdd8
ff90
ff50
ff7b
00bc
ffec
00d9
0182
ff74
0024
0093
feb8
ff84
ff7c
feef
00c7
0046
fe5f
00c2
00d2
008e
0046
0125
0036
ffad
0011
010b
008d
01ec
0231
0032
ff9f
ff87
fd4e
fd3b
ff4f
fda3
fdd9
fe10
ff2c
01ce
0223
026c
031e
01e0
00bd
000a
ff4c
005e
ff99
ff0b
0065
0004
ffe2
01c8
015d
ff83
00b1
ff46
fd7b
005f
ff7a
fe2e
0019
014d
0062
015c
01f3
0179
0148
0042
ff1d
fe6e
ff67
fe7e
fe73
fe5f
ffc8
ff3d
00aa
0129
0129
0049
ffd8
0053
0071
ff7d
0012
00dd
00bc
0222
0277
00a3
0029
ffe4
fe02
fc30
fc66
fd77
fe62
fdd6
fed7
00a3
01a0
0230
029d
027f
0162
00e8
0004
ffcb
000b
ffc4
ff7c
ffa9
0018
ffc5
fe6d
fe9c
ffce
fecf
fe3d
ff3a
ff00
ffab
0032
007f
019a
0236
013b
ff41
fed8
ffb3
ffaf
fe07
ffde
ffab
fe48
ffe5
013f
00e2
021d
01b9
fffb
0076
ff5a
ff02
fffa
ff9f
ffe6
ffd8
ff2c
013a
015f
005f
012e
00dd
009e
ffc5
0094
fff8
ffaa
ff6e
ffc6
fe31
ff56
00b1
ffd5
ff44
ffc5
ffd4
fe3d
ff6d
0073
0140
00b5
01a4
0166
00da
0144
00b3
ff4f
00ec
009d
fee8
ff80
0049
feec
fefa
ff45
fe04
ffa4
fef4
feed
0175
01e9
00e4
027a
0266
0104
01ad
0062
ff33
fefc
fe6b
fd35
fe54
feda
ff0c
fd9e
ff00
00d3
00f5
00d3
01d1
ff8e
00b6
0080
fee9
ff8b
febe
fe67
ff72
feb5
0002
0148
006a
00f1
0296
0030
00f8
01ea
0179
00ba
010d
00c0
0045
fec6
fdca
fdea
fd0d
fe4e
ff71
ff50
ff89
013a
00c2
ff42
ff84
00f8
ffe6
feca
ffae
fff0
ffcd
012f
024b
0099
00c0
ff37
ff5c
ffd2
fffe
fee6
ff35
ffc2
0020
0105
014b
024c
01ee
0091
ffe8
ffaa
feb5
ff1d
fe21
fd61
fd1a
fea8
00b1
0188
0131
038d
02f6
0167
01bd
0288
ffc3
ff07
ff10
fd9c
fdf4
fed7
ff18
0064
00e3
0173
0125
0117
00ce
0104
fddb
ff4a
0064
ffdd
ff75
0029
0005
016d
fe7a
ff79
00af
fe5c
fe8a
0103
fe20
ff61
00a5
00c7
01bd
0328
010e
0093
fff2
ffe7
feed
ff4e
fe90
ff2b
fe6d
00b4
0228
0223
0252
0184
fed5
fed8
ff0b
fd94
fcfb
fc84
fcef
fea6
0005
01c6
0182
00ce
01a3
00d2
00fc
002d
0121
0067
ffce
00a9
02ae
0224
01bd
0279
ff30
fc49
fdf1
fdf2
fbf5
fbba
fc9d
fe37
0037
0191
031d
0240
0145
0169
0050
ff7f
00cf
ffc5
ff26
0147
01c6
01c3
00f1
012b
ffeb
fd69
fdd9
feeb
fefb
ffd5
fe81
fe6e
0042
00ed
00b9
012b
0063
ff7a
00c7
ff94
005f
01fa
00fe
ff17
0225
00df
ffe7
00e7
ffa8
fea5
ffa3
ff0f
fe63
ff46
fe64
fe80
ffea
00f8
008c
0066
007c
0197
01b0
02ae
01d4
0088
0008
ff82
ff42
ffae
ff6e
fe1a
fd04
fd26
ff3d
ffa5
ffc1
007f
00bd
0058
00a9
011c
0172
0018
ff8a
0055
0110
0076
0095
002b
ff46
ff97
0112
ff73
ffb2
0081
001e
ffd4
0138
0061
0054
fece
fe18
fe61
fe8d
fede
00af
fed2
ffa8
008a
fef0
0093
025c
ff4d
ff4b
0036
ff02
ffb8
008b
ffa6
ffde
002c
ffd5
ff62
0090
016c
ffed
ff67
0154
005a
0055
ffec
fe83
ff31
003c
ff03
00e8
00b9
ff7f
00c0
01be
016b
018b
002b
ff46
fe8e
fede
ff2b
ff66
fe95
ff1c
fdfb
fe41
01b3
0250
007c
008c
0095
0055
00f9
01af
00b0
ff45
feef
ff74
002b
021d
0153
fe9c
feff
ffc9
fef0
006c
0086
ffae
ffc5
004c
ff97
0136
00df
005a
0026
ffc0
ffe0
021b
ff7c
ff38
0041
ff1e
ff3d
ffdb
ff96
000c
fe30
fde0
ffc7
0039
ffc0
0090
ffca
006b
017a
006d
0168
01dd
0027
ff07
feda
008d
01c8
ffc7
ff57
ff14
feb6
ffe1
00b7
fece
ffb5
feec
fd08
000d
00dc
ffad
0130
000e
ff03
0181
00e2
00a4
00e5
ffd2
0012
01d5
0240
00eb
0106
ff0c
fd48
fd86
fdf9
fdca
fee2
002d
ff7b
0168
0258
0230
01f0
ffe1
fe90
fef0
fe03
ff5e
001c
ffac
fea3
ffed
016d
0139
0277
01b2
fe5f
ffd2
0167
ffb6
0190
00da
ff44
ffcd
ffaf
fffe
ff6f
fe98
fcfe
fc93
fd2d
0003
0154
0269
0210
0265
020e
0223
0290
01e9
fe93
fd96
fddf
ff68
008b
0039
ff90
fe96
ff58
ff2f
ff36
0039
ff18
feb4
ff39
ffd3
0367
0366
00c2
00dd
ff7a
fe6b
ffd4
ff08
ff39
fea1
feb3
00d3
025f
0297
028d
00fd
ffeb
ffc0
fec8
fe36
ff6c
fd7e
fd00
fec4
005f
0087
0241
001d
ff93
0094
010f
013f
0106
ff51
feca
fe5f
ff7a
0076
006e
ffe1
fe3a
fe8b
ff28
fe9a
ffbc
fff9
fdcd
ff58
0189
02a3
04ae
049d
00dd
00e7
015e
ff8e
ff7b
ffc0
fd9c
fe31
fe46
fd8d
ff53
fea1
fd97
ff64
005c
000d
015e
fff7
ffc0
ffeb
0086
0110
01da
0110
00ca
fef8
002d
0118
000e
fe29
feed
ff77
0109
024a
029c
0182
0030
fff2
ff97
fea8
ff55
ff53
fcc4
fea1
0083
ff76
0120
021e
002c
029c
02dc
0181
00be
006a
fee1
000a
ff76
0035
fee2
fee4
fe50
ff1d
fd95
fe96
fd0b
fe72
ff8f
000c
01a8
031f
02b1
02b8
0160
01b3
0250
0074
fed5
fec0
fd9c
fcb5
fd4e
fe72
ff17
ff59
017c
0309
02c8
024d
01c5
0009
0070
ff70
fede
fe7c
ffac
006e
ff64
fe90
feb7
ff41
fea7
0008
0081
0087
ff6b
0049
0073
00af
01c4
0210
0059
0069
ffac
ff31
fdb5
fdd6
fe90
fcae
fcc7
00cf
0189
015b
03c6
0223
00e4
01ba
ff7d
ff1e
0078
fe7d
fff8
ffd5
fe88
0130
0010
ff46
017f
ff6d
ff15
00d1
ffff
ffae
ffb6
0022
0096
011b
01dd
017e
feae
ff64
ff6e
fdb5
fd2c
ff61
feb6
ff02
00d1
0118
01b7
00ec
ffdc
0134
00e8
0022
0060
00bf
ffa8
0067
0171
ffdd
003e
006a
fee9
fea0
0036
ff4f
fe14
003c
0167
01d3
023c
0159
0055
014e
ffde
fd6d
fd87
fd31
fc25
fcff
ff07
003c
0221
0252
016e
0476
01cf
01b3
033d
0148
fff0
fe5c
fc83
fe2c
fc5b
fbdb
fd64
fd70
ff24
0237
01c5
029a
031d
02f7
0302
0311
0168
008f
fe1e
fe05
fdaf
fd5f
fcdb
fcb6
fdae
fe97
ff31
009c
025e
02bc
03d7
031c
038f
02a3
00f1
ff50
ff23
fc79
fb96
fbeb
fa7a
fbff
ff32
fedb
0083
0367
031f
03d8
03cc
02a8
026e
0143
fe9e
fef3
fedc
fd9f
fd63
fd82
fd7f
fe45
ff61
ff69
009f
024f
02d1
032a
0437
03c7
016d
ff64
ff4d
fe7c
fd12
fc4b
fbe5
fc26
fdf2
fea0
00d3
031b
0260
02d4
029b
0111
0235
022b
0109
0193
ff5c
fde2
fdc6
fd4f
fd52
fe21
fccd
fd6a
ff1c
0094
01e5
0325
0435
03f2
0193
0111
014a
fe70
fe15
fe46
fc45
fd9e
ff86
feff
000d
015d
0026
02b9
0295
0241
0221
002c
fff1
017f
ffa6
ff54
fe51
fd76
fd88
fd41
fd8a
fe68
ff2c
ff39
0121
026b
02c0
02c9
0253
0234
01c2
fff5
ff7b
ff37
ff37
fe4b
fd5a
fe8c
fe8c
fe59
0030
000e
ffb0
01a9
0186
0000
0233
01a5
ff12
fea8
fee8
ff57
fed3
ff35
ffa1
ffcb
0025
0169
0116
00a6
0110
fff5
fff2
00c7
0050
01d1
016b
0045
0098
ff94
fe19
fee9
ff20
fd9d
fe4f
ff58
fe8b
ffb9
00e1
00c5
00d8
00e3
00f8
ff5c
fe4f
002c
00de
ff8c
01f1
00c4
ff7c
00b5
00b1
009d
0068
ffc1
ff8b
ff28
ff97
ffec
00ab
0096
0110
ffba
ff8e
003b
005b
ff58
ff17
fea8
ffdc
ff0e
0007
0116
0030
ffb6
00eb
ff53
ff74
ff24
fff0
ffa4
ffd1
000b
0088
ff48
0197
0155
ff2a
fef8
002a
ffa2
ff8f
003d
fee9
ffcf
010a
0001
00ae
0107
003e
0062
00fd
ffc4
002b
00c6
fed2
ffb0
00e7
fe0e
fe4f
ff63
feb7
fec3
0072
0087
0116
02ab
01f4
00bf
032a
01a3
febe
ffaa
fe69
fc9c
fe5e
fe16
fcbf
ff67
ff6f
fe28
01ab
02c1
0074
02a6
0192
007a
028d
023f
00a0
01e1
ffcc
fea7
fe6c
fe6c
fe22
fe4f
fe35
ff10
ff3b
ffa6
0087
005c
0149
0170
00f6
00ae
014e
010b
004c
ff87
00e4
ff53
fe45
fe6d
fe11
fde7
fffb
001a
00c8
0237
010b
0075
00d4
0025
ff97
003f
ff73
ff55
fe64
fe57
003f
0096
0013
00d0
ff3d
ffb5
00f4
003f
fffa
00e4
ffa4
0069
00ea
ffa2
00ff
0154
ff01
ffb6
ff76
fe2a
fe2e
ffba
ffb2
018b
00ba
0186
01ed
0067
ff46
fff0
fe8f
fe92
fd97
fd15
fe53
fe9b
0036
00c1
0116
01be
0249
ffda
0161
01b8
fff5
015e
01e9
0113
0209
0065
fdde
ff60
fe6f
fce1
fd4a
fd6a
fecb
ff0a
018b
02a0
0248
019e
0012
009e
029b
011a
0063
005b
fe74
fe78
00bf
ff05
ffd8
00b7
fe43
feaa
007d
ff97
ff3c
001d
009e
00aa
ffca
005e
0197
0144
00dc
0166
0009
0115
01bb
ff65
ff03
013c
ff16
fdff
ffd1
fec3
feaf
00a8
0021
ff69
00da
00d1
005d
0174
018a
0006
ffec
ffae
fffc
ff45
fee9
fe16
ff31
00d2
005b
ff0e
0147
ff8f
ffe5
0100
ffc7
ff66
ffdc
fe12
feb9
fe7a
fed1
ff25
ffa0
ff2e
0266
01fa
012d
02aa
01fe
ff7a
016a
0188
ff9f
00b7
fef1
fd6d
fe59
fdc9
fd10
fe87
fedb
fe61
ff17
00ed
018b
026a
0396
020b
013e
007e
fd78
fdf0
fdde
fc22
fe80
ffa0
ff9f
0243
02eb
0236
0256
031f
001a
fedf
00ac
0010
fe94
0017
ffbd
feea
ffae
fecd
fdcf
fdbf
0038
fefc
fe3d
ffcf
ff13
002e
02b8
029d
039d
0285
003b
0043
ffce
fe8d
ff2a
fee4
fee2
ffd4
003a
00f8
0298
023e
011e
fffb
ff87
ffd3
fec7
ff4f
ff9a
009e
ffc8
0102
ffdc
ff69
fffb
ff03
ff6a
ffe1
ff71
fff2
0085
026a
01fb
0042
ff3d
0063
fe88
fd61
fde9
feb5
fe8f
0067
004d
01f6
0154
01ca
01d8
ff75
ff80
0145
fe35
fe1b
0076
ff3d
ff19
ff70
ff0d
fe14
fd90
fefd
0038
ff6d
0086
023d
01bd
0257
03d7
00f1
0034
ff97
fe1b
fcd9
fe7b
fda0
fed4
ff37
ff93
008e
0143
0054
0102
ff95
ff6f
011f
004a
00de
006e
007b
000b
fef6
fef5
ff6f
fd80
fe8c
009f
ffde
ff42
0198
00de
005b
0134
ffff
ffc2
008c
ffa7
fe8c
febd
fffb
013a
003b
0103
0127
ff3f
003a
010d
ff2e
0060
0036
002f
004d
0057
005d
0052
fef9
ff02
ffad
ff19
0108
0235
00ee
ffbb
0054
ffcd
0094
0001
ff48
ffdf
ffb6
0015
ffc6
fff4
00b2
ff84
fec8
0011
007c
feed
0114
0155
00ee
0102
0148
00b1
0103
006c
ffb5
feaf
fed5
ffb2
ff48
ffe0
0126
0030
ffbb
ff27
fe97
008f
ff70
ff28
0045
005c
0005
02b3
0197
00d8
0141
feec
fcdf
003a
feb1
fe02
ff6a
feb3
fec1
011f
006b
0163
011b
fe8e
ff36
fffa
ff65
fffc
fef4
fe36
fe94
003b
01f6
000d
0006
0193
0058
00cf
033f
008a
ff83
007a
fe09
fdb9
ffee
fe7c
fe77
ff07
ffc4
ffd4
01e0
0241
0151
ff92
ffc8
0068
00fc
ffbe
ff19
feb2
ff14
ff15
ffe8
ffd1
fe88
fe0a
fcbe
fd6d
00b0
0205
019b
0299
022d
005d
02b6
02fe
0181
0189
fe8e
fdbd
ff71
ff83
001a
00ba
000d
0014
0136
ffa4
fed2
ff44
fe04
fc49
fe04
0029
0128
0202
02ae
01e4
0197
01c7
ffb7
fed9
fd8e
fd4a
fe2c
00eb
01c3
0268
0124
01b1
014e
01f3
feee
ffda
00a5
fe57
fe7e
ff8c
ffc7
00c5
0061
fec0
fe88
fffa
ff80
fef9
ff56
fee4
ff05
0036
015b
0256
012d
01b9
01b1
0126
01de
ff9f
fedc
ffcf
fd43
fe6a
ff03
ff3f
fed7
ff0d
ff05
00f5
01c2
010c
0039
ff2e
ff8f
ff57
00c1
00ca
002a
fedf
ff5b
fe7d
ff9b
fffb
fea5
fe5d
fec8
fe9e
ffe3
01f8
024e
01ce
01a2
00d7
0174
0164
ff5b
fe03
fe40
fe6d
fef0
ffb0
fe0e
ff59
ff21
00c0
02b2
029d
01bb
0054
ff88
016d
00ca
ffd0
ff32
fe13
fe96
ff46
febb
ff7b
ff8a
fe4a
feb8
00fc
00fe
023c
01f0
fffd
0262
0234
011e
00ee
fe45
fddf
fecd
fddd
ffed
00b1
ffaa
0045
015c
0228
0332
02c0
0159
00b0
fef4
fde2
feec
ffa0
ff93
fedc
ff41
ff08
ff71
0046
feb0
ff02
ffd7
fe81
feee
0217
0289
024b
024c
00f3
002d
0052
fd58
fe73
fef3
fcbb
ff4d
ff6c
000d
02c9
0147
00f4
038e
0181
ff85
0084
0086
ff7f
0063
01d1
00ac
0113
ffe5
fdeb
fdaf
fd03
fcfc
fd54
fd38
fd7a
ff64
0106
02e1
03f2
047f
02a8
0187
0153
ff59
fde3
fdb6
fb73
fbc7
fc28
fc39
fe13
009d
01c4
0314
0404
0307
0330
02ee
011b
012b
0033
ff7a
ffff
fe38
fd87
fdd7
fc0c
fcbb
fedf
0030
0001
0011
00e3
01a4
027b
02d6
03b0
0292
0083
001d
ff79
feae
fc1b
fb87
faf8
fb5b
fedd
0151
00b4
03d0
04a8
0332
0398
0465
0021
ff95
0033
fedd
fecd
fec2
fd71
fdcd
fe5f
fec7
ffc0
006b
00b8
008d
0073
0297
042a
029b
00f1
00df
ff8c
fff2
fe2e
fc3b
fba5
fbad
fb73
fe50
0096
023e
0309
03eb
0340
03d9
044b
030f
00f9
00b3
fea9
fb94
fbb4
fc8e
fbcc
fde3
fede
fed2
01ae
02cd
00fa
0317
031d
00c0
0100
0119
ffe0
0069
ff50
fd48
fc93
fc29
fc5a
fcf3
fd4d
0081
01c6
0235
041f
047b
045f
0400
03a2
0229
ff2e
fd00
fc2c
faae
faf9
fb85
fc75
fe22
ff40
00b3
0243
02eb
03d5
03b4
0289
022b
01ba
ff4c
fe75
fefb
fca1
fcec
fc70
fce6
ff31
ff9a
0067
02cf
02e1
03d5
0354
024c
0172
019e
ff12
fe71
fe04
fe27
fcab
fe00
fecc
ff55
006a
0101
0124
01cc
0113
00e6
00aa
ffed
00fc
0069
00a4
00d6
ff83
fed6
fefc
fe76
fe8b
fcf4
fdbc
0082
003d
011b
031d
01e4
02ba
0424
01dc
0110
0104
fd64
fd44
fdf1
fc97
fd74
fe5a
fe8a
000e
00d3
0134
02d7
0272
0169
0156
0016
0085
00e0
ff09
ff7b
feb9
febe
ff2c
fd83
fdab
fe4f
fd77
ff55
fff8
0013
01ba
0141
01e2
03e2
02da
01cd
016d
ffa3
0022
ff96
fe10
ff33
ff29
fdcf
fec3
feda
0080
00c5
0041
0023
00b8
00af
0037
ffa8
ffba
000e
0027
003a
001c
ffae
ff37
0075
ff24
fef8
fee0
ff5d
003c
0083
0110
01c7
ffbc
0061
0179
0020
ffac
0071
fffe
fe2c
ff08
ff70
0041
00ba
0089
fff9
00c9
ff71
ffd7
ff81
009d
00e7
0053
ff7d
ff7d
fe24
ffc3
ffec
001b
ff61
ff7e
ff0d
ff8d
ffc3
0119
0063
012c
0259
0290
00cb
020c
01ad
0024
ff20
fdf0
fd55
fe8e
fd73
fdbb
ff45
feb1
ff91
003b
ffd5
0198
01a2
0197
02af
01f0
0080
00fb
0005
0027
00ae
fef6
fdf0
ff05
fe63
fe7a
ff0e
ff28
fefa
fff0
0074
008d
0214
023e
0117
0051
0074
ff7e
fed6
ff54
ff45
ff41
feff
ffdc
000c
00c9
00e0
0114
014a
0150
0026
ff65
fdb6
fe77
feb9
fd97
ff0b
013a
ffc1
00e4
026b
00fb
01f3
0180
ff32
ff11
fec5
fdf4
fef3
0066
004c
001b
00c7
00e0
013f
0217
ff4d
fe51
ff5d
fe84
fec0
020b
0230
00d7
0267
00fc
012e
024c
ff3a
fcfe
fe93
fca4
fcd0
fef1
ff10
ff70
ffd9
ff78
0088
014c
00b3
ffe0
01ba
0014
ff77
007c
008a
007e
0149
01d5
01b0
0175
00b5
ffd3
fec7
fe69
fe3d
ffad
fd1e
fe09
feda
002c
0005
0197
0172
00ce
019e
01ee
006a
0079
ffe9
ff4f
ff19
ff73
feb9
ffee
ff52
ffa9
00ed
fef9
0022
0108
fece
fe91
0009
ff1d
ffd0
0006
ffcd
0019
009b
ffcf
00bf
0072
ffff
010f
00b9
006b
017c
0080
0100
0114
0102
0033
0013
0059
0043
ffc8
fed9
fea5
fe7f
fd76
fcb5
fddf
fe39
ff32
016b
008c
0100
0307
018e
0265
02c2
004b
ff7f
ff23
fe2d
ff92
00d8
ffb0
0002
00b1
0055
007e
0161
0044
0059
ff17
ff7c
00b9
0000
ff6a
ffa3
fdc4
ff31
0070
fdf5
feb7
0016
fec4
009a
01fe
00c9
0198
0214
000e
00ed
0185
fff4
ff61
ffbb
fe4e
fecf
fe8a
0049
0085
0032
0046
ff2b
fff2
009d
fdc6
fed0
002d
ffba
007c
0160
00e8
0126
017e
fee3
feea
fe6c
fd6d
fe18
ff38
ffbe
016f
0160
01f3
02ec
0139
005a
005f
001d
ff15
fec1
fe74
ff68
0072
00f9
00cb
0160
0189
000a
fe71
006e
fefe
fd58
fee4
fe36
fd9e
ff6c
ffff
004b
ffb9
001e
0100
00ea
01fe
0256
0077
0072
020f
01b4
0192
0096
ff12
fec1
fdec
fda0
ff3c
fe2e
fd92
fe91
fedc
002d
03ad
02ac
0141
024d
00fd
ffed
01c7
010b
ff89
fe60
fe0a
fe86
ff0a
feb9
fe79
fe4c
feb3
00cd
01be
01e3
027e
0113
ffca
ffa3
002f
009e
ff34
fe20
fe3b
fdca
fea9
fffe
0048
00be
021e
ffe7
01a3
0223
0086
0067
005d
ff89
0064
ff23
ff9c
ffd3
ff68
ff6c
0045
00ba
0039
ff58
ffbe
0044
0056
011c
002d
fe9e
ff0f
ffbd
fdb3
ff5e
0026
fe62
fe65
0042
0019
0066
0127
0215
0123
00be
017f
012d
001c
012c
001a
fedf
ff6e
fff1
fdda
fd85
fdc4
fe61
fef8
009f
0111
014c
0224
0265
02ea
0142
015f
0035
fe1a
ffd7
00c0
fdf9
fec6
fe6e
fd89
fdf5
febe
fe5b
ff84
ffbe
0004
00ca
01a9
013e
01c3
013f
0137
01f1
02b9
ff1d
ff52
0085
fdfe
fcad
00a6
ff7f
fe26
00cd
00a1
ff51
0185
00f8
0011
007f
fee5
fecf
ffd9
ffbf
010d
ffc7
ff78
011c
0192
0224
026b
0148
ff0a
fe4b
ff65
ff18
ffbd
0001
fe87
fe08
fe4f
002d
006f
ff7a
012d
ff54
fed1
012d
0351
02a0
0158
0141
0124
fff0
0051
ffeb
fdbf
fd02
fd88
fc59
ff1b
019e
0005
00c9
00db
00dc
02d6
00a0
ff8f
ff7f
fdaf
fecd
0233
015c
017d
0216
0049
003c
01e8
ff9d
feba
fd4e
fd00
fdf9
fd3e
fdc4
01ff
003d
ff04
0106
0099
000e
0138
ff0b
fd9a
fe3a
ffb0
00d7
011d
02ac
022a
ffcc
0102
015b
0003
fff6
ff22
fda0
fdb9
ff17
0179
01d6
019e
00d2
001f
fff7
017d
0119
ff02
fd20
fdfc
fe6d
ffb2
0053
009b
0050
002d
ffe2
009d
ff59
ffde
feff
fe60
0104
01a3
01f8
0328
007e
fe8f
015b
004d
ffd9
ff1c
fdc7
fce7
ffab
0132
01d2
0122
014d
0152
0178
0171
0110
005b
fd90
fcf6
fe09
ff5a
0022
0063
006f
006c
006e
00c9
006b
00c1
ffd4
fea6
feff
012d
00e6
0062
ffa5
ff49
003a
ffea
ff2f
0097
0064
fe7e
ff36
ffb2
00a4
022e
00af
002d
005d
ff4a
fe5d
fe42
fd99
fd27
fdcd
ff96
0211
0308
0430
0320
01e7
024b
011b
fed1
feae
fd51
fcde
fe7c
ff0b
feec
0106
0007
fee7
0085
ffe8
fff7
fe5a
fe3f
fefd
ffb5
0158
02e8
0259
024d
0187
0000
ff7c
ff23
fca4
fd04
fdae
fd93
ff5c
020b
016b
02a8
01f1
00ac
0218
017e
ff07
ff30
fd95
ff28
0075
00a0
0132
00ff
0003
00f8
ffe3
ffae
ffa9
fd87
fe11
ff8d
ff5b
015c
030e
0149
01ce
ff89
fe1e
ff3e
ff6f
fd9c
ff56
ff97
00b4
0286
036c
02af
0353
00d4
0017
ff06
fe73
fe2a
fdb6
fc7c
ff5b
004f
007b
01cb
020d
ffb0
ffab
ff46
ffa7
ffd1
00a2
006f
015d
031c
02ab
004d
ffd2
ff2e
fd77
fcdf
fc3e
fc86
feba
003d
01ac
03b4
0373
0251
0148
fffa
fedf
fdd8
fd9c
fe49
fe12
fed4
0101
00b4
011e
0222
0027
ffde
0064
ff64
fed5
ff6c
feca
fffd
0112
0062
005d
01a0
00c5
001a
ff94
feb0
fdf9
fdb1
fd95
ff83
0052
00ae
0151
0187
0183
0071
012f
0087
fff5
ff08
fd01
fcd0
fefa
feef
ff82
0174
01b0
0089
01cb
01dd
0141
0108
ff30
fe1b
ff70
fec7
ffc6
0138
fee6
feb0
00de
ff09
ff3a
01dd
00c8
002a
0263
0270
01ce
0206
014a
0107
00c4
ff28
fd5b
fdbf
fcb0
fc12
fc54
fe87
fe8e
0096
0113
0046
0298
0273
0168
01fb
00e2
feec
016e
01af
019d
0169
0001
ff64
ff8e
fdb3
fda1
ff13
ffa2
ffe3
0042
0073
01ff
01be
0136
0077
004a
ff9b
fe9f
fca5
fe48
fee0
fec7
ff6d
0072
ffed
0159
01f3
00bc
00ba
017f
ff69
ff4c
0089
004b
ff86
ff3b
ffed
fe95
fe5d
fe4a
fe31
fec2
0121
0053
0151
025a
02ca
02d7
0392
00c8
fffe
ff83
fc1c
fc62
fd72
fc28
fca3
ff4f
0051
0097
0188
01c7
012b
013a
014d
01a9
0193
011b
00c2
ff87
ff5f
ff78
fe18
fbcd
fc96
fd09
fda3
ff4d
01e3
0149
02ae
03bd
045f
0461
02dd
ffd6
ff84
fdde
fbf2
fbf5
fc47
fbd8
fe4e
004b
00de
03b3
0490
026b
028b
02f9
0156
0111
00a8
fd68
fda3
fe7c
fe09
fe6a
fe59
fe7e
fed5
ffe3
0246
0251
01e3
01b3
013b
0211
0234
0066
003d
0022
fea8
fe93
ff23
fdd1
ff02
fe75
fe3e
ff60
001d
0031
0150
0183
0285
0233
0192
008e
ff14
fd64
fe54
fd97
fdd9
ff4a
fee9
00b6
038d
0222
02fc
02e5
01ea
01a4
fe85
ff31
ff6a
ff29
ff42
fed4
fe50
ff44
fd8a
fd67
ff07
fe2d
fda0
0010
0006
00fd
02fb
0258
01ff
02d7
0115
fff8
00c3
fe8a
fc82
fcc9
fd5a
fed2
ff75
ff31
00ad
01b1
023a
02ee
0287
0102
00c4
ffb1
fe87
fe28
003a
fe9b
fea1
ff50
ffe7
001f
00ec
00a8
ff41
00ae
0131
ff06
0060
014e
fed3
ffa0
ff90
ff36
006d
fef6
fece
ff70
fe00
ff25
0017
ffdb
012b
0194
0203
0244
0161
0198
ffe0
fe81
feaf
ff51
ff5e
00e0
006f
ff1c
005b
003c
00b5
0236
ffbf
feb9
ffce
fe7c
ffc2
01d5
0034
ff8c
0095
fe1c
ffa2
022a
016f
ff82
0069
003e
ff3f
ffef
012a
ff1f
ffb5
ff52
fe0c
ff42
0143
ffe8
00d8
0114
ffc7
ff7b
00f1
fff1
0053
0078
fdfd
002c
0093
ff38
ff50
ffeb
ff3c
fff8
ffc6
fe7c
0004
016e
ffa7
ffbb
0077
ff8e
ff9b
008a
0044
015c
00ac
00ae
ff87
fff0
ff20
fe9c
ff6e
0045
006b
01b9
016a
00e3
01e1
ff7a
fe8b
ffb4
fdc9
fca2
fce0
fce1
fe1f
00d0
00ca
01f9
036a
030d
0321
0225
00c4
0049
fe29
fddc
ffe3
ff0a
ffde
020e
0216
0097
0086
ff06
fdc9
fe44
fdfd
fd78
fefe
0111
01de
02ea
035a
039d
016a
ff57
fe87
fd53
fc84
fcfa
fd44
fdd3
0016
01f9
02ca
0268
01f8
00f7
ff25
ff25
ff85
fef6
ff0c
ff46
ffdc
0022
ff8e
017a
010d
0074
00b9
00d2
004f
0168
0198
00d6
00e1
012d
009f
0081
ff7a
ff30
feff
fc6f
fdd7
ffac
fded
fe28
fff5
0009
0020
0159
0192
01e5
00f3
0025
fe56
fe0c
ff54
fee7
fe1f
ff7d
ff0e
ff5e
0270
027e
01fc
01ea
016a
0069
0180
0091
005c
0134
00a3
019f
0131
ffb9
ffca
ff1b
fd21
fce3
fc28
fce4
fd47
fe88
0089
0156
0233
02ec
0159
01eb
016c
00a6
ff9c
ffbd
ff67
ffa3
ff68
ff1a
fe68
fc97
fd03
fdc6
fed3
003c
00de
0116
04ac
04e6
0318
03a7
02b1
ff8e
ffae
fe30
fd94
fe8c
fe5e
fd99
000c
febd
ff31
ffd4
ff23
ffde
0231
0094
014a
0272
018f
ff7e
0027
fef7
fecd
fd94
fcf0
fe28
0017
ff61
013c
0216
0207
01ba
00c4
0001
0023
fee1
fda8
fe61
feb6
fe9e
fef7
0051
0050
ff57
0097
00af
ff59
01a6
01f7
0172
036f
029a
02b1
0257
0139
00ba
ffb8
fc10
fb96
fb99
fbee
fcc1
fe74
002c
0250
026c
02ca
02a8
0208
00cf
fecf
fe63
fee4
fd80
fd9e
fefa
fee3
0047
0126
0231
0158
006e
007f
00d8
00b8
0009
008d
ffa1
feda
0000
003c
fef8
006f
ffd3
fdee
fe47
ffe3
00b7
0078
0085
0154
fff5
007b
00d0
ff43
ffd9
00fb
ff7d
fee4
ffd9
ff28
ff8d
ffd7
ff98
0082
0069
ff94
01ea
02c9
0141
028f
0127
ff25
fef9
fca6
fbbc
fd81
fca4
fe2f
ff15
fec5
0223
032b
0297
0491
02f8
00c8
fff1
00c3
fff1
006d
0060
fef7
ff3c
00e5
fedb
ff06
ffdd
fe6f
fc86
fe49
0007
0044
0164
0207
01a2
01c1
00a4
ffea
feb4
fe19
fe73
ff3b
fdea
ff48
ff9e
0019
0147
0242
0179
01f7
000e
ff31
ff84
ff37
ffa4
0075
003c
ff76
0013
ff2d
fee0
fff6
feed
fe24
ffce
004c
00f3
02e4
0332
033a
00f4
ffdc
0021
fd5b
fbf9
fdcb
fd26
fdc2
000a
ffe9
0061
023b
002b
ff26
ffc8
fff5
00bf
008f
00dd
01a8
0126
018c
015b
00b6
ff94
fd8a
fe13
ff29
ff4a
00f3
014b
ffa0
ffcf
01d1
0027
00ce
01ce
fef1
fdbc
ff63
feda
ff8d
000a
003f
0053
009c
0046
000e
ffd1
0023
ff20
ffc3
006d
0028
00e2
00ac
0037
00da
ffbc
fe7e
0041
feef
fecb
0116
00d9
011e
027d
00d9
0054
00be
fffb
ff32
ffc4
fe78
ff3f
fe7c
fe75
0130
0234
00cb
00ed
fec1
fef2
ff03
ff4e
ff55
ffd3
ffdc
00a6
0065
017e
0249
00ca
fe65
ffcd
ff70
fe0c
ff1f
ff31
ff3c
ffaa
ff47
00a9
0196
0023
00cc
00a6
ffb6
003e
0093
fd9a
fedf
0031
ffaf
00ff
ffea
ff98
ffb0
ff08
ffa2
0078
0002
0073
0026
01b3
019a
011f
0095
fff0
feb4
feba
ffdd
0037
fff6
ffc7
fe9a
fef0
ffa1
ffd8
ff25
fecf
008e
0077
009e
02a3
0092
ff2b
ffeb
fee1
fed5
ffa5
fef7
fe8f
ffbf
0010
0081
01fa
01dc
01a0
0159
fff7
00b6
0252
00f7
0070
00b5
00b5
0017
ff19
ffa4
0040
fdeb
fd21
fe14
fcb1
ff0e
00a4
000b
016f
02e8
0207
019b
0194
00c3
ff1a
ff2f
fff2
ff9a
ff19
ff74
fea6
ffbd
009d
ff40
feff
0036
ff3d
0096
01a9
010c
0203
0263
ffd9
00ba
011b
fe93
fd63
fc33
fbb4
fd33
ffa7
0132
02f9
03c0
040a
0405
03b8
023a
ffca
fd2b
fbc8
fbe0
fce4
fd29
feec
fff6
0057
ff2f
014a
01f4
0062
0080
0002
feb3
0032
0150
ffc8
0209
fffe
ff87
ffe3
0003
feb3
fdb8
fc90
fe12
fe99
021e
0369
04dd
04cb
03b9
0154
00c1
000e
fe21
fd4a
fbdf
fbc8
fec6
feb4
0005
0125
fe1b
ff2d
0125
ff90
004b
00f7
ff73
0175
0319
027f
0217
017c
ff47
fec8
fe39
fdfd
ff00
feb8
fe45
0053
00fd
0396
03ac
0113
012d
0056
ff49
00c2
ff32
fe70
fecc
fd2b
ff02
00fd
ff12
ffbb
0040
003b
01bf
0171
fff2
0188
008f
fd4d
ff4c
0064
fe9d
ff99
ffc9
fe23
ff11
0068
ff51
ff72
ff9b
ffa6
0041
01db
01e6
01e0
0312
0144
0261
0230
ff8b
fe5f
fdfc
fa70
fad0
fbe7
fc70
ffa0
0283
0259
0571
0641
0443
03cd
0079
fd85
fe0d
fd5d
fcd1
ff87
fed4
feec
ff8b
fe8c
fe57
ff4b
fd8c
fcc3
fd97
fff5
028e
04a8
0626
0590
028c
01d9
01eb
fe9e
fc37
fb18
f9fc
fac9
fd9f
fe6b
02b0
03bf
03f1
03aa
00f1
ffda
ffe3
fdce
fe79
ff17
ff7f
009d
0161
0115
016c
fffa
000f
ff76
fdeb
fe29
feff
ff85
0213
01f8
0221
024a
0249
ffc8
ff3c
fcef
fc78
fce5
fc02
fd46
ff96
ffee
021f
03cf
02a1
02a3
0234
0083
0007
ff5d
ff9d
fe9b
ff98
feee
fd9c
fe34
ffc1
ff5e
005b
0147
00b4
01e0
033a
0207
01d7
031f
00c1
fee6
fe05
fc9d
fd01
fdb2
fc12
fd95
fef1
fe05
0037
02a3
02d6
03b3
027e
0196
01e8
00be
002b
ff3a
fe72
feac
fd65
fd67
fef2
fe84
ff64
0054
007f
029c
0463
01a4
01b5
0218
017e
0181
012a
fd84
fd96
fd52
fb6e
fcd9
fe0b
fbc1
fe91
01c7
014f
032a
04d6
03a4
03b3
037f
01cf
ffe4
ffc0
fcee
fbff
fc2a
fb91
fbb7
fdbf
fe02
ff8f
024c
029b
029d
0358
021d
0176
0161
fff8
ff55
ff79
fe5f
ff52
feb8
feab
fe31
fe6d
002f
0198
0135
0304
043c
02c8
02b0
0230
0009
ff6c
fe2e
fb56
fbbf
fc25
fae4
fd63
fdee
fec0
0253
02a8
0274
0485
02bd
01a1
0267
0117
006a
010f
0000
ff5a
0001
fe7e
fcec
fdea
fe86
fd1a
fe40
0027
0090
010c
02c8
0256
02ad
0382
00e5
ff11
007f
fd6d
fcab
fe4f
fcc6
fdd8
0043
ffc3
018d
02c5
0167
0335
021f
00c9
ffc7
fe66
fe16
fdef
fe48
fe41
fd69
ffc4
0055
ffef
0114
0172
0148
00d9
00df
00ca
0078
ffeb
00d2
0173
0107
002d
ffba
fedf
fe27
fe74
fe41
fe90
fe9d
fe67
ff31
0125
021b
0381
015a
001f
0056
ff3d
fe27
fee9
fdfa
ffde
0033
003a
0020
0175
00f3
0117
0095
ff8e
ff55
ff7d
0059
0239
017c
02ba
0179
0097
00d4
ffa3
fd08
fc52
fc80
fc4a
fe0e
0057
0171
0231
02a7
0208
0154
009a
ff35
fe6d
fdb7
ff42
fff6
0067
012f
fff8
007f
0027
0035
0003
0044
fe46
ff5f
01bf
0116
016b
0294
01e1
ff66
000a
ff5f
fe7a
ff66
ffa6
fde7
ff57
00d1
ff23
fee3
0088
fead
fe41
ff65
ff15
ffb7
00d9
0068
01d8
030f
003b
018e
ffc4
fed0
ffb6
004d
feda
0018
00c9
000f
ff42
002a
0087
ff4b
fefd
ff88
fe9b
fe2a
008c
00d6
0092
0264
01ad
ff44
ff4a
ff64
fe74
ff53
0011
00af
00be
009f
018b
0234
019b
ffd4
fef3
febc
fcf0
fded
fed7
fff2
0150
0217
00b5
ff4c
00d0
ffab
fea2
009d
00ba
ffba
0189
01a7
018f
0219
0099
fee3
fef7
fdfa
fd78
fded
fd81
ff07
fff3
008c
0330
02cf
0092
0090
0017
004f
ffce
ff6c
007b
ff5d
00d8
027c
0197
0128
017b
fe31
fd7d
fe53
fdeb
ff28
0067
0073
0155
ffe2
0119
01e3
0031
ff9a
ff8c
fde1
fef7
fe7a
ff1a
ffb0
00c4
00a0
00e1
000d
ff2d
0097
ffed
ff33
00bd
0008
ffa2
0127
01f8
0053
00dd
0019
ff32
fe6c
fe88
ff61
ff88
00b5
00c8
001a
ffd6
00ba
ff84
0006
0025
ff02
fffb
ff0c
fec3
ffbc
ffbe
ff96
0072
ff7a
0091
017b
008c
00bd
0236
ffa2
00b1
0105
ffd8
ff45
ff57
fec8
fef1
ff62
ff47
fe31
fed7
ff96
ff65
00a3
01aa
005a
00f4
0095
ffa2
014b
ffb0
fe16
0000
0003
ff79
0111
0014
ffdc
012b
011a
0067
0167
ffc9
fe5e
ff7c
ffdd
003f
01d1
00da
009b
0038
00ab
0037
ff66
fec5
fe72
fc7e
fcd6
ffd1
ffc3
0058
0237
0267
0349
031d
01a7
0117
0045
ff2e
ff28
feaa
fe21
ff05
ff6f
ff59
0087
0059
ff6f
ffd9
ffd7
ff9c
feeb
fe60
ffea
ff13
fea2
ff39
ff85
ff46
019d
0011
0291
00f0
00ad
01c8
ffee
ffbc
0096
fe68
ffd6
00c9
00b5
00a3
0246
011a
0075
ff8a
fd0c
fc65
fda4
fcec
fe47
0045
017d
02de
02c8
0250
0208
ffcb
fd81
fd75
fc48
fdd4
fea7
004e
00f8
01f8
024b
02c3
005b
004f
fefa
fd8d
fe35
0057
0048
00d9
01eb
02ad
0282
00b1
0087
ff12
fc1a
fbac
fdae
fe58
0125
01ad
00e0
01fe
01c1
01b6
00db
ff8a
fea0
fdab
fe87
005e
01bd
01f1
ffc8
ffc6
0059
00ef
ffba
ffce
ff8e
ff02
ffad
0098
01a7
0212
0009
fe31
ff1a
fe65
fe13
fdfa
fdeb
fdc1
014e
0203
02c7
02a6
0290
01a0
ffea
0121
01c5
fe96
feae
ff87
fee1
ff45
006f
ff76
ff95
ff2b
fd45
feea
019d
0003
0102
00c2
0068
0262
0235
ffe8
ffdf
ff61
fe2f
fe74
ff63
fed5
febb
ff9d
ffb9
0039
0153
01d9
006c
00ea
00cd
ff3c
0099
00b6
ff4e
0045
fdf5
fe41
ff18
ff14
fe25
011c
ffc7
ff84
01d5
026f
0157
02b1
0037
fffd
00b5
ff85
fdf5
ff2c
fe66
fe79
ff26
ff84
ffb3
ff73
fea5
ffa5
00eb
00e5
00d0
ff54
0002
007f
01d3
01ca
00fe
0088
ff7c
fdc4
ff02
ffb2
ff11
fead
00a3
ff76
ffb0
00fc
0081
0090
00a7
fdf9
ff35
ffbc
0174
00c2
0062
0111
0054
0017
01c9
00c5
00fb
008d
fd20
fea6
0115
0040
012b
006a
fdd4
fdaa
fe9d
fdf6
ff61
ff98
fef2
00b5
022e
02c1
02e7
0188
00da
009c
0030
0075
ff86
fead
feef
fefb
ff5d
0184
00b6
ffe9
fee6
fe74
00c1
0097
ff7b
ff91
fe38
fda6
0142
01ec
011e
0202
006e
ff22
01a4
0164
0100
ff3f
fe61
fd4d
fd6e
fc74
fe87
ff4d
fefc
ffa3
00da
01b4
0166
0014
ffd9
ffb1
ffd5
00e7
01a0
0149
01c7
ffc9
0061
00ac
0024
ff0d
fef1
fdf9
ff58
00f0
ffb4
00ad
00d3
000b
ffd7
01e2
00e2
012f
fe78
fcc9
fc0b
fdc9
fffe
0001
007e
0168
0066
01ac
023a
011e
ffdc
fe53
fdcd
fe24
0049
ff9f
0061
0076
0106
029c
0340
0218
0158
ff9b
ff64
ffc1
0093
004f
009a
ff99
0121
009d
ffb7
ff55
fd6c
fb77
fb6d
fd4a
ff57
01df
0258
023d
029b
0334
0276
00c0
0021
fefe
fd94
ff07
0069
fffc
0015
ff8c
0055
017b
014b
fece
ff34
ffdd
fe67
0080
017e
0047
016d
0076
fe7b
ff84
fff6
fccb
fcfb
fdee
fd15
000e
022f
0292
03ad
01d7
009c
0182
0136
0138
ff82
fe4e
fdf5
fe7d
feff
ff98
0040
0053
fec5
ffa4
0098
0033
0133
ffbe
fec7
001c
0035
00b7
01de
0014
fed7
0007
ffb8
fe46
ffa4
fdce
fcaa
ffec
00fa
01c1
0306
011a
00eb
01d2
006d
0153
015b
ff44
fe40
fe02
fe56
0085
fffc
ff3e
ff74
ff49
ffa0
011a
00db
001f
000a
ff6c
ff60
00c8
00d1
012d
0163
0076
ffcf
fe67
fe71
ff40
fdfa
fea0
fed2
008f
02ea
01c7
01f8
03dc
0037
0072
012f
fdf5
fe70
fea3
fbec
fdfe
ffda
ff01
00ed
0245
0169
0125
013e
00bf
0147
00ff
ffa0
ff45
0022
0118
ffac
feda
fe79
fd2f
fdc5
fe16
fd93
0023
000f
fffb
0336
02d6
0233
02c7
01fc
018d
ff7b
fdf1
ff16
fe7e
fcc8
fe5d
fe8b
fe9d
019a
0248
0053
022e
027b
00e6
016b
00e6
ff8a
ff70
fed4
fdd3
fe15
fdd4
fd7d
fd2d
fe2c
ff22
00af
0120
033d
0310
02a2
016c
0199
014d
ffbd
fd86
fd78
fd09
fc25
fdd3
0003
fffc
00ca
011e
0105
021c
02a5
023c
002d
fe30
0054
0023
fe6d
0071
006a
fd40
ff88
fefe
fde2
fed5
fe8b
fe9c
ffac
0104
029a
02a2
02c3
034e
0209
0090
00e9
0051
fd6d
fccb
fdfd
fe4b
fedd
ffec
0083
ffd8
0083
00ae
0064
00bd
012c
ff0a
0180
010a
00a4
01b4
00e2
005c
01ab
fee5
fe29
0057
ff66
fd48
fff2
008f
ff29
01f9
0143
0046
01c7
00d9
fecb
fe63
fdbe
fdbe
fcad
fc4a
fec7
0068
00cb
0394
03fa
035c
03d7
031b
01a5
0101
feee
fda6
fd06
fe9e
fec1
fdaa
fe37
fe0f
fe2c
ff47
ffb4
fef7
00ba
0069
00b1
0301
038c
01c9
02ca
00b5
ff19
0000
fe20
fc14
fce1
fc2b
fbd1
fe15
0119
0109
01bb
047f
051d
03e8
03b2
0153
005c
ff51
fd6e
fd3c
fdfd
fc53
fd13
fd5f
fdb5
ffbf
0182
0066
0101
013e
00f5
0246
03f4
028b
0146
0049
ff8d
fe3f
fe81
fe08
fc89
fc91
fdfe
fec2
fffa
022a
0442
03b1
01b5
01d0
00d3
001b
ff0e
fc72
fde0
fd15
fe78
ff6c
ff29
015a
025c
019b
0440
03b7
007f
0107
0187
feea
007e
0110
fe31
febd
fe5a
fc2a
fc65
fdb8
fd27
fd88
feef
01b0
0301
0459
05d5
041a
04ef
03e6
0068
ff3b
feed
faaa
fc0b
fb8e
f9f6
fc23
fd8c
fe8f
0274
0323
02fe
03a1
028a
01ec
0187
003d
ff8d
ff1e
ff47
fe95
fea0
0037
ff6d
ff44
ff59
ffc7
ffa8
ffe6
ffb2
ffc3
0104
0105
0183
0316
0121
ffa8
00d5
ff4b
fe79
fe49
fcfd
fd4c
ff2c
ff48
ffef
ffb7
01a4
01aa
00a9
00e4
0197
fee4
fea8
ff78
feb4
fff5
ffe4
ff35
ffad
ff1d
0042
01ba
0078
01c8
022f
0008
001b
0206
ffd2
ff21
ffe4
fefb
fe23
ff5a
fc7b
ff47
00cd
ff83
009d
014f
0077
ffdf
ffa7
0095
0147
00d1
0075
006a
00f8
00fb
0052
00e9
fee9
fd9e
ff95
ff0b
fe79
00b2
0042
fed7
00e1
014b
ffb1
00f7
01e4
00cb
00d2
ffc8
ff3c
ffb1
fef6
fe7c
ffe8
ffbb
ffd3
00ad
0108
fefc
0040
0185
ff97
ff9c
003a
fe29
fe29
0034
0039
0040
000c
0016
0163
00fe
012b
0110
00e9
0007
00e3
ff21
001f
0118
0080
ff72
ffe2
012d
ff46
fe8c
ff1c
fea5
ff8f
ff7c
ff1b
ff24
ff8f
fef8
00f7
0120
015a
006e
fe56
ff73
ff42
0012
0079
0065
00ee
0001
fec0
00b8
006c
ffce
0069
ff1f
fee1
0155
003c
ffff
01e4
010e
ffd8
014d
0019
