ffcc
ffc9
0020
00d7
0078
00fb
010b
ffa0
ff09
ff79
ff4a
ffb0
00b4
0081
ffc3
0049
006d
ff9d
0019
006c
fefb
ff92
0054
ffaf
0057
0029
ff8f
ff88
ff88
003b
0019
ffe4
00e2
0050
ff52
00a0
0135
ffd4
0062
00d4
ff33
ff59
ffab
feb7
ff6c
ffa1
ff3e
ffe1
00a9
00f2
011e
00e1
0038
005d
00d4
000f
ffd4
ffb4
fec2
fec3
ff44
ff1a
ffed
007e
ffb4
fff0
00fe
008c
0081
003a
ff19
ff2c
0003
ffce
00c9
00c0
ffa5
ff8b
ffcc
ffc0
0066
0027
ff98
008a
007b
fffc
00c1
0022
ff3c
ff38
ffec
0086
fffc
0011
ffaf
ffd9
ffdf
0079
00be
005e
ffc6
fff3
ff31
ff99
ffcf
ff02
ff6f
003b
002c
0100
01cd
00e2
ffd9
ff7f
ff4f
ff35
ff6e
ffd0
ffc9
ffad
000f
0089
00b9
0052
008c
ffe3
ff75
0076
00eb
ffb5
fffc
ff9d
ff2b
0050
0161
00a9
ffbb
ff5d
feda
fecf
ffae
0051
fffe
ff32
0040
00fd
00f2
00bd
ffc9
ff57
fef3
ff15
00f0
00fa
ffa3
0012
0005
ff39
00d1
01e9
ffbc
ffda
fff8
fe3a
ff45
00af
ff2f
ff2b
003b
ffa8
00c2
01f8
0128
ffcc
fff7
ff36
ff99
00a0
0006
ffad
ff97
feac
ffde
00ec
00c1
0029
0013
ff8a
ff3f
0013
00b4
ffeb
0005
006a
0036
ffef
0011
ff93
ff8c
feda
feda
0010
ffe3
ff3e
006e
0075
0089
0217
00eb
ffbe
0052
ff68
febf
0047
ffb1
fe5d
ffa0
004c
ffda
0154
0163
ff27
ffc7
00c4
ffc1
0024
00ba
ff57
fefa
ff5c
ff7a
0057
002c
ffc8
012c
006c
fff9
00e8
000b
ff3a
ff75
feaf
004f
00ff
ff85
00ea
00c2
fefa
00ea
0175
ff98
007d
0040
fe76
ff0c
ff88
ff23
001c
00d0
008e
0090
004c
0015
ff9f
ffc5
ff69
ff60
0007
0063
00df
010c
00a9
0039
fef3
fef0
0009
ffbf
ff81
fff1
ff70
ff6c
002a
0023
ffdd
0054
0073
0028
0068
00b0
0001
0017
0041
0005
ffe8
ff6a
ff84
0006
ff47
ff18
ffda
ff34
ff48
00ff
00b9
0055
0102
003b
ffb2
0058
003e
0030
0005
ff80
ff53
ff36
ff87
ff3e
ff63
0016
0058
ffdf
00d1
0102
0043
0015
0042
ff83
ffa1
ffc3
002b
0044
ffdc
0027
ffe4
fef8
ff33
ff54
ff07
0058
018b
00bc
0134
00a7
ff56
ffa7
ffd8
ffbd
00ab
00ac
ffae
000e
0016
fef3
ff5e
ffe0
ff29
ffb4
006d
ffb3
0009
00c7
0049
0058
016b
008b
0055
0049
ff9e
ff75
fe8e
fe9b
ff98
ff91
0029
018c
012e
0027
0076
ffbb
ff99
009a
ffc5
ffac
00cf
ff99
ff35
007a
fff7
ff1a
0061
0056
ff4d
0053
008e
ff30
0000
0061
ffa3
00d0
00e7
000d
0056
0035
ff1a
ff69
ffdb
ff3e
ff89
0006
000d
0096
008b
004c
00a1
ffc6
ff81
ffe1
ff60
ff36
006b
ffd8
ffae
00e8
0072
ff9b
00bb
00b3
ff96
ffd1
0007
ff0d
ff61
0009
ffde
0021
0075
001b
0063
0068
ff9c
ffeb
ffc5
ff2a
ff93
0050
0005
0058
00cd
0056
0048
0023
ff7e
ffc6
ffd3
ffc4
0000
ff1e
ff66
0058
0015
005e
01ba
018a
00bb
00d6
00b6
ff53
fe5d
fe83
fe6e
fe75
ff8b
009b
008e
007f
00dd
0091
0070
005c
ff93
ffc8
ffe9
fefc
0040
0107
ffbf
0079
00ac
ffa6
001d
ffc6
ff0d
ff28
fefc
ff7c
004c
00e4
01ac
01b0
012b
008e
ffd1
ff6e
ff99
fe84
fe39
fef5
fec1
ffcd
00b0
0026
0054
0051
0094
0096
00c6
ffd3
0023
0038
0001
0033
00a0
ffa1
ffc7
00fd
0060
ffff
ff8d
fe25
fe37
ff04
ff91
00a8
014c
0107
0096
0154
0151
00a0
010a
ff9e
fdf6
fe5f
feda
ff22
ff83
ffce
ffaa
ffc5
0009
00f1
0133
0106
006c
ffcc
ffee
0003
ffe0
007d
0076
fff4
0021
ff9b
feb2
ff45
ff8d
fee0
ff97
0085
0047
00ed
019a
0060
0062
007f
ff4a
ff38
ffba
ff4e
ff0c
ff6a
ff67
ff82
007a
0109
0066
0148
012c
ffd1
ffac
ffd1
ff42
ff9b
ff97
ff9f
0032
0020
0048
00a1
ffc3
fff0
ffd3
ff64
0038
00cb
002a
0024
003c
ff40
ff63
00f2
00ce
0030
001d
ffea
ff5e
ff98
ffd6
0010
ffbd
ff5a
0033
0047
0071
0096
004a
ff9d
ff76
ffe6
0015
005d
0074
000b
ff7d
ffb0
ff7c
0025
0050
0056
0022
0083
001c
0035
ff8e
ff7b
000e
ffcd
ff95
0028
ff75
ff3f
ffd4
ff78
ff95
0138
001d
012d
0170
fff1
0013
ffd9
fe81
0060
000c
fe8d
fff2
0099
ff0f
00c1
016a
ff8f
ffea
00ba
ff54
fffd
00a5
ffd0
ff70
fff2
ffc0
0050
00ce
0087
0028
ffd4
ff2e
ff4c
ffd2
ffd3
ffeb
005b
003d
006e
007c
002b
fffd
ff4a
fee1
ffcc
003c
0058
008e
001d
ff7e
0031
004e
ff90
0035
ffe4
ff0d
0078
012a
0009
0058
002a
ff90
ffb8
0074
0050
ff94
0039
0010
ff26
ffe5
0094
ff52
ff7a
002a
ff53
ff5b
00d7
0097
002a
0031
0084
0011
ff3f
ffed
fffb
fef0
ffe4
0061
ff9b
0066
0049
ffbd
0043
0034
004f
0044
ffda
0082
00be
0023
00ac
00ba
ff22
fec3
ffc4
ff55
fee3
0096
0065
ff92
0046
0096
ffdd
ff76
ffb8
ffa1
ff2c
004b
008f
ffe6
00a5
009e
ff9a
0013
008f
ffd9
0007
ffd5
fff6
fff1
ff76
fff6
000a
ff50
0025
00a4
0031
0021
0078
ffb4
ff70
fff2
002f
0004
ffa1
0012
0017
ff10
ffdc
00e0
ff74
ffee
00fc
ffd1
ffd9
010b
0091
ff60
0096
0086
ff99
0061
fffb
ff7f
ffac
ff29
ff2f
0001
ffcd
ffc0
0062
0014
fff3
0147
0081
ff83
0055
ffcc
ff5a
ffea
ff9c
ff19
ffdd
0036
ffe5
0023
00a9
002f
008f
00eb
003c
ffa4
ff65
ff99
ffdb
ffea
0072
00b2
ff7a
ff3a
008d
0031
ff51
0071
ffe2
fe5e
ffb5
0087
ff65
00dc
0133
ffa9
ffe5
0086
ff5e
ff54
ff99
ff88
ffa4
0009
0085
00c9
00a7
ffc5
002c
0092
ff3c
fff5
0070
ff3b
ffea
0113
006e
001d
0089
0096
ff52
ff4d
0066
ff0d
fe81
0051
0033
ffbb
00c3
00bd
ffcb
ff89
0046
ffe2
ff37
0050
0054
fec1
0010
00c1
ff22
0029
007a
ff3d
0060
0111
003b
00b9
ffe1
ff6c
ffc3
ff01
ffaa
010f
ff7d
ffc7
00b3
ffbe
ffe7
00e6
000e
0010
ff61
ff9f
fff8
ffbd
005d
fff8
ff5f
001d
00dc
0045
ff99
ffcd
ffc0
fee0
ffe5
014d
00a8
fff3
0110
0069
fec8
ffba
fffa
fe6d
ffe1
0141
ffb3
0067
01b4
fff3
ff6d
0073
ffbc
ff82
0083
001c
ff8e
ffb1
ff8e
0002
00cf
0043
0065
00d2
ff8b
ff5a
0087
ff8d
ff32
0092
0047
ff9a
00cf
0051
ff71
0036
ffe1
ffa4
0032
003d
001b
ffe9
ff87
ff5e
ff90
ff8c
fff8
0064
002b
001a
00f8
0070
ffa9
fffe
ff80
fede
fff8
00b0
0016
00a0
0118
ff96
ff8b
00c4
0049
ffb1
0014
ff85
fef3
ffa4
0007
0001
fff7
0059
0029
ff99
ffdc
000e
ff22
ffbc
ffe7
ff55
0056
00af
0027
00a7
0098
ff53
ff6f
ffa4
ff51
0065
0131
ffc4
0022
0081
ff7a
ffbc
00c5
ffab
ff56
0026
ffc2
ffce
0054
003b
003e
0071
0084
000a
0033
ffab
ff84
fff5
ff98
ff7f
ffbc
ffcb
00eb
00d6
0029
00a5
ffad
fe51
009f
0061
ff55
012e
003a
fe2a
0062
0002
fea4
0091
007e
ff9c
0106
00d7
ff71
0061
ffe7
ff2d
0047
00fa
ff4b
ff59
00fe
ffdf
ff2f
00b9
ff99
ffab
006c
003c
00cd
007b
ff72
fffc
ff96
ff76
009a
0056
ff22
ff85
ff83
feb0
ffe1
0069
0035
00c7
00e2
ffc3
002d
006d
ff34
ffdd
0043
feeb
005f
00b9
000e
00d2
0036
fee7
ff87
ff57
ffa4
00c5
008c
000e
006d
fff0
ff76
ffe4
fff3
ff2c
000f
0076
ffe3
00ac
00f3
fff5
004d
0017
ff7e
ffb3
ffba
ff3f
ffb8
000f
ff7a
ffc2
0035
0012
0076
00e8
003a
0022
ffe3
ff87
ff91
0030
0057
ffc8
0007
002a
0041
0066
fffa
ffa8
ffda
ff60
ffd0
0079
007f
fffd
ffae
ff8e
ffc6
004d
fff0
0001
00b0
0034
fff8
ffd0
ffea
ffda
ffee
005b
0107
fff1
ffeb
001d
ff37
ff2f
000b
ffac
005e
00fa
fffe
ffc4
004e
ff49
ff8d
004e
ff56
001f
00ca
ff0b
004e
00e2
ff20
0063
00a1
ff1d
005f
0149
ff92
000b
00ba
feea
ffb7
00ff
fff0
0012
00b1
ffe9
ffad
ffbb
ff47
ff77
ffae
ff35
0048
00c1
ffd1
009a
00f4
ffcb
004f
0001
ff07
ff8b
002e
ff3b
ffb8
0086
ff53
ff75
00be
0061
ffea
00a3
0010
ff94
0020
0020
000f
003b
ffb6
ffba
005f
ffa5
ffb1
006c
ff1f
fea4
0077
0077
0014
0195
00f6
fef3
0035
0041
ff23
ffbe
001b
ff9e
fff3
0053
0034
000f
ff48
ff55
007c
005d
0096
00e5
ffdb
ff2b
ffc3
ffea
ffbd
0008
006f
ffbf
ffb3
00c4
00cd
ffbd
0014
0056
ff82
ffe7
0040
ff7b
ff67
ff8f
ff44
004a
00d0
00c5
00af
0053
0011
ff95
ff54
ff76
ff43
ff41
ffb5
002b
0070
0049
00a2
0008
fee6
0039
00bb
ff71
0007
00b5
ff66
ffc5
00c6
001a
0048
ffcd
ff8e
ffa5
ffe5
ff95
ff7b
ff57
ffa0
001f
00cf
00b6
008f
00c2
00b2
ff9a
ffed
00a2
ff26
fe81
ffa4
ff72
ffdb
0113
0097
ffa5
002a
ffdd
001f
0121
0004
ffcf
ffa7
fec7
ffac
00cb
006d
00e4
fffd
ff77
fff3
ffbe
ff7d
ffda
ff3f
ff0a
0040
00aa
00d2
0158
008b
ffe3
ff4a
ffcb
008c
ff83
ffeb
002d
ff24
0063
0068
ff11
000c
ffd8
ff5e
00f1
0110
0022
008f
ffbe
ff62
0117
0075
ffe6
0018
ff77
fe8c
ff16
ff60
ff68
ffa7
0010
006d
00e6
00f8
0044
008f
0078
ff93
ffee
00b9
ff41
ff64
ffb1
ff2c
ff0b
fff2
0059
001e
0075
0125
00ad
0082
0068
0002
fff6
ffce
ff85
0015
ffc2
ff2e
ff42
ff9e
ff35
0001
00aa
0071
0091
00cd
ffb3
ff92
005c
ffdc
ff8c
ffe9
ffc1
0044
00da
ff71
0010
0081
fef2
ffde
0078
ffba
0062
0092
0075
ffe3
0005
ff9b
000a
008a
0016
0065
fffb
ff2c
ff94
ff80
ff72
ffd5
001d
ffe9
000a
00ba
0092
0027
00e0
ffcf
ff0c
003b
fff3
ffb6
0004
ff98
ffaf
fff8
0065
00e3
0113
0083
ffd2
ffd4
ffc4
ff26
ffad
ffae
ff0e
ffd4
00b5
0050
001b
fffe
ffaa
ff56
ff73
002a
00d7
008c
003f
00b6
fff7
000f
0090
001f
ffbe
ffb6
ff13
fefe
ffa6
ff71
ffad
012e
00b1
0088
014f
007f
ffd5
0046
ff68
ff15
ff9c
ff27
ff68
0031
ffe0
ffa6
0025
ffc3
ff9a
fff7
ffc1
00a6
0038
ffba
011f
0101
ffd8
0104
00bb
ff52
ffdd
0016
ff67
ff4c
ff76
fef6
ff96
ffb1
ffdd
0096
003e
004a
0109
008a
0095
000a
ffb2
ff62
ff1c
ff4a
ffbc
ff3e
ff3f
0030
0038
0033
0156
0070
ff5c
006c
005c
0004
0102
00ce
ff51
ff9d
ffbc
ff51
003c
ffdb
fe6c
ff15
ff3b
ff74
00bf
0182
013d
0089
00f9
0025
ffb7
00a2
0036
ff84
ff9a
fffb
febb
ffe5
005d
ff7b
ff57
004d
ffa1
fffb
007d
0044
0054
ff80
ff9a
0094
0028
00a1
00db
0030
ffcb
ffd4
ff09
ff2c
ffab
ffd7
0054
006c
ffe9
0093
00a3
ffba
0049
007f
ff20
ffa2
007b
ffe1
ff28
0000
0039
ff6a
0051
0150
ffc3
006d
006a
ff12
ff7b
ffd9
ff57
005e
002a
fff9
010a
00a0
ff52
003b
0037
ff57
fff5
0018
ff6f
ff97
ffeb
000f
ffd9
004c
00d4
ff96
ff9d
007d
ff8f
fed1
ffcc
ffbe
ffc0
0107
0136
00c6
0097
0005
ff5d
ff33
fff0
003a
ff17
ffc1
00c2
ffd1
005f
00b8
ff6a
ff62
0047
ff56
0006
009a
ffbb
ffc4
007c
ffd6
000a
003f
ffeb
ffff
ffec
ffae
ff6f
ff59
ffc4
ffb6
ffb8
00d5
00b9
0078
00ba
005e
ffc2
ffe3
0015
ffc8
0093
0096
ffc2
ff75
ff9b
ff54
0036
0039
ffd3
0025
004a
ff78
0039
ff9e
ff70
000d
003a
ffe3
0129
0147
0075
ffa5
ffa4
fee4
fe54
ff1a
fff8
ffa7
0094
0133
0076
0063
010a
00d5
0055
ffcc
ff51
ff32
ff2d
ffa0
fff2
001e
007f
000e
00d9
00a9
feb4
fff4
ffcb
feb0
0050
0110
ffec
0103
00fb
fffe
ffd0
ffb4
feb5
ff00
ff8f
ff48
ff69
00bb
000a
ffcc
012c
00cc
ffdc
00e3
008e
ff39
ff94
ff82
ff7f
ff8c
ffea
000a
0052
0093
0094
008d
ffed
ffe2
ff94
fef6
ffe8
ffbf
ff56
003c
009c
006c
00de
00b6
0014
ff99
ff91
ff5f
ff5a
ff52
ffa4
003c
ffdb
ff9f
003b
fff1
ffec
0097
0098
003c
0010
ffb6
ffe2
0036
0094
00ac
0023
ff7d
0040
fff2
ff08
ffb9
ffc7
fe9c
fef0
fff9
0093
00a2
00fd
0148
005e
002e
0063
ffca
ffbc
ffbd
ffbc
ff13
fedb
0059
00c0
0020
0146
015f
ff75
ff60
0006
ffd7
ff2b
ffba
005f
ff67
ffeb
00cf
0046
fffa
0082
ff2a
ffa8
005b
fff0
ff97
0034
ff62
ffa3
0016
0048
005b
0066
004b
0026
0045
fffe
004d
ffec
ffa9
ff79
ffe4
0039
0017
0068
0041
ff86
ffc6
ffde
ff9d
ff86
ffa4
ff95
0016
003d
00c4
014b
0093
ffb5
ffe0
ff77
ff88
ffe1
ff3e
ff18
fff5
0042
0087
00eb
00ad
ffdc
ff74
ff8e
ffad
004e
0069
ff84
ffc2
0038
0008
005a
00ab
000e
ff65
004c
ffe3
ffae
007d
ffe0
ff3a
006d
ff90
ff84
000d
ffc5
0042
00d8
0045
00a2
0085
ffd6
ff61
ffa6
ff51
ff78
007e
00c0
006d
006c
0038
0005
ff9d
ffed
005b
ffb7
ffff
00a9
ffdd
0022
007d
ff5e
ff68
ffaa
ffcb
ffdc
0004
ff94
ff78
ffec
004a
0046
001f
008b
004d
ff7f
fffe
001a
ffb3
003b
00a3
ffdf
fff5
0037
ffd6
ffc8
0028
fffd
0026
007d
ffcc
ffe2
ff7c
fef7
ffa6
ffca
0085
00c0
0041
0025
0054
003d
ff64
ffb8
ff57
fecd
ffe7
0067
004d
00cf
003e
ffb9
0014
ffe3
00d7
00d6
ffc4
0002
ffa1
fee1
ffd5
0095
ffbd
0000
0048
ffce
0042
ffd8
fffa
000e
ff3b
ff75
00a4
0048
003c
00db
ffc0
fed3
0035
0050
ffbc
0038
ffd2
ff5a
ff3f
fff3
0061
001d
0084
00d8
fffb
0059
003c
000d
ffe3
ff23
fef3
ffe0
ffab
0055
014a
004a
0032
00c0
ffbf
ff4f
ffcf
0040
ff69
ff6f
0036
ff8e
ff2d
0073
00c6
0057
00fb
006e
ffc0
ffea
ff8c
ffc5
001f
ff67
ff6d
ffb7
ff9c
007e
00e5
ffb7
001a
0015
ff8b
0061
0085
ffb7
0018
ffa6
ff32
0018
0158
009c
009d
006f
fef1
fe6f
ff98
ff08
feb3
00ab
0064
008b
0227
0168
0043
008c
ff08
fe67
ff86
fef9
febe
0086
0056
ff85
0129
00b3
ff47
fff5
fffd
ff8a
0000
0040
ffcf
fff4
00a8
00f4
011c
006c
ffea
ff3d
ff1a
fef9
ffb7
ffdf
ffa9
0047
0095
00b9
013e
ffd7
ff2f
ffd2
ff01
ff70
018e
00bf
ff9e
0035
ff88
feb8
001d
0081
ff2b
fff7
fff2
ff4e
00ac
012b
fff3
0014
fff9
ffab
0006
0098
003f
001a
ffae
ff16
ff44
0024
fff4
ffe0
001f
0073
00b2
00bc
009f
0066
ffb3
ffda
ffa9
ffc2
ff7e
ff7c
ffc2
ffe0
0084
0140
00b6
00ca
0025
ff20
ff73
ff2d
fec8
ffb9
ffda
002f
00c1
008b
0016
0045
ffc2
ff96
fffe
fff4
0041
00ae
0006
fffd
0025
ff5f
0046
0047
ff1e
ffbb
ffd2
ffb8
00d3
00be
fffd
fff3
ffc8
0081
00ea
003f
ffae
ff6a
fea2
fecc
ff9a
0027
ff91
0046
0136
ffbf
ffdc
011f
ff6c
fefe
00cc
005e
0030
00ef
0043
ffb9
ffc6
ff8d
ffa0
ffc7
ff33
ffa5
ffd6
ff28
ff9d
0054
ffe8
0048
00cf
0072
002f
00c8
0047
ff9e
0028
0006
ff38
0020
ff9f
ff59
005b
ffdc
ff76
0021
ffe7
005f
011a
ffb2
0034
0080
ff2a
0004
00af
ffb7
0015
008d
ff71
ffb0
fffa
ff1a
ff80
0045
fe99
0039
011a
ffe9
0187
0141
ff45
0002
0055
ff28
002b
004e
ff1d
ff1b
ffaa
004f
00e8
0054
001c
0033
ff9b
0017
00c0
ffcd
ff47
ff4a
ffa0
0026
00eb
0101
007c
ffee
ffa0
ff7d
ffd6
ff64
ff10
ffee
0022
ffe3
00e6
0048
ff41
ffc5
ff8c
ff7a
00cd
00bb
fff2
fff6
006c
0060
0036
00aa
0056
ff2d
ff76
ffe9
ffcb
ffce
ff4e
ff61
ffd1
ffae
00a2
015d
007d
00a7
00db
ff34
ffd5
0047
ff2d
ff52
0021
ff16
ff6f
fffe
ff4b
ff79
003b
002c
00df
00ce
001e
00c1
0063
ff68
0074
0072
ff8f
004e
003a
fe6b
ff63
ff1a
fe8d
0017
002d
0043
015c
00c2
0036
0073
002b
006f
002e
fff1
0071
ff9d
ff1a
ff52
ffa5
ffd5
ff9f
0059
ffa6
ff7b
0058
00c2
0025
007a
0088
ff94
ff8d
0118
008e
ffff
00d4
ffcf
fec4
ff5d
ff5a
ffbb
0050
0009
ffd6
0020
0018
0040
0168
00d1
0014
00fb
003e
fef7
003f
ff98
fe1c
ff9d
002b
ff13
0061
00c8
0039
0051
0086
ffe2
003c
0055
002d
004b
0083
0005
fff8
ff80
ff5c
ffda
fff2
ff86
0026
001a
003f
ffed
0051
fffa
ff0c
ffc8
0010
ff50
0023
0014
ff4f
003a
00dd
0064
00e5
00b2
ff93
0012
ff58
fea1
fff3
fff0
ff41
00a2
008e
006e
00cf
008d
ff85
ff62
ffd3
ff3a
ff7f
009c
ffc7
ffb3
0085
002c
005c
001d
ffc1
ffc9
fff6
fefd
ff86
fff1
ff62
ff83
00c4
007c
00e3
0177
00bf
00a2
002c
fedb
ff42
ffb6
ff0a
ffa2
fff8
ffbf
001a
0073
003b
ffc5
ffdd
ffc8
ff3a
0051
fffe
ffe8
016d
0129
ffda
00a5
0026
ff3b
0023
ff7e
febe
ff29
fe09
fee1
00c5
00e0
013e
0265
007b
002a
01a8
0016
ff41
0044
fdf4
fdb0
ff74
ff0b
ffb3
013a
007f
0063
00e9
008d
00d2
00ad
0024
ffdf
ffb8
ff82
ffe9
0081
005a
0088
0080
ff3b
fecd
ff07
fecf
fe67
ff6f
0002
ffa8
0128
0212
0152
017a
00b8
ff09
ff5b
ff0a
ff6c
ffae
ff26
ffff
00bf
0043
0150
00f4
0019
ffb4
ffad
ff5b
ff58
ff36
ff9d
ffe8
00ad
0176
016d
0071
ffbf
fedd
fe40
fed0
ff2d
ff1e
ffa4
ffd6
0087
0159
0149
0108
009b
ff87
003b
00c9
fffe
0001
ff72
fe50
fe93
ffeb
0096
00cf
013b
00d5
ffb6
ff8d
ff93
ffd9
ff9d
ffed
0037
0069
0038
ffd0
0038
0029
feb6
ff56
ffcd
fea8
ffc4
0087
002e
00d3
0112
ffd5
00b5
00b9
ff97
ffe0
002e
feff
feb4
ffcc
ffe3
0006
0151
0143
0022
012b
0088
ff17
ffc5
ff62
fe75
ff55
fffc
ffdd
00a9
009a
ff65
0084
0071
ffaa
005b
00b0
ff97
ffdd
ffa9
ff91
fffe
0041
ffde
ffd6
0019
0043
fffe
ffd5
ffdc
005e
0066
0072
00a2
00a9
000d
ffcc
ffb3
ff53
ff51
ffab
ff8e
0097
012a
002a
0023
ff95
fe7a
ff3b
0021
ff87
003e
007e
001a
00d3
00c1
0079
001f
ff3a
ff52
0024
0048
0016
0009
ff7b
ff9b
0020
004d
00d2
009f
ffd9
ffb8
0031
ffb0
ffce
0045
ffbb
ffad
0079
ffe9
ff1a
0012
ff70
ff32
002a
0034
0048
00cd
0028
0012
0018
ff86
fff9
0045
ffce
0063
00ef
001e
ff7f
ffbf
fec8
feb9
ffd4
0012
003d
010a
0106
0067
006d
0024
ff70
ff37
ff40
ff81
ffe4
ff8a
fff6
014c
0016
ff9d
0108
ffce
fea6
001f
ff66
fe8f
006f
006b
fff4
019d
0146
0022
008d
0008
ff3f
ff75
ff59
ff45
ff5d
ffcf
ffe0
002a
ffcc
ff3b
ffad
006d
001a
007e
00fd
008a
ffda
0045
ff1d
fee3
ffc8
0024
ffd7
0125
010a
0006
ffe8
00b0
ffa6
ff63
0015
ffda
ffa1
0040
010f
005f
ffc1
00ac
ffca
ff0f
ffbb
0037
ff1f
ff86
0011
ffc3
ffeb
008a
00ca
00d9
003f
0067
0048
ff0c
ff97
003a
ffa2
fffa
005c
ff2e
ffcd
0079
0045
ffa8
ffab
ffbc
ffd4
0054
00d4
00b4
fff5
ff71
0010
002d
0045
0087
00ab
ff5b
ff41
000c
ff2e
ff53
002a
ff92
ff96
002b
0108
00f3
002c
fff3
fff9
ff1e
ff80
004d
ff90
ff3d
004e
ff82
ffea
00f2
0097
fff2
0056
004c
ffe5
ffb8
ffe3
ffaf
ff8c
005c
009b
0024
0022
ff96
ffb7
ffc3
ff5a
ffa1
0015
ff29
0038
013f
006b
00c6
013d
ff3b
ff98
0086
ff52
ff92
004e
fee5
fed2
ffea
ffca
00e2
0160
fff1
0053
009d
ffcf
ffff
0094
ffea
ff79
ffd7
ff80
ff2d
ffdc
ff81
ff7a
0018
0092
00a0
0162
00d1
0013
0099
ff96
ff02
ffbc
ff9a
ffd5
00dc
fff2
002c
00e8
ff45
003a
005c
fed2
ff67
ffe3
fed6
002b
0043
ffae
00f8
0100
004b
008f
0040
ff8f
ffb5
ff6d
ffc3
ffef
ff87
005b
00d6
0008
0044
0069
ff7d
ffa6
001c
001c
fff2
003a
0010
ff54
ffac
0011
004c
0015
0009
0026
ff53
ff6a
001a
ff80
ff2c
000f
0096
ffff
0104
01ca
0049
0001
000c
ff0b
ff1d
ff8b
ff54
ff70
0038
0073
0034
00e5
00de
0079
0072
ff56
feda
ff40
ff11
ff83
0075
0053
0080
00a9
006f
fff5
0009
ffa2
fec0
ff2b
0014
ffe5
003e
00f2
008d
0034
0039
ffdb
ff90
ff92
ff91
ffda
ff82
ffcc
009d
0090
004a
00bb
006a
ff6f
ff8c
fff5
ffed
ff71
ff9a
000e
ff46
ff71
00e5
0010
ffc4
0106
0055
ffce
010b
0039
ff63
0032
ff5b
ff22
0045
ffad
ffbe
0076
0034
0006
00b3
002b
ffe8
00a7
ff4f
ff2c
0033
0033
fff7
0105
00e4
ffc8
ff75
004a
ff7c
ff38
ffc8
fefc
ff57
0079
0131
018f
0121
008c
000a
fed9
ff77
0045
ffea
fff4
ffd7
ff4e
ff29
0009
0003
ffef
0013
ff90
fff6
fff1
0041
00e9
0022
ffe9
00ad
ffb9
0022
0049
ff5d
ff90
ffea
ff7c
ffc8
0065
0031
002d
0076
0089
0027
ff71
ff46
ffe0
0053
0064
001c
0001
ff59
febc
ffe3
0042
ffbf
003f
ffb8
ff6f
00db
006c
0039
004a
ff3f
fedb
006c
0057
00c2
00d6
ffb3
ff3c
fffa
ffcd
ffe5
00f9
002d
fefd
0069
005b
ff75
0034
006a
ff1a
ff6b
00de
00c5
0091
0104
003f
ff50
ff42
ff9b
ff77
ff27
ff0a
ffe4
0002
ffe2
00d1
0097
0023
0078
002d
ff4f
001e
ffe0
ff86
ffd9
ffc8
0019
0088
00b0
00ed
00dc
ffe4
ffdf
ff91
ffb0
ffa2
ffbf
ffcd
0029
0046
005d
003b
ffae
ffa9
0038
004e
0076
ffee
ffdb
fee0
feac
ff95
0003
0095
0125
ff64
0003
00c8
fed9
ffd7
0155
fef4
ff7d
0177
0026
00af
0196
ffcf
ff73
ffcc
fed1
ff89
006b
ffa9
ffb8
ffef
ff56
fff2
009a
006a
00c1
0065
ff14
0015
0008
fff1
0058
ffb7
ff3f
ffba
ffca
0018
003d
ff92
ffb0
ff72
fff0
0097
00d1
009a
002d
000b
0003
ff98
ffca
0036
ff7b
ffc6
0040
ffc8
ff7c
0021
ffbd
ffc1
0035
004b
ffdd
ffe6
fff0
0065
0005
0003
000c
ff47
ffbe
0055
0034
006b
006a
ffd9
ff73
ff42
ff2c
ff96
ffd4
0016
00c8
0044
00b3
012a
0093
00d4
003d
ff86
ffdf
ff43
fec3
ff13
ff5a
ff7d
0049
00ad
009c
00d0
ffd8
ff99
0054
ff7c
ff76
ffc9
ff1a
ffc2
008f
0078
0105
00c3
ffb6
0018
008a
00a1
0092
ff87
fe83
fe4a
fed7
fffc
00db
0200
00f0
0059
00f0
005c
00a5
004f
fefc
fe68
fe9d
fe9a
0002
00c7
ffeb
ffb5
ff96
ffba
00dd
00d5
0026
0088
ffc0
ffed
011c
00ca
0047
005c
ff3a
febe
ff55
ff81
ff44
ff82
ffcb
007d
0076
0100
0150
00a3
00d2
006f
fede
ff7b
0002
fe9d
ff13
000d
ff57
0021
00bd
001a
006c
0008
ff27
0042
000e
ff3e
0003
fff2
ff78
00cf
0088
0053
00ae
0063
0008
ffdc
ffd9
ff35
febd
ff5d
0029
0029
00cc
0105
0054
006a
005f
0044
ffc6
ff4b
ffa8
ffae
ff23
0029
ffe7
ff28
0061
00de
000f
0014
ffe5
ff7c
ffe7
0039
fff2
006b
00c9
004f
00a1
0063
ffc1
ffab
ffc8
ff65
ffcf
0011
ffa0
001c
0077
ffd2
ffd0
0080
0016
fff8
00d3
007d
ff61
ff7f
ff61
ff36
ffeb
00d1
00ae
002f
fff4
00b4
003d
ff92
0021
ff90
feae
ffbf
0073
fff2
0001
007b
ffde
ffe0
0072
0030
0045
0026
ffcc
ffaf
ff7d
003b
ffd5
fee5
ff6c
0062
ff51
008d
00ba
ffb2
0041
00b9
ffa8
00a8
00fa
ffe8
ffeb
ffc8
ff39
ff5a
ffac
fffb
ffee
fffd
0038
0077
0075
ffbe
ff9c
fff0
ff5a
ff91
00f5
005c
ffd4
007c
ffec
ff37
0011
005c
fff5
ffb0
fff4
ffb4
ff23
ff76
0025
ffda
0027
01fe
00e7
0018
00c7
ff35
fe90
ffc5
ff12
ffa3
00a7
ffbe
00ad
0051
ffd1
ffe3
ff67
fedd
ffce
00b7
00bf
0072
0161
00c6
fef7
00f8
0132
ff0e
ffbf
ffdb
fddc
fe7f
000c
ff99
004b
014a
00ad
0097
00b6
0056
ffaa
ff61
ffcb
ffbf
ff80
0005
0086
0006
ff6a
ff82
ffb7
ff60
006b
01aa
003b
ffd4
00c3
ff22
ff52
004b
006f
0042
006a
0070
006d
0015
ff88
fea4
ff0f
ff73
ff80
00c2
0042
ffb4
012a
fff1
ff97
00c7
ff7b
fed9
0095
0055
ff7b
003c
0026
ff9e
00a2
00d1
003e
fff9
ff6e
feb1
ffae
0001
ffe3
0103
0021
0086
0176
00bf
ff50
ffc0
fef4
fe1e
ff55
005d
ffae
0097
00f7
0084
0096
003d
ffaa
ff96
ff50
ffb6
ffe2
0001
0084
ffa2
ffba
00e3
008a
0054
0088
ff0c
ff21
0027
fffc
0056
00b2
ffb6
ff55
0066
0043
0041
ffef
ff20
ff34
ff61
ffb5
00b7
00f7
004c
0072
00c8
00ef
00ab
009f
ffc3
fe7c
fec5
ff1a
ff1d
ffd5
ffba
ff92
003f
005e
00b5
0194
0154
000c
00c3
ffcf
fe3f
fff0
ffba
fed9
0027
0014
ff7f
00b1
00a2
ffb2
0064
0082
ff1d
fff0
0066
ff35
0060
00d8
ffaa
008e
00fc
ff8a
0011
0067
fe76
fe56
ffaf
ff18
ff38
0116
0042
ffdf
019a
00b5
ffc8
008d
ff4d
ff25
0016
ff69
fffb
00fd
0005
0002
00a6
ff90
ff58
ff61
ff5a
ff80
ffc8
0047
0033
0046
0113
0080
00bb
0162
005b
ff5c
ff6c
fea0
fe2c
ffa6
ff86
ff5a
0097
0085
0034
00c6
0108
0029
ff98
ffc0
ff50
ff4d
0091
00a5
0033
00c0
ffd7
ffbc
00f2
0051
0011
004b
febb
fe2e
ff6c
ffa2
006e
0189
0153
00e6
0139
0071
fff1
ff4f
fecd
fed2
fe53
febc
0024
fff2
0029
0141
00b8
005e
00a6
0046
ff57
fef6
ff73
fe83
ff08
0092
003a
00e0
024b
00b5
007e
0163
ffa9
ff14
ffd2
fe20
fe64
0010
ffb2
0086
0181
0076
fffc
0127
0037
ff21
fff8
ff61
fe32
ff9d
ffa8
ff93
0088
00ab
009c
00cd
008b
0017
ff0f
ff14
ff6c
ff5a
0017
0147
00f2
00f5
00cd
004c
0024
ff51
ff57
ffad
ff21
ff2f
002c
0082
ffab
ffea
007e
ffb6
fff7
0085
0031
ffaa
004a
ffb8
ff68
0050
0052
ff48
0055
0016
ffaa
007d
0048
ffb5
0019
ffc3
000a
0052
000c
0002
0037
ffc8
ffca
00ee
007b
0002
0037
ff75
ff1d
fecc
ff88
003e
fff7
008f
00bd
0038
ff9e
0055
fff6
ffa8
fffe
ff82
ffe8
00b7
ffc0
0024
0072
ffc0
ffdb
00ab
006e
0007
001c
000c
ff43
ff4b
fffb
0012
004b
00a2
ffde
ffb5
0080
0079
0012
0058
ff99
ff4c
ffc8
ffec
ffc8
ffd3
ffab
ffb4
003a
0090
003e
0062
0006
ff5f
ffcd
fff3
ffaf
00a0
00e8
0045
0114
00c8
ff93
ffed
ff60
feee
ff86
ff2e
ffa5
004a
ffc3
00a5
017f
00b0
00e3
00fd
fec1
feaa
ff67
fe24
fecd
002f
ff5a
007b
0143
00c8
0120
00b5
ff96
ff68
ff7e
ff73
ff77
fff0
ffc6
ffd9
006d
0038
00bc
017e
0043
ffaf
ffc9
ff30
ff15
ffa3
ffa0
ffd1
0033
0010
00ab
00ee
0057
00b7
007d
ff27
ff8d
003a
ff70
0007
ff9b
ff0b
ffd4
0098
00a3
00be
0066
ff96
ff29
ff6c
ffc9
001f
ffc6
0027
009b
fffc
001d
00a5
ffbc
ff3e
ff9b
ff5c
ff8b
0015
0012
fffd
0068
004d
0021
012b
015c
0054
fff9
ffa8
fecd
fefd
003f
ff92
ffbe
00bf
ffeb
ff80
00c7
004c
ffc5
002d
ff8a
ff7d
ffd2
ffab
ff69
001f
0004
ffe4
0090
0083
0053
0099
0061
ffa2
ff89
ff8f
ff43
ffb4
0086
006a
009e
0034
ffd0
00b7
ffee
ffbd
0038
ff8e
ff1e
004c
0034
ffd4
0057
ffe9
ffaa
ffe7
ff62
ff64
000b
ffce
ff6a
0061
00b9
004b
016a
00f0
ffbb
000c
ffb1
ff64
0000
0028
ff67
ffeb
004f
ffe0
0072
0074
ff37
fef9
ff57
fecb
000f
010e
0058
009e
0106
003e
00ba
00d6
ff4c
ff37
ff9a
ff52
ffdc
0070
ffd4
ff75
0058
00d5
0007
007d
fff6
fecd
ff83
008b
00a7
00af
000b
ff68
fffa
ffa8
0000
00c5
feb3
fe13
ff8e
ffd2
008c
0244
00c8
ff60
ff9f
ffc4
ffc7
00cc
0091
ff74
ff7d
ffbf
ffd5
006a
008a
ffa3
ff64
ffcc
ffc7
0037
0124
0022
ff87
005f
ffe9
ffc0
0038
0028
0027
ffd1
ffe5
ffa2
ff1f
ffd6
ff7e
ff8e
00fd
007b
ffc0
00eb
0076
ff32
0083
00e4
ff16
ff7c
0044
fe6a
001d
0048
fefd
00f4
0071
ff80
01b1
0059
ff9e
00b8
ff57
feae
005a
0016
ffe1
00b5
001d
0031
0150
005e
0006
0054
ff27
fe83
ffe8
ffba
ff5b
002a
ffff
ff98
00f5
00d2
0094
007c
ff86
ff2c
ff87
fed1
ff3d
00af
0014
fff8
010d
ffe8
ff83
00a0
ffe1
ff93
00b4
0029
ffa0
0081
002d
ff4c
0020
0041
ffcb
0054
00b5
00cf
00a6
000c
feeb
fe95
feec
ff5d
001b
0118
fff5
ff7d
000c
ffdc
fffc
010d
0097
ff6e
ffcc
ffe7
ff9c
0020
0033
ff52
fef8
0007
00b0
ff7e
000b
000a
fe37
ff88
01d3
011a
019c
01f2
fff7
ff6e
ffd2
fecc
ff31
ff03
fee5
0036
0069
005e
00dd
ffe2
feec
ff6a
ffc4
fffe
0008
0066
fffd
ff3d
008f
0181
0074
004a
ffb9
fedf
feef
ff9c
ff9a
ff26
0017
008a
fff1
017f
01ec
ffe8
ffa0
006d
ff4c
ff8b
00c0
0063
ff9e
ffd0
ffba
ffaf
0003
ffa7
ffbe
ffa7
ff7d
0075
00ca
001e
0044
ffe6
ff6f
ffbf
007e
0004
002e
001f
000f
0024
003e
000f
ffea
ff13
ffb0
0061
ffda
00f5
0119
ff8b
0031
00a7
ffc2
004b
003b
ff90
ff6c
ff77
005e
0040
0002
004a
0022
ff48
ffb6
ffc2
ff90
ffac
fff4
fff5
0076
0020
0058
009c
ffa4
ffc0
0015
0059
fff5
006a
0079
ff52
ffb0
ffe9
feaa
ff60
ffeb
fe8c
fff0
017b
00c8
00ab
0122
0038
0018
0063
ffdb
ffe8
ff8e
febc
ff58
ff56
fedc
ffe4
fff6
ff58
00a9
0126
007b
00f9
0081
ffe7
0018
ffd7
001c
0072
ffc6
ffac
ff94
ffd6
ffd1
ff81
ffe1
0016
ff99
001e
00de
005a
00aa
00ce
fff9
0046
005a
ffbe
004f
fef5
fe5b
ff12
feca
ffbe
00c2
005f
00fa
0131
0033
00ce
fff6
ff33
fff2
ff3f
fef7
00b2
0034
ffdb
00fe
00a2
0014
00b0
004d
ffa3
ffdc
ff5f
fec6
ff24
ffb7
ffd6
0036
010c
0143
009e
00ac
0056
ff60
febe
fe9b
ff26
ffe3
0017
007c
002e
ffa6
006d
0032
ffbc
0084
007e
ffdf
00bf
009f
ffee
0028
ff5d
fedc
ffdb
fffa
ffb6
008b
005d
ff64
0063
0007
ff7a
0106
00f0
ffd4
0087
0010
fe9f
fec3
ffb6
ff6d
000f
00d1
ffff
ffcc
0018
0006
0081
00f5
00a2
003b
ff47
ff5a
ffd9
ffa1
ff2e
ffd9
ffad
ffa5
0074
0141
0178
005a
ffb4
ffed
ff45
ff43
002d
0049
ffa0
ffe7
000f
ff53
ff6a
fffe
ff9d
ff9c
ffc8
002b
004c
00b1
00e3
0069
000e
ffe3
ff93
ff52
ff9f
ff85
ff17
ff68
ff9c
0022
0112
0182
01f0
0136
0039
001b
ff0d
ff30
ff6c
fe30
ff4f
0019
ff66
005d
012e
ffe5
ff94
008a
ff8a
ffae
0067
ffe7
004f
0006
ff17
0013
00d9
0074
00d2
0126
0040
ffa9
007d
ff6c
feb1
ff3e
ff60
ff85
0052
011d
00f8
004a
0098
0029
ff99
0030
ffd8
ff34
ff9b
ff73
ff24
ffb2
ffd1
0010
00a4
ffe3
ffee
0092
004a
004c
00c7
0047
0020
0082
0078
0016
0027
ff2b
fe3b
fec2
ff38
ff6b
00cb
011d
00ad
00f7
009e
0057
008f
ffac
fef1
ff58
ff0c
ff5e
0078
fffc
fffb
0081
ffdc
ff95
00b0
0081
000b
005e
ffea
ff46
ffbe
003a
007c
0024
000b
0010
ff88
ff9f
ff3d
ff1c
ff3a
ff0e
0052
0137
00c8
014d
01b2
0016
ffd5
0071
ff6c
feae
ff55
ff07
ff57
ff8d
ffc1
0108
0094
002f
0141
008d
ff7f
ffef
ffdf
ff4a
ff27
ffde
008b
00a2
0114
0139
0034
ff59
ff42
fed7
ff31
ffc9
ffe2
0009
008e
0116
0071
00cb
00d4
ff9a
ff4f
ffc4
ff25
ff4f
fff6
ff4f
fedc
003d
000b
0058
018e
00d0
00d4
014e
ffa6
0036
0065
fefb
ff61
ffb6
fed1
ffa0
fff6
ff23
ffc9
00f2
007f
006f
00e0
ffbe
ff15
ff98
ffec
000e
003f
0062
ffdc
ffdd
0077
fff0
ff81
ff9a
ff54
ffba
0009
0006
00bf
011f
0061
002d
ffdb
ff07
ff2e
ffa4
ffe9
0028
0029
0041
0057
ffe4
001c
0040
ff53
ff95
ff9e
ff30
0019
00fd
ffe7
005e
00bf
ffe7
0092
0123
ff99
fe8e
ff86
ff7c
ff97
0000
0048
0025
fff0
0063
0089
fff4
ffd6
ffd5
ffeb
ffef
ffe8
00ae
ffb4
fede
000b
ffd4
ff64
000c
0100
00d6
0090
0114
00d8
ff51
fec8
0001
ff5e
ff3b
00c6
004b
ff7d
007f
ffff
ff6a
0076
0048
ff96
ffc4
ff92
ff94
ffe2
0071
000d
fff1
006e
ff95
ff32
0088
fff9
ff5a
0062
ffad
ffca
00c5
004c
009a
00d1
ff37
ff77
0060
ff62
ffdd
012f
ffa5
0005
00a4
0021
ffcf
0046
ff9f
ffae
0035
0039
ff85
ffc6
ff9f
ff11
ffa4
003d
0050
0089
00ba
0071
ff90
fff6
ff76
ff72
0019
ff90
ff7d
002e
ffb2
ffba
00c5
0072
0049
0111
00bd
0074
00f2
ffb5
ff01
ff0e
feca
ffc7
fff9
0004
012e
009a
0004
0099
000a
ff78
fffc
0008
ff98
ffb3
0035
007f
ffab
0004
007a
ff70
0012
0037
feb7
ff63
ffb9
ff55
0051
00a5
002e
006e
00d2
003b
0014
0089
ffe1
ffb1
0038
0016
ffd8
00d2
0042
ff52
ffdf
ffb8
ff37
00b9
0054
ffa4
0092
002e
ffc3
0079
0052
0011
ffcb
ff49
ffc6
ffb1
ff48
ffd4
ffff
ff4f
ffbd
0010
0054
0045
00b1
00dd
0034
0011
006f
ff99
ff9a
ffe2
ff28
ff82
ff86
ff8b
0025
0083
0003
004d
009d
0016
0006
0027
ff99
ffdb
ffa1
fffc
009a
00cc
ffb5
ffc7
ffa4
ff19
0002
0010
ff4d
00d5
0003
ffba
00ad
009c
ff72
0094
0088
ff66
ffc3
ffc4
fe60
ff95
0056
ff9f
0019
0049
ffde
008f
00ed
00eb
00b2
000e
ff5e
ff9f
0001
ffed
fff5
fff7
ff95
ffec
008b
00b0
00d6
ffe9
ff48
ff16
ff3a
ff97
ffec
ff6d
00b2
00b3
002d
0138
00f7
ff78
0000
ff67
febf
feeb
ffb0
fff9
0027
0037
011c
00d4
0029
0132
0073
fefc
ff66
ff4b
feec
ffe8
0027
fff7
007b
0060
001b
007c
0014
ffa3
0019
ff26
ff53
002a
fff9
ffd6
0073
00a1
006c
0084
008b
ffc8
ff91
fff4
ffa4
ff67
ffbc
ff99
fff7
0010
0076
00c5
0036
ffd0
ffe1
ffca
ffd4
fffc
ff1f
ff02
ff95
ffc7
0071
012b
00f0
003a
fff0
ffa9
ffd5
ff7e
ff86
0049
ffd6
0017
0107
0017
ffa9
003f
ff77
ff79
00bf
0058
ffdb
003f
003c
fff1
0034
ffef
ffbd
ff60
ff49
ff45
ff94
ff72
ff93
0031
0122
00a5
0138
007a
fffa
0003
ffb4
ff0b
ff70
002c
ffe9
ff5c
010e
00b3
ff58
0034
00a4
ff30
ff95
00ca
fffd
ffbd
00d8
00b7
0020
0029
003b
ffc8
ff6a
ff5b
ffe9
000d
ff3a
fff3
0001
ff65
0021
002f
0013
002f
004a
0032
005b
003d
00a6
00a1
fff5
ff97
ff64
fef7
ff38
ffe4
ffa6
002d
00a6
006b
0073
0089
008e
0010
ff48
ffb3
ffd3
ffac
008a
006b
ffc2
0079
0088
ffa6
ffd3
ff84
feda
ffd4
fff7
ffae
0014
fffa
ffbf
0028
010e
014b
0096
0015
0013
ff48
ff7a
ff97
ff78
ff08
ff72
0016
0012
0057
0077
ffe2
008d
006a
004e
014b
ffdb
fec8
ffee
fecc
fe34
008f
0079
ffae
00c6
00ed
ffad
ffbf
005d
ffc5
ff35
ffbd
ffd1
ffd4
00c2
011d
0094
00ad
0002
ff5a
fffa
000a
ff48
0071
ff6c
feeb
0015
0014
ffb9
00aa
009c
ff60
ff96
0070
ffdf
ffd6
005e
ff92
febd
00a9
0011
fff7
017a
0016
ff19
0058
ffbd
0002
ffd0
ff46
0049
006f
0019
0123
00e8
000c
0034
002b
ff90
ff9d
ff9f
ff20
ff35
ff46
ffd2
00cd
00b9
00d3
0067
ffd6
ff9d
ff4c
ff3f
ffe1
ff4d
ff85
00b2
00b9
00d4
0093
ff78
ff0f
ff5a
ffcf
00a4
0095
ff90
fee8
0004
ffc6
0080
0182
0036
ffd6
00b2
ffd1
fffc
00de
0009
fea7
ff40
001f
fff1
00b2
0147
ff4b
fee0
ff6e
ff97
004a
008d
ffdd
fff3
0030
ffee
00a5
00a8
ff91
ff1a
ffa8
ffcb
ffa3
ffce
ff97
fee3
0008
013a
00cc
01b8
0117
ff6b
fffc
0048
ffa6
003e
ffb9
feac
ff70
ffbb
005e
00d1
ff9e
ff49
0009
ff4c
ff8f
00e3
003b
ff5e
fff9
ff75
ff57
00c2
00f3
ffcf
009b
00d5
ff8c
0003
0042
fec2
fee5
0061
ffb9
000e
0113
ffa1
ff90
001f
0020
00ed
00c9
0012
000d
0048
ffe0
006a
0021
feab
ff8a
ffff
ffe4
0012
005f
ff66
ff55
002d
00e2
005f
004e
00a6
006d
0019
ffdf
0082
ffaf
feaa
0031
0058
ff23
004b
0072
fefd
000f
00e8
ffac
fff0
00f8
ff9c
ffa3
00ac
003c
fffd
0068
0009
004a
0024
ffa8
0001
ff1b
fe9b
ffb4
ff73
ffc4
00f8
00f9
0065
008b
0074
0049
0051
ff74
ffab
ffbb
fe8a
ffae
00d7
fff1
0059
00c2
ff96
ff6a
000a
ffba
ff11
fff2
0045
fff6
008c
0132
0018
ffd8
0024
ff18
fede
ff43
ff18
ff4c
ffa3
0089
016c
0139
0147
010f
ff9f
ff86
ffee
fedd
ff20
0013
ff20
ff95
00db
0086
0077
009f
fff9
ffd8
ffe8
ffb5
ffa7
ffc2
ff3b
ff47
0051
0097
00cf
0106
0064
0007
0031
ffd7
ff62
0002
ff6c
ff00
ffe6
0026
0032
007d
ff82
ffa2
002a
0072
013e
00bb
ff78
ff55
ff8b
ff1d
002b
0113
ff94
ff7d
0037
ff71
0010
0088
ffbc
ff07
004f
0054
015e
0152
003a
002f
ff21
fec8
008e
ffe9
ff31
0022
ff60
ff30
00a1
00c0
0049
fffe
ffe8
ff8d
ffe7
00b7
ffba
ff80
ffee
ffb8
001d
00c2
00aa
0037
ffce
ff89
ffa6
0061
000c
ffd5
0022
ffc8
ffa8
0075
000a
fef3
ff8b
ffc8
ff9a
00cf
0197
002d
000d
007b
ffc6
ffcf
0074
ff82
ff5f
ffcd
ff97
ffd3
ffdc
ff84
ffcd
ffd9
0089
017f
0124
0000
0046
ffb3
ff3b
ffed
ff6f
ff35
ffb9
ff3b
0009
003f
0002
0098
00b2
ffe2
0092
0083
ffea
0025
0039
ffb0
ff6a
0025
003d
0024
0046
ffc3
ff06
ff3a
ffcf
003c
0057
0106
0071
ff5f
ff96
0012
ff39
ff7d
0025
ffed
0042
0035
0052
00a1
0027
ffb0
ffcc
ff42
ffbf
ffb7
ff88
0024
0066
0003
00bf
01c4
00bf
0031
0076
ff90
ff12
ff9f
fe63
fe5d
ff90
ff64
0020
0165
0092
00b2
0131
0074
003b
0075
fe6a
fe0f
ffd5
ffd2
ffb5
00c0
0036
0087
00fe
00d6
009f
ffdf
ff24
fff4
ffb8
ffd1
004d
0048
ff53
ffc1
0086
0036
ffe4
ffac
feb0
fe91
ff9a
0062
00b9
010b
00e9
0075
00fc
008a
ffb7
ff59
ff1e
fee9
ff44
fff4
003c
ff8a
ffe0
008f
00c8
00ba
016f
0056
0049
0045
fedc
fef1
ff96
fef0
ff5d
00d1
004a
004b
0095
ffa0
ff0a
ff32
ff53
ffda
0042
0048
011c
00e8
0061
00b6
0063
ffc6
ff81
ff90
ffba
ff31
ff70
ff80
ffbd
003d
0033
00f9
0158
002e
fff5
002b
ff1a
ff5e
0027
ffd3
ff8a
0047
ffe8
ffa2
00e1
000b
ff1b
002e
ffd2
ff53
0075
00c0
ffd4
fff9
ffdc
ff61
0051
0081
0024
ffa4
0003
0040
feff
ff60
004f
ff58
ffb4
0090
009d
00d9
0044
0061
0016
ff4b
0013
ffff
feab
ff95
0057
ff69
0082
0125
ffa3
0008
003b
ff15
ffb7
0078
ffca
ff67
ff9e
0015
00f0
00ce
0112
0085
ffac
ffad
feff
ff16
001f
feea
0011
011e
fffd
00c5
00dc
ff7e
000d
0003
ff84
0002
ffff
ff41
ff78
0000
ffdf
0002
00c7
0078
0041
0082
0097
ffe2
ff8a
ffa4
ff88
ffaf
ffe2
010d
014a
ffd0
0043
0085
fef3
ff1b
00d3
ff7a
ff71
00ce
ffd9
ff12
00ac
004e
ffe1
0067
0034
ff2f
ffa3
fffb
ff8a
ff29
ff5b
ff9c
0029
005e
007d
00c4
ffce
ffeb
0098
0033
ffbf
006b
005b
ff98
ff78
005a
ff93
ff4d
0050
005a
ffc6
007a
0078
ffec
ff6e
ffe8
ff82
ff2a
0054
006e
ff63
0013
0091
ff8f
ffc8
0062
002c
ffbb
000c
005d
fff2
0049
009c
001c
ff91
fff8
0056
fffd
ff8a
0033
ffa5
ff17
0036
00b3
ffdd
0040
00a9
ffcf
ffad
00d6
0078
0015
0040
ffdd
ff5c
0046
0055
0030
ffbb
ff97
ff96
fff6
ff9e
008b
00fe
ff40
ff59
000a
ff91
ffa6
019d
fff1
ff9a
00ee
ffdf
ff09
00ee
004c
ff45
ff94
ffea
0059
000f
0072
0109
ff7c
feec
ffa1
ff9b
ff33
ffe5
0086
003e
ffc9
00f0
0040
ff82
0104
004b
fef1
002e
ffef
fe7a
001f
00ac
0013
005d
00a2
009d
0027
ffdf
ffdc
ffa2
ff3d
ff3a
002d
004c
fed8
0067
00c5
ff81
004f
00dc
ffae
ffb0
007b
ffba
fee7
ffb4
ffe3
ff66
0014
0115
012a
008c
0041
ffd4
ff20
ffa1
ffdf
ffac
ff09
ff9c
007f
0072
0104
0115
0084
0006
0002
ffcd
ff35
ff4a
ff7c
fed1
ffdc
0056
fff5
0094
006d
ffa5
0036
ffeb
ff98
007f
ffed
ff4d
00ac
0037
ffc1
00a6
0004
fff4
0057
ff32
ff13
007a
ffa7
fff0
00f8
fffa
ffc8
002a
ff93
00c3
00ab
0032
0073
ff99
fec9
fff7
ffe4
ffda
0051
001a
ff8b
0055
0075
0049
0075
005f
ff7c
feff
ff65
ffd7
ffb1
00d0
ffc2
ffe8
0084
006e
0024
0060
fff4
ffb0
ff8d
ffe6
ff88
ffb5
0060
ffd6
fff0
00ef
003b
ff97
0067
ffe7
ff35
007f
ffe2
ffe2
008a
000f
ffb4
0044
ff7d
ff84
0049
ffc1
0006
0100
00c8
ffad
ffe8
ff9f
ff37
0085
000b
ff43
ffec
ffb1
ff46
ffe2
ffcd
ffc3
0011
005c
00be
00da
0085
004b
ffb2
ff92
ffae
ffbc
006e
ffd2
ff3b
0060
0044
ffd9
013f
0123
ffb8
00ba
fff9
fec2
ffd3
ffc9
ff49
fffa
ffbe
ffd6
ffe5
0025
00a5
0031
ffe4
0081
001a
ffeb
ff7d
ffbc
ffbf
feed
ff8c
005c
ffa9
006a
0123
ffda
000b
00a9
0045
ffad
002e
007c
ff92
ffa7
002f
ffa5
ff66
00b1
00dc
0048
006f
0057
ff82
000f
0055
0002
ffab
ff07
ff46
0067
0003
ff6d
0039
ff9b
ff74
00db
0096
ffbe
0022
fece
feae
0039
000c
000d
004a
0019
0062
0017
00c4
0081
0000
ffce
003b
0042
000a
002e
ffe9
ff2a
0026
0044
fff0
0076
0055
ff1c
ff4e
ff84
ff3a
ffdc
00cb
0036
00a9
00e4
fff3
ff87
ffc3
ff09
ff12
fff3
ffb5
0015
00f4
ffeb
003b
00e9
ffaf
009a
0100
ff78
ff5a
ff8f
ff27
ff97
ffdb
000d
0019
0027
006e
0075
00f7
0053
ff97
0008
ff98
ff56
002e
0038
ff55
ffdc
0057
ff44
ffba
00ad
0014
ffb1
003e
ffa2
ff9b
ffe2
ffd9
0060
010e
001b
ffaa
0020
0007
ff5a
005a
fffd
feb3
ff72
0057
002e
0131
01c2
0027
ff31
005d
ff7b
ff1f
ffe9
ffc8
ff56
ffd7
0088
014e
0088
0098
0036
fef1
ff70
0010
ff8c
ff97
fefe
ffb1
00b2
004b
0112
0171
ff65
ff58
ffea
ff5c
001f
00a5
ff4b
ffaa
0077
0075
fffe
0016
ff3a
feec
ffea
009f
0101
00f9
ff93
ff91
ffff
ff64
0083
00f5
ff6a
ff4e
001d
ffcf
ffdc
00d8
ff97
ff13
00a0
0055
007e
008a
ffd9
ff2a
fefc
ff4c
0099
0032
ff6c
0051
0066
ff48
00db
019e
ff53
ff3f
0051
ff4a
ff8d
011e
ffc2
fdfc
ff2e
00a0
007e
015e
019f
ff43
ff08
0075
ff76
0048
00fb
ff14
fefe
0018
ff7c
004d
0071
ff57
ffb8
0076
0013
00ca
018a
ffa8
ffdc
0083
ff56
ffa1
004c
ff88
ff0e
ff5e
00c8
006c
fff5
00e2
ffe3
ff79
00d2
007e
ffe4
ffbd
fee1
fec5
ff95
0026
0116
014c
00a6
005b
006e
ffd0
fffb
0039
ffb9
ffa5
003e
ffee
ffac
001f
ff32
fecc
fffd
008b
0042
00cf
00bb
ffe2
ffb8
0022
0097
005e
ffec
0003
ff74
fe58
ff39
ff5e
fef8
fff6
006d
006c
0124
01cf
00a4
001b
00ba
ffe3
fffe
fff0
ff69
ff6c
fe4a
fe46
ff91
ff5d
ffb0
00bc
0152
013d
018a
00d4
ff71
ff13
ff89
ff44
ff06
ffcf
005b
ffa4
000e
00e3
0016
0059
00ca
ffb7
ffa1
ff78
ff39
fef3
fffd
ffa9
ffea
012c
015a
00dd
0155
0007
ff4a
ff18
fe66
fecf
ff8a
ff2d
ffec
008e
006d
00df
0190
011a
0089
009d
0048
ffb3
ff68
fec9
fee4
ff29
ff35
00dc
005a
ff96
00b7
0030
ff71
0132
0149
ff8d
0030
004c
ff7f
006b
00a8
ff97
ff2f
feae
fea8
ff41
0010
0004
0044
0102
0016
004b
022a
0118
0001
fff9
ff78
fec4
ffdd
ffea
ff02
ff88
ffa5
ff93
00a3
00d1
00c3
0058
ffbf
ffb0
ff86
ff7f
0033
0008
00b6
008b
00a6
0072
ffc3
ff6f
ff42
ff5b
ff3b
ff4d
0016
0035
0059
0171
00b4
0012
fff4
ffc5
ffc6
ffe6
001f
ff6f
ff13
ffa0
00b8
007c
0047
007c
ff6d
ff01
fff3
0003
001a
0018
ffc9
ffe3
0061
0049
0072
ffe9
ff27
ff85
ffd4
0026
00ba
00a2
008f
ffe3
fff0
ffe7
ff88
ffc8
ff6b
ff3d
0001
0036
ff95
004b
000d
ff09
0037
009d
0028
005c
00ed
00be
005c
ffb4
008d
ff89
fead
003f
0002
feda
ffb3
ff45
fed8
0076
0084
0104
01d2
003c
0042
015c
ff75
ff64
00a7
feab
fefe
00a4
ffdf
000b
00ac
ff3b
fee4
ffc0
ff96
00a1
0140
00bd
00f8
0075
ff91
0013
ffb9
ff77
0022
fff8
ff55
ff83
ffdd
ff8e
ffb6
006e
ffa9
fffb
007a
00ad
00ee
00c3
0099
00cc
ffff
ffdf
ffe5
ff56
ff4f
ff4b
fea3
ff13
ffd1
ffe9
0075
00d8
002b
00a5
0076
ff35
fff3
0049
fef4
001f
015d
ffbe
ffca
004f
fecc
ff27
fffe
ff7b
ffdf
00b1
00be
00e0
012f
009f
ffed
ffbe
ff75
ff4d
ffd5
ffcc
feb6
ff35
003d
ff67
ffd2
00f9
001c
ffca
00d7
003d
ffaa
00df
0064
ff1d
0008
0001
ff18
0036
00f9
ffb6
ff88
0034
ff0f
ff98
00de
003f
0039
0053
ff14
0021
00cd
001b
007d
00ce
ff19
ff90
ffe9
fef6
ffab
ffb7
fea8
ffa9
0129
014d
00e0
01b2
0087
fe9d
ff9c
ffef
ff01
ffcc
ffe3
ff2d
ff74
001a
0097
00ef
004f
001a
0016
ffe2
0015
00ea
fff3
ff0d
ffbd
ffb6
ffe4
0110
00d0
ff50
ff7d
ff18
feaf
001d
0098
0068
0071
0071
006f
000d
fff0
ffd4
ff6a
ff5b
ffcd
fffd
fffe
0078
ffb6
ff89
ffe4
0083
0188
009f
0046
0070
feb1
feab
ffeb
ffe5
ff81
0098
00a7
0008
00fb
00df
ffb5
ff89
ff4b
ff6d
ff74
fff4
0043
0026
0012
0093
00d7
00ad
ffd0
001a
002c
fec3
ff0c
ffd3
ff73
ff41
0093
0075
0030
0122
0133
ff7b
fffa
fffb
fed1
ffb1
00a7
ff7b
ff93
ffbd
ff5a
0039
0086
007e
0102
0039
ff1e
0056
fffe
ff5a
00ae
0077
feb7
003c
003a
fe92
0027
0057
fea0
001e
003e
ff87
00f4
011f
0031
0085
003f
ff8e
ff97
fee3
ff9e
0000
0025
009a
0074
004b
ffa8
0067
0091
0008
ffe1
0062
ff83
ff81
0024
ff6a
ff29
0051
ffe8
ffa6
00c9
0050
00aa
00a2
ffa8
ffe9
ff95
fee1
0036
003f
ffd9
007f
00d2
003f
0065
00a7
fff1
ff96
ffb1
0010
0038
ffa6
ffc3
0076
002c
ffcb
00cf
003e
ff66
002f
ff55
fef3
0030
0023
ffd1
00cd
0026
ffbe
0024
ff6c
fed7
ffb9
0000
fffa
0098
00a4
0008
00db
007e
fff2
0042
ffb4
ff45
003a
ffe0
ffd4
003f
fff3
ff86
ffcb
ffed
000e
0029
0003
008f
008a
000b
0032
ff7c
ff26
ff9f
ff64
ff69
0007
fff6
000e
0070
0077
002e
0067
ffbd
ff9f
001a
ff2f
ff39
007d
001e
0007
0129
007e
fff9
0052
fffa
ff33
ff93
ffe7
ff76
0080
0084
ffba
001f
ffca
fedf
ffc3
003d
ff6f
006c
010c
fff5
00da
0139
ffaa
ffb2
ffc1
ff47
ff1e
ff99
ff53
ff63
0057
0031
0091
0110
0079
00db
001a
ff5d
ff91
ff7a
ff7e
ff67
0025
ff64
ff70
014e
0074
0066
01a6
ffac
ff93
00fd
fff2
ff5f
fffc
ff78
ff09
fff7
00ab
00cc
013b
ffa8
ff4a
ffc9
ff65
ff6b
ffd4
ff36
ff59
000c
0089
00d7
011d
0039
ffac
ffa0
007c
0038
ffe3
000e
ff84
ffac
005a
002a
0047
ffb3
ffb5
0030
ffbc
ffac
0093
ff8c
ffb8
00d4
0036
006e
00d8
ffa5
ff68
000e
ff0a
ff8f
0036
ff65
ffec
00ca
ffdf
0052
006a
0021
ffd7
0038
ffc4
ff50
ffe2
003c
ffe0
ffb7
fffd
ffd7
ffe2
000d
002f
0052
0034
0033
0021
0028
fff0
ff89
ffae
003c
ff43
ff59
0040
ff61
fff9
0152
006e
0041
00d4
0055
001f
ff96
ff3f
ff44
fe96
ff90
00a0
ffba
004c
011f
ffea
ffe6
010e
ffe8
ff71
0066
ff7c
feff
002b
ffcc
ff2c
008b
000e
007d
0177
ffc6
fff1
00a0
feea
ffcf
00b9
ff63
ffbe
014e
ff86
ffde
00dc
ffaf
ff93
fff6
ffd7
0033
ff93
ff69
0034
ffd2
ffc5
00f6
009f
ff5b
fff9
0055
ff2a
ffb4
00db
ffd6
ffd7
00e5
ffe2
ff59
0066
002b
ff17
ff4d
0039
ffd4
ff9b
012f
0117
ff8e
0076
0135
000f
0028
00ac
ff7c
ff78
ffa7
ff80
ff6f
ff90
ffab
0073
0028
ffdd
005d
00e8
005b
ffed
0036
ffb5
ff0b
ff9d
ff63
ff10
0020
003c
ffbf
0091
0120
ffbc
ffeb
0047
ff32
0006
004d
ff65
ffb6
ffa5
ffc1
003f
00d7
011a
00f1
ffe1
fff5
ffef
ff03
fefc
ffd3
ff91
ff7d
0084
0081
0046
002d
ffad
ff70
ffac
ff4d
00a5
00b0
ffa7
004a
005c
ffa3
0036
ffb4
ff3b
ffc8
ff75
0007
0054
ffed
fff0
002a
0096
0135
00c7
0077
000a
ff81
ff11
feb8
ff4d
ff56
ffc8
006f
00d0
0096
00bf
0072
ffc3
ffae
ff3d
ff95
0063
002c
fff5
003a
ffd1
ff01
fffe
0036
00b4
00f6
ffd9
ffba
ff5a
fee9
00ab
000a
ff49
00fb
0038
ffae
013b
00f0
ffe3
ffe6
ff65
ff3e
0003
ffe0
ffe9
0018
ffa5
ffeb
004f
00b8
008c
0016
0070
0032
ff2c
0075
fff5
ffb4
00c5
008a
ff50
0032
ffd1
fec1
ff0f
0032
0032
0096
00a7
00bd
fff1
0027
008a
0002
ff55
ffa0
fecc
ff5e
0068
0002
ffb6
0054
ffe1
ffda
00cf
00b9
00d4
00e0
ffcd
ff29
ff44
feb8
ff7d
0053
ffbb
ffa3
00b0
002f
000d
00ec
00bf
0034
0051
ffdd
ff8b
ffe2
ff91
feda
ff83
ffd1
ff2a
0025
00b1
000e
00a7
00de
ffee
0090
fffd
ff35
0070
ff5d
fe75
004f
ff70
febb
008e
00c6
000f
011c
00fa
ffff
00a5
0088
ff84
006a
ff93
ff27
ff82
ff64
ff9e
005f
0040
ffcd
0043
0019
ffb5
008b
009e
ff8b
ffcc
001b
ffcd
00ec
00d9
0047
004e
ff8d
ff51
0082
ffe2
feb7
ffc4
ff71
ff51
014c
014b
0059
009b
003e
ffa5
ffe2
ffe9
ffa8
ff5b
ffef
0009
0014
00f8
00df
ffad
ff43
ff57
ffba
fff8
ffd4
ff6d
ff4a
ff94
00b7
016a
00f7
00da
007f
ff54
ff74
ffbb
ff8d
fea8
ff2c
ffca
ff54
00ab
0198
008f
0035
ffe7
ff44
ff8b
0050
ffc7
ffeb
002c
0027
0053
00cf
003c
002e
0034
ff44
fea1
ff9a
ff0c
feb3
ffd8
0012
0067
01aa
00fc
009d
0107
000e
ff8c
001e
ff35
fed4
ff0b
ff57
fffc
0067
00cd
0036
000a
00ee
0025
ff9d
002b
ff40
fee7
0019
0057
0041
00bf
002d
ffb2
ffec
ffd8
ffcf
ff4e
ff75
ffa3
ff9f
003a
007c
00df
012a
0040
0086
00dc
ff56
002d
0024
fee1
ff5f
ff59
ff47
fff3
ffc0
002d
013c
0096
006d
014c
ffcd
ff17
ff59
ff30
ff46
007e
008d
0043
ffc1
ffc6
ff52
fff5
0000
0030
000a
ff6c
008d
0115
00d2
fffa
ffdd
007a
002e
0069
0086
ff59
ff3a
ff6c
ff03
006c
00d0
000b
004c
fff7
ff2b
006b
008e
ff6d
0004
0007
fefe
0014
00f6
ffb6
ffae
ff70
ff03
fff3
003a
00dd
011c
ffb7
ffad
0069
ff2f
ffe0
0065
ff86
003c
00c1
ffbc
0064
0072
ff0c
ffb5
00c9
ff81
0018
0078
ff2b
ff76
00d5
002b
fff3
00ce
ffc2
ff04
0028
ff4b
feef
000f
fff6
ffa0
00cb
0110
004e
0057
fff4
ff50
fff9
0066
fff0
0055
ffc1
ff65
ffb5
ffe5
0004
0015
0032
009f
0057
010b
016d
fff6
ff31
ff51
feee
ff63
ffa7
ff3c
ffab
001b
0058
008c
00e0
fff2
ff64
ffb5
0020
ffa4
000e
010f
004d
0006
0151
00e4
ff9d
002e
ff74
fed5
ff2d
ff09
ff26
003b
0029
00a4
0193
00b8
ffe0
009f
ffbc
ff1e
002f
ff80
fed0
fff3
003d
0023
0053
0051
ff4a
ff1f
ffec
0054
0026
0019
0029
ffe8
0002
00cb
0116
010c
001d
002b
ffa9
feb6
ff7c
ff08
fdc1
ff89
fffe
000a
01bf
0193
0088
007f
fff2
ff1c
ff86
ff0a
ff62
0011
ffab
ffff
008b
001b
0056
00df
001e
fff4
001f
ffcb
ff2b
0069
003b
ff9a
fffa
00a3
0070
0047
fff0
ff58
ff3d
fecf
ff35
ffe7
ff51
0059
0143
0054
0167
0197
ffed
0014
ffe0
ff08
ffe3
ff5e
feb3
002a
ff3c
fee6
016a
00a8
0011
01d4
0039
feda
000f
0026
ff5a
ffee
0012
002e
0015
008e
0067
ff86
ff0b
ff4a
ff7c
ffd1
006c
012e
0086
ffbc
0041
002c
ffaa
003f
ffdf
ff77
fffd
0040
ff7b
ffa7
ffb3
fef8
ffc2
008a
003d
0108
0165
ffde
ffc1
0054
ff89
ff13
0087
ffd4
ff34
004b
ffe3
ffd2
00c4
0095
0051
00a3
ff3f
fea5
ff50
ff2d
ffa4
00e4
00ad
0022
017b
00bb
ff95
001c
fea3
fde5
ff84
006b
0082
017b
0108
ffb4
fff4
002b
ffd0
ff0d
ff12
ffaf
ffea
004a
0131
007b
ff8b
000f
0052
0025
004e
ffc1
ffee
ffa1
ff30
0089
006d
fffe
00e4
005b
ffce
0073
ffab
febf
ff56
ff94
ff60
0005
00a2
0065
0067
00ad
0012
00c6
00be
ffee
ffde
ff88
fe9e
fefd
ff86
ff4b
fff8
0099
0032
00d4
0121
00a0
001d
ffb5
ff29
ff6f
000b
004a
00fe
0073
ffe8
006f
0006
ff88
0007
ff24
fe71
ff8c
0054
0033
0132
015b
008d
0047
007f
feea
ff06
0042
ff7d
ff11
003e
ffe6
ffa1
00dd
00f5
ffe8
ffc4
ff69
ff1a
0062
0015
0024
00c8
ffc5
0028
0118
fff9
ff54
003f
ffb6
ffae
0081
005c
ff5b
ff55
fff1
ff8c
fee6
0036
0014
ff27
0066
0188
0058
00da
015b
ff2d
ff30
0060
fec3
feca
002c
ff3b
ff66
013f
010b
00a5
0194
0016
ff73
ffc8
ff08
ff3e
fff4
ff2b
ff74
0032
ffe8
005b
014a
0016
002d
0012
0006
ffec
ffa1
ffa6
ffc4
ff14
ffce
0057
002e
006c
0081
ffe7
ff9e
0045
ffce
ff4f
000a
004d
002c
00aa
0024
0037
003c
ff8b
fff6
fff5
ff70
ffd3
0023
ffcb
0027
010c
00a5
003c
0081
002c
fed1
fef2
ff88
fee0
ff7a
0051
0040
0097
00d2
006d
00b9
00a6
ff92
0014
ff8d
fe54
ff1d
ff96
ffa0
010a
0109
00c0
0154
008a
003e
00b4
ffc1
fe84
ff1b
fedc
ff1e
006a
0057
ffcd
0072
0022
0028
0095
0016
ffa8
ff8b
ff21
ff46
003d
0056
ffe6
009b
009c
ffc5
003a
0019
ffde
ffdf
ffda
ffad
004a
00f5
00fb
0085
004c
ff9f
ff2b
ff3c
ff40
ff80
ffd2
ff9c
ffb1
0030
0058
0074
00fe
0145
005a
ffc2
fffd
ff08
feef
ff48
fee7
ff53
001a
0067
0169
0132
00f3
012d
ff68
ff46
ffd1
fec9
fef2
ff9d
ff0a
ffaf
00d8
007c
01a3
013e
0037
0134
0004
fe20
ff03
ffa5
fe11
fffc
010b
0001
00fb
01ae
ff7f
0035
002b
fe94
ffe3
00c5
ff5d
000f
0075
ffb8
ff80
0029
0001
ff9a
ff69
ffc7
ffe8
001b
0095
0074
ffc6
0016
0072
006f
0039
003c
0009
ff76
ff89
ffb3
0044
ffec
ffaf
00e2
0079
ff55
009d
00e0
ff16
ffdd
004d
feee
ff6e
006a
ffdc
fff2
fff1
0057
00c6
0037
00af
00d1
fe79
feb9
ffe3
feb2
ff15
0124
0095
005d
015d
00d7
0035
004c
ffae
ffa0
ff05
fee7
0008
0062
0009
0034
004e
ff70
ff99
0073
006b
ffe6
0081
0031
ff63
0032
0024
ff20
ffca
0020
ff65
0029
0041
ff69
ffb7
0023
00a7
005d
ffec
fff6
ff96
ff41
ffe5
ffee
0095
00d9
0021
003d
008e
ffa3
ffc6
ffde
fea9
ff0f
ffbd
ffb3
00a8
0120
007c
0036
ffda
ff7a
ff9b
0067
003c
000f
0074
0096
ff99
00ac
012e
ff39
ff1c
ffeb
fe8f
ffd8
0031
ffc7
002e
000d
ff60
005d
00d7
007e
ffc6
004f
ffb7
ff5f
fffa
004a
ff9a
000e
00ea
002d
ffc3
002a
ff56
ff7b
0002
ffea
0031
0068
0008
0026
00b4
ffbc
ff64
0043
ffa4
ff86
0049
ffc0
ffb3
ff9f
ff9c
fff5
ffe2
0035
0097
000c
0056
0021
ff7e
0018
0081
ffe2
fffc
fffa
ffb3
ffcc
ffef
ffce
ff89
ff68
ff9c
0068
00fa
00f6
001e
ffc5
ff31
ff96
00d6
012a
0038
002a
ff69
fe8a
0014
010c
ffc5
0045
ffde
ff1b
0004
0100
0052
ffef
ff91
ff07
ff78
0074
00df
000f
0026
ffaa
ff17
ffb1
0093
ff91
0015
00ab
fff5
ffcc
00fb
0043
ff3a
ffb6
ffc3
003c
0103
ffe0
002f
0056
ff7f
003b
0114
0008
ffc9
ffad
ff2c
ff49
fff3
ffb7
ff5a
ffc1
0008
ffbd
007b
00ea
ffc6
ff9c
ffb2
ff7f
0033
0168
00a3
0054
0010
ff49
ffd3
0036
ff13
ff0e
ff2f
ffae
0026
01bd
0117
00c3
0100
0034
ffb0
011c
0012
fe98
ffcc
ff4e
fe37
0012
006c
ff1d
00bd
00eb
ff7e
0007
004b
ff46
0002
00df
002b
0026
009a
0005
000c
003b
ff77
ff7c
ffad
fef3
ff5d
0047
fff1
ff96
000b
0019
00b6
017c
017d
00ec
ffcd
ff60
ff1d
ff83
ffc5
fff2
0062
ff52
ff29
0005
ff7a
0022
00f0
ff77
ff98
0018
ff8f
006c
00b3
ffb8
006e
00de
0059
0109
00cf
ff52
fef8
ff3d
feac
ff76
0057
0008
ffee
0069
0057
0103
0130
0008
ff70
ff70
ff65
ffb2
003f
ffcd
ffe0
0054
fff8
0082
0109
ffad
ff48
ffb5
ff23
ff84
00bc
ffeb
fff2
fff5
ffd7
00ab
00a8
ffe4
ffed
ffb7
ff41
ff81
00be
003e
ff80
ffb5
0065
ffc2
0022
0059
ff91
ff5f
ff97
000d
0092
0073
0075
0056
ff92
0078
00e7
000f
ffea
ffd8
fed9
fe67
ff36
ff4f
fedc
ffd8
ffa6
00c5
01ca
018a
014c
00b8
ff80
ff42
ff5f
ffa0
0079
001d
ff66
ffab
ffb9
ff6f
005d
000f
ffa0
ffc0
ff71
ffde
0132
0093
00ac
018d
00b2
0032
008a
ff51
ff00
fe28
fdc2
feda
ffdc
0051
014f
00ae
00b2
010d
00f7
0061
0068
fff0
ff59
ffab
0054
ffad
ffe2
ffdf
fef2
fef4
0045
0085
0005
00bd
0068
ff4b
002a
0078
ffd8
0048
0014
ffd0
005d
0087
fffa
ffa2
fee6
fed3
ffc7
0089
004d
008d
001a
ff5e
0055
00b6
0096
0101
0098
ffc9
ffd4
ffd5
ff59
ff3b
feff
fee5
ffd4
0040
0034
00b5
004f
0020
0082
ffe1
0005
010d
00b0
ffcc
005d
ff9b
fedd
ff79
ff1c
ff81
000c
ff91
0004
00cd
0016
0044
0029
ffb0
ffd5
003f
0017
004d
0058
ffb2
ff5f
ff31
0005
0054
001c
00cf
0064
ff26
ffbe
0028
fffb
004a
0082
0055
fff7
ffd0
001e
ff44
ff05
ff9a
ff22
008d
0131
00c3
00b6
0074
0023
0095
ffab
ffad
0025
ff17
fecd
ffe2
feb0
ff25
00a0
0037
0035
01c2
0190
0056
00bf
0093
ff57
ff65
0016
ffbe
ff6b
ffee
ffe7
ff77
0033
002b
ff96
ffca
ff71
ff47
0079
0033
fff7
0104
0036
ffce
015e
00bd
ffce
00a6
ff42
fe0d
feb8
feac
fee7
ffca
003a
0138
010a
00e9
01b7
0157
000a
fff8
ffb6
fe43
fee0
0009
ff35
ff7c
0074
ffa7
fff7
008b
ff5d
ff5a
001b
ff9c
0024
016c
0159
0146
0094
ffe9
ffdf
ffb6
ff1d
ff30
fe64
fdc3
fefd
ffd2
000c
012f
0189
00e1
0103
0159
006b
ffe7
ff6b
ff12
ff15
ff25
ffc9
00cc
ff8b
001d
01b4
fff9
ffa1
00ec
ff5c
fee1
0017
ffcd
feed
fff0
005a
ffc6
008f
00e7
0001
fff0
0006
ff4d
ff27
ff63
ff29
fff9
0092
0045
0148
00ee
ffe9
00b2
005f
ff9e
00cf
ff6c
fe97
003a
ff7e
ff99
0000
ff92
0029
00c0
fffe
0134
009f
feb2
0022
0054
fede
00ae
0101
fefb
ffbc
007e
fee7
ff29
0030
ff94
ffe4
0137
00d4
00dd
00ff
0003
ffd5
0054
ff8d
0023
004e
fee1
ff10
000d
ff85
ffe4
007a
ffe8
0028
012b
0090
0007
ffe5
ff4f
ff08
fff8
002b
0022
001a
ffd7
ffe3
ffd3
ff37
0082
005e
ff75
00d7
007c
fed5
ffe5
0049
ff07
ffa7
011b
0059
0006
00d5
0001
ffbb
0015
ff3f
ffa5
0038
ff6c
0007
009c
ff71
fff4
0075
ff36
001e
0107
ff49
00b3
012b
fe9b
ff01
007d
ff39
ffd9
0109
0067
0009
0012
0046
00b6
ffeb
0005
00a2
000e
ffaa
009e
fff1
fe90
ffdc
ffce
ff38
006e
001d
ffb8
002f
0004
ff87
0017
ffbf
ffbf
005d
0050
000a
00bf
ffc8
ff24
003c
ff8e
ff8c
01a3
0059
fec8
0052
002b
ff74
0166
0168
ffc4
011f
0090
ff78
ff88
fe97
fe7b
ff65
001d
ffc6
00a0
00f8
ff59
ff8b
00ae
ff3f
ffb2
00ac
ff02
ffb7
00f2
000e
ffe2
0124
fff7
ff78
00e6
0007
ff19
0086
ffcc
feb4
0099
0047
ffb4
0122
0066
ffc7
0078
ff67
ff5b
fffa
ff88
003b
00d4
ffed
ff40
0001
fffe
ff67
ffbb
ffa3
ff4a
ffb8
011a
0119
fffa
008e
ffab
ff1f
0029
00a3
0029
005c
ff99
ffbf
ffd4
ff58
0031
00b2
ff76
002a
0117
0013
002a
0082
ff60
ff9a
0003
ffb2
ff74
ffca
0017
ffdc
0072
011e
00da
006c
001e
ff30
ff36
ff16
fe9d
ff77
ffa7
ffea
00c4
010e
010d
00cf
001c
ff78
ff6a
ff5f
ff8f
0004
ff5c
ff83
007d
003a
003a
0108
0077
ff91
ffe6
0046
0003
ffa4
ffc0
ff0e
ff30
004a
0062
00ee
0131
ffc7
ff6f
00a1
0012
ffaa
000f
fef3
fec0
ff65
0002
0061
00e7
00a3
fff0
0031
008b
ff3a
ff8c
ff8d
ff6b
ffa7
0077
0081
0082
0153
00af
ff9c
0059
fec7
fdb3
ffa4
ffb8
ff5b
013c
017d
005d
0158
01d5
0003
ff35
ff43
fea3
feeb
ffec
0092
0060
0035
008d
0019
ffb5
000a
ff7c
ff5b
0000
0057
ffe2
0078
00e0
ffca
0010
00df
ffb8
fefa
ffdf
ff4c
fed2
fff2
ff8d
ffa9
010f
00eb
00d1
0142
ffde
ff49
002e
ff62
ff41
0071
ffc8
ff4a
0051
ffe9
ff6a
001c
000b
0006
0040
0079
006f
0049
0017
ffd3
ff7c
ffd3
ffbc
001b
0020
ff9d
002d
004b
ff93
0049
00c9
003d
0087
00a4
ff09
fee3
ff6b
ffa0
0037
0119
00ac
0031
0052
0026
ffbd
ffb9
ffa2
ff36
ff8d
ffc0
00c7
00d9
000e
0039
ffd0
feae
0014
00c9
0080
0070
0090
ffe1
ffc3
ff87
ffb6
ff54
ff57
0019
0035
ffeb
00a5
005d
ff51
ffc1
0072
ff94
ffe9
00cb
0012
ff5d
fff9
ffab
ff70
ffd4
0001
ff40
0045
ffe7
ffc1
0056
ffc4
0026
0105
ffff
00c7
002a
ff2b
ffc3
ffe9
ff83
ffe5
ffe7
ffc8
003b
00f1
013c
0097
ff90
ff2d
ff40
ff31
ff90
0032
fff7
ff64
003a
0093
0029
00be
00fe
0028
006c
ffa1
fea7
fefa
ff59
ff30
0057
00d2
0053
009a
0042
ffe7
0051
ffdf
ff50
002d
0094
004f
0099
00d7
ff3b
ffb1
003e
ff6f
0023
00c4
ff26
ff36
000f
ff4d
ff07
00a4
0077
002b
0108
0124
0128
0068
ffe5
ff4c
fe64
fe65
ff23
ff8f
0015
0089
00bf
0017
0060
ffee
ff60
ffc8
ffde
ffaa
00ac
0076
0042
010a
0025
0070
fff9
ff8e
ff7d
ffa8
ff5c
ffec
ff73
ff79
004d
006f
012e
0111
001f
002f
ff9e
feaf
ff34
ffc1
0007
0059
0070
0094
ffff
ff4c
ffb6
ffbe
ff2c
ff9c
0062
fff2
003d
0062
ffda
ff55
0072
0083
ffd3
0071
007f
ffc7
0009
ffe3
fffc
0015
002e
ffae
006f
ffdc
ff44
ff8a
0000
ff5f
00a2
00f1
0129
008d
000b
ffab
ffae
ff6b
ff57
ff8c
ff83
ffad
00af
003b
ff48
ffdd
0024
ffdb
0118
018b
002b
0046
0049
ff76
ff4d
0020
ff3b
fec5
ffd0
0018
ffe4
0178
013a
ffe7
fffb
ffcc
ff62
005a
000e
ffc1
0099
ffe4
ff5c
0044
003b
ffdc
004c
ffec
ffc8
003e
005f
ffe8
ff8d
ff5d
fffe
0001
0008
00de
ffe4
ff69
005f
000f
ffc7
00bd
0078
0045
ffd8
ffaf
ffb7
feec
ff0f
002d
0017
0045
00f3
0061
000f
0051
ff8f
ffe3
0010
ffdb
003e
fff2
ff4a
ffe8
ff98
ff55
0009
0041
006a
0090
006f
0026
006a
ff5a
ff8e
ff92
fef7
ffdb
0081
ffce
000c
008d
0082
0025
0091
ffdc
ff53
ff5f
ff4f
fee8
ffa5
fffd
ff88
00b3
00ec
0039
010d
00d4
0013
0041
ff34
ff48
0026
ff02
ffa8
004e
ff70
ffff
003f
fff1
0038
0053
007a
0084
0057
0057
0046
ff66
00a6
0049
ff08
fffc
ffd5
fe9c
ffc2
0075
ff77
ffdf
0081
0031
0051
00bf
00b0
002c
ffe0
ff94
ffa9
ff94
ff7f
0063
004e
ffec
009a
0085
ffaf
003b
0054
ffb9
ffdd
0045
ffc3
ff2a
002a
0035
ff8f
008f
00cc
ffbf
0037
0046
ffb6
ffb0
ff95
fef4
ff5e
fff7
ffcd
010a
008a
ff4e
0091
002f
fee9
003b
00dd
ff36
ff22
00c5
000c
fffc
01c5
0085
ff86
0076
ff43
fec2
ff78
ff4d
ff3d
ffa2
003b
014b
01a5
00ca
0104
00ab
fe25
ff1f
fffd
fe4c
ff3a
0072
ff36
001e
01b5
00a9
002f
005c
ff70
ffb7
000f
ffc4
0003
ff5c
ff3d
00aa
01a6
0083
0063
0075
feb4
fe68
003d
ff9d
fec3
0045
000f
ff1c
0117
0230
00ad
ffff
006d
ff0f
ff1e
0065
0059
ff1c
ff2f
ff0a
ff85
0036
00db
00c4
008e
ffd4
0081
0163
0014
0026
ffb9
fe19
fec4
00e0
00f8
007e
0091
ffdc
ff16
ff77
ffff
ff3a
ff51
ffdf
ffd6
0000
0142
0090
ffc6
00aa
00bb
000e
0001
ff76
fed9
ff4b
ff79
0024
00ca
001f
003b
00d8
0061
0055
008c
ffac
ff52
ffb3
ffaf
003b
0055
ffee
0025
ffa9
ff95
00e1
0096
ffc6
0101
ffce
fe67
ff81
ff24
ff06
00cd
00d3
005c
00c9
005f
ffde
0060
ff52
ff7c
ff90
ff3c
000b
0058
ffd9
0069
002b
ffe9
0038
00f4
0056
fff4
ffa8
ff4d
ff19
ffd9
fffd
fffb
0096
00d8
0004
0078
0005
ff77
0043
ff9e
fed5
ffc3
ff87
ff4b
0051
0020
ffe2
0083
00ee
00af
006c
0082
002c
ff3a
ff10
ffa7
ffb5
ffac
006a
0074
0077
ffce
ffb7
ffac
ff70
ff05
ffc0
ffc0
ffeb
0096
00a2
0184
014d
00c4
00d9
ffcf
ff01
ffe7
feba
fe4c
ff69
ff17
ff76
00d8
00fa
0177
0122
0004
ff62
ffd7
ff03
ff74
0079
ff70
ff9f
001b
0001
00fb
0038
fef5
ffcc
ffc6
feb6
0050
0159
ffa6
0085
013d
fff4
005a
0117
0083
ffe6
ffc6
fef1
feaf
ff4a
fef9
ff0b
0011
ffdb
003e
01ba
00fc
00d7
011a
ffd4
ff0b
ff75
fe93
fe47
ffb3
00b3
008f
011f
0191
0052
ff5a
0096
ffc8
feca
ffb2
ff7a
ff17
00ba
0108
00d2
00eb
007d
ffb9
ff93
feee
fede
fed3
fecc
ffe8
0071
00c0
0149
00e9
008d
00bf
0035
fff0
ff5c
fef9
ff55
ff1f
ff2b
0098
003a
ffe0
0112
0186
00f1
0102
0083
ff4b
fede
ff3b
fef7
ff6a
ffa7
fff5
00b8
0059
0063
011b
ffb5
ff57
0033
ff38
ff40
0053
ffe8
001b
00c7
0052
0041
010a
002e
ffc4
000e
fee9
fe84
ff3f
fed8
fecc
00bf
0165
0114
0235
0170
ff87
0092
fff8
fe19
ff91
ffcb
fe69
0010
00c7
ffcb
006f
00ae
ff92
ff86
0058
ff5a
ff9e
004c
ffc7
0014
00f2
0075
002e
0126
0015
ff00
ff4a
ff3d
fe7d
ff86
005b
0004
00e8
018a
00fe
0103
006c
ffb2
0020
ffc7
ff59
0014
ff90
ff50
ffba
ffa6
ffb3
00a2
fff5
ffe6
005f
ffa0
ffce
003c
ff5f
ffbd
0096
00ca
0103
017f
008a
ff49
fef4
ff08
feaf
ff2f
0008
ffd6
ffdf
0024
008f
00b4
00b0
00ee
00b8
ff77
ffa6
0013
ff62
ffb1
0026
ff9c
ffcc
0058
005d
007b
fffc
ff9c
ff40
fee7
ff38
003e
00a3
0122
00b4
0072
00b9
0034
ffd9
0009
fecb
fe43
ff79
ff15
ff63
0063
0020
0025
00e0
00da
0132
00ad
ffe5
ffac
ff3a
ff2d
ff72
0060
007c
004b
0008
001b
0050
ffe7
003e
003d
ffb2
ff64
ff7c
ff82
000c
fff7
0018
0059
0023
004b
00c2
ffe7
ff7a
ffa9
ff74
ffca
fff4
fff9
ffca
fffe
0038
fffd
0020
ffef
ff7f
ff77
ff80
00b2
0135
0061
002b
00ec
ffb5
ff3e
0095
fead
fe53
00a3
ff9b
ff52
01b0
0032
ff2a
00e5
0060
ff79
00b8
0037
ffa5
0039
006d
0025
00a0
0073
fff2
ff92
0011
0027
ff4d
ff53
ff8c
ff84
0000
0064
0004
ffd9
fff9
ffca
001a
008a
006a
0005
0014
0063
0069
0008
ffec
ff31
ff7c
ffd9
ff74
ff8f
00a2
001d
0072
0140
004b
ffe2
0104
0005
ffd6
00d6
000a
ff1c
ff8e
ff5c
ff11
ff85
002b
ffcb
ffa6
008c
0025
ffd3
0013
ffd5
ff4d
ffa4
ffcc
003c
00c8
00ac
0091
0092
ffc8
ff92
ffe2
ff6f
fecd
ff95
000a
ff97
008f
00ee
0017
0028
008d
0088
ffc1
0009
007f
ff3c
ff97
00d9
ff7d
ffdb
00de
ff8e
ff90
ffab
fed2
ff27
ffa3
ffdd
0133
0153
0102
00dc
0051
ff44
ff64
ff88
fef4
fef3
ffb8
ff92
ffa4
00ab
00ad
001f
0050
00d9
fff7
000b
003d
ff8a
ffba
004f
fff9
00cb
00cc
0067
0041
009b
0022
ff86
fe3a
fe9d
ff43
ff74
0002
00a3
fff9
0062
00aa
00ce
009e
008a
0087
ffb8
feda
ff94
ffb8
ff29
fff0
007a
ffb5
ffd4
00f4
00ad
0051
0020
ffbd
ff2d
ffc6
0090
00d0
0070
00a1
ffd1
ff6d
fff1
ffb7
ffb2
ffcd
ff72
ffa2
fff0
ffef
0022
fffe
ff71
0013
0089
001d
0097
00d4
ffa5
feeb
ffbc
ff9c
ff52
0087
0099
ff93
ffe6
0074
000d
001a
0031
ffb3
ff18
ffe2
0051
0042
0082
006c
ffd9
ffc8
002c
00d7
001e
ffda
ff84
fe26
fe7a
0007
0015
010a
00e1
0060
00cf
002b
002e
0084
ff43
fe9e
ff49
ffcc
ffe0
00c4
00bb
ff25
ff72
00af
0051
ffb0
006a
ff91
fe28
ff6a
00c1
007d
00f0
013b
0058
0020
011a
fff4
ff3c
ff15
fe57
fef7
0019
003f
014d
0085
ff6b
0096
002f
ffa9
00a1
0013
fef2
000c
00c8
00da
00bb
0070
fed2
ffca
0025
ffe9
0016
ff1e
fe55
ff8c
ffae
0083
0182
00c7
fff0
00f3
00e1
0041
0138
0000
fd9f
fe90
ff6f
fef5
0017
007f
ff91
ffbd
00c3
00ee
00e0
00f3
003e
ff56
ff6d
ff9e
0026
fff7
ff71
0031
0050
0036
008d
0056
ff69
ff45
ff0e
ff77
0015
0095
0096
0075
0041
fff0
ffe9
fff7
0028
001c
fff7
003e
0039
ffd5
ff55
ff37
fecd
ff27
0031
0054
0048
00b0
0014
0037
00e4
008a
0038
002d
ff83
ff96
ff98
ff47
ffd6
ffac
ff3c
011d
0109
0019
00c2
001f
feeb
ff8d
0009
ffaa
fff5
008b
005e
0049
008a
008d
0038
004a
ffc1
0035
ffdb
ff4c
ffbe
ff7e
fec6
ffe2
0066
ffff
00c4
00b6
ff84
ffe3
0054
ffae
ff8c
001e
fffe
0023
008f
0098
0034
ff44
ff25
ffa4
fff3
0074
0109
0001
ffb3
007a
0052
0078
0131
0054
ffcf
ff82
ffbc
ffa2
ff67
ff67
fef6
fed0
0048
00d5
014d
0089
ffd9
0005
ff5b
feba
0086
0088
ff1f
0035
0065
ff31
00b9
0127
ff6f
ff9c
ffda
ff47
ffac
0064
0011
ffe2
0033
0090
0149
00fd
00b5
ffd5
fea6
fe77
ff59
ff9d
0004
0085
008a
0019
0010
0034
ffe2
ff5d
ffa7
ff79
fef7
fff2
005b
fff8
008d
017f
0079
00be
00b2
ffeb
ff61
feeb
fe64
ff38
ff51
ff9a
00be
00f9
0107
01d6
0144
fff5
ffd4
ffc9
ff11
ff0a
ffd6
ff7e
fef4
ffc8
fff7
ff77
00f2
00b8
ffce
fff4
0011
fff9
002e
ffec
008c
0005
ff21
0090
0069
ffce
006e
0016
ff76
ffe2
0031
ffd0
ff58
003c
00a4
001b
00f6
00b8
ff83
ff95
ff5f
ff71
0046
ff5f
ff7a
0036
0048
0065
017d
00b7
ff21
ffb0
ff6b
fe93
ffa9
ffcf
fef8
ffbb
00c5
00d4
0181
011a
000a
ffd0
ff2c
fef6
0031
fffb
ff73
ffc4
003b
000b
ffa2
fff6
00d1
ff3c
ff96
005e
00c7
0105
00bf
ff9a
ff18
ff6b
0074
0069
00a3
0007
ff96
fee1
ff1e
003d
ffca
ff4e
0053
ffd5
ffdd
0070
0073
0070
00bb
003e
0039
0081
0085
0044
ffcf
ff4d
ff2b
ff45
ffb5
ffe9
ffe7
ffd5
ff7d
005e
00aa
ffd0
00bf
0128
ffa2
00af
00a1
fef7
ff9e
ffb6
fe3f
ff2c
ffe3
fff7
00b7
00ed
009c
0081
0009
ffb9
003e
001c
0013
00c9
ff99
ffc4
0093
0040
ff95
ffa6
ff20
fee6
ff78
002f
00ae
0077
0029
0001
0037
005b
0070
005c
ffb6
fefa
ff5d
ff61
ffe1
008e
fffd
0006
00a6
0051
000e
00f4
fffb
ff23
ff9e
0006
ffbc
0057
00d0
001b
ffc0
005e
0050
ffa5
fffd
000e
fef9
ff69
ffe6
ff32
ffa5
0047
003d
0125
015d
00ab
00a5
ffc4
fe67
fea7
feed
feb4
ffd8
00f6
0091
0120
016e
fffa
ffbe
0031
ff69
ff37
ffc2
ffdb
ff3c
ffdd
0047
ff75
001a
008b
0096
00ff
0047
ff95
ff83
fecc
0009
0069
ff67
0072
007c
ff36
00a0
00e4
ff6c
ff8b
ff51
fe8f
ffdc
00c7
00aa
00e3
0096
0106
00b7
fffe
007e
ffdc
fe5c
fea4
feb1
fece
ffa8
00a6
00b9
0109
00cb
0182
0167
0053
001b
fef5
fdb1
fe42
ff05
ff67
fff0
00c7
009c
00c1
0123
0160
0062
0016
ffe4
ff40
ff08
003d
001d
ff9f
0023
0047
0016
00a1
00ca
0066
ff91
ff48
ff07
ff66
ff60
ffa7
003b
ffb8
0038
0146
008e
0014
0064
ff62
ff92
0077
fff0
ff70
ff1d
feaf
ff7f
002c
0173
0111
005f
00e2
000f
ffab
0077
0011
ff29
ff44
ffa1
0035
00a5
00a1
0074
ff10
feed
ffc1
ffc3
ff8d
00a7
0053
000d
0026
00a2
0013
ffaf
ffc4
ff8a
ffba
ffbe
ff9b
ffe0
0052
0013
ffe1
0071
006c
00d9
00f1
ffc4
ff92
ffdf
feee
ff21
009d
ffd5
ffd2
002c
ff53
ffa6
0038
ffc5
ff7b
005e
00f4
005f
0015
0176
ffdd
fe89
000a
ffe0
ffa1
0123
0071
ff5a
ffa7
ff4f
ff6f
003e
0066
003b
006a
0001
009f
0128
0007
0060
007e
fe9a
feea
006b
ff67
ff7b
0057
ffa1
ff77
00a3
0079
009f
00ed
00a5
ffff
ffec
ff4c
ffe4
ffd0
ff3b
003d
00e7
ff75
fff0
005a
fecd
ff2c
00de
0072
003e
0122
00a7
ff2d
000e
0032
ff80
0014
008f
ffcb
ffef
0035
ffff
ff08
ff3a
ff74
ff49
003c
00e1
00b3
00f9
006d
000c
002f
ffd4
ffe9
fffd
fee8
feb1
fffb
002e
0010
00a9
00da
ffe6
008a
00e9
ff80
ff3c
ff9b
fe7d
fe52
0047
0130
0043
00a1
00e7
ff72
fefd
0016
ffa7
ff65
ffc2
000d
000b
ffd4
0025
00fa
004a
0008
00a9
ffcd
ff9a
00d3
ffac
fef1
ffc4
ff9f
ff5b
00b3
0171
00c4
0069
0020
ff37
ff9f
ff61
fff1
006f
ff88
ffa8
ffba
ffab
0004
005b
0052
000f
00c7
00a9
ff58
001e
ffc6
febc
ffbd
004b
0015
00b3
00bc
003f
0035
ffd8
ffb0
001e
fed7
ff39
004b
ffd3
005f
014e
006b
ff81
ffc8
0004
ff73
0002
003e
fef7
ff1f
fff8
ffd0
fffd
013d
00d7
0064
00ab
0066
ff54
ff8a
ff93
ff5d
ff9c
0020
0062
0059
ffc1
005f
007d
ff73
ffea
006f
ff28
ff8d
0081
0012
ff8c
0072
005a
ff8c
005b
006e
0005
0067
002b
ff81
ff8f
ffe3
0020
0024
0027
0066
0009
ff1d
ffbf
fff8
ff94
000c
0070
ffb0
ffb7
fffd
0023
0018
0061
0049
fff2
000d
0005
000f
fffc
ffaf
fff0
ffd2
ffb7
0097
004f
ff8f
0027
001b
fe9b
0012
0153
ffc1
004c
013b
ffe9
ff12
ff48
ff6a
ff35
ffdb
007f
0002
0033
004b
0076
009c
ffdc
0087
0062
fe83
ffbe
0084
febc
ffcf
00d8
ffc4
0044
00e1
006d
ffd8
005e
ff84
ff63
005d
0007
ff8c
ff83
ffa6
0032
fff6
0009
00b6
ff91
ff4c
00ae
00c8
000b
00c2
00aa
ff82
ffea
0001
ffde
0031
ff6a
ff81
ffac
ff50
ffa7
0013
003a
0098
008a
0023
ff87
000f
ffd3
ff66
0041
0033
ff69
0094
00b1
ffe7
00b8
004f
ff15
0006
ff87
ff09
ffe7
ffcd
ffcd
011a
00af
00dd
00ab
ffc4
ffca
ffd0
ff60
ff64
ff7f
ff9e
ff28
ffc2
00cd
ffdc
ffc6
0133
0096
fff3
00f6
ffd6
fea3
ff61
ffae
ffac
0005
0032
004a
ffca
0079
00db
009c
0011
0049
ffc4
ff0d
ffbd
003e
ff4f
ffeb
011f
0089
0056
0110
007a
ff0c
fedf
ff55
ff10
fea3
ffa6
00fd
ffd4
fff7
018e
0054
ffb6
0120
ffaf
fe8a
0031
0002
ff18
0057
00be
ff73
0004
00ca
ffd2
ffab
0079
0006
ffd3
000e
fff4
0036
ffd3
ffb5
0031
ffbe
ff72
0048
fffb
ff8d
ff95
0017
ff5d
ffcf
0063
0081
ffd1
004f
00e2
ffd9
ff4f
0091
ff63
fe4e
0076
00ca
ff02
0014
00d3
ff65
ffa0
00d3
0086
ff46
004c
004a
ff6d
0031
0093
0021
0096
0010
0029
0043
ff35
ff97
0079
feae
ff97
012d
0000
0058
0106
ff16
ff03
0031
0013
004e
0063
ffbd
ff9c
ffad
ffda
005c
0067
ffcc
0073
00dd
007d
0050
ffe7
fede
fea7
ffe4
ffbd
ff83
009e
0032
ffab
0110
00cb
0038
00d0
001a
ffc6
00af
0030
ff6c
ff6f
feea
ff0f
0023
ffd3
ffe2
0106
ffd6
ffbe
00ec
0020
ffc2
00bd
ff58
fefb
00a5
0034
ffa3
009e
0014
ff29
0000
0080
ffd3
0073
000b
fe8b
ffb0
ffd3
ff1b
00c8
00ed
ffac
00d0
00f3
ffef
00ae
fffd
fec0
ffdd
0016
ff3c
008e
0056
ff30
ffd3
ffa2
ff2c
0044
0066
ffbc
001e
001a
000b
0068
0054
ffce
0095
ffb9
ff4b
0055
ff90
ff20
0005
ffd4
ff54
0024
00ee
00be
0121
0050
ffa5
0078
0031
ffc5
00e3
001a
ff33
ff64
ff93
ff64
ffa9
0034
ffa3
ffb2
0085
0050
006a
0096
ffc5
fff5
004b
0048
008d
00a7
0007
ffb6
ff69
ffff
ffa7
ff9a
ffb2
ff59
ff09
ffd8
ff9e
ff5b
00c5
00e7
0065
0182
01cf
ffe2
ffad
002c
fe78
fe57
fff5
ff45
ff64
00fb
0035
004e
01b8
00a6
ffde
002a
ff0f
ff4f
004d
ff6b
0003
00aa
0021
ffeb
0091
ffcd
ffb5
ffbf
ff46
ff33
ffac
fff1
0068
00b6
0116
00d0
0060
001e
ff66
ff38
ffbd
ff61
ff06
0029
0042
0071
00ac
006f
005d
ffa3
ff2b
ffaa
ff5b
ff34
0066
0048
ff48
0051
00a6
00a2
0130
0112
ffda
ff57
fefa
ff4e
ffbe
ff60
ff49
ffa5
0020
00cf
0153
0145
004a
fec8
fef0
ffbe
ffe9
0093
008b
ff59
ff72
ffb7
00c6
00e2
0083
0007
fec3
fea2
fff0
ff33
ffce
0031
ffe5
004a
018f
0105
0091
007d
ff44
fed4
fff7
fff2
fff6
ffe1
ffb6
fff8
0002
003b
0081
ffa0
ff8d
0008
004c
0062
0076
ffe5
ffa3
0035
00ac
0108
009d
ffa3
ff02
ff7b
ff69
ffdd
fff0
ff68
fedf
0005
00c2
0113
00d6
0057
ffa2
ff34
003d
0086
ffe9
ffd3
ffa9
ff74
ff91
00c4
00f9
004b
003c
fff2
ff3d
002c
007e
ff5d
ff59
0029
0035
0081
0120
001e
ff36
ff8a
ff94
ffae
0075
0013
ff6b
ffb7
ff1c
ff8c
0084
ffd5
ff9c
0086
001a
0053
01ab
015b
001a
fffe
ffb9
ff40
ff7f
ffc6
feec
ff65
ff41
ff68
00ac
00a3
003a
00cd
0062
000c
00d4
ffed
ff8e
fff0
ff89
ffae
ffe5
ffe2
0066
0020
ffba
ffd5
ffa2
ff9a
ff96
ffc4
0013
0033
ffef
0010
007a
0023
0027
00d6
00b6
ffe6
fff0
ffc1
ff91
ff89
ffa0
ffcb
ff2a
ff48
00b2
005c
0021
007c
00a8
ffce
0078
0129
001e
0025
005d
ffaf
ffe2
ff77
fe77
ff09
ff6f
ff6e
00d4
018b
003f
0048
0114
ff94
ff36
0116
001b
fee8
003c
fff1
feeb
001e
00bd
ffa1
ffa3
0095
005f
ffe0
007c
0047
fef4
ff66
ff74
ff19
00c0
00a3
0058
0130
ffe9
ff74
00c6
ff92
ff5c
00bd
ff54
fef9
001e
0012
ffbe
003f
000a
0005
005e
003e
0026
fff4
ff5b
ffa1
ffd1
fffa
00d6
00e3
0067
0064
ffb7
ff00
febe
ff1d
ff53
fff8
0055
0006
003a
0039
00ae
015f
00a1
0068
0095
ffbf
ff75
ffaf
feea
fe81
ff45
ffbb
0015
0117
00f4
0037
ffb4
ff7e
ffdd
fede
ff37
000d
005e
ffc8
014a
0123
ffd6
00ab
00e5
ff3d
001c
0026
fe6d
fee7
ff41
fea2
fff8
0079
00f8
01e8
0174
0087
00a7
ffba
fee3
ff67
ffa9
ff08
ff58
006b
ffe5
ffd4
00da
0042
ff40
ff95
002b
ffa0
0007
00e0
00aa
0090
002f
0039
0080
005f
ffde
ffcb
fee1
fe28
fe58
ff79
0079
00f6
00ec
01a3
00cf
fff9
0086
0033
fe85
ff1f
ff7a
ff19
002a
00ff
00b0
0035
0040
0000
0067
0020
ffbd
ff68
ff2e
ff4f
fff9
004f
00a3
0067
00d6
0060
002c
0014
ffc3
feee
ff01
fed4
ffaf
0027
006e
011d
0073
ff35
003b
0091
ffaa
0059
007f
ff63
ff5f
009c
0044
ffcd
00bc
009f
ff5f
ffcd
0070
ffd1
fffa
ff6d
fefb
ff8e
fff3
fff1
00c8
0068
ff81
007e
006c
ff4e
006e
ffc4
fe4c
007b
00d5
ffb7
0167
016f
0003
005d
006e
fee9
ff24
ff44
feae
ff7c
001c
003e
00be
00e2
0084
009e
00e5
ffed
ff6c
0019
ff33
feea
ffe8
ff28
fef8
009e
ffd0
ffd5
0094
ffcd
ffc8
00ca
00a3
008d
00ab
0079
004b
0097
0048
ff5e
ff0b
ff2a
feec
ff7e
0085
ffb9
ffab
00ee
003a
0081
018d
ff86
ffe1
00fe
ff49
feb4
007c
ff42
fe77
00ba
0046
ff76
00d4
0089
feec
ff99
fff7
ff56
fff4
0089
0067
0042
006e
0078
0021
0021
002d
ffe8
0081
ffe8
ff6d
ffcc
ff27
feaf
ffa9
fffd
0016
00e6
00ea
0098
00f6
0079
ff92
0005
0008
ff9a
ff70
fff2
ffbf
ff1c
ffbd
ffe3
ff77
0013
0035
004c
0013
ffd3
0060
0026
0055
00ea
00d3
00b2
007e
ffd5
ff58
ff2f
feb8
fefc
ff3e
ffca
00d5
007c
0086
010a
ff54
ffac
0026
ffb5
ffcd
0013
ffc6
ffa9
ff7b
008e
00ea
0036
00c7
00ca
fefc
ff09
ff83
fef5
ff59
0093
002a
0087
0123
0114
00c6
00b7
ffa8
ff92
ff71
ff4f
0022
ff6f
feb5
ffa7
ff79
ff9a
00f9
00a8
0035
0064
ffe6
0024
005f
ffcb
ff32
ffb9
ffc7
003c
00ad
0026
fffe
ffc2
ffd7
0079
0036
0013
ff43
ff1a
ff96
ff6c
ff9c
0097
ffda
0001
00de
00c9
0044
0044
ffde
0014
0000
ffdc
ffc2
ffe5
ffa4
ffd1
ffdc
005e
ffe0
ffd4
008f
006b
006f
0042
0062
0002
ffc9
0015
ffcc
ff34
ff3f
ff54
ffad
fff7
001b
0047
ffed
ffec
008f
0016
0009
004e
ffce
0019
00a8
ffd0
00b8
0144
ffe3
ff72
fff7
ffd6
ffb6
ffac
004a
ffbf
ff89
0075
0053
fffb
00c1
ff72
febf
003a
0037
ffe2
0040
ffae
ff0a
ffc9
0006
0028
00c1
0027
ff35
ffe3
0047
ffc9
ffef
0039
0017
ffe4
0080
00de
00c3
007b
0058
0012
ffb5
ff97
ffa7
feeb
ff17
ffc7
ff87
0001
0119
00e5
0014
fff7
001e
ffde
ffbf
0018
0098
0046
0009
002e
ffad
ff1f
ff5f
ff01
ffa6
0042
ff8d
001c
00f5
ff8c
0041
0115
001b
0037
001b
ff0b
ff1e
ffac
fff1
0015
007d
0004
00ad
00cf
0038
ffda
ff6a
fe9f
ff4b
ff64
0011
00cd
00ac
006a
005c
001a
ffdd
000d
0069
ffb3
fffd
0021
ffb9
fec9
ff3d
ff81
ff71
0018
009c
008c
00a4
00b2
00ea
0071
ffbe
00ae
0034
ff1a
ffe6
ff72
fe9b
ff91
ff7c
ffcc
010a
0103
0088
0080
fffe
002c
0020
ffb6
001d
0037
ff56
ffb9
002e
ffde
0016
fff1
ff88
ff8c
fff0
000d
0006
ffca
000a
ffae
ffed
008a
0092
0031
0024
0050
ffec
ff4e
000f
ff61
ff1f
0045
00b4
000f
003c
00b2
0002
ffa7
002f
ffe6
ff5b
ffc1
0015
ffc3
0025
005f
0051
0003
ffb5
0036
0007
ff5f
00b4
ffa1
fe80
ff8f
ff94
ffcb
00be
0026
006f
0054
0093
00d6
001f
ffc1
ff97
ff1f
ff3e
ffec
fffd
fffe
ffd5
000a
000f
0035
0158
0059
ff30
00f1
ffcf
fe58
0066
0072
ff21
013e
019c
ffb6
ffeb
ffc9
fe62
ff69
0004
ffcf
0109
004e
ff7e
0099
0080
ff9a
0075
000f
fead
ffdb
00cb
ff9a
ffb0
00be
fef9
fec8
0101
0081
0079
0106
fff0
ff18
ffa6
ffdc
0034
000f
ffea
0025
0083
00a9
0110
00d9
ff13
ff68
0009
fed1
ff6b
0098
fee5
ff4a
00f7
0089
008a
016d
00a4
0013
0033
ff9f
ff21
ff25
ff27
ff71
ff89
ffdd
0032
00dd
00ab
0041
00a9
ff27
fe7f
004d
ffdd
ff7c
0151
00b4
ff87
00fa
00f1
ffc0
006e
0056
ffb5
ffa0
ff51
ff61
ff77
ff9f
0067
010d
0091
001c
0038
ffce
ff94
ff87
ff86
ff49
ff30
0049
00a9
0052
00ce
ffd3
ff04
0016
00af
fff2
0034
ffab
fe51
fed1
0023
009e
015c
01f5
00d4
0030
0064
ff87
ff16
ff08
fe59
fea8
ffdb
00a6
016e
0130
fff8
ff83
ffc5
0001
0083
0083
ff37
ff1c
ff67
ff21
0045
016d
00e2
0054
0075
fffd
ff6e
ff4e
ff5b
ffa0
ffcb
003b
00d8
00a6
00c9
00a0
ffcf
ff8c
ff1b
ff7e
ff8c
ff24
ffcd
001b
ffb2
0054
00d7
0040
00d7
00d7
ffb4
0000
fed1
fe4f
ffdb
ff7e
ffb0
016e
0061
0032
0112
0028
006c
00c6
ffb4
ffc4
ffe1
ff3f
ff1b
0016
ff47
ff01
0091
005d
005b
0196
00f9
0049
ffeb
ff4c
ff54
ff2d
ff0a
ff31
ff59
ffa2
0076
00e2
0075
001a
0079
0068
ffd3
00c8
009d
ff35
ff3a
ffb4
feb2
ffc4
014a
0095
005b
0063
0070
005b
fffa
00c3
ff83
fe3c
ff62
ffb5
ffdf
0137
00ea
ffc1
ffe0
ffe0
0024
0068
0000
ff8e
fea9
fedd
ffe2
000d
0059
0059
0020
004a
009f
00af
0042
ff78
ff04
fff8
009e
00b5
010e
0035
fed8
ff44
ffe1
0037
001d
ff9b
0000
ffc1
0007
0113
00c3
ff89
ffd3
ffed
ffcc
009e
0057
fea4
fe9e
ff5d
ff57
003e
0192
0104
fff1
006e
009d
001a
fff0
ff69
ff22
fe5f
fedc
006e
00bb
0024
016f
00ee
ffbb
00f5
012d
ff45
ff96
ffc2
fe71
ff1a
0082
ff99
0030
00f0
004d
0054
004b
ff50
ff0f
ff7d
ff29
ff2b
00db
00fc
0061
00dd
00ad
ff5b
ff7e
ffb6
ff45
ff41
0004
0010
00aa
014f
00b9
0068
0065
ffd8
ffb5
ffd0
ff9c
ff74
ff19
ffe3
ffd3
ffec
0091
009b
0027
007a
00d5
ffca
ff03
ffba
ff77
fee1
fffa
00c7
ffc0
0008
002f
005c
0060
00a7
008a
000c
ffa2
ff80
ff35
ffa1
fff5
ff9c
0058
010c
00e2
00bc
0001
ff04
ff29
fec8
fec8
ff3f
000d
0050
00af
00ed
00aa
0092
00a5
fff6
ffe9
005d
0045
ff8a
ff81
ffd2
fed7
ff52
ffe2
ffdd
0033
0025
00c8
018a
0071
00be
0078
ff86
ffc1
ffd9
ff4a
ff62
fef2
ff1a
ffac
ff91
0052
0097
ffcb
0039
0097
ffd3
00d8
00cd
0001
000f
000e
ff75
ffbf
0001
0008
ff8a
ff02
ff73
ffed
000f
00e8
0134
ffea
ff7b
ffe7
ffb5
007c
0039
ff86
000e
003d
0048
fff0
ffe7
ffa2
ff37
ff2f
ffa4
ffc8
00a6
0091
0001
0094
ffe8
ff71
00ab
ffcc
ffa0
0095
ffe2
ff92
0077
ffc5
ff89
004d
002e
ffe5
0110
0004
ff97
ff94
ff4f
ff64
ffdb
0081
00d9
00d8
fff6
ff66
ff7e
ff65
fefb
ffbe
0038
ffa8
001a
0103
006e
00b2
0152
ffd2
ffc3
00cc
ff8b
ffa5
0000
fed5
ff25
ffa1
0023
0142
014d
00c0
012c
000e
fef5
ff71
ff3c
fe58
ffb6
0092
0011
0056
008d
ffd2
ffa3
ffb4
0020
0008
0019
004a
0033
0009
004c
004e
002f
0067
0016
0045
0009
ff52
ff94
ff8b
ff46
0001
00a2
00a7
0148
00e6
ffab
ffb2
ff43
fec8
ff18
ff7d
ff98
ff8d
ffcc
005c
000f
ffe5
0107
00b1
003a
00d4
002f
ff0e
000a
006b
ffb2
0041
0076
ff7d
ffa4
00a4
ff6f
ff0f
ff62
fe42
ff79
00fd
007e
0133
015e
000e
0087
00c7
ffad
ffec
0003
fe9e
ff5e
0075
ff52
001d
ffed
ff7d
ff99
ffee
00c6
00e7
003e
00ad
0026
ff4d
002b
0068
ffc6
0055
0021
ff7b
ff43
ffc0
ffda
0022
ffd7
ff6a
ffcc
0027
00d0
0176
00d1
007a
0018
ff12
ffba
fffb
ff59
ff38
ff4c
feeb
ff47
0030
011d
00e2
008a
012b
0086
ffd3
006c
ffea
feb8
ff80
002d
ff4b
ffff
00ae
ff7a
ffea
00d4
ffdb
ffcf
0023
ff1b
0021
0081
001a
0044
003c
ffad
ffd6
009e
0009
ff61
0030
ff47
feeb
00c9
0013
ff47
0125
0082
fff1
00b2
0026
ff26
ffb9
fffa
ffe9
0036
0035
fff8
ffa3
ff87
0051
005d
ffa2
ffcf
0008
fff1
0020
005b
0042
ff52
ff4b
ffc2
ff8d
0065
0109
ff8f
ffa0
003b
fef2
ff8e
0107
0011
ffec
0010
ffe0
0050
00ea
0038
ff7c
ffb1
ffb2
ffc4
011a
00b4
ff33
ff76
ff30
fe89
00a2
00fc
0018
00fa
00c4
ffaa
002e
0057
ff05
ff27
00bc
ff93
000f
00b5
0042
ff96
ffe3
ffed
ff95
ffce
00e9
0014
ff9a
ffa8
ff0d
ff51
0042
00d4
010f
00e9
ffe6
ff28
ff2a
ff9f
ffcf
006d
0089
0075
002b
0078
0057
005b
ffeb
ff7b
fead
ffee
ffeb
ff87
0075
ffc4
ff4e
0098
00da
00cf
00e1
0046
ffd1
ff19
fe9c
ff06
fee6
ff8f
00c0
00b7
00bd
019e
002f
ff73
0076
ff4f
ff07
001a
ff3f
ff6d
0105
005a
ffe6
00ca
00a9
0021
006e
fff4
fe9c
ff78
ff6e
ff4c
0053
00ad
0014
0052
00ee
00a3
0001
ff83
fe7c
fe9b
ff23
0003
00e3
019e
00d5
00be
00a1
ff9a
fff4
00b8
feae
feb0
0059
ff95
ff77
00c9
fffa
ff25
0018
0087
0050
0027
003a
0077
ff48
ff4d
ffe1
ffa1
001a
00cc
00b4
0026
ffe6
001e
002d
ffd6
008d
007d
ffad
ffd3
ffe6
ff71
ffd0
0069
007c
000d
ffb8
000b
ff84
fef8
ff13
0004
fffc
0004
00ce
00aa
0059
009b
ffda
ff70
ff76
ff51
ff84
0017
0033
ff6b
ffa6
00be
0095
008a
019f
0084
ff0e
0031
001c
fe98
ff84
0011
ff0d
0053
00fc
0110
0102
ffe9
ff63
ffce
fe98
feec
0005
ff8f
ffa4
00a9
009b
0015
004c
00b4
0022
ff9a
ffc0
ff40
fe85
ff30
ffbe
ffd8
003d
0125
00f1
006c
00c8
013d
0089
ffbb
ffc2
ff0d
fea2
ff6c
0010
fff6
008a
0090
0042
004d
00bd
0002
ff5a
ffd9
fff0
ff4c
ffd1
002e
ffe9
ffdf
004f
fffb
ffc9
ff85
ffc6
ffed
ff75
0004
0023
ff71
005e
013e
00ca
010f
0101
ff13
ff1f
ffa0
feb0
ff7d
0072
ffe1
0026
00bf
00d1
0089
ffb6
0019
000f
feda
fee0
ffc4
ff9f
ffa4
009a
0128
00f8
00bb
015e
fffa
fe83
ff66
feae
fe05
0069
00d0
0032
015f
00d5
005c
00cb
ff94
ffb7
ff78
fea5
ff80
005d
ff72
ff72
0045
ffb5
ff87
0175
00f0
006c
0084
fff5
ff33
ff95
0039
ff70
ff7b
00a0
0002
ffd3
00e9
0009
ff75
001a
ffc9
0025
002a
ff46
ffef
fffc
ff7f
004d
00a9
ffc0
ffd8
0082
ffcf
ff1a
ffe2
ffc0
ff62
007f
012d
002c
0097
00ef
fef0
ff03
fffd
ff12
ff5b
006e
0015
0090
008a
0070
0127
007f
ffca
005b
ff5f
feb1
0068
0028
ff72
00a1
0025
ff38
fff1
002f
ffb0
ff80
ff77
ffc1
000b
005c
009a
008e
0078
009a
0010
004f
001f
0027
ffb7
ffd0
ffb8
ffb3
ffad
ffda
ffe6
002c
ffd9
0013
0075
0042
009c
00f5
004e
ffd7
ffc9
ff9d
ffd0
ffda
ffc6
ffd4
ff77
ffc3
ffca
ffd3
0085
ffa1
ffb2
000a
0012
006c
010a
0123
008e
ff37
0017
fff8
fe72
ffa4
0043
fed6
ffc0
003f
ff9e
fff9
008e
0010
00c4
003e
ff91
002f
ff84
ff6f
00b8
0022
ff88
fff3
ffb2
ffd5
0075
0094
ffe3
ffb9
ff95
0031
003c
008a
0086
ff28
ff2f
ffe9
ffa4
00aa
0141
0013
ffe6
00a9
0000
ff9e
0000
fef7
fec6
ff69
ff45
fff1
00bf
004d
00be
00a3
00c4
00fe
00dd
ffa4
ff92
ff14
fe5a
fee6
0003
ff39
005c
0126
00a0
00c7
00db
ffef
001a
0016
ff34
ffa3
ffdb
ffc1
001b
005f
0010
002c
0077
ff90
ffea
00b2
ff8f
ffb0
ffbd
fee9
ff64
0094
002b
0096
007d
0031
fff8
ffc3
fffa
ffd9
ffba
ffe0
ffb7
0006
ffe0
ffc7
0061
0066
ffca
00b5
0052
ffa3
0027
ffb6
ff05
001a
ffff
0014
00ce
0113
00d6
0039
ff68
fee3
fec0
ff11
ff9b
004b
006e
0101
00ee
0052
00b1
0088
fefe
ffaf
ffea
fef7
ff59
0029
ff59
ff8d
0091
004b
0014
00a9
ffac
ff76
ff94
ffc2
ffab
0097
009f
00be
0102
0089
001f
ff8d
fec2
ff0f
fff0
0010
ffc9
0005
0056
0024
000f
012d
004c
ff53
ff82
ff9b
ffde
009d
00b7
ff51
ff53
004f
ffef
ffe4
00d7
ffc3
fe84
ffdf
004a
ff80
002c
005f
ff88
ffd0
00b3
00a9
0052
0099
ffe7
fff7
00c0
0040
0049
002b
feca
feb2
ffe5
ff7e
ffbb
0072
ff33
ff82
00d8
0119
01d8
016b
ffe6
ff9e
ff5f
ff36
ffb0
ff70
ff1c
ff21
ffd2
0080
00af
00b7
0050
ffda
0023
fffa
003f
fff9
ff28
ff92
ffe8
0014
00f0
0033
ffe6
0075
ffdb
ffa2
0061
0016
ff71
ffd0
ffec
fff7
0028
0017
005d
0024
0012
0073
007e
009c
0046
ffbe
ff4f
fee3
ff43
007f
0061
ffed
0065
ffd8
febc
ffc7
000e
ff4a
fff0
00f9
003c
00a6
00ff
003c
0026
ff76
ff7e
ffea
fee0
ff93
0054
ff05
ff2a
0055
000a
0097
012c
00ce
0064
ffeb
ffa6
ffe7
ff6c
ff2f
ffe7
ff88
000b
0112
004c
ff6f
ff9f
ff19
ff38
0052
00d2
0070
ffdf
ffec
ffb8
ffe6
00e5
0174
00b8
ff80
0003
ff99
fe15
ffc1
ffaf
fe01
0004
0148
0049
0160
015b
ffee
0002
001f
fecc
ff8b
000a
ff29
ffb1
00df
0035
fff0
001b
ff67
001d
0079
ffbf
0017
0040
ff06
ffd4
009c
0054
010c
00e3
ffb9
fff1
ff6a
ff5c
ff8f
ff77
ff68
ff94
ffbf
00dd
0119
00cd
001c
ffb2
ffac
ffc4
0003
0119
ffee
ff80
0033
ff43
ffa2
00ef
ffdf
ff8b
003f
001a
000a
ffd9
ff94
ff81
ffc6
0049
010e
00e6
0004
ffe7
ff61
fec3
ffa1
0043
fff4
0041
00ac
003c
00a2
006a
ff4a
ff9b
ff99
ff6b
004a
0017
ffe1
0040
ffa1
ff72
008d
006c
ff9d
0083
00d2
ffbd
ffb7
00a3
ffe1
ff1e
0011
0020
ff81
ff8e
ffe4
ff33
ffaf
0029
001f
0030
0065
00e6
0048
0033
005d
ffc4
ffcd
0022
ffc4
004b
fff8
ff15
ffab
ff48
feb3
0012
0097
0047
00e5
01d4
003f
0024
0010
ff14
ff38
ff5d
ff6a
ffcc
0060
00e5
0027
ff96
0015
ff36
ff44
0092
ffe8
002c
0119
00a7
0074
00b7
0064
0076
0037
ff88
ffad
ff51
feae
ff77
ff87
ff97
00f2
0121
0061
0054
fff7
ffc0
ffb0
ff77
fff2
fff9
003b
00c3
0068
ffef
ffa3
ff3b
ff5f
ffcd
003c
001c
ffdf
fff6
0026
0079
00c3
004e
00cc
00cd
0060
fff8
ffa2
ff19
fe99
feed
ff4a
ff5a
fff8
0087
00fe
0122
0179
00d3
000f
ff5b
fef3
fef4
ff1d
ff68
ffee
003e
004c
00ae
00f6
0091
0013
ffec
ffda
ff4d
ff5c
ffa6
ffbc
002c
00bd
0085
ffe4
ff7a
ffcd
ff40
ff0b
0008
ffd0
ffbf
008e
0120
00a5
00a1
0093
001b
ff91
ffd9
000b
ff80
ffac
fffc
ff21
ff59
0050
ffdd
ffac
0075
0015
ff68
0091
00fa
00b9
006b
0040
ffe6
ffb8
fffa
fff6
ffba
ff09
fea4
ff15
ff9a
0061
015b
0133
0028
010c
009f
ff6f
ffec
0002
fedd
ff1b
ffbd
ff2a
ff9e
0041
0062
001d
0091
00c2
00cb
0033
001e
001f
ffb0
ff1b
ffad
ffda
ffa4
0052
00a3
005d
ffc7
ffb0
0043
ff46
ffb2
009c
ff42
ff7c
00cc
ff42
ff9e
015d
0058
0068
0139
fff3
ffa7
ff9a
fe66
ff3c
ffc0
ff56
0063
00a8
00d4
0120
0121
001e
ff86
ff19
ff0a
ffb2
000a
0063
009a
0026
0039
002e
ffeb
ff92
feea
ff73
ffb8
ff87
0058
0023
0044
009a
00f0
0159
015e
0063
0000
ff39
fe62
fed4
ff61
ff18
ffcd
005a
006b
0103
00cf
0044
0029
ffc3
ff83
ffb1
ffde
ffd4
ffc6
fffd
fff7
fff8
0063
0056
0056
007a
0008
fe93
ff29
ffd6
ff97
00e6
0122
00ea
010d
00a1
ffe9
ff2d
fea6
fec0
ff08
ff43
002c
000e
001b
0113
00e7
0072
00c1
ff0b
fea0
ffcc
feb9
fef4
0093
ffa8
ffd2
025e
0181
00ac
0143
ffa5
ff12
ff9d
ff06
ff18
ffa3
ffbf
000a
007f
00c6
00a5
ffaa
ffba
0028
ff43
0034
0072
ff72
fff6
0029
ffa2
0048
0006
ff86
002e
0034
ffa3
0000
006d
002a
005a
009a
0053
002c
003f
0005
fff1
ffc0
ffe0
0007
ffb0
0061
0082
000b
ff94
ffd0
ff8d
ff6c
0003
009e
0012
0047
006f
ffdd
ffad
0022
ffcb
0003
0033
0051
005b
ff6e
ffe9
0037
ff36
ff59
0047
0024
ff75
009f
005c
ff8a
0006
005e
0037
0049
0090
0075
ffd5
ffc2
fff6
feb3
ff7d
0019
ff83
0069
004d
ffce
00ad
0044
fff2
00c7
004e
ff47
000b
ffeb
ff24
ffb0
002c
ff7b
ffc1
0057
fff7
ffea
ffe1
ff6e
fffd
ffb0
ffbf
006f
0021
ffc7
00b2
ff94
ff51
0062
ffd0
ff8a
0098
ffd5
ff63
0089
fffe
ff58
0023
001d
ffeb
0035
0081
ffed
ffc5
0008
0018
002f
0074
ffea
ff9a
ffd3
ffbe
0005
ffce
ff43
ffe0
ff94
fff0
0080
00b4
004f
ff41
0026
0177
ffe7
0084
00d0
fec9
fea9
002e
009f
ffe3
ffc2
ffdd
ff2a
ff8d
012c
00ce
0024
00d3
000e
ffc2
0119
00bc
ffa0
ffe0
fe72
fe31
000a
0051
005b
00d9
001a
005c
0039
000f
0091
0003
fef0
fef3
ff9a
0044
ffe5
0031
0072
0021
009b
015f
014c
ffb6
ff6a
ffc8
febf
ff54
00d2
ffd8
ff6a
0087
ffbf
feda
0082
00b6
ffa1
00bc
00a3
ff58
ffad
0078
ff47
ff37
001b
ff5f
ff7a
00ca
ffbb
fff2
0088
ff9e
ff61
00b4
0036
fff0
0116
002b
ff98
00d0
ffad
fe8b
ffe9
ffaf
ff38
00c7
00c9
ff7b
008d
0057
ff98
0054
004c
ff67
ffae
ff71
ff5c
000f
ff95
ffac
0171
0097
0001
01a4
001f
fec8
ffd7
ff7f
fe9a
0086
00bc
0046
00b7
00bf
0004
0007
ff56
ff6f
0045
0002
0009
009c
ffa5
ff66
0019
fff8
ff80
005b
0074
ff96
008a
008a
ff5f
ff64
0061
0084
0035
00f5
00a2
ff63
ff95
ffda
ff66
ff7a
0016
fffb
ffe6
ff92
0034
000c
ffd3
ffd6
0034
007f
005c
0094
0097
ff31
ff08
ff17
fe8a
001c
0162
008a
00b8
00b5
ff37
ff34
fff6
0049
00a1
0076
ffe3
ff33
ff67
001c
00c7
0030
003e
ffc6
ff87
0067
010d
0061
ff71
fe76
feea
ff4b
ffca
00ca
00fc
ffde
0031
0060
ffd4
00c5
00e6
ff65
ff62
ff2a
ff33
ff9e
ffb8
ffd8
0003
ffe7
00d0
0132
00d9
009c
007d
ff88
ffa8
0015
ffb3
ffbf
ff88
ff4c
ff8e
ffb7
0035
006a
ffae
ffb5
009d
001d
fffe
0094
ff9f
feba
ffcc
009c
00be
0043
0007
ff40
ff3e
ffab
ffe4
ffd2
ffdb
004d
0100
00b0
0117
0144
ff82
ff79
0057
ff0d
ff5a
0093
fedb
ff5c
00d9
ff6e
ffee
0159
fff4
000d
0037
ff5c
fee9
ffb9
ff88
ffb2
00fa
004a
00d2
011f
001c
ff4b
ff9a
ff1d
febe
ffe7
00be
ffc4
0085
014e
000c
00a4
0152
ffaf
ff3e
0010
ff6c
ffca
007f
ff10
ff55
0059
ffa6
00cc
0142
ffa9
ffb5
ff55
ff00
0062
0028
ffb1
000c
ffd4
ff63
00c4
00b8
ffb6
ffed
ffbf
ff42
ffcf
007e
0060
ffce
ffb4
ffd6
0058
00e1
00c6
003f
0000
fef7
ffc7
0050
ff5e
fffc
000d
ff90
00f2
01e9
00db
0062
ffa5
fe3c
feb0
ff4e
ff05
ffb9
ffab
ffc6
00b8
0129
00e7
00ff
ffe2
ff49
ffe9
001d
ff70
fff6
ff8b
ff8b
00dd
007a
0042
0068
ff4e
ff01
fef8
ff65
0023
ffd2
0046
00e3
0104
010a
0098
ff8a
feed
ff1b
0009
008a
ffc5
004a
ffd3
ff46
0015
00ce
ffaf
ff92
ff69
0002
00de
015a
0143
002f
ff07
ff21
ffc6
0012
00ad
0070
ff83
ff09
ffb4
0058
0084
fffc
ff87
ff5a
ff9a
0011
00db
00ea
0040
ff95
0007
0061
003c
ffcf
fefb
febb
fef1
fefe
0073
020a
013b
00c7
011e
ffe8
fefc
000c
ff74
feab
ff9c
fff0
0014
0129
0137
006d
007b
ff5b
ff10
0026
ff62
ff72
0005
ffd3
ff6e
001b
fffe
ffb4
0089
0089
003e
0080
ff9b
ff5b
002e
001f
ffc4
005c
ffe3
ff90
0058
001c
ff30
000c
fff9
ff9c
005e
0078
0038
0015
ffa0
fff3
003c
ffca
0019
00ad
ff6f
ff6d
ffd1
ff13
fefe
ffd0
002a
0020
0026
00a1
0120
0058
0060
00db
ff46
fef0
0076
005e
ffc0
0074
0027
ff64
ff56
ffa9
ff7f
ffb8
0073
0021
ff8f
003d
004a
0042
0062
007a
0069
0036
ffaf
005e
003a
ff46
ffd3
fed9
fdeb
004c
007f
004e
0195
008c
ffac
00a7
006e
0093
005e
ffe2
ff7d
ffd1
ff35
ff3c
ffbf
ff3b
ff80
00ab
0054
0010
00da
ff8d
ff15
009f
0047
fffb
00cb
011d
ff51
ff95
00a0
ff80
ffc0
00a8
ff19
fee2
ffeb
ffab
ff86
0008
0021
0032
007f
00ea
019f
0112
0045
001f
ff0f
fdfe
ff7a
ffc7
ff52
0051
0072
ffcc
0043
007b
0017
ffae
ffec
ffa3
ffb4
0064
ffed
ffe8
0005
ff89
0050
00e1
0002
00bc
0092
fea5
ff80
00a5
ff2f
ff82
0083
ff84
ff57
00bf
00e7
0006
001a
0039
ff80
ff01
0038
007e
ff63
0057
00e9
0039
0048
0072
006a
ffca
ff42
ff4e
ff29
feb6
ff9b
007b
0094
00c2
01d1
0114
003d
00d4
0006
fecd
ff49
ff16
ff10
ff94
003f
0076
fffb
005a
0079
ffb0
0009
008c
ffba
ffc6
00aa
0035
003a
004c
0027
00a8
0051
0033
0032
ff21
fe6a
fedf
fee7
fee5
001b
00c7
00ac
0157
01b5
00dd
0074
006f
ff4b
feaa
ff4a
fefc
fee2
ff91
ffe8
ffc8
0063
00d8
00ef
00c3
00de
0071
ff7a
ff4d
ff96
ff49
ffc4
0088
0012
ff98
0087
fff8
ff30
0016
ff1a
ff0c
ffff
ffa0
ffbd
013b
006e
0063
0157
0007
ffc5
00a3
ffed
ffc8
0026
ff3c
fed9
ffce
ffe2
ffc6
0093
0087
0029
007b
005d
0082
001f
ff11
ff58
ffe3
ff49
0034
0067
ff69
ffe9
007c
ff7f
0056
00b3
ffcf
ff8c
ff86
ffa5
0128
006b
ffc0
009a
001a
ff3e
0055
006f
fede
fed8
ffef
ff39
fffa
015b
00e7
006a
00a5
0021
ff9f
003a
001c
ffb4
ff82
ff75
ffa3
000f
005a
007f
fff0
ffbe
fff9
00b7
007c
00ca
0043
ff5c
fed1
ff3a
ff80
003e
0080
0062
0046
0011
ff5f
0066
00ad
0000
0015
fffa
ff71
ffd2
005b
000e
ffe0
ffc0
ffdb
ffea
ffc6
002a
0067
ff8b
ffa6
ffd4
ff88
003e
00dd
0024
fffa
ffb7
ff44
ff61
0013
00a4
002e
0038
0010
ffc0
0043
005d
ff57
ffaf
ffc1
ffb4
00c1
00c4
0023
0055
ff2a
ffa5
ffcb
0003
00a4
00d6
ff94
ff9b
002f
ff74
ffc6
0000
ff59
0013
ffb2
ff60
0128
008b
ffbf
00f2
00b1
fff9
009d
000c
ff38
fefd
fecd
ff46
ffdc
0053
00c3
00e8
00a5
0089
004d
ff83
ff23
ff4c
ff23
ff8b
00fa
00b0
ffd7
003b
ffe1
ffa2
005d
fff6
0015
00ab
0007
0005
008f
ff72
ff98
0050
ff85
0033
012e
000a
001e
004d
ff62
ff48
ffbb
ffaf
ffc5
ff58
ff8f
ff72
ffc7
0013
0090
00ad
00f1
00e3
0070
0045
ffd3
fed4
ff2f
ff59
ffd3
00a8
0097
0002
0067
0007
ffc8
004b
fffb
ffa6
004a
0016
002e
0069
ffca
ff3a
ffa5
ffe2
ffa8
002e
00df
ff8d
ffa2
00ab
ffaf
ff2f
000b
0012
ffef
ff9c
0042
0041
ff73
0049
00f3
00a7
00b6
0086
ff79
ff03
ffb6
ff1f
ff31
005a
004b
002c
011d
0011
ff71
ffbc
ff55
ffc7
005b
fff6
0070
00dc
0042
0006
003d
ff73
fedd
0001
ffb7
ff93
004f
00e7
005f
005a
0118
00d3
ff9e
0007
ff37
fe62
fee5
fee1
ff07
fffc
0031
0099
0120
00ac
00e9
00a7
ff9d
ff15
ff81
ff42
ffc4
00b9
00f2
ffd2
ffbb
004d
001a
ffd9
00aa
0041
ff8e
ffe1
fff8
ff65
ffc6
0062
ffed
ff86
0025
0075
0001
0069
00a3
ffb6
ff26
ff32
fee4
fff8
0095
006a
00bf
0067
0023
00ca
0008
ffdf
ff9e
fe80
fe79
ffce
0050
00f9
0197
00b3
0094
00c7
fff4
0074
ff93
fe38
fe4b
fee6
ff51
00b2
01bc
0133
00ad
00b6
ffdd
ffc8
ff8d
fede
feda
ff26
ffb7
004a
00a5
0104
0103
0061
0015
ffd7
ff6a
ff31
ff20
ff38
ff14
ffa8
0076
0133
0149
0157
0105
002d
fff0
ff79
ffa9
ff52
fefe
0000
ff66
ff5a
00f0
ffd0
ff18
0115
ffee
ff74
0181
0091
ff46
0077
ffed
ff6f
0063
ffdf
ffcb
0071
fff2
ffbf
008c
ff2b
fefa
0021
feeb
ffeb
017c
0082
0035
0132
006c
ffb8
ffa4
ffe1
fedf
fed5
ff99
ff7d
ffc4
007f
00e8
00c1
0064
0011
008e
ff9e
ff32
0023
ffa8
fee5
0075
00e7
0005
00d4
0187
002b
ffd3
0032
ff5b
ff15
ff71
ff44
ffcd
ffd8
0006
0093
0039
ff79
00b5
00e9
ff30
00c5
00fc
fe92
ff8b
00a3
ff30
ffc7
00bc
ffca
ffdd
0091
0004
002e
000a
0040
0063
ffde
001f
0068
ffa9
ffd5
ffff
ff6a
ffd8
004a
0024
004a
00a6
0068
ff9c
ff09
ff90
ffc8
ff93
fff2
00db
ff94
ff04
0099
0001
ff36
00d3
00a6
ffcf
00b9
00d8
0046
0017
ffa5
ff0a
ff6e
ff85
ff73
0003
000e
ffdc
0040
0084
ffe9
0042
008a
ffab
0007
0095
ffd5
ffff
0022
ffac
ffb3
ffa3
ff81
ff92
ff33
ffa0
0037
001c
00b9
0183
00d9
fff9
004b
ff9a
fee9
fec9
ffa0
ffa9
ff58
00bd
00c9
ffe8
00fe
0062
ff47
fff8
ffd4
ff2e
0032
0074
ff6f
002e
0001
ff7a
011f
008a
ff91
007b
ffad
ff37
0098
00a2
ff75
0067
0022
ff06
006f
009c
ff78
0002
fffa
ff46
ffae
0081
009a
000d
ffac
000f
ff95
0017
ffb9
0072
0038
ff17
ff94
005b
ffdc
0084
00b2
001b
ffc5
007f
ffca
ff95
ff88
ff6d
ff00
fffb
0072
00b0
0109
00ff
004e
0064
001d
ff7a
ff90
ff7c
ff07
ff9a
ffba
ff26
00ac
00dd
003f
019d
017b
ff5c
ff96
ffaa
fea7
ff13
ffac
ff69
0015
0094
0092
00e9
00b6
003e
0061
ffed
ff2b
ff5a
ffca
ffc9
000f
0067
003b
ffb6
0048
fff1
ff9e
0017
ff96
ffb9
00ba
002f
0023
00bc
ffc8
ff8b
ff99
ff8d
ffc5
ff81
fff5
ffd6
ffbc
00d0
00e3
0027
00f4
00f7
ff69
ff58
ffba
ff60
ff68
003d
ffe2
ff9c
fff1
ffe2
0055
0084
001b
0028
ffb7
ff41
004f
00a6
ffb5
ff8e
ffc1
ff03
ff49
00b5
006b
00b4
0154
0079
0012
00e4
0024
ff64
ff35
ff54
ff2a
ffca
ffe6
ff90
ffa1
005a
00e4
00be
005a
00a3
ff9f
ff2e
005e
0053
ffde
0061
0032
ff64
ff92
ff2a
ff69
ffd1
ff65
0009
0097
ffdb
0124
0175
fffa
0025
0001
fe9a
ff9b
0099
ffaf
000e
0058
ffb2
0026
003a
ffc8
ffba
ff6e
ffa3
00f7
011a
000d
005d
0018
ff3c
ffba
0098
ff6f
ff81
0067
ffb8
ff62
00cf
004c
ff39
0009
fffc
ff4b
ffd1
0018
ffc2
fff8
0062
00a0
00ad
00c1
00ff
00a8
ff80
ff5c
ff27
fec0
ffbb
00b5
001d
0045
006b
0014
ffd9
fff6
ffc9
ffac
fff9
0042
0014
fffe
ff50
ff66
ffaf
feef
001c
012e
ff62
ffda
0119
fefb
ff5a
011b
fffe
ff93
00b0
ffc0
ff94
007f
0038
ff97
0013
ffb3
ffcd
0091
0080
006f
ffcb
fea9
fe9d
ff9c
004b
0109
00ef
0049
ff92
0041
ffe5
0053
006e
fff1
fec5
ff68
009c
0048
ff6c
ffbd
ff06
ff05
0071
0128
0110
0075
ffeb
0008
ffef
0037
00e9
00c5
ff9b
ff7f
ff16
feeb
ffe4
ffbb
fef0
0039
00c1
006f
0137
0128
0061
ff93
ff56
ff87
ffac
002e
0059
fff5
0093
005d
ff17
ffe3
ff90
ff76
00d3
008b
002f
00cd
0018
ff7a
0065
0060
ffb3
0049
0004
ff72
ffbf
ffcb
ff9d
ffb4
ffb6
0002
fff8
008d
00bc
0067
ff72
ff4a
ff4c
ffdf
0054
009e
0062
ffb8
ffab
ff6e
ffec
0086
0064
001f
006f
ffe4
ffb5
ff6c
ff68
ffb9
0007
ffea
00e2
0119
005b
005e
0042
fed4
feea
ff3f
fe8c
ffaf
0112
ffd1
00d6
0164
0021
fffa
005f
ffa8
ff25
ffde
ffaf
ff04
ff8e
003a
007c
010a
014d
0119
0064
ff71
ff73
ff06
ff10
ffef
002b
0014
001b
00bd
002c
ffaa
ff65
fedf
ff9a
ffb3
00be
0196
00bc
0100
0082
ffd5
0016
0034
ff3f
fed3
ffc8
ff74
fec4
0065
0057
ff0c
003c
012c
00b0
0103
00ec
0014
ffa9
ff92
ff6f
ff4e
ff7b
0006
ffdd
003c
000d
ff57
ffd8
ffa1
ffe3
0044
ffe2
0039
00a4
0013
00ec
0093
fffe
004c
0065
ffda
001d
ff7e
fef0
fe94
fece
ff71
00b4
0043
007f
0147
0057
0059
0169
ffd8
ff0e
0032
ff8d
ff2d
005d
005c
ff7c
ff84
ff80
ffcf
ffd5
0047
00c1
0066
ffeb
0031
006d
ff9b
005a
00eb
ff65
ff9d
0031
fefe
ff79
ffc5
ff70
ffd2
fff9
0023
00dd
00d9
005f
00a8
ffbc
febd
ffee
0013
0010
00f7
0040
ff32
ffa9
ffb7
000e
004d
ffd0
ff76
ff28
ff76
009b
0085
0029
008b
0025
0035
0070
0048
fff4
ff23
fe8e
fefb
ff47
0047
0121
00f0
00dd
00a6
0029
ffa2
0066
fffa
fefb
ffcd
ffc8
ff13
ff91
ffd6
0012
0082
00a8
014a
00dd
ffd2
0044
ff13
ff08
ff92
ff5a
fecd
007a
00ad
0094
0103
00fd
ff73
fef5
ffef
0015
ffbf
0063
001a
ff99
0020
0091
006a
001a
ffc6
ff9a
ffd1
ffc4
ff77
ffe4
ff59
ffea
016a
00c3
00f6
00e3
ff61
ff39
fef0
fec7
ff44
0025
000c
00f3
012a
00b2
0001
ffac
ff5f
ff3c
ff71
fffd
ff80
000a
0092
0022
0044
00de
0044
00e7
00eb
ff88
ff6e
ff84
fdff
ff21
0038
ff07
ff76
010a
003c
0191
0286
0093
ffae
0016
fee4
ff1a
ffcb
ff4b
ff72
ff99
ff99
00bf
00fa
006b
00aa
ffe1
fed4
fef0
ff34
ffca
00a9
00f1
0165
018e
0100
0100
00c9
feab
fdf2
fe46
fdef
fee4
00f2
012f
006d
0179
00f2
0032
00a7
ffdd
feab
fef6
fe96
ff5a
0072
0008
0028
00c0
0024
0050
00e2
ffaf
ff04
ff53
fee8
ff3a
00f3
0102
00c6
0197
0145
0060
00e5
ffe3
fef0
ff4e
ff0c
fdb1
ff38
ffc2
feed
00a9
00dd
ffd8
0177
0124
ff82
00d6
0077
feae
ff5b
ff8f
fead
0032
0141
0088
0033
0026
ffa9
ffb6
ff97
ffe2
ffc5
fedd
ffd8
008f
004d
00f5
0121
005d
0035
0003
ffbd
ffa3
ff08
ff45
ff8c
ffad
ff91
00b3
007d
0047
0086
0025
ff6a
ffe1
0033
ff9f
ffa1
007f
0088
fff3
0083
0065
ffcd
ff7c
ff45
ff8f
ff70
ff16
0071
0065
ff8c
00a6
011c
ffcf
007f
00fd
ff5d
ff83
009f
fffc
002e
001e
ff6a
fff2
ffe1
ff99
fffe
007c
002e
0005
0058
0005
ffc1
0036
0000
ffa4
ffc3
ff1c
ff3c
ffd0
0021
009e
00aa
fffb
ffea
002b
ff3d
ff63
0016
ff65
ff4a
fff0
00a3
012f
010c
0096
ffd1
ff3a
ff76
fff8
0045
003b
ffbc
ff9b
ffe6
0015
0094
0099
ff5d
ffe1
0050
ff22
0004
00e3
ff63
ffa2
0094
fff4
ffce
00b9
0006
ffbe
ffc4
ffa8
ffc7
ffbd
ff73
ff2a
000b
004c
0065
0056
00bc
0096
ffdf
002b
00c2
ff92
ffa6
ffc9
ff2b
ffb0
0014
0059
0065
001e
004d
0038
ff87
006e
0094
ff62
ffc9
ffdd
ff51
0087
00f9
0014
ffe6
ffdc
ffac
ffe2
ff90
ff5f
ff8d
ff67
ffe3
ff8b
0021
0044
0003
00e7
012c
0048
00e2
ffe2
feec
0017
fff6
ff00
0080
00e5
ffe2
ffff
007c
ff64
ff1f
ff56
ffc9
003c
0065
0119
012e
003a
00ac
00d7
ffcc
ffc8
ffe2
fe9c
fefe
ff93
ff53
ffaf
006c
0002
0033
00f4
00ff
004c
006e
0051
ffad
ffa5
ff8a
ff02
ffa8
ffe0
ffe8
00cf
004e
ff9d
004c
001a
ff72
0068
0026
ffd7
ffa8
ffa8
0073
000e
00a4
0168
fff0
ffb9
0048
ff6a
fed3
ff35
ff49
fe4f
ff11
010b
00c8
009e
0145
009e
0005
0022
003d
ff33
ff20
ffcb
ff75
ff9b
0030
0004
004c
0052
001b
0035
ffea
feea
ffd8
ffce
0010
00e5
0123
0067
0055
0074
0030
fedc
febb
ff92
ff98
ff88
0122
00d0
ffd1
0080
004f
ffa7
fffb
ffbd
ff6c
0029
0017
ff7a
004b
0069
ffab
0076
0087
0096
ffe7
000d
0018
ff83
ff50
fffd
ff81
0008
ffd4
ffc4
fff1
ffe4
ffd5
00a8
007c
00d0
0088
002a
0001
ffa7
ff6f
0020
ff77
ff40
001e
ff5b
ffcd
0162
0001
ffc6
00d9
ffc0
ffa6
00ef
0025
ff6a
ffa6
ff45
ff5e
005b
0047
003c
0013
ff26
ff85
006c
004c
fff9
fffe
ffd8
ffa5
0022
0123
0098
ffd6
001b
ff49
ffa7
0097
002f
ffd4
0034
ff80
ff7f
009e
00c2
ffd9
ffb5
ffd7
ffc3
ffca
004a
005c
ff10
ff7a
0128
0027
00ae
0113
ff4d
ffa4
ffcf
ff7a
ff81
ff3b
ff36
0021
00b9
00ca
0066
ffe6
ff37
0019
00f7
00bf
ffd8
ff0f
fe3e
fe64
ffd8
00b7
0082
0108
0091
0058
00c4
00f7
0089
ff6b
fedd
fe9f
ff78
001a
00ed
002d
ff4f
ffe7
0026
ff87
00ef
012e
ff5d
ff6b
fff9
ffa3
ffc9
00ac
00a1
0006
ffba
0081
ffee
ff9a
ffaf
fff5
ff56
ffda
0087
0065
0003
0012
0026
ffbb
ffa0
0051
0044
0014
0021
006b
0019
ff9a
ff7d
002a
0025
0011
0100
001b
ff01
ffe0
ff65
ff51
0104
0092
ffb3
0074
00be
ffbe
001e
000b
ff2d
ff8d
00a5
ffd0
fffa
0083
fff8
ff50
0072
0008
ff78
ffec
ffa4
fefe
ffc4
0028
ffa3
005a
006d
0071
0108
00e0
0026
0090
ff75
fef9
ffbb
ff8e
ff54
fffe
003a
0069
0085
00c5
0000
ff00
ffb5
ff3a
fe7a
0035
00d1
ffcd
009b
00d0
0074
00fb
0089
0002
ffc5
fe55
fe6f
ff95
ff4b
ff84
003c
ffa0
ffec
016f
013d
0126
0124
ff9e
ff1b
ff61
ffa6
0006
0015
ff74
ff8a
0040
ff92
008d
00a2
ffa6
ffe3
0070
ffc3
ffd9
0038
fff7
ffb8
0073
0055
007f
0041
ffc4
ff10
fee9
ff3e
ff99
ff8f
007a
0079
fffd
0102
012a
002a
007c
0063
ff72
ff13
0007
ff55
ff81
00a9
ffe2
fff0
00cd
ffb8
0021
0061
ff68
ffcb
0027
ff19
ffbd
004e
ff51
002b
00f7
0038
0083
0034
ff3a
ff8e
ffd4
ff0e
ffd4
0155
005b
0052
00e2
ffb1
ff1a
ff90
ff2e
ff50
0017
ffe9
006b
010a
fff5
0023
00ab
ffab
ff7e
00d9
ff69
fef8
007b
ff79
ff01
012d
00a3
ffb2
00a8
006c
ff21
ff91
001d
ffab
ffb6
004b
00c8
00ec
0148
009a
ff76
fef7
fe79
fef6
0050
005f
0049
008e
feec
ff4e
017d
0062
005b
0139
ff80
ff78
0095
ff9e
ffaf
ff5a
fe96
ffbc
006e
001b
00f1
0066
ff04
fffc
009c
ff6a
ffed
00b6
ff7d
ffa9
0135
0046
fff2
00f6
ff83
fefc
00b9
fff0
ff2d
0059
ff6a
ff24
0048
002e
0075
014e
fff3
ff6b
005b
ff80
ffac
0007
ff9b
0039
0031
000f
0053
0019
0006
ff34
febd
ffdb
ffef
ffb0
00ef
013a
ffe3
0099
00f3
ffe8
fff6
0059
ff79
ff5c
ffd3
ff9e
ff54
ffc7
001b
ffdf
ffb0
00ce
0089
ffef
0011
0000
ff7b
ffc9
0020
0087
001b
0034
00b7
0054
ffc3
008d
ff9f
fec4
ffca
ffc5
ff50
0058
ffb0
ff7a
0036
0091
0102
00f2
0094
007e
ffa0
ff61
002b
ff6b
ff15
0030
002a
ffd5
00c4
0063
fed3
ff22
fec3
fefa
001d
0062
008c
00ed
00bb
00ea
011c
0091
0013
ffeb
ff47
feb7
fef4
ff43
fec5
ff12
0080
0009
005b
0278
01a7
00aa
018e
ff81
fe33
fefc
feb7
ff17
0016
0010
0034
ff97
ffe1
0072
ffde
ffdf
00fb
ffa8
ff7a
00d3
0053
0005
0098
fffa
0067
0076
fffd
0062
ffa2
feab
ff75
ff53
ff4d
00cc
00a2
0035
000e
ffa7
ff39
ffb3
00a8
0059
00bd
00b5
0010
ff57
ffa6
ffba
feef
ffb0
ffcf
ffe8
0128
00b9
ffd2
007f
ff39
feee
00af
0025
0019
0142
0002
ff66
0118
ffe5
ff15
0055
ffa1
ff0d
ffe4
ffee
ffa6
ffef
00a6
0049
0062
00a7
002f
ffe2
ff9a
ffa3
ffd8
ff15
ff9b
0108
0059
0080
013c
ffa3
ff56
ffb5
fede
ffcb
ffc7
ff07
005a
0021
ffc9
00c2
0009
ffb2
00f3
0066
0035
00f6
0095
ff8d
0041
fff2
ff47
ff80
ff3f
ff60
ffc9
00a2
0098
0068
ffbd
ffbe
ff93
ff88
0066
0099
ffb5
006d
00c1
0005
0045
0080
0009
feea
fef8
ff6a
ff1b
ff94
0030
ffd7
fffc
0134
013f
00c1
00f3
00f2
ffdf
ff0a
ff7d
ff4e
fe84
ffa4
0004
ff8f
0047
0032
ff72
0066
00ab
0029
0098
0166
ffb2
ffa2
0037
ff36
ffdd
00a8
ffb5
ff8c
000e
ff51
ffae
0009
fee5
fec0
ff89
fffb
006f
01de
017f
0048
00ec
003a
001d
0090
fff8
feb8
fea8
ff68
fecc
ff63
008c
0019
00c0
01a2
008d
00ff
0032
febd
ff9b
ff29
fe90
00cd
0100
0048
0166
0057
feb5
ff0f
ff3d
ff10
ffd4
0056
fffc
0036
0115
00c2
00d0
00e3
0091
0026
005e
ffe3
ff05
fe9c
fe6d
ff07
ff4d
0031
0161
0111
00b9
00c9
0017
ffd2
ff6d
ff71
ff90
ffb9
ffcf
0048
ffcf
ffca
001a
005d
002c
006a
0037
fff9
ff7a
ff1f
ffa8
ff8b
ff96
00a7
0095
0092
01a1
0077
ff84
fff8
ff63
fed5
0055
000c
ff28
ff8a
ffe9
ff83
000a
004b
0007
ffc9
005f
00a8
0018
ff86
0059
ffb5
0018
00e1
0068
0026
fff7
ff67
ff58
ff67
ff42
ff45
ffcf
0040
00a9
00d1
0024
000a
008d
001a
0038
010d
0052
ff6b
ffd4
ff18
fe5d
ff73
001e
000f
0087
00c2
0094
ffd2
0001
008d
ff92
ff24
0015
ffb6
ff9d
00ff
00e1
ff75
0011
0077
fed8
ff0d
009b
fef7
ff0b
ffff
fffa
001d
0085
00c0
009a
ff88
0044
00bc
ffde
ffee
00d9
ff9d
ffb1
00f4
008f
ffc8
ffde
ffed
ffa0
fef2
000f
00a9
ffd9
004a
00a0
ffa4
001a
003b
ffa4
ffb9
ff32
ff36
ffd3
ff63
0023
00e7
0016
ffbe
0063
ffaf
0056
0137
ffeb
ffcd
ffe3
ff24
ffe8
00ab
0011
0081
0046
ffe2
00fb
00bf
fff1
0043
ffa9
fec2
ffc1
ffe5
fedf
ff3f
fffe
ff1f
ffc9
00eb
0087
00ce
0164
00b0
0014
ff98
ff12
fe91
fecc
ffb6
ffbf
ffe4
0028
ffe9
000b
00bf
006e
0062
012d
00b3
ff93
005f
006a
ff57
0026
0005
ff24
0011
ff98
ff01
0036
0019
ffbc
00ec
0045
ff89
0094
0086
ffcc
008f
0024
ff2f
0007
0088
0000
ff91
ff85
ff83
ff31
ff86
0059
ffc5
ffce
003e
00cb
00af
0098
018c
0080
ff94
0066
ffb7
fe69
ffa0
0008
ff22
0048
003d
ff6e
ffd0
0027
ff70
0034
00cd
ffb4
0092
0132
ffd2
00c5
00f9
ff26
ffc6
0078
feba
ff41
0019
fe39
ff1a
00bc
ffb5
005c
0199
00d1
0031
00ee
00bc
ff58
ffeb
ffd7
fea5
ff2b
ff62
ff1e
0052
ffe6
ffe9
0095
0040
ffee
010e
009e
ff9e
006b
0017
ff11
009d
00e1
ffe5
0044
0054
ff64
ff43
ff99
ff5d
ff2e
ff9d
ffd4
fff7
00b7
0079
005d
00a9
ffeb
ffa5
0036
ff1d
ff29
ffb0
ff95
0002
00ba
0068
001d
ffe2
ffd7
ffb6
ffdb
0032
ffef
ffd9
0074
00c5
00a3
0097
0088
fff7
ff7e
fef8
ff1c
0029
fff0
ffc4
0112
0066
0014
00ff
0056
fef3
0013
ff5e
feb3
ff68
ffab
ff5f
00a0
00c6
0059
0163
013a
ffa1
0009
000b
fec0
ff31
ff69
fe66
ff3f
0027
00a1
015e
0169
0047
0080
ffd6
ff4a
009c
002c
ff12
ffa5
fff8
ff90
011e
012c
0010
fffb
fee9
fe97
ffcd
0017
009c
0027
0022
0022
00e8
0075
007d
fff1
ff45
ff1a
ff49
ff7b
0065
ffcd
ffa3
0018
001f
0045
00bc
0067
ff43
ff41
fffa
ffae
ffeb
00c7
0030
ffd2
00a5
0029
ffc8
000e
ffb4
ffa8
001f
ffca
ffbc
002a
ffcb
fff4
0072
004b
0048
0023
ffcf
005a
0096
ffe6
ffea
ffa3
ff2c
ff59
ff9b
ff77
ffb8
ffe9
0029
00cc
00ef
0077
0089
003b
ff8b
ffed
0040
ffbd
ffc0
ffec
ff66
ff7a
003b
fff5
ffa4
00b6
0005
ff9d
00ca
004c
ffbb
0076
ffb0
ffab
008c
ff8a
0013
0093
ffad
001f
0093
ff42
ff57
0018
ff20
ff78
0110
00cf
000c
00bf
0062
fff5
ffe4
fff6
0041
ffb9
ff03
0041
00dd
ffa2
0048
00eb
ff41
ff7f
0075
feb3
fef9
00b1
ffac
ffda
0190
0088
ffd4
0116
ffe9
ff4f
ffc6
ff44
fef6
001b
ff5d
ffe9
00df
ffd3
0013
00e8
0051
0055
0052
0081
ff6b
ff57
ff84
ff91
ffa0
ff99
ffcc
006f
0098
00f6
00aa
ff8f
ff3a
ff09
ff00
004b
002d
ff3f
0029
0007
ff98
0107
010c
fffc
0024
0026
ff3f
ffe0
ffa4
ff48
ff92
ff90
ffcd
00e3
00e0
0109
00e3
ff95
ff47
ff18
feb9
0014
00c6
009f
00bc
0040
ffb8
0006
ffa9
ff97
fff7
ff25
ff59
ffd2
ffac
ff95
00a0
0076
00a9
0104
00a4
fff6
0012
ff45
ff0b
ff93
ffc2
ffc9
00a0
010a
00e1
0073
ffc9
ffbb
ffbf
ffcd
000e
0032
ff73
ffae
0030
001e
0070
012a
008f
ffe7
ffbf
ffef
ff6c
ffa3
ffb5
fee5
ff43
0025
003c
00d4
011b
ffbf
ff9c
005c
ffb8
ff69
0027
ff6b
ff10
0042
fffa
00b8
01ec
003a
0029
00ee
fef4
fefe
001b
fea2
feb1
0016
ffec
0030
01d9
0175
005a
0048
007d
fef5
fedd
ff7e
fedc
ff3a
0015
0025
0070
00d0
0007
ffdf
003d
ff27
0030
004c
ff01
0086
00b9
000e
0119
009e
ff04
ff81
003a
ff57
ff49
0007
ff00
ff22
008c
00b4
00e0
0112
0074
002f
003d
ff6a
ff80
ff1a
fe5b
ff2a
0093
000c
00bb
015c
0026
ffd5
00c0
0028
ff05
ffea
fff1
feab
ffd5
008b
ffef
00dd
00dd
0028
0126
0009
ff47
fffa
fed0
fed3
0009
ff93
000e
0152
00f5
0106
019e
0062
fef4
ff8c
ff87
fe8d
ff2c
0041
ff9d
001b
00a6
0053
0050
00c9
0047
ffd8
0053
fff0
ff66
002d
000f
ffe0
00ad
0021
ffd0
ffef
ff5b
ff84
0012
ffc6
ffd9
0057
00a5
0064
ffee
ffe0
ff69
ff0a
0057
00f4
000a
0099
005b
ff1f
ff87
0069
ff72
ff5f
0005
ffa3
0032
0076
ffb7
0029
0057
000c
0037
0021
005a
009f
ffb9
ff4a
0009
ff04
ff49
001f
006e
0035
00aa
00a1
0004
ffce
ff68
fedd
ff54
ff93
ffb8
004d
001e
ffd7
00bb
00ac
00f4
0142
0074
0028
ff74
feee
fe8f
ff69
ff86
fed3
006b
003a
ffed
013d
005a
ff55
0000
ff96
0022
00e1
00a4
0071
ffd5
ff8a
ffc8
0067
00a4
0010
ffeb
0071
ffba
ff96
0038
fee8
ff27
0014
fff3
00cb
00d6
0037
001a
ff8d
ff62
ffef
ff48
ff6e
0086
ffed
0054
0112
ff8a
fef5
ffa9
ff23
fffc
015d
0068
004c
00c3
000d
0087
017f
0072
ffd7
001a
fe93
fe8e
ff71
fe8f
ff24
0089
ffeb
00d8
01a7
00ed
0022
0027
ff79
ff61
0025
ffa1
ffe7
ffb9
ff5a
ffb3
0040
002a
0036
0085
ff96
ffb2
0085
ff55
fff7
011b
fff6
ffe9
00da
004a
0015
ffd8
fff3
ff08
fe88
ffde
0034
0001
0144
00dd
ffe5
0002
ffce
ff53
ffba
fe95
ff89
0081
ffa4
00ce
01c1
0022
006e
0093
ff44
ff7f
004c
ff04
ff0f
0009
ff48
ffe3
011b
0059
0043
009c
ffd9
ffa3
ffc6
ff76
ff51
ffcf
003c
0079
00e0
0073
fffa
0075
ffb7
ff1d
006d
ff88
fe6b
0032
0022
ff33
0027
0060
0037
0085
009f
00ac
006f
ffc2
003a
ffbc
ff51
0013
0018
ff30
0026
00b6
0007
ffef
0013
ff5e
ff0b
ff2c
fffd
0081
00ec
012e
00e0
009d
004e
ffb9
ffc7
ff9b
feb9
fe8e
fed8
fee7
003c
00ed
00c9
01a1
01cc
0076
00d7
009d
ff34
ff13
ff6b
fe52
ff50
004b
003f
0085
00fb
0016
ff19
ff8e
ffcc
ff1a
ffd7
0030
ff80
005d
0123
0072
00f5
00ce
ffde
0030
fff7
ff37
ff83
fe7f
fdf8
ff83
ff62
0004
0224
01b4
00f3
0156
0039
ffac
ffc2
ff65
ff3a
fefc
ff64
0027
008e
009b
00e1
00bb
ff71
ff65
fffb
ff6c
fe58
feb9
ff32
ff6b
00db
0276
01e0
018b
00d3
ffef
fefb
fe69
fe4f
fd91
fe98
ffcf
000e
014b
026f
0117
009b
0098
ff98
fec6
ff6a
ff7e
ff55
0036
003e
fff1
00f5
00f2
00eb
0034
ffda
ff90
fe5b
fe60
ffba
0013
005b
009c
00e0
010e
00ad
0061
0039
ff94
feaa
ff8f
0001
fea6
ff5e
0013
ffa2
000b
00e6
00ba
004e
003c
007d
0032
ff3f
ff79
ff81
fef8
003b
00d2
005d
00d7
00b0
ffd8
0009
008e
ff63
ffbb
ffd8
fec2
ff4a
fff2
ff6a
00b0
0154
007e
00cb
00d4
ff28
ffa0
fffe
feb0
ff15
001d
ff46
ff7f
0127
00b2
ffff
011f
ffcd
ff5f
00d6
0035
ff6a
006d
fff9
ff81
00ee
006c
0016
0038
ff95
ff9c
ffdd
ff45
ffdf
0010
ff7a
ffff
ffd9
0002
0065
0041
0074
0090
001d
005b
ffae
ffba
0010
ffdb
ff99
001f
fff8
0033
fff4
0037
ffd0
ff89
0020
001a
fefb
0004
0064
ff10
007d
010b
ffd7
008c
0068
ff34
ff86
ffba
fec7
ff75
0034
000c
0081
0130
00c9
0066
005d
ffcf
ff84
ffbd
ffb8
ffa5
ffb7
0013
ffc4
002d
0079
ff64
0055
005b
fffb
0063
00c4
0011
ff64
0008
fffa
fec5
ffaf
00b2
ff14
ffcb
0143
0069
0093
018d
ffde
ff01
fee2
fe8b
feaa
002d
ffea
0035
017e
0104
0124
0170
0035
0004
ff87
fe62
fea9
ffab
ffb0
006e
00d7
002c
0089
00bd
ff76
ffe5
ff9e
fedf
ff96
002c
006f
0145
00df
0062
ffa3
ffb4
ff80
fef2
ffb1
ff50
ff3e
004c
0079
0089
015a
004d
ff9c
00ab
0009
ff51
001c
ff85
fe89
001a
0002
0004
015a
00a8
ffdb
0032
ff7c
ff6b
0023
ffd2
fff5
004f
fff4
ffb9
ffe6
ffa7
ffcb
007d
00b7
0031
00eb
002c
febb
fff4
0001
fe6f
ffbd
0036
ff8d
00b5
011f
0043
0037
000b
0014
0083
ffc7
ff6f
ffb8
fefe
fefa
0025
ffc0
0025
00aa
ffe1
001f
00eb
0094
0056
0009
0092
0061
ffba
0014
0056
fed4
ff6a
ff89
fef7
ff7a
0046
0073
0081
00f7
0074
ff88
ff11
ff83
ffcb
ff55
00fe
00b9
ff49
0001
0019
ffa4
005b
ffcb
ffe7
ffe5
fef1
007c
00fa
ff42
0072
0088
fed5
0024
0162
ffea
0009
0037
fee5
ffb7
011a
0009
006b
0089
ff24
ff87
0043
ff8d
0029
0029
fe98
ffd1
0080
0007
0119
0135
ff44
ffc3
008a
0018
000e
006c
ffce
feae
ff92
0075
ff93
ffcd
005e
002e
0075
0114
008d
ff88
ff51
ff3f
ff64
ffe6
0015
ffd1
ffc4
0014
010c
013b
007f
ffba
ffb3
fef3
ff34
ffee
ff84
ff3e
ffe2
0047
00a7
0223
01a3
0029
ff73
ff37
ffd7
ff73
ffba
0074
ff7d
ff2a
00fb
006f
ff88
ffc6
fed9
feb3
ffa5
0031
0061
0102
00cf
0056
00d9
0069
ff70
ffb9
ff3d
fe9e
ff67
ffef
ffbe
00b1
00fa
0025
00cf
0159
0027
ffae
fff8
ff2a
ff00
0005
0065
0037
0093
fff7
ff5c
ffa0
fffd
fffd
001b
0007
ff9b
ffc4
ffdc
ffb7
ffe9
ff24
000b
00b8
0055
0094
fff1
ff8b
0008
ff74
ff81
002a
ff7e
ffe8
0122
00e3
008e
0177
009c
ff93
fffe
0008
ff39
ff9a
fff0
ff6d
ffdf
0025
ff4e
ff9b
0021
ffd6
ffda
005a
0023
0027
ff66
008c
00d4
ffcf
0078
003e
ff1e
0057
008d
fec5
ffbb
ffc6
fef3
0051
00b1
ffee
00f3
00bb
ffe6
00c9
010d
ffa4
0020
0005
fe98
ff15
0024
ff5b
ffca
0076
ffc1
0017
017b
002e
ffaa
0029
fe9b
ff21
006e
003b
0089
004f
ff60
ff39
0005
0056
fffc
0016
ff4c
ff08
0036
00af
00d5
003b
ff89
ff79
ffa9
0036
00a0
000c
ff89
ff69
ff31
00b9
01cf
00a2
fff0
003f
ff66
ff0e
ff7e
fff1
ff7c
ff25
00cd
0097
ffdf
00bc
fff7
fedb
005e
002d
ff1a
fff2
0036
ff4d
fff8
00c8
003b
005f
0005
0000
005a
002d
ff9f
0004
ffb7
fe8e
ff55
00c4
0081
0041
00e8
0092
ff59
003a
0006
ff60
ffa0
fff9
ff0e
ff88
00a6
0097
0011
00a9
00f8
ffe4
0050
00fa
ff26
fe95
ffdc
ff9b
ff73
012f
00fe
ffd1
0061
0080
fff9
ffe3
0019
ffa4
fedf
ff4c
002c
008d
00d4
001a
ffde
ffeb
ff9c
ffae
0068
ffc5
ff82
fff6
ffbc
002d
00b7
0010
006c
0028
fff2
0044
ffbf
ffa7
0001
ff00
ff7b
0013
ffd3
0095
0109
0002
0003
0009
0000
ff9c
ffc1
0065
ffb6
ff38
00a2
0067
ff3a
fff4
004a
ff72
0096
00f6
ff46
ff3a
ffa9
ff6e
005b
00d6
0020
0032
ffda
ffaa
007b
0022
ff82
0016
ff73
ff48
00eb
005d
0050
010a
fff4
ff15
ffe1
ffbf
fff6
0091
001d
0048
0055
ff45
ffcb
0044
ff54
ff8f
0073
ffd7
fffe
00fe
ffec
ffc0
00a6
ff42
ffd1
014f
0018
ff51
fff5
ff9a
fee3
004a
00b9
0012
003f
005c
ffc7
ffec
ffe0
ffc9
fff1
ffbd
0028
00cc
ffc2
008b
0096
ffb4
ffcd
ffd2
ffe4
0051
ff93
ffaa
0053
ff9d
ffd0
00f7
0043
ffaf
0094
ff9f
feb1
ff50
ff1d
fea8
004f
014e
00e8
00de
013c
0066
ffae
ff84
fef5
fe2c
ff78
0015
0063
0100
011d
ff78
ff1e
0066
0006
001e
00bd
ffe2
ff6b
ff65
ffca
0048
004c
00c1
00b3
0043
0082
0024
ff6a
fef1
fe49
fee8
ffc0
ffcd
0100
0179
009f
00e5
0109
0001
ff8f
ffc1
ff66
fe8d
ffd8
001f
ff6a
0025
00f8
003d
0026
00c0
0016
ff00
ffa0
ffb8
ffb7
0031
00cf
008b
007e
00ca
ffe6
ff4c
ff5a
ff32
ff34
ffe7
ffe0
ffe5
0076
00e3
007b
0115
ffd6
ffac
0046
ff70
ff42
fff9
ff3d
ff4b
ff6a
0008
0089
0084
00ca
0129
ffbb
006f
0084
ff1c
ffe3
fff1
fe56
ffa1
002c
ff4b
0096
013a
ffb8
009d
00a2
ff10
0016
0053
ff09
ffd4
0026
ff61
0048
00dc
0091
009c
0065
ff75
0001
ffbf
ff19
ffb0
ff8f
ff81
00ba
0120
00d7
00bd
000f
fed9
feaa
ff06
ff90
008f
008e
ffa2
ffee
0045
ff5f
0071
00eb
ff55
0000
007a
ff58
00a9
010b
0017
0006
ff87
ff64
ffa0
ffab
ffdc
ff44
ff5f
ffd5
ffbd
fff6
0122
0109
00b5
00ca
0076
ffe0
ff75
ff64
ff78
ffa6
ffb1
ffba
ff7e
ffff
0043
fffc
00b3
0147
0033
0026
009b
ff8c
ff88
fffc
ff6f
ffa4
ffed
ffdd
ffec
ffad
ff61
ffbe
ffee
0095
00c2
0126
00c5
0077
004d
00c0
0033
0033
ffcb
ff43
fefe
ff63
ff57
feb9
ff3c
ffc6
005b
00ef
0166
012c
00bb
0006
0001
0020
000a
ff84
ff7c
ff72
ff65
ff94
ffe2
ffdf
ff6f
0009
0020
ffd9
0058
008e
fffe
00ad
00a2
002b
000e
ffe9
ffc1
ff6a
ffe4
ffa7
ff42
0019
0032
ffa4
0034
0028
ff44
ffd2
007b
0022
0084
009c
ffd7
001d
0071
005e
005a
ff75
ff18
ff51
fef7
ffc5
fff9
ff20
ffcb
0032
002e
01b2
00ff
ff9f
008c
ff68
fe9d
00a5
0008
fefb
ffed
ff79
ffae
011b
00a2
0046
004b
0030
0057
0065
001b
ffcf
ff46
ff5c
ff84
ffc0
ffe0
00ac
ffda
ffa4
0088
003f
fff9
0118
00ac
ff8c
ff78
ffd4
ff95
005c
005b
ffe5
ffa7
0013
ffd2
0053
005a
ff32
ff9d
0089
ffa9
00ab
0141
ff7f
ff7e
ffca
fefb
ff6c
ffb9
ff2a
ffa0
0049
007c
00db
00df
00e3
0023
0003
fff5
ff90
ff90
0032
ff79
fff0
0072
ffac
ffcf
0071
ffe8
00df
0058
ffab
ffd8
feed
fe51
0019
ffbe
0016
0164
005f
0031
0096
ffb3
0000
ffde
fea8
ff1d
ffa7
ff28
0074
01cf
ffbc
000f
01b0
ffc8
001c
019d
fef5
fe61
ffd1
ff09
ff84
015c
006a
ffb4
0077
ffbb
ff7c
00a8
ffe0
fea4
0025
0000
ff49
00dc
00a9
ffe0
0011
000c
ff88
0079
0093
ff08
0054
0050
ffa0
0010
003e
0053
00e8
00c0
00d9
ffb3
feda
ff43
ff3b
fed9
003e
0068
0014
00b2
00a5
0076
00a4
002c
ffce
ffa6
ff76
ff96
ff24
fece
ff59
ff68
ffd3
01be
019f
00bb
010c
0076
ff96
ffc9
ffbd
ff5e
ff8d
ff9d
ffdb
ffd9
006e
0097
0011
001d
0056
ff54
ffd6
008c
0049
0050
ff91
ff10
0031
003e
ffce
0071
000b
ff50
ffe8
007d
ffe9
ffc5
0054
0027
ffc7
0086
0099
ffb1
ffaa
ffdc
ff68
0023
00c7
002f
002d
0025
fffc
000d
0020
0026
ffbd
ffd1
ffb2
ffd9
ffd4
ffdb
ffc6
ffb8
ff65
0062
0035
ffea
0094
0048
fff1
ffbc
ffcb
fff8
ffd4
0061
0004
ff19
ff8b
ffb6
ffbd
009d
005d
ffeb
0057
0004
ffea
0082
ff31
ff29
ffbc
ffaa
004c
012a
0099
0049
002b
fff4
ffa7
ffe3
fffd
ffb2
ff0d
ffe6
0015
ffc5
001c
003e
0017
0020
016d
00f3
007c
ffec
ff91
ff28
ff77
ff97
ff71
ff79
ffab
ff9b
000a
012c
0089
005f
00f5
ffd1
ff30
ffd5
ff2e
ff9f
0063
008a
0083
0054
0087
007d
ff8e
0013
ff8b
fead
ffb2
005b
ffff
00ea
00c7
000c
0069
0036
ffc8
fffe
ff7d
ff14
ff3c
ff90
ff6a
0043
004b
002a
fffd
002e
0026
ffcc
ffc8
002d
0023
ffeb
fffa
00a3
0078
0065
00bd
ffd1
fed8
0014
ffa6
ff5f
00d7
ff81
febf
00d1
00cc
ffeb
014e
00d6
ff27
ffc2
0093
ff75
ffe5
ffe2
fedf
ff96
ff0a
ffe1
00e8
fff3
0048
00eb
ff41
ffa9
00bd
ffed
ff4a
0055
001f
0045
00e5
00c1
fff4
ffda
ff7e
ff21
0011
ffc5
ff87
009e
004f
ffed
00fd
0093
ffa9
ffd8
ffa6
fec2
ffdd
006c
ff82
0015
005f
ff6f
004d
00b5
0045
ff80
ffa3
ff9d
ffb1
005f
00ef
fffa
ffaf
0043
ff76
ff8c
00c7
0046
003e
ffa7
006c
0060
0049
0008
ffc1
ff12
ff42
ff5d
0046
005c
0011
0009
008a
fffe
004d
011d
0011
ff4c
0015
ff40
ff1d
004c
ffc1
0008
013d
0041
0010
00a2
ff4b
fe9f
ffc7
ff56
fefd
0056
0004
0050
00a6
012c
0132
0011
ff83
0017
ff96
0009
006a
ff4e
febf
ff6c
ff99
ffe1
006a
003f
003a
009e
0081
008d
00e6
00af
ffc5
ffcc
ffcc
ff3e
ffc2
004b
ffc3
ff39
0010
fff0
ff39
0022
0043
ff18
003d
006c
ffd7
0100
0142
002a
005d
ffe1
ff35
ff2a
ff12
ff1b
ff4a
ffb6
ffdf
0080
013c
014a
0137
00e7
ffdc
ffab
ffc3
ff0e
ff0a
003a
ffa9
ffac
00c9
00a9
001d
0045
003a
ff37
ff39
fffc
ff82
ff25
ffd9
0039
0006
011d
0173
002f
0039
003f
ff9e
ffd4
ff6d
fefd
ff40
ff16
ff86
0096
00ea
008a
00c6
0078
fff6
0017
009d
0053
ffa1
ff62
ff90
ff16
ff2f
004f
002c
0003
0079
ffd0
ffce
0011
ff54
ff2c
ffe9
0022
006b
0173
0159
ffb7
fff2
002e
fee5
ff02
ffd7
ff1f
ffb9
00dc
0050
00c8
0098
ff4e
ff92
fff3
ffcf
0000
005b
ff9d
ffb7
0097
00a4
0007
005b
000c
ff9c
ffc7
ffec
ff30
ff7b
ff1c
fedf
0040
0089
006d
0197
00e1
ffd2
0049
0041
ff8d
005a
009d
ff4e
feec
ff7c
ff63
ff81
ffe9
002c
00e7
0046
0090
012c
ffc6
ff77
005f
ff63
ff9e
0109
0029
ffbf
0060
ff71
ff8e
0057
ffc2
fff5
ffc5
ffba
006c
00be
005e
0033
000b
ff3d
ff88
00d7
003c
ff6e
ffe8
ff3d
fe8f
0095
019b
0058
0047
00ee
0027
ffbf
fff8
ff4e
feeb
ff4d
ffc3
0062
00d2
006f
ffe2
fefb
ff86
00a3
006c
000f
0066
0000
ff3f
ffcf
009e
ff41
fef3
ffb3
ffa1
ffda
00a8
010f
0008
ffdb
0096
0016
006c
0129
00b7
ff95
ff10
ff57
ff43
ff72
ffb2
007a
0034
ff8f
0043
00bb
ff4b
ff2f
00c8
0023
fffa
01d6
0107
ff00
0019
ffb2
fe8c
0075
00c2
ff6b
0015
fff1
ff5c
ffeb
0011
ffec
004a
002e
0089
010f
0031
000a
ffec
ff30
ff57
ffec
ff81
fffc
0099
0073
ffef
fff4
ffd8
ffbe
ffe5
0038
ff9b
ffd1
fffe
0028
00d7
009c
0055
fff1
ff9c
0017
ffe1
ff0c
ff0e
fee2
ff00
ffbf
00a5
0122
0137
00f8
0102
00a7
ffcc
ffc8
ff97
fea3
fec9
ffcd
ff96
ffec
009f
00cc
ffb6
ffe4
0095
0023
0065
0063
ff96
ffa1
0008
0041
0075
00c8
005c
ff3b
ff92
ff9d
ff00
fff1
0014
ff65
ffdd
005a
0081
0105
0117
fff6
ffc8
ff55
ff1d
fffd
ffc3
ff79
0022
0017
ff89
fffd
004a
ffe4
0043
000c
0011
008d
0040
ff8f
ffbe
ff5a
ffda
00b1
0078
00fc
00c1
ff5a
ff29
ff04
feed
ff6b
004a
0001
ffaf
00b3
fff7
005d
0152
00ed
0002
ff99
ffa7
ff7d
ff1c
ff74
ffac
ff8d
fff0
017e
0138
0060
0088
ffdf
fed2
ffe7
ffea
ffbe
00a3
00aa
ffba
001d
ffa5
ff0a
ff90
ff4d
ff97
ffdf
0040
0058
00a8
0079
00ac
00c2
008a
0020
ff98
ff47
ff54
ff3f
ff9f
fff8
0008
000d
00fa
00e2
005b
0041
002e
fed8
ff24
002b
ffb7
ffc5
0109
ff87
fede
008c
ffc6
ff46
0115
0089
ff77
011e
00bb
001f
00b9
ffcc
fef9
ff87
ffaa
0009
00a2
ffc6
ff61
ffe4
ffbc
ffc9
00bb
004a
ff92
ffe2
0017
ffcc
0076
00c2
ffca
ffe9
005a
ffd9
002d
ffee
ff0d
ff40
ffac
fff8
00ca
0084
0038
010d
ffd7
ff66
00c8
0011
fef9
0084
ffb7
ff1b
0030
ffc7
fe9b
ffb2
001f
ffdb
00b9
0148
00b3
007b
000f
0027
ffee
ff92
ffb8
ff62
ff35
ffbb
ffce
001f
0039
002a
00d9
ffed
ffef
ffe8
fef8
002d
0077
ffec
00d8
0098
00a7
00c8
ff3a
ff68
ff7e
fe3c
fecb
fff1
ffc4
0057
015e
011e
0074
0120
00c1
ffaa
ffc2
ff3d
fee0
ff21
ffe5
006c
ffdb
fff5
0044
fffe
001e
0048
ffee
ffd8
ffe7
ffcb
0091
00a1
ffcb
0080
0088
ff6e
0053
0095
ff0c
ff53
ff4c
fe81
ff6e
0058
0069
0084
00fc
0024
000a
019c
0120
ff96
000b
ff8d
fde3
fe85
ff8a
ff05
ff32
00a2
0093
011a
0233
01c4
0071
ffc0
febf
fdd3
feac
0005
0047
00c0
0154
00df
0083
0032
ff53
ff6d
fe83
fe65
ff80
ff68
ff94
0194
0111
00de
0181
00f6
0069
0013
feb4
fef2
fe75
fe72
0076
0012
000f
0175
0049
fff5
00d5
ffc4
ff04
fffc
ffc1
ff34
0044
00d3
fff6
0048
00c4
fff5
fffd
0060
0026
ffb6
ff57
ff2a
ff58
ff11
ff87
00b0
00e6
0040
0161
015a
ff71
ff8a
0047
fe92
ff03
001f
ff97
0020
010b
0027
0004
00d7
00be
ff9e
ff70
ffeb
ff02
fe5b
0007
0003
ff57
0109
018f
0124
0197
005a
ff9d
ff74
fe1b
ff12
003d
feff
0012
01d4
0043
0047
00eb
fff7
ff1e
ffd8
ffb7
ff45
ff2b
0075
fffe
ff18
009c
0113
ffbf
0075
0087
ff5c
ffb6
0029
ff2e
ff15
ff83
0004
004f
009e
0111
0099
ffa8
0050
00f6
0020
0023
fff8
fef6
fe86
ff86
ffee
ff86
0020
008f
0012
0044
012c
00a9
ff73
ffbd
ff7f
fefe
0003
002a
fffa
003d
006c
003b
0012
0090
00c6
0021
ffa9
ffc4
ff5e
ff36
000b
0071
004c
003b
0014
003e
fffe
006d
00bd
fef5
fec4
0081
ff7d
ff89
0134
007f
ffe1
008a
0068
0020
0031
fff5
ffdc
ff7e
ffc1
ffd7
ffb4
0039
00a9
0069
0034
0000
fff6
ffcc
fffd
ff98
ff41
ff16
fefc
0002
0073
009c
0162
0061
ffdc
0052
ff6c
ff95
ffce
ffac
ff9a
001d
007c
0046
00bf
001f
ffc8
ff67
ff1f
ffa6
ffb0
ffe5
0092
005f
0007
0073
0047
fffd
ffc3
ffe9
ff6d
ff10
ffc9
003f
ffdd
0025
011f
00c5
0077
0003
ffca
ff5a
fe5e
ff54
ffd8
ff89
0071
00ff
fffc
003b
00d7
0004
002d
00e9
ff87
fe3b
ff94
ffdf
ff6a
0016
0114
ffda
ffda
01e4
00a8
000a
0107
ff3d
feab
ffcf
ff9e
ff79
004d
ffc8
ff86
0081
0022
0020
00c3
ffac
003b
0093
ff51
ffc6
009f
ffce
ffcb
008e
0059
ffe3
0001
0084
ffdf
ff52
ffe5
ffc1
ff07
0074
0061
ffd1
0092
ffcd
ffd4
ffe3
ff80
0045
0003
ff0e
0048
005e
ffed
006b
00a3
fffd
0014
ffef
ffe0
0011
001d
0048
fffc
ff59
0012
ffff
ffe9
00e7
0076
ff7d
ffb7
ffa6
ff3a
ffd8
ffde
ff36
ff8e
ffcd
fff2
009b
008b
0029
ffcc
ffe1
ffe9
0058
0077
ffa8
ffe2
ff41
ffd3
0070
003f
00a2
0052
004d
001e
ffda
ffaf
ff37
ff56
ffe0
ffb1
0099
00ad
ffe3
00c4
ffea
ffa3
00ab
ffe6
ff7b
009e
ff10
ff0e
0050
ffa1
ff5d
00a1
ffef
ffa4
007e
0031
ffc6
003c
fffa
0030
004c
ffec
00c3
00fd
001d
002f
ff88
fed5
ff9f
0018
0020
007e
ffff
ffed
0030
0051
0019
005e
ffed
ff2c
ff85
004b
ffc8
0005
fff8
ff90
ffb5
0066
0082
004c
0016
ffa2
ffe5
000e
fffe
001c
0020
fff7
ff92
000c
0048
ffdf
0012
00b2
ffff
0026
007d
0007
ff5b
ffed
002d
ff84
ff84
0018
ffe2
0004
0072
0043
fff6
0064
0045
ffe8
0078
001a
ff67
ffb7
ffc0
ffe8
0001
002b
ff92
ff6d
0035
ff99
000e
00e5
fff9
ffff
000e
ffc5
001b
0009
ffe4
ffc5
ff4a
ff2f
ff39
ff69
0020
00b2
00ff
00f7
ffea
0024
fff6
ff4f
0007
006d
ffa0
ffbe
0089
004f
0003
0028
ff07
ffa6
ffbd
fff0
004a
ffde
ffa5
001b
ffae
000d
00a7
0029
fff8
003c
ffd6
fff8
003b
0002
ffdf
fffa
0038
008a
0008
ff25
fede
ff2a
feff
ff83
00d4
015f
016f
014a
00e8
ffd4
ffbe
ff4d
ff1c
ff35
ffc2
ff98
ff84
003c
005d
006d
00a5
0069
0056
0051
0019
005b
ff32
ff30
fff9
ffbf
008b
00e4
ffee
fff0
ffa9
ff10
ffd9
ff91
feff
ffe8
ffe3
002a
0165
010d
fff1
0013
ff9d
ff9c
00cf
00bb
ffff
ff2d
febb
ff01
ff82
004b
0144
00ac
ffda
004b
004a
0001
ffd3
ff61
feec
ff8e
00e2
0162
012f
00b1
ff52
ff09
ff2d
ff8c
0039
ff84
ff20
fffd
001b
004c
01e6
00d1
ff28
005b
0041
fee3
ff99
ffb7
fe17
ff53
007b
003d
0183
018e
003f
0086
ffd9
ff30
002a
ff37
ff04
ffb6
0048
0031
00c7
00f1
ff92
ff5b
003b
fff1
ffd0
00d2
0014
fef5
ffed
ff2f
ffc3
007c
ffea
ff75
0095
ffd0
0003
0090
ff57
ff90
0089
ffce
014a
0175
ff7a
ff89
ffb4
fe7b
0013
013c
ffc0
ffed
ff9f
feed
0029
00b0
ffd5
0069
0025
0043
0128
013e
001c
ffc8
fedd
fe3a
ffb3
0084
0019
0068
0010
ff7e
0033
010b
0067
001d
ffc9
ff4a
ffb0
0009
000f
0067
ff21
ff4d
0094
004a
0013
00ac
ffc4
ff75
0021
00ac
0003
ffdd
0055
ffdd
0007
00cf
008e
ffc3
0038
ffa7
ff41
0037
0020
ffd9
0054
ff90
ff6c
ffc5
ffa6
fff0
001f
003b
0025
0100
0098
0038
ffdf
ff1d
ff71
ff3c
ff31
0033
0076
ff72
0055
00cf
ffbe
00e0
0177
ff71
ff71
ff55
fee3
ffa2
003f
0025
0077
00b4
007c
fffa
000e
ff40
feda
ff7c
ffdc
0020
00d1
009e
00a3
0083
ffaa
feb9
ff5f
ff35
ff17
008c
00c5
000a
006e
005e
000b
007b
00a5
0009
fff3
ff8b
ff0c
ffe3
ff5b
ffcd
0061
0050
001a
0083
008d
fff0
ffd1
0088
ff52
ff7d
00ba
ff84
ffff
00f4
ff68
ff14
003a
ff30
ffa1
00cd
00ac
0023
0054
002a
001f
0056
ffe1
ffbc
ffb6
ff4f
0022
0063
001d
fffa
ffb7
ffb2
fff7
0083
00b8
ff68
ffa1
fff0
ff25
ffc8
00d5
ffae
000b
0091
fff8
006d
00b2
ffcb
ff09
ff0d
ff62
fff7
0046
006e
00b9
0058
0042
00d3
0081
0073
ffbc
ffa1
ffab
ff72
ff30
ff8f
ff71
ffa8
ffe4
004b
00b3
00b8
0063
0001
ffad
ffc8
ffd8
0066
00cd
0069
fff0
ff9f
ff1f
feb0
ff5e
0020
0065
0050
00a4
0063
ff8f
0080
00ae
ff4a
0073
0092
ff28
00df
0120
feb6
ff3b
ff8b
fe08
ff83
011c
0068
0109
0191
ffc5
0032
00e5
ff2b
ffcd
fffc
fe92
ff2a
ffe0
fecf
ffde
00b5
ffd1
00ab
01a1
ffab
ff91
002e
0002
ff44
ff4d
0034
ff97
001b
00ff
00fe
0016
fff3
ffb4
fee8
ff70
00ce
002f
ffe7
00a0
0007
ff8e
0098
00e9
0034
00c3
008c
ff2b
fed0
fee5
fedc
ff24
ff9d
00d5
00a9
00e0
01a7
00db
ffe4
ffaf
feee
ff6b
ff90
ffa1
0011
002b
ff78
003c
0098
ffc3
ffe5
0096
ffbb
ffc4
0073
0028
ffd8
00b3
0044
0010
0087
0013
ffbe
ffd1
ff3c
fe99
fecd
ff56
002d
00a2
010d
011b
0035
000e
00be
003b
ffc2
fffc
fefe
ff1a
ffad
ff8b
ffce
0049
0005
0033
013b
0123
0021
005f
ffd8
fede
ffda
0027
ffa9
0045
ffff
ff5c
0045
0096
ff07
ff16
0035
fef0
0024
014f
0024
005a
00a8
ff9c
ffc7
005e
ffcd
ffde
ff4f
ffc3
00cc
ffef
0028
0032
ff8b
ff64
002f
0024
0044
005a
0050
ffa1
002f
0082
fff9
ffe9
ff96
ff8e
ff8f
ff72
ffc9
0048
ffdb
ffb7
00a0
0039
ffb6
00df
0070
ff95
ff91
ffe0
ff93
004b
ffae
ff86
ffd3
ff5a
ffc0
ffc9
ffb3
00d1
0025
0004
0136
001b
ff8c
00a0
000f
ff58
00d9
00bf
ff1e
ffe3
ffe7
feae
ff36
ffae
fefe
ffe3
00db
0098
002c
009e
0074
ffbb
0094
00e1
ffe0
ffa4
ff64
feb4
ff93
000d
0014
0072
001f
0025
00a8
0070
0140
0076
fe9c
ff33
ff9f
ff65
00b9
017e
006e
0014
001f
ff5d
ffbc
fffa
ff32
ff8c
ff21
fea7
000c
014e
00dd
0115
011e
0027
001a
00ac
ff87
ff53
ff88
feaa
ff64
0082
00a3
00d9
00e2
000d
ffc8
ff96
ff1e
ffaf
ffa1
ff15
0035
0085
fff1
00f8
00f6
ffa8
ffe2
ffde
ff85
0008
0012
0009
0047
ffdc
0002
0042
ffdb
0033
0079
fff2
ff5d
ff82
ff80
ff63
0003
004d
ffc5
ff82
0026
ffe1
ffbb
0034
004f
ffb5
ffe7
001e
ffdc
ffc0
ffc8
ffe6
0035
0059
0041
008c
0091
00ac
0039
ffbe
ff44
ff8e
feca
004f
00e0
ffd8
000e
0021
0003
0033
001c
003c
fff5
ffbc
0067
0094
000b
0076
002c
ffea
0044
ff3a
ff41
001e
ff0b
ff76
0188
0002
ffe6
0101
0033
ff62
00a9
ffe8
fec8
ffc8
0078
ff88
ffee
003d
ffc7
0019
00b7
005d
0064
001c
ffd6
0018
0045
ff82
001d
ff8f
febe
fffc
001c
fff2
00b5
00cc
0087
00d7
ffe2
ffd9
0007
fea7
fea8
ffa1
ff2e
ff8c
008c
009f
0034
0084
0084
ff48
ffc6
002f
ffb9
004f
00de
ffcb
ff79
0029
ffe9
ffee
0073
ffd9
ffc0
ffff
ff65
0044
0074
ffdb
0008
00ca
00a0
0066
ffed
ff42
ff01
ffca
ffbd
ffb8
0040
003d
0043
00b0
0086
0009
ffde
ff77
ff20
ffda
0036
ffd3
ffac
006f
ff87
000f
00ad
ffcd
ff45
0030
ff65
ff3f
0072
004c
0017
00a6
007a
fffa
0043
000c
000f
ffed
ffa8
ffdc
ff85
fff7
0068
0028
004e
ffc3
ff9a
ff90
ff62
ffc0
0029
0016
0031
00ee
00f6
004b
007c
00ce
ff53
feeb
ff62
fea1
fe9a
ffdf
fff9
ff8c
008e
0169
00d3
015f
0160
fff2
ff78
ffb2
ffa9
ff23
ffd3
003a
ff6c
ff72
006f
005d
000c
009f
002e
ff9b
0099
0106
002d
002a
ffec
ff39
ff82
ffac
0058
0026
ff6f
ff2d
ff3d
ffa9
0016
008a
0045
ffdd
0005
009d
0078
ffde
0041
ffe2
ff82
0065
0068
ff1c
ffbf
ffbe
feaf
ffed
00e5
fff6
00cb
00d5
ff97
002d
fff8
ff24
0000
0047
001e
fff2
0055
ffcf
ff47
000c
ffbd
ffeb
0119
ffd7
ffd6
00a9
ff5e
ff7d
0051
ff4e
ffc9
003e
ffb2
0038
0077
ff90
009d
003f
ff61
002d
0070
ff2e
ffc2
ffd9
ff56
0055
00a4
00a4
015c
00d3
ffe1
ff93
ff80
ff34
ff28
ffec
0045
001d
00a5
0052
0038
00bf
006e
ff16
ff46
ffb5
ff58
0086
00b2
ffef
ffac
ffc5
0011
00e6
00ff
000c
0018
ffeb
ff45
ffa4
001f
ffb1
fff1
0022
006e
ffb8
fff0
ffeb
ff8f
ff90
ffc0
fff5
0023
ffb0
ffd2
0085
006d
fff2
0075
005d
ff9c
ffe4
008c
ff84
fe90
ff2c
ff57
ffab
00e3
0159
004b
0093
0038
fffa
00d7
0016
ff5a
fffb
fe4a
fee9
006f
ff2e
ffb7
012a
ffbe
ff8c
00d7
0075
ffe8
0016
ff95
ff48
ffd0
000b
00dd
00c9
fff8
0064
ffd2
feee
ffad
000e
feff
fff6
0085
ffaf
00e2
016b
005f
fff5
002b
ffa7
feec
ff90
0012
ff2e
001b
0113
fffc
0060
00ad
004b
0039
003b
ffb1
ff7d
fea7
fe88
ff89
0008
0008
012b
0090
ffbd
00ea
00ea
ff72
ff5f
ffc6
fe0d
ff45
0193
009b
00d4
016f
ffd5
ffbb
00ad
0002
ff46
ffbd
fec8
fea7
006a
002b
00a2
0133
ff7c
ffea
0114
ffe7
ffce
fff1
fead
fe98
ffce
ffd1
0048
00c1
0056
001c
00a5
00b8
0093
ff92
ff1b
ffd0
ff56
ffea
0099
0013
ffeb
ffd8
ffbe
008e
0069
ffdb
ffdf
ff2b
ff7e
0039
0008
008c
00b6
002b
002b
00e4
0079
ff62
ffec
ff63
fe5c
fff5
004f
ffad
0078
004c
000c
0043
001f
ffe4
ffac
ff50
ffd7
00cb
0014
ff83
0008
ffab
ff53
00e2
0148
0041
fff8
0015
ff8c
ff16
0013
005b
ff29
0003
00f2
ffdb
0034
0164
001d
ff45
002c
0013
ff49
ff98
ffb1
ff50
ff3d
ffa0
003b
0046
00ae
016f
00d9
fffc
0049
ffd3
ff1c
ff3c
ff6f
fff7
0012
0009
00c2
ffdc
ff9e
0017
ffba
0006
013f
003b
004d
004b
ff75
ff63
0005
ffa7
0023
000b
ffea
000c
003f
ffe7
002b
0050
0012
0083
0081
0028
0017
ff73
ff39
0035
0027
ff95
0054
0005
ff7b
0054
0057
ffca
000b
ffca
ffc9
00a8
005b
ffef
0018
fed5
fe14
ffd5
007b
0081
014f
0103
ffc2
ffb4
fff4
0026
ff93
ffa5
ff07
ff1c
003e
0108
0077
0022
0008
ff52
ffb9
0026
0044
005d
ff95
ffb8
003a
0005
fff6
0057
0015
ffb1
0089
0049
ff21
ff82
ff7b
fef8
0020
0118
00b4
0084
0040
ff81
ffe3
002b
ffd1
002d
ff73
ffc4
0069
ff72
ffb3
0011
ff03
0001
0160
00a7
00e4
00eb
fffd
ff73
ff85
ff34
ffca
ffbb
ff9d
0078
0062
ffce
0089
000d
ff4a
ffd3
ffdf
ffca
0022
0085
ffa9
ffc0
007a
0090
00a1
00c2
ff7d
fed2
feaf
fe68
ff3e
0055
001c
0103
0153
00f0
0158
0073
ff33
ffb3
fedf
ff62
0058
ffa6
007e
007a
fea2
0035
013d
ff53
006e
0118
ff37
0004
00ab
ffc2
0000
000d
ff6b
0056
008a
ffb9
ff63
ff75
febe
ff1b
0032
003f
0101
018d
0088
0016
00c3
ff8b
fef5
ffb5
fedd
ffa6
0070
ffe6
ffee
00b1
ffd0
003e
013b
ffec
ff92
00e3
fed7
ff19
00cc
ffc6
ff4c
0130
ff4f
ff65
014f
008f
feff
0062
ff59
fe69
000b
0108
0077
00ba
ffe2
ffa4
ffd7
0048
004d
fff2
ffb0
ffa2
ffec
ffce
0021
0003
ffd1
ff96
004d
00b5
0079
0019
0008
ff67
ff0a
ff59
005c
0064
ffef
00b8
007f
ff94
0025
ff2f
fe74
ff4a
ffa3
0068
00da
00b1
012d
0063
fff5
0112
0047
ff15
002b
ff5a
feaf
004b
0092
ff02
0065
00ad
ff44
008f
0124
ffa6
ffd3
ffef
fff8
0043
003e
0044
ffda
ffce
ff8b
ff0e
ff54
ffd3
ffbe
00f1
0109
0064
00d8
0047
ffde
00a4
000a
ff6c
0000
ff4b
ff51
00a2
0004
ff8e
fff1
ff5a
000e
0088
005e
00c5
0047
ff9c
ff7a
ff6b
ff8a
ffac
ff58
ff5b
ff8b
00d6
00ea
00b4
00ea
ffa6
ff64
005a
ff6e
ff19
0065
ffc8
ff0c
008c
010b
0018
00b3
00a9
ff54
ff8d
ff44
fe61
ffbc
ffaf
ff94
00f2
0117
004f
00c7
011f
ffbe
ff73
ff91
ff13
ff5e
006b
ffde
ff89
005d
ffe2
0008
00c8
0048
003b
004a
ff6d
ff8e
ff9d
fef7
ff83
008a
004a
00b7
0128
0072
fff8
001d
ff58
fec2
ff5c
ff58
0053
0180
0166
0083
004c
0062
ff4e
ffaa
0080
feba
fe64
ff97
ff1c
ff6c
0086
004d
0030
00f1
00ea
00c0
0090
ffe5
ff9a
ff3a
febb
ffed
001f
ff85
0083
0072
ff81
0055
0025
ffe5
ffc2
000d
0002
001e
0060
0091
004b
005d
ffdf
0025
0082
ffa9
ff69
ff43
fe1e
ff5d
003c
ff38
00cf
01e4
00bc
00ff
0138
ffac
ff40
ffb4
fee4
ff3a
0031
ff72
ff80
0078
fffa
ffd6
0002
002a
0033
005b
0003
0028
004f
ff73
ffa5
005a
0051
0050
009f
0060
ff57
ffab
001b
fef7
ff33
002a
fff0
0038
00de
00c7
0045
ff64
ffe1
0047
ff6d
0050
005f
fed2
ff3c
005f
ff1e
0059
00c5
ffde
00df
00ba
0013
0002
ffa1
ff67
ffa0
0044
00c9
00b5
00ba
fff9
ffaf
ff9d
ff12
ff2e
ff43
ff6d
ffa8
0066
0066
0024
00c9
00e3
003d
0059
0027
ff2e
ff7e
ff9d
ff1e
ff66
0044
00d3
006c
0034
00ac
ffd7
ffd5
002c
ffb7
ffd6
0094
0028
003f
0041
0005
ffdc
0000
ffc4
ffe2
ffda
ff57
ffa0
ffb2
ff59
0068
0071
0039
008a
00c4
005e
0021
ff8e
ff7e
ff24
ff0f
ffc0
00a0
006a
00a1
00ae
0008
ffd0
fff9
ff7c
fff0
ffdd
ff8a
fff3
00ae
00d3
0076
00e0
00ce
ff73
ff1d
ffcd
ff8d
ff1e
ffff
ffd5
ff09
ffff
0070
005f
0051
ffe1
fffe
0040
0023
00a9
00cb
001d
ff99
ff7c
0028
ffcd
ffd4
0010
ff0c
ff3b
ffc3
ff44
006a
0113
ffee
0017
00de
ffee
0017
0065
ff8d
fefe
ff95
0006
002b
00b2
00c0
0058
000d
ffef
ff9c
001a
ff95
feec
ff95
ffed
ffdb
00a8
00da
ffd1
00e9
0079
fff6
0043
ffaf
fec1
ff4a
ff7a
ffd0
0037
fffe
ffe5
ffff
0034
0068
0033
001e
ff64
ffb1
007a
0009
0050
0064
ffc1
ffc8
ff90
ffc5
ffea
ff78
ffc7
ffc8
ffe2
0048
009d
0035
0044
002e
fff3
0007
ffd9
ff98
fffa
0033
ffdd
0039
008d
fff2
ff93
ffbb
ffbb
ff87
fff0
ff9e
ffa0
006e
003e
004b
00cd
0019
001a
ff94
ff8a
00aa
005e
fff4
007e
0012
ff2b
0021
009a
ffcb
0056
0049
ff67
0020
0026
ff74
ffe3
0010
ffa9
0079
012e
003e
0069
0057
ff30
ffb4
0038
ff2e
ff35
ffee
ff2c
ff6c
00ad
ffff
ffe8
0132
0075
0082
0194
ff6e
feaa
0092
ff5c
feea
00fb
ffde
ff1c
0151
0064
ff2d
008c
ff6e
fe52
0046
0082
ff84
00d2
00cc
ffad
00c8
0157
ffb5
ffcb
ffd1
fe3a
ff02
001e
ff2e
ffd1
009b
002a
00e1
00dc
0095
002b
ff5a
fe17
0012
fff3
ff6c
0083
005d
ffbc
00c0
ffdf
ff96
0053
ff47
ff5e
002b
ff80
ffd0
00d6
00b7
005e
00e5
00c8
ffc9
0015
0019
ffa0
ffbe
ff7f
ff2a
ff7a
ffe8
0039
0056
0042
0038
fffe
ffee
002d
ffb0
ffeb
000e
ff56
ff9b
0038
005a
0099
00a1
006a
ffeb
ffcd
ffa6
ff2f
ff95
0004
ff6f
ffe2
fffc
ffe8
0133
0195
00fc
00e7
0047
fedc
fe9f
ff47
ff61
ffe6
0070
003c
ffed
00ed
00ae
0027
0055
ff6f
ff15
ff9d
ffe4
ffab
ff81
0076
0064
0018
013c
00f5
0016
ff86
fed3
febb
ff20
ff8e
0060
00c5
0094
008f
0073
003d
ffce
006d
ffc5
fed8
ff78
0081
ffb2
fffb
0175
ff94
ff46
0187
00df
ff86
0043
ff1f
fd90
feba
0051
ffa5
009f
0196
0029
000b
00e5
005e
ffbd
ffb4
ff16
ffb2
ff92
feab
ff9f
fff3
fec2
0082
0188
006e
00d0
007f
ff4c
ffbc
0004
ff98
008a
0028
ff0c
002e
ffd8
0006
0069
ff07
ff43
000b
ff86
00b8
0169
0018
ffb1
0070
fffc
ffe5
009c
0014
ff69
ff84
ffb4
000e
003f
0043
ffe5
ff9f
ffba
001f
0045
ffe8
ffae
ff74
ffd1
0071
00cf
010c
0099
ffd5
0020
ffd5
ff6c
ffd8
ff4c
fe7a
ffd9
001f
fffc
00d5
0105
ffe2
002c
00b2
0098
ffdb
00ae
0031
feb7
ffdb
0031
ff72
0018
ffdc
ffcc
0094
0051
fffa
fff2
ffa1
ff46
002c
00dd
00a6
00a7
0008
ffbf
ffe5
0017
ff54
feb2
ff78
ff4f
ffb0
015d
0057
ff9b
00bc
ffa9
0002
0113
0057
ff88
ff57
fecf
ff6a
0045
00fc
015d
00a0
0033
006e
ffd7
ff82
fefa
fecf
fe52
ff59
007a
0088
011b
016a
ffd6
ffb6
00b0
ffa0
ff88
0076
ff01
fe79
0071
ffdb
001f
0187
ff8f
ff2b
00c2
ff65
ff34
008e
ff18
fec1
00d2
011d
00d3
023c
0085
ffa8
ffde
ff6b
ff72
ffd5
ff54
ff19
0060
000b
0069
0134
0061
ff8e
fff4
ffa3
ff62
0023
0006
ff67
0001
006f
005e
00ce
0059
ffb1
0088
ffdf
fedc
ff84
fee2
fea3
fff2
00c2
0102
01d5
0110
009f
005f
ffcd
ffd4
ffe6
ff27
ff37
ff87
ff53
001f
005f
ffa7
ffb8
ff0c
001d
0110
003e
0060
0053
ff78
ffe6
0086
0024
fff4
ff9f
ff6c
ffaf
0099
007a
001c
fff6
ff3e
ff83
0038
ffad
ffd9
ffd1
ff51
ffdb
0108
011e
00df
0117
fff5
ff24
fff4
ff29
ff18
ffc8
ff3c
ffd3
0137
003d
0009
00b5
ff7a
ff6d
00a4
ffe2
ff7a
001b
fff4
ff5a
0050
007c
008c
0121
007d
0006
0033
ff28
fed5
fee6
fe9b
fefd
0040
0096
00ff
0197
0187
003b
00be
ffd3
ff13
ff8e
fef1
fe79
ffbb
ffe1
ff89
0051
0088
ffa6
00c3
00e0
ff67
0004
ff8f
ff0e
ffe5
ffe2
003d
00a9
00a1
00b0
00c1
005a
ffea
ff83
fe90
ff5e
ff69
ff9d
0059
000c
0054
0089
0054
0118
00af
fff4
ffd4
ffd0
ff58
feb4
fef6
fff1
ffef
0076
00a0
0035
006c
ffde
ffb4
004d
fff0
ff69
0030
008f
0028
00db
0107
fff0
0030
001e
ff81
ff4e
ffb7
ff73
feec
ff99
ffe9
006c
008b
0068
0103
013d
fff0
ffc2
ffbf
fecd
ff17
0034
ffe6
0055
00f4
0051
ffd0
0050
ffaf
fefc
ff4f
ff46
ff53
0099
0084
006d
0144
003e
ff49
009a
0002
ff70
006f
ffe9
fed6
001e
0079
ffbc
006e
00a6
ff77
ffe1
003d
ff43
ff84
fff2
ffd1
ffd3
0056
007b
0078
0095
004e
0005
fff9
ff31
ff26
ffda
ffab
ffa2
00c1
005e
ff0e
004b
00d2
0073
00bc
0132
ff8f
ff63
ffcc
ff44
ff34
004b
ffc3
ffa3
0060
002c
ffce
ffdb
ff41
ff3f
ffd6
ffb2
00b4
011d
0046
01af
0114
ffa2
007f
005a
ff83
ff6d
ffec
fe7d
fe1e
ff51
ffdb
001f
00da
0146
0126
0074
0085
008a
ff96
ff64
ffad
ff94
ffd6
0054
0035
ffb1
ff0e
ff19
ff34
ff4b
0047
00dd
0087
0060
0123
00b2
002c
00ab
0084
ff70
ff65
ffab
ff17
ff54
ff97
ff20
ffbd
ffd6
0015
00e9
00a6
0021
009b
003c
ff54
0026
fff4
ff61
0077
006f
0003
0020
ffb2
ff07
ff3c
0072
0047
ffa7
0055
0013
ff28
fff4
00eb
00d6
0079
00b4
ff93
ff42
ff9f
ff9f
ff58
ff5c
ff52
ffe8
0017
010d
01b8
0035
ffec
006d
ffb4
ff4f
ffed
ffc7
feef
ff57
ffe0
0023
0076
00ee
00e6
002f
0010
ff9a
ff6b
ff83
ff93
ffac
ffda
fffe
0046
00f3
0085
ffa7
0010
ff3b
ff16
0039
fff1
004a
0172
000b
000c
00f6
ff95
ff57
0075
ff06
fea6
0018
ff5f
ffde
00e0
0099
0087
007d
0030
005d
0078
0025
007e
ffa4
feed
ff90
ff43
ffc1
005a
00a9
0078
ff8c
ff92
ff7e
ffd6
0032
ffaf
fff6
0064
fff3
00d3
00e9
0048
0008
ffda
ff76
ffa5
ffca
ff12
ff0e
ffca
ff89
001f
00d7
00d1
00d9
00ca
0079
0013
ff90
ffbb
ffa6
ff76
ffdf
0066
ff76
ff7c
fff4
ffb8
fee2
ff7e
0050
0076
0082
017c
0064
ffd8
0064
ffdd
ff39
007b
0047
ff52
ffea
ffa6
ff4a
ffbc
ff8e
ffc2
0040
006a
008e
00a8
0093
006b
000f
ffaa
fff8
004f
001c
ffc8
ff59
ff48
fec5
ff48
009d
00c5
006e
0142
008a
ff64
0049
ffe9
ff51
0034
0086
0044
00c3
00ba
004a
ffb2
ff4b
ffa3
ff89
ff99
005c
0020
ffb3
ffda
0042
001b
ffdb
0076
008f
ffdb
0033
0045
ff28
ff53
ff91
ff12
ffa7
00a4
0065
0042
0077
0054
000e
fff0
003a
004c
ff85
ff65
fff6
ffe5
ffd9
002e
0068
003f
0023
00af
006c
ff62
ffb0
ff62
fe96
ff27
ffce
ffa9
fff7
0106
0022
008d
0078
ffeb
00ed
0097
ff80
0050
ffba
fef8
ff7f
ff87
ff15
0033
0097
003e
00a3
0052
ff50
ffd8
ff9f
ff71
006c
00d5
00ac
00ce
00b7
ffbb
fef9
fee1
fef1
ff3a
ffd0
0059
00b9
00e8
00f0
0165
00f9
003b
ffb1
ff37
fea8
ff7e
ff69
fed3
ffd5
002d
000c
00d2
0153
0041
fff0
005c
ff61
ff18
0019
ffe0
ff59
004e
008d
ffa9
00fd
00e9
ff5d
012a
0094
feab
0089
ffb7
fef3
001f
ff88
ff13
005a
002a
ffc0
0090
00c9
0007
ffe9
003d
0028
ff48
ffd8
ffa6
ff0e
ffb9
0042
0001
00a7
00c9
ffc0
ff4f
0090
ffbb
ffc9
00b0
ffa4
ffcd
004e
0017
009e
0022
ff51
ffa6
ff64
ff76
001c
0074
00c1
0078
005a
000f
ffbf
0026
ffa1
ff3d
ff5f
ffa2
ff91
0063
010a
007b
0021
ffe6
006c
0097
0011
ff5d
ff46
fea7
fece
ffe5
002d
ffc8
0046
001a
0130
01bb
01a1
00d3
ffe1
ff62
ff5d
ff27
ff8b
feee
fec1
0016
ffe8
0038
00d8
fff2
ff9e
0050
000a
0030
0083
ffca
002c
00a7
0060
0010
ffc7
ff72
ff5a
ffd1
ffee
0046
ffa7
ff61
0043
0059
0028
014d
009c
ffd4
0050
006a
ff86
ffbf
ffa8
fee2
ff03
ff67
000b
0041
0022
0061
003d
0030
002f
0013
ffe1
ff72
ffe5
003b
0061
00e2
0108
0039
fff6
0010
ff9c
ff98
ff58
ff25
ff60
ffcc
0089
0106
000c
0045
0091
ff6d
ffae
0186
0025
ff64
00d4
ffb1
fe4b
ffca
ff89
fe51
ff52
0062
fff2
011c
01e2
00eb
00cd
0090
ff0a
ffbe
ffce
fe77
ff8a
0023
fef9
0050
00ec
007e
00c6
005e
ff7c
ff58
ff9c
ff11
ff96
0099
0056
000b
00b0
00c1
002b
ffe2
ffe3
ff75
fe46
ff5f
0039
ffb3
0036
00f0
ff6a
ff7c
004b
ffba
002c
012f
0076
ffe8
003a
00a5
0007
0009
ff6c
ff9a
ff88
ffec
009c
0054
ffed
0040
ff77
fff0
0035
ff18
ff5c
000b
ff4b
ffc3
0137
0085
004c
0143
ffb2
ff18
00cd
ffd5
fe23
006f
ffe7
fe94
0132
00eb
ff6c
00c5
fffc
fec8
0022
0062
ffd2
0037
0077
00b6
001c
ffad
ffce
000b
ff96
0038
0044
ff59
ff53
ff91
ff58
ffdb
00ab
011c
ffef
003a
0086
0056
0038
fff4
ff7d
fef8
ff2e
ffa3
0009
fffb
ffc1
ffe5
ffcc
0007
00ae
0029
004c
0029
ff85
ffb3
004b
0043
ffe5
00b0
006e
ffe9
000e
fff4
ffaa
fff9
ff51
ff4c
ffcb
000c
0093
00fa
0083
006c
ffeb
ffe0
ffed
ff44
ffb6
fff8
ff6d
001e
00a0
0060
ff96
001b
0099
ff9d
ff89
0093
ffe4
ffa3
006b
ffa3
ff54
006d
0030
ffd8
00ce
0026
ffb7
0012
ff41
ff65
0018
ffba
000d
001a
ffcb
0068
005e
0069
008d
0070
00c7
fff1
002b
ffda
ffbb
ffc5
ff5d
ff0a
ff6c
ffbf
001a
0049
001f
ffc0
ffa9
ffe9
0031
00cc
0088
0026
0049
fffc
ff77
ffff
ff7c
ff8b
0094
ffcc
ffe8
0093
ff4c
ffde
0049
ffb4
003e
00f5
0025
001a
0015
ff74
ff4d
ff6f
ffe7
0038
0014
002d
0034
009a
004b
007a
0083
ffdb
ffcc
00a8
ffaa
ff3b
ffd7
ff72
ff44
004b
ffe7
ffdd
0060
00b0
00cb
00e7
008b
ff90
ff30
ff8d
ff51
ff41
ffc3
0014
ff74
0021
00af
0092
014f
00df
ffea
002c
000b
ff1f
ffdf
0058
ff0b
ff40
002d
ff4d
0043
011f
0034
ffbf
000c
ffcb
ff8e
0044
00d3
ff72
ff72
fffc
ff4c
ffca
00c6
ffec
0009
0082
000e
ffa5
fffa
ff78
ff10
ff74
ff7e
005a
0105
00fb
00eb
001c
ff07
ff3b
ff76
ff83
002c
0022
ffe2
fffd
00a5
00e7
0049
0030
0040
ff3e
ff77
ffd2
ffdc
0005
006a
00f0
0096
00ae
0099
000c
ff07
ff9a
fe83
fe57
ff91
ffca
009a
01d5
0095
0013
0026
fefc
ffbe
006a
ff55
ffe8
00da
ff93
ffd8
00e9
ffed
ff8c
0045
0011
ffa8
006d
009c
ffa1
ff0f
ff72
002b
ffab
ff8e
00ca
ffed
ffa9
0147
0054
ff29
00a0
0026
ff16
0040
0036
fecb
feae
ff4d
ffa9
004d
0174
013b
00e3
0036
ffb1
002c
ffd7
ff8c
002d
ffbd
ffae
ffde
ffdc
ff38
ffa9
fff8
ffbc
ffdc
00e7
00df
00e9
0121
00b2
ffcf
ff91
ff6d
ff8a
ff51
ff4b
ff76
ff1e
ff90
00dd
0057
002d
00ca
006e
0027
00ab
0097
ffa1
ff62
ff7e
ffb7
ffbe
ff94
fff2
0077
fff5
000e
0141
0136
ff7d
0046
0053
fe84
ffe4
0006
fe89
ffdf
0079
ff88
0105
017e
003a
ffdd
ff33
fecc
ffb8
ff8c
ff83
003f
fff3
0052
0123
0092
0014
fff3
ff77
ff7d
00a6
0025
ff85
0026
ffb9
ffc8
009e
0090
002b
ff9c
ffd6
fed1
ff91
000c
feff
ffa6
00af
0050
00b6
0142
00d6
0043
ffdc
ff39
ff4e
ff4e
ff68
ffb3
ffd5
0048
0094
0094
007a
0052
0016
0032
ffc0
ff76
ff7a
fee1
fee3
ffe8
00a6
00de
019b
015c
0081
0025
ff4a
ff1f
fef4
fea7
ff92
ffc1
ff95
00e5
00e7
005d
0071
00c0
ffe2
fffa
001c
ff95
ff39
004d
004d
ffd2
fffe
ffda
ff62
007c
00a6
ffee
fff7
ff99
ff0e
ff80
007b
0116
009e
0027
0041
0037
ffe9
002d
ffdf
ff3d
ff6c
ff6d
ff82
0020
ffd8
ffd9
0086
001f
004d
00ec
0030
fff3
ffae
ff51
ffa3
ff26
ff4c
0056
005d
00c2
0157
fffc
ff86
fff7
fefc
ff70
00c3
ffb6
ff9d
008e
00c3
00f8
013e
006c
ffc5
ff6c
ff3a
fee8
ff61
fec8
fe47
ff53
0041
0099
0219
01a4
fff1
ffde
fff1
fe98
ff86
fffd
ff93
ff71
0075
008e
00a1
00d9
003d
ffd8
ff84
fe9a
0043
ffe7
ff56
fff9
005c
fff5
014f
0130
00b3
0068
0008
feb1
fe67
fea9
fe5b
feb9
0098
011d
0114
01a7
00e4
ffbd
001c
003f
ff8c
ff41
feeb
fed9
ff94
ffe9
00b8
0163
00e6
009f
00da
008b
001b
ff8b
fee3
fe4d
fe0b
ffac
0127
0055
015a
010a
ff7f
00a9
00bc
ff1c
ffa1
ff6c
fe67
ffd6
0094
00e8
0174
0119
ffb3
ffe0
ffd5
ff85
ffc4
ff51
fe64
ff7f
0016
ffc8
0199
01de
fffc
0069
0122
ffd3
ff97
ffee
ff0c
fea8
ff87
ff99
0049
00f4
0074
0043
0020
ff93
ffd5
ffb1
ff93
0056
ffed
ff96
00b6
007f
0054
00ef
0055
ff53
ff6a
ff58
fe4a
fe86
ff17
ff97
0007
0139
0215
01fe
0160
013f
009d
ff57
ff2d
fed0
fe5a
feae
ff9a
002d
ff78
001b
0070
ff03
ffe7
0140
001a
002f
00bb
ff9e
ffc0
00ab
0036
0009
0071
ffbc
ffc5
0086
ffa3
ff47
ff9c
fe8e
ffa0
00bc
00ae
0085
01da
00a3
ffac
0131
0110
ff4a
ffce
ff5e
fdce
fec0
ffe8
ff52
0021
008b
0018
00a4
00d1
008a
008c
0003
ff38
0025
0012
0052
0157
0098
ff83
000b
ff22
fedf
ffe6
fff2
ff65
001d
ff9a
ffa3
004a
001e
0068
008b
ffad
008d
00d2
0003
0056
0028
fe81
feca
ff6e
ffd2
ffdb
002d
0012
ffb9
00ad
008b
0007
009b
0085
fffc
fff9
0003
ff73
ff8a
ffe6
0030
005e
ffab
000a
ff86
fee9
ff8f
0035
ff31
ffce
00d4
0083
0100
0109
0075
000d
ff76
ffb7
003f
ffca
fffd
0078
ff9c
ff2a
003b
ffd1
ff27
0059
ffec
ff23
00da
008d
fff0
00c3
0027
ff01
0032
008e
0036
0082
003a
ff89
ffdd
ffbf
ffa6
0021
ff86
feea
ffb0
0005
fffb
00e3
00f9
0049
00bf
00c5
ffe6
ffd5
ff45
fefe
ff18
ff99
0097
009c
0032
0035
ffcf
ff19
ffcb
0012
ff09
0065
ffe7
ffa9
011c
010e
005b
ffe8
ffcc
0030
ffa8
0007
0083
ff42
ff4a
ffc1
ff5b
ffd9
009b
0059
ffcc
0039
0054
0059
00b7
00c1
002e
ff96
0027
ff9d
ff4b
ffcb
fffb
ff37
ffd6
ffde
ffbd
002f
0010
ff81
0032
0019
ffc7
009f
0165
001a
0045
0042
fec5
fed9
00db
ff57
ff9e
011a
fff3
ffdd
00e8
002c
ff50
ffc4
ffc2
ff5d
fff5
013b
00c0
0005
005e
ffcf
ff5f
ffd2
0085
ff81
feae
ff88
ff92
ff5f
00b7
00fd
0019
002f
0067
ff9e
ff9b
001e
ffd4
0006
0057
fff9
00ba
0060
ff81
008b
0018
ff63
000a
ff48
ff91
ffe0
ffc9
ffe3
ffd2
00c2
00ef
0039
0136
00fa
ff2f
ffea
fff5
fe9e
ff82
fff4
ff8a
ff9e
ffe3
ffff
0016
000e
00d5
0088
001e
00ac
004e
ffb9
ffe9
005e
ff92
ff6f
0068
ffa6
ff3a
00b3
0037
ff64
ffc3
0054
003b
0064
00a0
0073
ffb4
ff93
ff21
0023
0031
ffcc
0036
002d
ff7b
00b0
0087
ff3a
ffae
ffe9
ff3b
008c
0064
ff51
ffdf
ff77
ff5c
006a
00b2
00e2
0085
0038
008a
0020
ff59
ff65
ff40
fe5f
feb8
ffdd
ff84
ffa6
0198
014d
00ce
0145
0081
ffc9
0018
ff74
feb5
ff47
ff52
ff80
007d
0058
001a
0056
ffab
ffc5
007a
ff30
ff3e
00b9
ffe3
002c
018e
0053
ff3a
0024
ff98
ff35
004e
0049
0020
0006
ffe1
006a
0007
000f
0020
ffd2
ff0a
fff9
00c8
003b
0042
0051
feeb
fee3
0064
0032
0074
01af
002f
ff4f
00bd
0034
ffa2
0049
ff81
fe16
ff69
000c
0066
01a2
0174
00a5
003a
ffa2
ffda
ffc5
fe83
fe5f
ff2e
ff59
ffd3
00d8
00f9
0024
ffea
004e
000a
0032
0101
ff2e
fe57
0062
ffc3
ff3e
00cd
00ec
ffe8
0097
00f5
00d9
0015
ff95
ff07
feea
ff4e
0025
0090
0037
ffcc
00da
0053
0069
00d1
0097
fea7
ff2c
005e
fec9
ff59
00b5
ff23
ff20
003e
0014
0017
0022
ffc4
ffe7
ffbf
fffa
0146
00e0
fff9
0113
005f
fee7
fff4
ffba
fe58
ff34
0023
ff5f
00c8
0183
003b
00d4
0112
ffb7
004b
0088
fee5
febe
ff67
ff25
ffbe
006c
ff38
ffab
0056
0036
0146
016f
fef5
fec1
ff5c
fec6
ffd6
0168
00ab
0029
00ae
0052
0098
008a
ff96
ff6b
ff6e
ffb7
00d5
00e5
ffe1
ffc1
ffc7
ff92
0076
016f
0019
ff33
ff24
ff2f
ff94
00da
0131
0058
003b
0052
ff71
ff17
ff6e
fec5
ff2e
0014
00ad
0157
00e2
00da
00f0
ff75
ffc3
003c
fef8
ff30
0019
ffbf
0028
002a
0022
0025
ff7b
000e
0129
0093
0029
005f
ffce
fee4
ffdf
0006
ff90
fff0
0059
ff84
000c
002c
0010
ffe2
0040
0029
005c
0033
ff23
fec8
fed9
fec3
ffcf
00e1
00e2
00de
0123
0019
ffec
00a4
ffba
ff8c
ff61
ff75
ffc2
ff7c
0043
0045
ff6d
0018
00ac
ffba
001b
0088
ffc7
ffeb
004c
ff57
ffab
ffc7
fff1
0001
005e
0069
004c
ff6c
0083
0032
ff4d
ffb6
006c
feff
ffee
008f
007a
0048
00b5
0023
fffe
ff8d
0000
ff95
fee9
ff98
0006
ff1e
0046
00ab
009a
00e0
0023
ff7d
0030
ff99
ffa6
00ab
0058
0005
004e
fffa
ff54
0024
0079
ff69
001f
00af
ffb1
004e
00c4
ffe4
ff49
ff3c
ff08
ffd2
0078
00a1
00a0
0039
0055
009b
ffc2
fff2
0055
ff20
fee9
001e
ffd0
ff8e
00b7
001f
ff40
0071
008b
fff1
ffc7
ffff
ff31
ff4e
003b
00d7
007e
004e
fff8
001d
ffe9
ff43
ffd2
ff4b
feff
ffe2
00ba
00dc
016c
0134
fffe
ffca
0011
ff46
fecf
ff77
ff83
ff84
0005
0099
0098
0006
ffcc
ff97
0005
007e
0039
ffca
ff88
ffe8
002c
0117
010b
001c
ff1e
ff46
ff4b
0036
006e
ff4b
ffe6
0039
ff53
00b7
0193
ff45
fee5
0037
ff76
000d
01b9
0073
ff26
0004
ff49
ff39
005c
0027
ff9e
0057
0068
0005
0065
0055
ffa0
ffc3
0016
ffb1
ffda
ffee
ffd4
ff7c
ffe4
0090
0096
00b2
00f1
ff5b
fef9
ff5a
fed9
ff4d
0062
ff91
005d
0161
00e8
0197
01d8
ffb8
ff4a
ffa1
feb0
fed8
ffab
ff1f
ff75
0052
006e
0122
0114
0012
fff7
ffc1
ff38
0005
ffd8
ff97
0025
ffd7
ffe3
004f
00c4
004d
ff72
0086
00ba
ff87
ffa8
ffd9
ff81
ffee
00b4
004c
001a
ffaa
ffd2
ffa5
ffea
fff5
fffa
ff46
006d
0165
0027
005d
00fb
ff9b
ffd1
00cc
ff72
fe57
feae
fe2f
ff01
0019
00e8
013f
0139
010c
0107
00a0
0032
ff06
feab
fecc
fe89
ffa6
fff0
001c
00bb
0072
ffc7
0116
011c
006b
0099
ffe2
fee5
fefa
ff4d
ffc4
0057
0070
0014
00ce
0080
ff81
ff4c
feac
feed
ff50
ff87
008a
0121
00fb
00fe
00bd
00c1
0061
ffdd
0097
ff85
fe7f
fec3
fe6d
fedf
0020
00b4
0146
01a7
0142
00dd
0010
ffa3
ff64
fe7c
fea0
ffca
ff76
0004
00ed
00be
003d
0058
fffc
ffb8
ffa5
ffc1
feda
ff5c
ffa2
0019
0107
01c7
012e
00fd
008d
ffb3
fec9
fe9c
fe39
fea5
ffac
0020
00af
011e
0085
006d
012f
ffc6
ffb2
0001
fec8
ff80
0055
007a
00b0
0007
ffe7
0042
ffb5
ffe7
006e
ff73
ff33
ffcf
fffa
005e
00a4
0094
0018
ffb5
005a
0055
ff14
ff48
ff4f
ff31
0026
00fd
00a5
00f6
00ce
0037
ffe1
0080
ffad
ff1e
fef4
ff42
0008
fff8
ffed
006c
000f
004e
00f0
00e4
0007
0066
ffad
fed9
ff8b
ff67
fe43
ff53
ffee
0029
014c
018b
009b
0021
0038
ffc3
ffae
006f
0024
ff98
0033
000b
ff63
0061
ffef
ff9f
0004
ff23
ff3f
ffb3
ff5d
ff0b
ffe4
0094
0040
00bd
020c
0067
000b
0098
ff1e
ff21
004c
0015
0023
ffe1
ff23
ff42
ff5f
ffc0
00bf
0051
0044
00e0
0101
0050
00c6
fffd
fed7
fed7
ffe2
ffb7
ffcb
002b
ffc3
ff99
0018
0027
0011
009d
003c
ffe4
0119
0058
ffe4
00eb
ff94
fec7
0084
fff8
ff65
0062
ff78
fdfb
0005
0011
ffb0
01db
01a2
0013
0199
0116
ff00
000c
ff9a
fe3d
ff80
ffd8
fef7
0053
0059
ff83
ffef
0046
0017
00c0
00d4
003e
0021
003f
ff2e
ff4e
fff3
ff31
ff8c
00f7
0079
0007
00bf
002f
ff51
ff50
004d
0014
ffe5
005a
fffd
ffb1
0066
004f
0063
fff1
ffda
ffc0
ff4b
ff10
ff87
ffa6
ff43
fff4
00db
0077
0094
00b6
ff79
fee6
ffa6
ffa9
ffd0
007c
fff6
ff56
ffc6
0028
0000
00b5
00b6
008a
00c3
0058
ffdb
0090
ffd9
ff2c
0016
ffe1
ff26
00cb
0054
ffc0
fff2
fff8
fea1
ffa4
009e
ff56
fffe
00c4
ff2a
ff79
0088
ffca
002b
00bf
ff96
0016
000f
ff5e
0087
0007
ff29
0127
00ae
ffdf
00e5
005c
ff0a
ff67
ffc5
ff17
ff93
00c0
004d
0022
00f3
0076
0059
0017
ffa6
ff23
fed2
ff95
0025
000f
0002
0047
0068
ffe2
0066
007b
ff85
ff33
0009
0027
ffbd
00d4
00ee
001f
0021
fff8
fff0
ffa8
ff7b
ffdb
fef7
ffac
0030
ffe0
005b
00a8
001b
0017
006a
0088
0044
ffd9
0014
ffde
ff55
0011
fff5
ff99
ffcd
ffd0
fffb
0054
0043
00d5
0017
ff2a
0071
ffd7
ff4b
0105
0070
fef5
002b
fff2
ff3f
ff8f
ffd5
0007
0029
ff6c
00b8
00bd
ff87
0053
008c
ff5c
002d
0087
fed5
ffa2
009a
ff5f
ffbd
00b4
ff9e
fffc
00bf
ffa7
fff2
008b
ff6b
ffcd
0070
ff76
001d
00ca
ff8a
ff56
009f
ffed
ffe1
009a
ffad
ffe5
0067
fffe
0035
001c
ff5a
ffaa
ff83
ffa2
0034
ffc0
ffac
00e6
0042
000c
0143
ffb3
ff2d
00b6
ffbd
ff2e
007c
ff7c
ff3b
0053
ffea
006d
011e
00a1
00d4
0011
ffcd
ffe3
ff53
ff15
ffb7
ffb1
0040
003b
ffc4
008e
0056
001d
00b3
ff9a
ff17
ffac
feca
ff7d
003b
000b
00a0
0127
00a3
00ef
009e
fffa
ff5f
ff40
ffab
ffa8
ff56
005a
0047
ffcd
fff0
ffee
ff49
ff8b
0097
003e
0017
0077
0040
ffec
00c8
00a1
000c
ffcb
ffcc
ffa5
0019
ff9e
ff22
fff1
ff9e
ff24
00a0
00a1
ffc4
0122
00a9
ffb0
005d
ffe8
ff13
ff8d
ff75
fedd
ff61
ffe7
ff85
004c
0165
0011
ffcc
0055
ffc4
ff6a
0078
0077
ffb0
0033
009b
0048
0101
00be
ff88
ff57
ff24
fe9d
ff77
ff99
ffb0
0097
0012
ffc2
00c5
0093
0074
00a1
ffd0
fffe
ff3e
ff0c
ffbd
ff74
ff9a
007f
0070
ffc2
0075
0017
ff6d
0058
0019
ff2d
0011
ffef
fff3
0114
00fa
0063
00ad
008e
ff5c
ffb7
000c
ff4d
ffa2
ffed
ff66
0009
005a
fff6
0070
008d
ffbe
006f
002e
ff38
ffd1
ffce
ff38
ff9b
0032
00a2
00c3
00a5
0046
0006
ff6f
fee3
ffc4
ffa7
ff5a
0082
0080
005c
012a
00cf
ffe2
004f
002a
ffe3
ffc6
0004
ff5a
fee3
ff5f
ffef
ffa9
0069
006a
0031
006f
0029
ffd4
ffe0
ffca
004f
0052
ff9d
0004
0075
ffba
0013
0031
ff42
ffd6
002b
ffb0
ffcc
ff84
ff39
ffcd
0022
0013
00e0
00ff
0086
008d
fff9
ff10
ffce
ff71
ffb9
0027
ffc8
ffbd
ffb9
ff9a
0086
007b
ffe8
0027
0096
0068
003d
00ec
001c
ff91
ff6c
ff97
ff5e
0017
0026
ff68
ffb5
0072
ffe3
ffce
00b8
fff9
ff9c
0065
ffd0
ffd8
0054
ffd5
ffce
008e
004f
ffe0
006f
ffe1
ff9f
ff50
ff88
ffd4
ff07
002f
00b2
0044
0136
0127
fff0
0041
0059
ff91
ffda
003c
ffb5
ff85
0074
0040
004f
012e
000d
feda
ffcd
ff59
ff13
005e
ffdb
feee
0051
0016
009b
0162
0064
0017
ffe3
feaa
ff3a
ff4f
ff03
ffed
fffb
0015
00cd
009b
00c9
007a
ffcb
ffec
ffd7
ffec
006f
fffc
ff4c
ffcc
ffc5
0010
0049
008a
0081
ff8c
ff62
ffa8
ff2a
ffaa
003d
0052
009e
0110
00aa
fff2
ffc1
ffa3
ff0b
fe6c
ff47
ff7b
ffcb
00c1
00d6
0097
00cf
00c5
0007
ffd3
0004
ff46
fec6
ff5b
ff87
0006
0002
009f
012f
00ca
00be
0105
0003
ff6b
ff9c
fed8
ff28
0052
ff2d
0093
0175
ff03
002f
004b
fe51
0035
00f8
ffc6
0052
0027
feff
ffcd
00b7
ffce
0030
00eb
ff69
ff26
00a0
ff8d
ff0e
0077
ffe4
ff6d
0200
016c
0001
012f
ffaa
fe7c
ff95
ffd1
ffb2
ffad
ff93
fef6
0054
0082
0071
00bb
0026
0056
00a4
000f
ffba
ff2f
fe1b
fe96
001e
0105
0104
011f
00b3
0061
006c
007e
ff2f
ff0e
ff71
ff08
ffbb
0070
ff93
ffd1
ffef
ffb4
00ee
0198
007a
0041
ffd3
fef9
ff59
fff9
000e
ffdf
ff6b
ffa7
0013
ffee
0097
0038
ff3c
ffe0
002e
0013
00b3
010f
ffd8
ff9a
ffdf
ff96
0013
0056
ff79
ffcc
003a
ffae
ff84
ffc7
ffeb
fffb
00a8
00b0
005a
002b
ffdc
fff0
0044
ff78
ff6d
ff5c
ff29
ffe5
0019
ffb3
0032
0030
003d
00ec
00ae
002e
ffa3
ff4e
ff9c
0008
fffd
0079
00f9
0073
005a
0112
ffc8
ff0c
ff90
ff0f
ff29
0040
002b
ffc8
ffbf
001b
0082
0057
00d7
010d
00b3
0014
ffd9
ff2c
ff23
fea6
fe92
ff7d
008a
009a
00da
00fa
0014
0027
fff5
0010
0074
001d
ffb5
ffc2
ffba
0033
005e
006e
0087
ff6e
fefd
003a
ff79
ff97
002e
ff7c
0002
00e5
00c0
006d
0023
ff85
fe9d
ff6b
0086
ff72
ff39
0079
fff7
ffc4
017f
0105
fece
ff82
ffc1
ff15
ffff
0050
ff94
fff1
fffa
ffe3
00f6
005e
ffb9
009b
0091
000c
0065
ffea
ff51
ff40
ffa5
ffe4
ffa2
ffd1
005d
ffc8
0087
00f0
ffed
ff09
ff39
fee3
ffa9
00bd
00be
0023
0061
009e
007b
0095
00bf
ff7a
feba
fee3
ff26
ff81
002c
00d5
0022
00be
0120
008f
009c
001c
ff0f
ff13
fea3
ff33
009b
00a9
006a
001e
ffa7
ff7b
ff9c
0086
003c
ff5a
011d
00a6
ffcd
019a
0058
fead
004f
fff6
ff91
0071
ffcf
fed7
ff7f
ff1f
ffda
0044
ffa2
0047
00bc
0021
010d
00ee
ffbb
ff99
ff74
ff56
0078
0014
ff66
ff23
fef4
ffad
00e9
00cb
010d
0079
ff76
ff9b
0080
0002
0031
007d
ffd4
0013
0081
0046
0006
feea
fe9d
fedb
ff7b
ff8e
00ec
00fe
002e
001c
0052
000f
00a7
0076
ffcf
ff80
ffc8
ff87
fff8
0041
ff6e
ff89
005e
000a
ffef
008f
0044
ffc1
0022
ffbc
ffdd
00a9
00d8
ffda
ffd2
ffd1
fe64
fec3
0077
0042
003d
0137
0051
ffc9
006d
fff9
ff85
ffdc
ff82
ffe8
ffd7
ff76
00bf
fff9
ff14
006f
006a
0007
011a
00e9
001a
ffa2
ffcb
ff3c
ff36
0046
0007
ffa6
0039
ffaf
0011
00a3
000e
0017
ffe6
ff78
0010
00e6
0081
008b
0080
ff77
ffc3
005a
ffa1
ff39
ffb3
ff32
fef9
000b
0072
0038
009e
00bf
00c0
00aa
009f
00a6
ffb9
ff63
ffe3
ffa8
ffc0
0066
ffd3
ff4c
ffce
ffe1
ff02
ff47
0006
ffa6
004d
0094
00ca
0100
009e
0075
00de
0018
ff91
ffc0
ff63
fe5b
ff37
ffa2
feb7
ff89
004c
0019
00ea
0229
00e0
00a0
006a
ff48
ff8a
ff67
ff4d
0079
ffe4
ff89
0032
ff78
fee1
007b
ff93
ffc9
00d4
ffa4
ff7e
0045
fff7
00c0
00d4
003a
00f0
005a
ff90
ffe8
fee6
fdfc
ff14
ff92
ffcd
00e2
018c
0132
00be
0089
0032
ff87
ffcb
ff8a
fede
ff82
ffe5
ff67
0019
007c
0057
ffcc
ffdd
ffef
ffce
ff7a
0009
fff0
ff7e
00b4
0145
00e2
015e
00b5
ffc0
ff5c
febd
ff01
ffc4
ff10
0012
0095
ffb5
005a
00da
0009
0007
0065
0027
ffa7
ffd6
ffbc
feff
ff5d
0010
ffbc
0053
00f3
004a
0057
0084
ff92
ff66
ff8b
fece
ffb1
00d9
003d
0054
0156
00b4
ffdd
0062
0091
ff59
ff91
ffa4
ff0e
feb2
ff42
fffb
ffe1
009f
01b4
006f
fff0
00d4
ffef
ff31
000c
ffa4
ff88
004a
0094
0057
006e
ffe8
fef0
ff77
ff9f
ffcc
00cb
0040
ff76
fff7
003e
ffbb
0078
007f
ff41
ffc8
0056
ffde
0089
0136
0038
ffc8
0033
000c
ff60
ffa6
ff2a
ff25
ff90
ff7f
00af
0087
0048
005d
ffac
ffbc
ffee
0012
ffd2
ff96
00ce
0069
fee8
006f
ffff
fe6c
0078
00ff
ffa6
00d2
0148
ffc4
ffc8
0055
fff8
002a
0021
fff3
0019
ff7e
ff59
00c2
ffdf
ff3c
ff6b
ff89
fecf
ff7a
009e
00c4
0062
0091
00c1
fff8
ffab
0014
ff80
ff73
ff6d
ff9e
0025
0054
00eb
0124
0026
0026
0041
ff71
ff63
0020
ff28
ffd2
0108
0065
002f
0159
fffe
fee9
fffd
ffa8
fe98
ffeb
003c
fefd
ffff
00e8
ffc0
0019
00cf
ffba
ffc2
0091
ffcb
ffa0
fff1
ffce
004c
0038
ff68
ffdc
fffd
ffa0
00db
0132
ff9c
ff8d
0031
ffff
008d
007a
003b
ff7a
ff50
004e
ffff
ffa0
0056
ff71
fed1
006b
001f
ffd3
0085
ffd5
ffb0
002c
0005
0034
ff5f
ff3c
0024
002e
006c
012d
004d
ff79
000a
ffa9
ffdd
006b
0016
ff70
ff3a
ffec
006f
ffae
0043
007f
ffe2
ffed
0068
0000
0035
0008
ff92
0034
ff8f
ff94
ffe4
ffa0
004b
ffee
ff92
0079
fff6
ff8d
0085
0075
ffe6
0014
0026
0003
ffc6
0008
008e
0001
ff5c
0004
fff7
ff9d
fff2
003d
ffee
000b
ffe6
fff2
ff42
ff92
fff7
0030
0034
0084
00d9
0088
ff6b
ffaa
ff00
fea5
ffdc
00a8
ffe0
0047
0078
0035
0049
00ed
007b
ff63
ffb6
ff57
fee6
010a
00e1
ff67
0008
0006
ffe0
00c2
006a
ffa3
ff29
fefd
ffa9
003c
009a
0044
ffb6
ffac
0015
0028
008b
0034
ffa2
0021
000b
ff7a
0014
00a1
ff9d
ffff
003c
ffda
00c1
00f8
005d
007a
0083
ff6c
ff35
ff44
fee6
ff33
000b
005f
0057
00b7
007d
ffe6
ff79
ffcb
000b
ffc2
ffe0
0047
0029
0066
00a9
0068
ffdd
ffeb
fff7
ff66
ffdb
ffaf
feb2
ff23
0067
0085
0187
01b0
0091
000e
ffc6
ff15
ffe3
ffb0
fe91
ff3f
ffc1
ff80
00a7
007e
0066
fff4
0069
008c
0054
00db
0040
fea0
ff15
ff1f
fedc
004a
011b
008e
00d6
006a
ffb1
000b
ff90
ff1d
ff85
ff39
ff94
00f0
00a4
0085
01ac
0080
ff6d
ffcd
ff16
fed3
fee1
ff71
ffc8
00ad
00eb
0104
0171
0111
ffb4
ff55
ff0b
feba
fef9
ff68
ffc9
00ac
00ff
00ea
00f2
0115
0061
ffbc
ff6d
ff29
ff21
0011
0013
0004
0081
ff91
ff87
00a4
ffe8
ffd4
007a
ffc1
ffbc
ff6c
ff96
006b
0058
004c
0032
ffc3
002c
0055
0055
ffb2
ff62
ff66
ff7e
002f
011f
00c0
0028
ffc0
ff8a
0008
005b
0020
0034
003d
ffc1
ffb4
0035
ffce
ff78
ffe7
ff4a
ffa3
004e
003f
008d
0028
ff6d
0006
000b
0035
006e
003a
007e
ffde
ff56
ffad
ff1c
ff3a
003a
0017
001a
0070
0049
0010
00a9
006b
007c
0049
ffae
ffb4
ff4c
feb1
ff47
fff6
0006
004d
0130
008e
002e
004a
002e
ffa7
ffb7
0064
ff99
0013
00ee
ff86
febe
ff86
fea9
feca
0085
00ed
0014
0067
009b
ffea
00c6
011c
ffc3
ff65
ff1d
ff27
ffc9
0014
ffc7
0035
ffb9
ffe7
01ca
0136
ffc2
005f
ff4a
fe09
ffa9
0051
0010
00de
00c6
0010
00c4
0039
ff99
ff53
fe6d
ff02
0066
003b
0082
0123
ffe1
ffab
008d
002e
ffbb
ffb1
ff9c
0006
ffef
007a
0050
fef4
ff92
005a
0034
018f
00c6
fee3
ff25
ff46
ff58
0092
00fe
0036
ffe5
0006
0051
00f4
00a3
0031
ff89
fecf
ffb5
0094
ffdf
ff5a
ffc3
ff92
ff5b
0153
0187
ff76
ff45
ff47
ff0b
ff7b
0030
0029
00e1
00fb
0078
0043
0005
fedc
feef
ff47
ffdc
005b
00f9
00b2
0034
0017
fff6
fff6
001e
ffea
ff75
000b
002d
fffd
0046
ffa3
fef3
ff65
00e8
00fc
fff9
008b
003f
fecc
ff6d
007f
004a
001e
005d
ffb1
ff95
ff61
0015
0010
ffef
fff4
ff8a
0007
00f8
ffb5
0004
0093
ffa3
0019
013b
ffea
0050
0065
fe90
ff1c
ff7d
ff06
0045
00dc
008c
00c0
00d4
003d
ffb8
ffb5
fe8f
fe2a
ff53
ffb8
ffb7
01b3
00cb
fffc
011d
002c
ffcf
0102
0009
ff78
ffb1
fec0
ff33
00ab
007a
0051
0188
006b
ff66
00c6
ffc8
fef9
fff8
feee
fedc
00db
0076
fff0
0087
ffe5
ff54
000d
00b3
002f
ffd4
ffbb
ff61
ff66
fff2
ffc2
ffb4
009f
0054
0060
00ed
0062
0046
004d
ff73
ffdd
0022
ffcc
0023
001d
ff74
ff96
ff68
ff1d
ff4e
ffbc
ffcd
ffe9
002f
0144
0110
0122
013a
002a
ffa2
ff3e
ff1d
ff4c
fe49
feee
ff87
ff1b
0059
0128
00a8
0110
011c
0026
ffef
fff9
ff9e
ffa9
ffaa
ffda
0036
0019
002d
0086
ffb3
ff3c
ff4d
ff16
ff5b
0089
00b5
00b8
00c2
00c3
006e
000d
ffa7
ff22
ff22
ff7a
fff1
ff60
ff0a
005c
0030
ff71
0149
0208
0013
ffee
00d6
ff4e
fee7
007e
ffd0
ff12
00bb
00b4
ffc8
009a
001b
ff1a
ffaf
ff73
ffb5
008b
ff80
001b
00aa
ffd1
000b
0133
008f
0026
0067
ff6c
fed4
fea6
fe9a
ff77
ff72
0011
0175
00cc
00d0
01b9
fff0
ffa6
001f
ff09
fedb
000a
ffc7
ffbc
0095
00a7
ffe2
0059
0072
001d
0039
ffe5
ffc0
ffff
ffbb
0001
0078
0032
0080
008c
ff90
fedf
feff
fed0
ff0d
0026
0077
009a
00d7
00d1
fffa
000f
ffc0
ff04
ff46
000c
003a
006d
00c0
009e
ffed
ff61
ffeb
00a8
001e
002d
00a5
ffe6
ff4b
00a2
0056
fefe
fef7
ffb3
ff06
ffad
011f
005d
ff9e
006b
0008
0007
0085
ffe2
fffe
0031
ffde
006b
00a8
002c
0055
006c
ff67
ffc9
ffca
fefd
ff7e
0024
ff98
0021
00fe
00a1
007b
00b9
ffcf
ffb8
ff5b
ff2a
ff97
fffe
004d
ffe7
0000
ff48
ff36
0018
001f
007d
0179
007f
003a
00b0
ff8d
ffd4
004a
fee8
ff4c
0020
001d
0050
0068
ff79
ff07
ff21
ffad
002c
0072
00df
011c
007f
001c
0099
0006
ff7b
ff85
ff77
fed4
fed2
ff74
ff7e
ff5a
0050
0128
0108
010f
0108
007b
ff74
feed
ff47
ffc7
ffc6
ff90
00ae
0034
feca
008d
004f
ff4e
0019
0057
ffd1
00fb
0152
004d
0022
0050
ff39
ff4c
0062
ffc7
ff3d
ffcc
ff89
fef2
0016
00b1
ff92
0053
00b9
0039
0066
0098
0036
0037
ff4d
0076
0069
ff51
ffc6
ffcb
ff10
0021
007e
0074
0094
007c
ffaf
ffcf
ffe7
fee3
ff01
ffa3
ffb7
007c
014b
00ef
005a
ffa3
feb2
fe89
ff9d
ff90
ffd8
0108
0092
007b
0149
00fc
005d
ffe0
ff95
ffb2
ff4f
ff77
ffd8
ffaa
ffb0
0021
0060
006d
00ce
00a9
ff91
ff78
ff68
ff49
ff01
ffda
0045
ff72
010f
0104
ffd0
0096
0062
ff1d
ffed
0061
ff60
fffd
0088
ffcd
0073
005c
ff91
ffb2
005f
003f
003f
0042
ff94
fee0
ff45
ffd8
fff6
001b
00a0
000f
ff5f
ffcf
001a
ffb7
003d
0036
ffa1
0030
007c
ff82
0031
00a7
ffb7
ffd0
00e0
ffe5
ff35
ff9a
ffe4
ff4b
ffdc
007e
0031
0064
016d
006f
ffd7
0007
ff17
fed3
fff8
002a
ffef
0105
00ca
ff69
001d
005b
ff27
ff86
fff2
ff07
ffc4
0068
0076
0143
010a
0049
00e0
0017
ff3b
ffce
ffb5
feac
ffb0
0021
ff5f
0056
008f
ff85
0025
007a
ff59
ffeb
004c
0039
00a5
00be
0005
0016
003e
ffe1
ff3d
ffa4
006b
feef
ff86
0133
0019
ffe4
00e2
ffbe
ffd3
000d
ffa6
001c
0007
ff99
0036
004c
ff97
001e
ffe2
fefd
ffdb
004e
ff89
0078
00b7
ff8d
ff9f
ffd9
ffeb
003a
ffea
ffae
001b
0081
fff9
0097
00e8
ff99
ff7d
ffa6
ff6c
0000
0029
ff74
ffe7
0071
001f
0035
0098
ffcc
ff69
fff8
001f
ff72
ff81
0036
0019
0099
00f8
003b
ffc0
ff43
ff4d
ff1f
ff3a
fff2
fffc
ff7b
0012
0099
003c
ffde
00ee
00fb
ffcb
009d
009b
feff
fefa
ff78
ff46
ffca
0055
00a8
010f
003a
0091
010d
ff85
ff8f
ffb2
fe58
fee2
007b
fffd
0064
0168
00fc
0001
002d
ffd9
ffc6
fea5
feb2
ff60
ff0b
ffbd
00eb
00d1
012f
01ba
00c5
0005
ff8b
fee9
ff41
ffb4
0069
00b3
000f
0037
0049
ffdf
0059
0060
ff70
ff62
ff12
ff4d
0039
00ea
00ae
0034
001c
000b
0022
0071
001a
ff37
fe9f
fec7
ff6e
fff1
00b5
00c0
0059
003f
00aa
00b1
0052
ffec
ffbc
ff21
fec8
ffde
ffcb
ff86
ffce
002e
ffc8
0070
00f4
012b
ff2b
ff85
00b9
ff00
ffe5
012e
ff76
ffa9
001c
ff95
ffa3
0053
ffc6
ff05
0023
005d
008a
00af
0036
ffa4
ff89
ff6b
005c
0076
ffd4
ffa2
0037
0007
0044
0114
006f
ff49
fff7
002c
ff8e
0044
ffdf
feec
feef
ff87
ffb8
0074
00ff
004c
0049
0083
0000
0045
00ae
ff9f
ff8c
0012
ff21
ff62
0034
ffab
0004
00c4
0098
009d
00c5
0050
ff88
ff97
ffef
ffbe
ffb6
00b1
00a5
ffb7
0036
ffe8
ff52
ff8f
ff80
0002
ffdd
002a
001a
ff71
0021
000f
ff7c
007e
008c
ffcc
0058
0078
ffce
000e
007b
0011
0015
003a
ffbb
0057
ffc6
ffad
ff89
ff01
ff99
0087
0091
00e4
0036
00bc
00ae
ffc3
0013
ffd0
fef9
ff96
ff87
fee9
003d
ffc8
ff33
005c
007b
ff77
0012
0061
ffb6
ffe8
00ca
003f
ffb7
0031
ffcf
ff1e
002c
006f
ffc1
000b
00a4
0005
0041
004d
ffcc
ffeb
006b
ff59
ffad
003e
ff43
ffe3
00f8
ffd5
ff7e
003f
ffca
003d
0054
ff87
ff16
ffd0
ff0f
004e
0062
ffce
003b
0069
ffb4
00b2
0102
ffcc
0018
0057
ff51
fff6
00ee
ff6d
ff82
0073
ff9b
ffb9
016a
0034
ffb9
00ad
ff57
ff60
fffc
ff6d
fff2
ffe1
ff73
0024
ffee
000c
00b6
005a
0023
0076
0015
ff44
ff44
ff20
fefa
0007
00c3
00ba
00f7
00ac
ffda
ff7e
ff9a
ffa0
ffd7
0044
fff3
0045
0065
008d
ffed
ffbb
ffaf
ff77
ffb6
000f
0003
0001
ff6c
ffa2
ff9a
0026
000d
ffee
00c7
0070
ffb8
00c7
00af
ff9d
0029
002f
fef2
ffbe
00c4
ff04
ffde
0094
ffb7
fffd
0077
007d
008e
ffea
fff4
fff7
ff39
ffde
0024
ffb0
ff95
ffd3
ff9a
fff5
0084
002c
0038
00b9
0080
00af
0043
ff79
ff56
ff71
ff57
ff1d
005c
0043
ffbf
0109
00f5
ffaf
008c
002e
fe70
ffd4
00b0
ffa8
0054
00a5
fef5
ff9c
00b2
ffd0
0015
003b
ff75
ffd3
ff24
ffcf
ffec
ffa3
0031
00c5
00c5
0088
ffb1
ffc8
ff8a
ff05
001b
009a
003e
00b0
0121
0026
0005
ff78
fe86
fe72
fff1
007a
003d
00fc
00a7
ffc0
005f
0098
007b
0010
ff60
ff2e
ff67
ff3c
ffed
001e
000c
0060
00c9
0000
009f
0063
ff35
ff47
ff6f
ff16
0018
0090
0090
0036
ffe5
0087
0018
fff1
00da
ffeb
ffa6
ffe4
ff88
fff5
fffa
ff7a
0031
009c
002e
00d7
008f
ff3e
ffbd
ffed
ff38
ffb6
0087
ff18
ff62
00db
fff3
ffeb
00f2
ffe0
ff98
003f
ff52
ff94
00ff
fffb
009f
010d
ffb4
ffea
0085
ff93
ffea
ffd0
fe96
fede
ffd4
ff95
0036
014e
00ba
000e
0153
00bf
ff0f
ffb9
ff7f
fded
ff40
0088
0034
0113
00d6
fffc
fff5
ffcc
ffd0
0055
ffab
ff80
001d
ff7d
0007
0100
0002
fefc
ffe0
ffe1
ff92
00a2
00d8
ff92
ff84
ffe4
ffae
0051
00fb
ff9e
ff85
ffc2
ff83
ffe0
00b7
0049
00a5
ffcd
ffc4
008c
ffa1
feee
0067
ff98
ff7b
012c
00c9
0040
005a
ff2d
ff10
ffaa
0000
0087
00c8
ffd4
ffdb
000d
fec2
ff9e
002c
fed9
ff63
010f
ffd7
008d
013c
fff9
0029
00b8
ff76
0047
ffd0
fecc
ff91
febc
ff08
004e
003b
003b
016f
013d
0015
007d
010a
ff62
ff2c
009b
ff41
ff39
0116
ff52
fec3
0053
ff31
ff1c
00b7
001b
005b
014a
00f0
0083
0074
ff86
ff64
fff9
ffa9
ffb4
ffe5
ffbe
ffb2
0063
00ac
0071
0058
002c
ff3d
ffad
008a
002c
0023
0001
ff5e
ff2c
ff87
00a0
0069
ff88
ffac
ff49
fef1
0078
0123
0041
00fc
00c9
fefa
0025
00ef
ff9b
006b
00ac
ff30
ff76
0063
ff61
ff2c
ffa2
ff4c
ff8c
0029
00c6
00b1
001f
0008
001e
ff8a
ffdf
004b
0024
008f
002f
ff4a
ffa8
ff3f
ff15
fff1
0009
ff4f
0091
0134
00c8
016f
011a
0004
0052
002b
ff1b
ff08
ff4f
fdff
feb4
0072
ffbd
0043
0236
01ad
00a8
00cb
ff66
feb0
ff71
ff42
ffc8
00e8
0001
ffe2
005f
000c
ffb1
ff8e
ff80
ff9b
fff8
0009
004a
0029
0061
004a
0010
00be
005a
ffed
0055
ffba
feff
ffe8
ffbc
fe8c
ffc6
0115
003e
0091
0171
007e
ff7a
000d
0051
ff45
fef1
002d
fead
fe58
00b6
0038
ffcd
01b4
00f3
ffb1
00e1
fff1
fefd
ff7c
ff4d
ff68
ffec
002e
00a7
0119
011d
0010
0009
ff8a
fec5
ff9c
0058
ffc5
001a
0064
ff99
0017
015d
006d
ff9f
0033
ff62
ff36
0030
ff9c
fefd
ff5e
ff34
ffd4
00b8
0113
0065
003c
006d
0001
0034
00f4
0070
0005
004d
ff9e
ff78
0016
ff19
ff23
ffa4
fef4
ff36
00d6
00e2
0039
01af
00c9
ff4b
0032
00b1
ff7d
ff34
ffe2
fec5
fe7a
ffdc
ffed
ffba
0010
00f2
00e1
00e4
00b0
fff1
ff16
fee3
ff9c
00a6
ffc8
ffec
005d
ff44
ff6b
00bb
0059
0024
008f
004e
ffcd
ffd2
001b
ffec
ffb8
0059
0076
ffed
0071
00a5
ff61
feef
ff16
fed3
ff0c
0092
00e1
0042
001b
00e3
0032
ffea
00ec
004b
ff3a
ffb4
ff9c
ffad
0020
004e
006f
003a
006c
0081
ffc5
ff4e
ff80
ff90
ff0e
ffca
00c1
009d
00ef
01b8
0149
fff8
ff18
fead
fe55
feaf
ff45
ffc8
0008
002a
00de
00ad
0080
0101
002d
ffa5
0086
0054
feca
ff55
fff7
fead
ffb5
0074
0002
008b
00b1
000c
00de
0064
ffc2
00a8
0000
fee9
0091
008e
ff6c
002c
0066
ff42
ff44
ffb3
ff5f
ff5d
ff72
ffc2
ff72
ffea
00a4
00bd
0086
00e9
0066
ff94
0019
ffc3
ff1b
0044
007c
ffc2
00a7
00e0
0043
ffe6
ff67
fef5
fec4
ff9f
0050
0039
00c8
00aa
003a
001a
000d
0025
ffbe
ff25
ff8b
0000
ff52
ff68
0023
003c
0041
006b
00e4
00c1
0026
006b
003c
ff50
ff99
006b
ffc0
0006
008b
ff85
ffac
004e
ffd7
ffca
003b
ffa9
ff95
ff7f
ff92
003c
0001
002c
0072
0030
0060
002b
ff4e
0011
00b7
ff98
0021
009a
002f
00b5
00a9
0007
ff63
ff03
feac
ff33
ffb1
0046
0059
00bc
00db
002d
0038
00a6
ff5a
ff7a
ffd8
feb4
ff3b
0074
ff85
ffee
0070
ffa8
005d
00bc
ffff
ff90
fff7
ffc5
ffdb
0034
006b
ffe4
fff0
ff89
0041
0026
ffdd
006e
0043
ff5a
0010
0090
000a
ffc6
000e
ffb3
ff81
0033
0087
0065
00a3
001c
ff65
ffdb
ffab
ff95
0038
ff5b
ff35
00ae
0069
ff87
ff9b
ff45
ff5b
ffbd
005c
008d
0006
0098
0090
0095
0149
0071
ff13
ffa0
ff7e
febf
0004
0038
fef7
0053
0058
0014
010c
0119
ffcc
ff9d
ffa6
ffad
001a
fff9
0004
000b
ffc4
ffb8
fffc
001a
006b
0044
0082
0012
ff9e
0004
ffa0
ff01
0037
0005
001e
00a7
00b3
005a
ffae
ffaa
000e
ffc3
ff9b
0009
ff54
ff20
0020
005a
0027
00b2
0084
0020
ffb7
0011
001b
ffe0
005c
0030
0021
00c9
005e
ff82
ffcc
fef9
fe63
ff03
ff35
ff80
00f8
019d
0148
0142
00a9
ffaf
ffa4
ff11
fef2
fed0
fec7
fec1
ff69
ffdd
0156
01b8
0170
013a
0053
ff7c
ffe6
ffc4
ff1b
ff21
ff42
0004
00bc
003c
006e
00a9
ff77
ffb4
0076
ffbe
0024
007d
ffbc
ff82
ffe4
ffa0
ff77
0082
00be
0002
0020
0046
ffb3
ffc5
0053
fff4
ffc4
fffb
ff7e
ffec
0080
ff8c
fff8
ffc6
ff82
00bd
0109
00e7
0173
0115
0012
ffd1
ffb4
ff6c
ff70
ffbe
ffbd
ff91
ff5f
ff1d
0036
fffb
0041
00f5
008f
006e
00d2
0087
ffb5
ff9b
ff46
fead
ff9a
003d
ffdb
ffc7
0019
ff95
ff90
00b4
006a
00e1
00c8
ff49
ff42
ffc8
febc
0010
0100
ffde
008a
0108
0005
0015
ff8f
feb2
fefb
0023
fffd
ffff
00cb
0073
ff87
0036
fffe
ffc1
0036
0009
ffa8
0082
ffc8
ff55
ffef
ff49
ff40
012a
00b1
008c
00c2
ff2f
fe7e
ff37
fefc
ffa6
00bb
00a8
008b
007c
0082
00b9
00c7
0064
0005
ff46
feed
ff50
ff84
fff3
0018
ff85
0042
00d9
008f
014b
00c6
fee6
fed2
ff4c
ff22
0003
00f4
0094
005f
0055
00b2
00d6
00a4
ffec
ff34
fefa
fec6
ff4b
ffcd
ff3d
ffc8
004e
00d4
019b
0215
002a
ff22
ff16
feeb
ff27
000d
ff4d
ff38
ffcb
0041
014f
020a
00a2
003d
0008
ff0b
ffed
0040
ff55
fee0
febd
ff53
00ad
01a2
01a0
0131
004c
ff37
ff2c
ff4a
ff1a
ff5b
ffbd
ffa0
004b
017a
0106
0011
0030
ff28
feb3
ff3b
ffb4
ff8f
002b
0068
00bb
0149
00a7
ffaa
0078
fecc
febf
ffb5
ff48
ff8b
0069
0037
00e7
0150
007f
002a
000c
ff14
ff31
fff4
0008
ffb6
00b6
0086
ffcc
012f
0119
fef5
ff1c
ff54
fde9
ff80
00c9
000a
0066
00c8
002e
0081
013b
0041
ff08
fed9
fee5
ff4b
000d
008f
001b
ff7d
0016
fff9
0096
01a6
00c5
003e
009c
ff91
0009
0031
fec8
feef
ffb0
feda
ffe5
00e6
0048
005f
0058
004f
00ed
004b
ffd7
ffed
fec5
feb1
0002
ffed
004d
0140
0082
003e
00c2
0062
ff46
ff1e
ff47
ff50
003d
0134
00a7
ff9f
ff80
ff95
ff4e
000d
00c9
0017
ff39
ffed
0030
0047
004f
0046
006f
005f
0010
0069
ffbd
fea2
ff8d
001b
fef1
0038
00f7
ff94
ffff
0102
0046
0028
0039
ff6a
ff6f
00ba
0067
ffba
002c
ff5c
fe79
ff81
006a
0075
016c
001c
ff6f
000c
ffbb
ff9b
0099
ffeb
ff05
0026
003f
0013
00f5
fffe
ff60
ff94
ffd8
ff12
ff5c
0043
ffcf
ff65
013e
0136
ffee
00f0
00fb
ff62
ff98
ffe4
ff2d
ff7b
ffb6
0023
fff9
fff5
0058
ffed
ff6b
0009
ffeb
ff96
ff97
00a0
00a6
0031
002c
002b
fe9e
ffa6
00be
0019
00c4
0123
ff96
ffac
ff76
fef5
ff0c
ff62
ff9f
0058
00e7
0173
013d
0011
fff5
005a
ff3f
ff47
004a
ff0c
feb8
ff65
ffb2
0016
011a
00f9
0059
0018
0017
ffde
ff86
ff6d
ff2c
ff52
0017
00ec
0166
0183
ffe9
0006
ff24
fe4f
ff9d
ffdc
ff47
007f
00cc
ffef
00be
0116
0007
0024
002a
ff2a
ff27
0043
0048
001a
0035
0052
0069
0042
0057
0080
ff3c
fe68
fed5
feeb
ff61
0018
0125
00fb
007c
009f
0107
ff07
0001
0056
fee2
000a
008d
ff00
ffb4
0056
ffa8
ffe1
0045
ffbe
003a
005c
0057
0084
007c
ffad
0024
00b9
ffc8
00a8
003f
fef8
ff66
ffb5
fde2
febf
00ab
fff7
ff5a
019f
00f8
ffc9
0189
0114
ff78
008a
0052
feee
ff14
ff02
ff36
ff4a
ff38
003b
012c
0089
00c5
00fb
ffa5
ff25
000e
ff5e
fefe
0028
00b6
ff79
00b3
0158
fff4
001b
006c
fef6
ff37
ff5b
ff5f
0000
0073
008a
00fc
00b5
0049
0080
004e
000c
ffd7
ff4b
fef1
ff2d
ff40
ffd4
005c
00d4
008c
fffc
0053
0089
ffa9
ffed
0037
fec9
ff85
0103
0016
005a
0149
ffb7
ff14
0028
ffbf
ffc9
ffe3
ff8e
ffbc
003a
008e
00d1
010f
009a
0054
002c
ff6d
fea8
fefa
ff61
ff28
0042
0143
0089
00b3
00db
001b
fffa
0028
fed0
fe70
ffaf
005c
fffe
0062
008d
001f
ff5b
0016
00e5
ffe7
ff81
005e
ffeb
ff40
00cc
0068
fefe
006c
fffd
fedb
0084
00af
feb7
ff61
ff48
fecb
000f
0149
00e4
00f3
00d5
ffe9
fff0
ffcc
ff9e
ffbf
ff7e
ff4d
ffbd
001c
ff37
0022
0074
ffd7
00a1
015e
00dd
009b
0032
ff92
ff6e
ff32
ff12
ff54
ff74
ffa9
001b
ffd2
ffc5
008c
0087
009c
0104
00da
0027
ff99
ffaa
ffdc
ff5a
0051
0015
ff71
fff3
0034
0014
0040
ffb4
ff10
ffa7
ffbc
000c
00bc
0032
005c
0094
00a6
00da
00ae
0014
ffca
ff42
fec2
fec6
fef4
fedd
ff65
000d
0052
00ed
0130
00c4
00c9
0064
ffec
0075
ffdf
ff50
ff5e
ff59
fef7
ff23
ffba
ffb3
0069
011e
00e1
0122
0123
006f
ffb0
ffc1
ff6e
ff5b
ffb7
fffc
001f
0067
002a
ffd3
ff72
ff14
ff25
ff61
0035
0067
00bf
0179
00cb
0021
0071
fff7
ff44
ff04
ff1d
ff60
ffda
0019
00af
00f6
0095
00a8
0075
ff3a
ff73
ffee
ff15
ff89
003b
ffbd
ffda
0078
006c
0086
ffda
ffb8
ff7f
ff21
ff85
0061
ffd1
ffd3
004b
0041
fff2
0103
00c6
0019
00cb
0094
ffc1
ff91
0004
ff27
fec4
ff54
ff8a
ffe7
003b
0099
0106
ffe4
0018
00b0
ff26
ff44
00a6
ffbd
ff44
007e
0035
ff52
0058
0087
ffe7
ffff
0013
ff9b
ffda
00af
006b
0019
00af
ffe7
ff39
ffd8
ffe0
ff40
ffad
ff08
ff03
002f
011f
010a
01e5
00ca
ff01
ff7a
ff22
feda
0058
00aa
ffb0
000f
00a1
0019
0029
0034
ff50
ff6b
ffd3
0024
0015
0024
ffef
ff81
ffeb
0045
ffe3
0053
0032
ff3a
ffc3
005c
000b
0068
00b0
006a
0072
0025
ff85
ffaf
ffdc
ff9e
0024
006d
ffeb
ff43
001f
005d
ffa7
fffc
00ad
ffb2
ffd6
008b
0015
ff9a
ff59
ffd6
002c
fee1
0063
00ed
ff5f
0010
0172
0052
0047
00ca
ff99
ff4a
ffdf
ff73
ff16
ffd1
ff8d
ffcb
00b5
010f
008e
004c
001d
ff60
ff75
ff77
ff6d
ffda
000f
ffc4
0008
00d4
0019
fffd
fff5
ff09
ffc5
000e
ffb6
008a
008b
ffb5
0062
0050
ffe6
ff9a
ff4d
fef8
ff20
fff2
0090
00af
00b9
008b
0073
003c
0044
ffe8
ff61
feb4
fecf
ffbb
ffdb
003e
00ef
0018
ffbd
002b
ffac
fff2
0012
ffb9
ff73
007c
00d3
000c
0049
002f
ff31
ffc4
ffe5
0010
0029
0064
003c
ffd6
0014
000a
ff8e
fff4
0012
ffd6
00a5
009a
ffd2
0093
ffcb
ff21
0021
ffc8
ff49
fff0
ff7b
ffcb
00c1
00c2
00b7
00d2
ffbe
ff83
ff67
ff7f
ffe0
0041
0096
0126
00ba
0132
0067
ff09
ffb3
fe55
fd8c
ff7c
ffbe
fff2
01ba
00e3
0085
01a5
013e
fff0
0009
ff77
fe03
fe5e
ff74
ff51
ffad
0030
0009
009e
0155
00c2
005c
00c9
ffa1
ff1f
0030
ffb7
ffa1
001e
ff5d
ff94
00d5
ffe0
0068
00b9
ff49
ffab
001a
fedf
ffb4
00c3
ff98
ffd0
00ac
ffec
007f
010e
002d
ff71
ff37
fee2
fe67
ffec
ffe9
006b
0018
003e
0018
0091
0136
005a
ff73
fff9
ffa7
0028
00d5
0036
0095
00a6
ff8a
ffaf
005b
fec4
feae
000e
ffdb
ffa3
00da
00a5
0025
0073
00bb
001c
ffd3
ff60
fefc
ff5d
ffa0
ff95
004c
0012
000f
00ec
0153
0052
ffec
0032
ff01
ff51
00f9
0025
ffe4
006d
0002
0001
008e
0084
ff89
ff77
ffc5
0046
fff2
004b
001c
ff2a
ff43
ff98
fffd
00b5
006b
0012
fff2
ffd6
ff77
0036
00af
001a
0008
00b8
ffbd
ff57
0048
ffb9
fee5
ffdd
ff91
ff48
006d
00b4
ffff
0016
ffb3
ffa7
002b
008c
0056
ffba
ff78
ffd3
ffa4
ffab
fff2
003a
0072
0035
ffde
009e
002c
ff61
0020
ffa3
ff9b
00cc
002e
0018
0102
0013
ff37
ffef
fffd
ffa7
001d
ffb6
ffa5
ff9a
ff5d
fffe
0055
ffe5
0050
0091
002b
0013
0004
002a
ffc1
ffc8
fffa
003a
ffea
0056
ffb0
fed6
fffe
0002
0031
0081
002a
00e7
00cc
ff64
00a9
0053
fe6e
0022
0109
ffc0
00a2
0029
fefa
ff71
ffeb
ff80
0029
000b
ff77
0054
00a9
0013
00da
ffd8
ff2c
ff16
ffbb
ff9f
ffa5
004c
0049
ffb8
00bf
00de
004e
00b2
003d
ff39
ffa7
ff85
ff8d
fffd
003c
002c
00a6
ffe2
ffe1
0068
ffe6
ffcc
0003
ff17
ff4b
ffd9
ffe4
0096
007a
001b
0004
ff93
ffe0
006f
0028
0064
004d
ff81
ff8e
ff94
ffb2
ffe6
ffc3
006a
00b7
005d
00d2
00e1
ffbf
ff5e
ff48
fec6
ffa1
0034
0059
00ad
006b
ffff
ffb1
ff7c
0030
004f
ffd1
0016
ffb8
ffb8
00ab
00d0
007b
0056
ffa7
ff2c
ffb7
ffc5
ff01
ff7c
ffc8
ffdc
00bc
016e
0149
00ad
0000
ffe3
fee7
fee6
ff91
ff19
ff93
0064
0053
00e9
00d8
ffeb
0045
0008
0037
001f
ff61
ff93
ff70
ff79
003a
ffc7
ffe8
0081
003a
ffba
00d1
0040
ff9f
0023
ffa5
ffb6
0119
ffe3
ffe2
00a9
ff74
ff1f
0095
ffc4
ff79
009a
000d
ff83
0021
ffb3
ffbc
002e
ffe4
0017
0056
0045
ffa7
0034
ffec
ff87
ff40
ff6c
0055
00b9
00cd
0082
fff7
0043
0011
ff84
ffe9
ffb5
ff16
ff99
002b
0038
0046
009f
003a
0012
006a
0019
ffd0
ffb7
ffb4
ff1d
ff33
ffaa
ffe1
0055
0095
0002
0011
fff6
0014
0001
000a
00cb
fff8
ff61
004f
0041
ff72
001c
ffe7
ff31
ff81
0048
0032
00c5
008d
fffd
006d
0066
002e
003d
ff93
ff73
ffa6
ffd7
0022
ffab
ff6a
ffbb
ffcf
0067
007f
006c
003f
ff93
001c
0043
ff49
ff53
ff87
ffa2
ffd5
005d
0119
00fb
ffc1
0057
00f6
ffd0
ffef
ffed
fdef
fde5
ffe4
0018
00bc
01cb
0140
0072
001e
ffb8
0012
ff0c
fe11
ff5f
ff57
ffa4
011f
013f
0090
005c
ff92
002d
0008
ffe8
ffd9
ff46
ff18
00a3
004c
000e
0107
009a
ff0a
ffe4
009a
ff27
feba
ffde
ffb8
ffd3
00ff
01de
fff0
ffd9
00df
ff98
ff97
0078
ff6a
feb4
ff51
ffb4
0021
000f
ffdc
006c
0049
fffb
0176
00f8
003b
0017
ff32
ff9a
ffb4
ffbe
005c
ffab
ff52
002e
ff58
ff7a
002e
ff07
ffbe
00ce
00ce
0140
00eb
ffb7
ff86
ffba
ff67
003e
0064
ff40
ff7c
ff8c
ff4a
0015
00a3
ffd1
001f
0042
006b
008a
0138
0056
ffa2
001d
ff87
ff1a
00a8
ffda
feed
fff1
ffb2
ff69
00a1
006d
0033
00c5
ffe8
fffa
0054
ff4b
ffc3
0080
ffe7
0057
0105
ffb8
fef4
ff69
ff2c
ff90
00c5
00fd
ffee
008b
012a
ff7d
ffc5
008e
fecd
ff25
00f6
00a8
005c
0079
fef7
feb5
ff62
ff84
001a
00b1
fff7
0079
00ac
003b
0102
00de
ffa4
ffc3
ffe6
ff84
ff67
ff73
ff1d
ff15
ffd7
00d9
0143
011a
00c9
ff87
ff58
ff5a
ff50
ff5e
ff90
0015
00b1
0046
004e
005a
ff92
ffa4
0077
fffe
ffc8
0089
0028
ff86
0008
00a9
0029
ffc9
0023
ffe5
ff03
ffc2
002e
fec8
feba
fffd
ff87
002c
01da
00e2
ffd9
001d
ffcf
ff9d
001b
0076
004c
ffab
001f
004f
ff75
0007
00f8
ff9f
ffa0
00c7
ffaa
ffe6
0053
ff59
ff62
fff4
0018
005d
0040
001d
0015
ff94
feeb
fecd
fefc
ff77
0085
0182
01ee
00ac
018d
00f5
ff32
ff99
fff5
fe16
fef2
ff98
ff06
ff9c
00ae
000e
006c
0192
00ff
0037
fffd
ffe2
ff24
fecf
ff87
fff6
ffc2
0086
00ed
00d9
ff9b
ff85
ff35
fe7d
ff49
00b9
00b4
00eb
0104
00dd
006f
0067
0082
fffa
fe8e
ff18
ff81
fe82
ff68
007d
ff61
0054
01a9
00b3
001b
00c0
ffe5
ff19
0090
ffa0
ff70
0094
ff81
ffb9
00f0
ffb9
ff6f
000c
feea
ff6e
00dc
ffa8
003e
00fc
ff48
0010
011b
ff92
fff9
0059
000c
002b
ff68
ff80
ffe5
fe9b
ffdf
00ee
0062
00f5
0079
fff5
0006
ffe8
ffbc
ffac
ffaf
ff7d
ffd6
007e
0020
0007
0043
ff95
ff37
fff3
001c
ffa4
0012
fff3
004e
0098
00aa
0060
00d6
000a
ff68
fff3
ff46
fe9f
ffdc
ffb2
ff1b
00f4
015c
0035
00fa
00af
ff6a
ff62
fffe
ff4a
ff64
001a
000f
ff32
0025
002a
ffc8
0014
007b
00b6
009d
ffe4
009d
0007
ff13
ffea
00c3
ffda
0036
0099
0038
ff9f
ffc3
ffd8
ff2c
ff28
ffeb
002d
ffda
0064
0083
ff98
0057
0130
0060
0059
0009
ff05
fef4
ff74
ffa2
ffcb
001b
008c
0063
004b
0070
001f
ff17
ff57
0062
0050
002b
00c4
009c
ffa3
ff9e
0000
ff89
ff14
ffa8
ffb5
ff92
0052
00e5
0079
003d
0018
fffe
ff7c
ff77
ffc3
ff83
ff2b
008d
006f
ffcc
0107
005b
febd
006b
00b1
ff2b
ffb2
0043
ffc1
ff94
004b
00cb
000e
ff9a
006d
002a
ff72
005d
0029
ff2a
ffa3
0035
0023
0015
0057
0031
ffa7
005d
007d
ffae
ff7f
000e
ff79
ff6e
007d
00ae
fff3
000c
0093
0065
0022
00ac
ffd5
febe
ff14
ffae
ff2e
001b
0039
ffd1
0022
006e
008c
0067
fff2
002c
000e
ffd6
ffe7
004a
fffc
ff74
0029
007a
fff8
0041
0075
ff6e
fed3
0038
0028
ff92
005f
0032
fef4
0084
008f
ffa8
007c
001d
ff19
fff2
fff9
0026
00d9
0068
ff34
ffdb
ff5b
ff3e
0072
ffda
ff2e
009c
0037
ffdc
00f9
00ea
ff3e
0001
0031
ff75
ffb7
0009
ff7f
ff95
001a
002a
ffab
0081
006c
ffe2
0006
0053
007a
0053
0016
005c
ffe1
ff59
ffac
ff9a
ff15
ff94
0026
0010
0097
00b6
004b
0003
fff8
ffa4
ff71
ffc3
0004
ff9b
ffe0
0191
0033
0015
00bd
ff9c
fff6
007f
ffcc
ff59
ff7e
ffea
fff2
fff3
0074
00a4
fff7
ffc5
fff0
ffe1
ff91
ffd3
005f
0014
ffe3
0054
fff6
ff90
0049
005c
ff8a
0039
0047
ffaf
ffeb
0020
000c
0008
ffdb
0048
000c
0020
003d
ffe5
0006
fff4
0023
ffdd
ff1c
ff7c
ffff
ff5c
0037
007d
0007
0086
010f
001c
ffc3
fff1
ff68
feec
002f
0087
ffda
0006
00ac
ffd5
ffd1
0002
ff75
ffbd
005c
ff9d
fff0
0024
fff9
007a
0070
ffd6
0094
005d
ff9b
002b
ffa5
fed7
ff4b
ffb3
0036
0070
0143
00cc
ffde
00bc
0077
ff74
ff8a
ff91
ff4a
ff58
ffc9
ffdf
ffc7
fffc
0062
0099
003e
007b
00c7
ffd0
ff7f
ffb4
ff7e
ff87
fff3
0027
008e
00bb
0064
0024
003d
ffd3
ffed
ff3d
fec1
ff80
ff5b
ff95
0108
003b
ffe7
019b
00e3
ffb0
00f3
ffc2
fe4a
ff48
ffbf
ff89
0039
0112
0082
0084
006e
003d
ff58
ffa1
ff83
ff8c
ffd5
0013
0031
0034
fffa
0028
0053
0054
0063
0034
ffc1
ffa1
ff4a
ff6a
ff31
ff4d
0026
00a0
00e7
0155
0085
ffcb
ff45
fed5
ff08
ff83
ffad
000d
0016
0031
010e
00e6
0069
0097
0004
ff54
ff5e
ff80
ffa3
ff76
ffa5
ffa1
000e
00d2
0104
00a9
00cf
ffc8
fe5b
ff31
ffb7
ffcd
00d4
00b1
ffb2
0025
002d
ffd1
ffb6
ff97
ff0f
ff75
fff3
0099
0047
ffbc
0003
00c3
00c9
0125
008c
ff95
ff02
ff36
ff8c
0046
001d
0030
00aa
ffc7
0081
00aa
ffa0
ff58
0016
ff97
0025
00ae
007c
000a
001e
ff83
ffcf
ffb7
ffc9
ffa6
0060
007a
fff8
000a
ffde
fff2
0034
ffc6
007e
0060
ff67
000e
0043
ff08
ffa0
0064
ff4d
ff8c
00eb
0035
ffa5
014f
0023
ff52
0066
fffa
ffc0
0099
ff0d
feec
0030
ff84
ffc8
011d
000b
ff50
005a
006e
0015
0119
002f
ffc3
ffc7
005e
ffbd
ffe7
ffc7
ff28
fe58
ffa1
0037
0031
0115
0109
ffb9
ffd4
005e
0066
ffd7
ff81
ffb5
ff84
fff3
007d
0047
ffdc
ff92
ff79
ffa1
0035
007f
ff81
fff9
0042
ff83
004e
0118
ffc1
0018
0100
ffce
ffa8
005f
ffab
ff1b
0029
007a
0090
00e4
ffd1
ff47
ff15
fe93
ff97
0030
ffb1
005d
0083
0086
00a7
001c
001e
0013
ffa1
ffd7
ffff
ff7c
0012
0008
ffbb
001a
fffb
ff9c
001e
0096
0070
00ba
00f1
0089
ffe2
ff94
ff7e
ff0c
ff07
ffb6
ffd5
ff07
ffd0
00bd
00ac
006d
00dc
005a
ff85
ff70
0017
ff7c
ff83
004e
0068
ff98
0059
00e4
005f
ff92
ffe9
ffe0
ff0d
ffcf
0069
ffb5
0013
005d
ffc8
ffef
0097
ffd9
ff9c
00c5
005b
fff5
005e
ff82
ff67
ffd2
ff5a
ffa1
0005
ffbd
001d
002b
000a
ffec
0020
0021
ffff
009a
004e
0018
0032
ff6e
ff56
ffa1
ffce
0049
ffe1
fff5
0054
ff46
ffb6
013a
ffe3
ff14
00c5
00b6
ffdf
008e
003a
feee
ff5f
ffc4
ffa0
00f7
006c
ffac
0043
ff8e
ff90
ff95
fefd
ff5d
00bb
0058
008b
012e
0033
0001
008b
ffb5
ff8e
002c
0008
ff4a
ffff
fff3
ff1d
ff9d
fff4
ff95
0032
0080
0070
0070
0000
ff93
0004
002b
002a
0027
005e
0006
ffd3
003d
ffd4
ffe0
0023
ffdd
004e
00d5
ffb9
ffc9
ff3a
fec1
fff2
007d
00ac
01c0
00c7
0002
0009
ff3c
ff26
ff78
ff1d
ff81
0061
008e
003c
0036
ff93
ff7b
0006
fff6
0095
00c8
0079
ffd9
ff8a
001e
002c
ffc3
0075
002d
ff52
ffc3
ff9f
ff8a
ffa2
ff59
0002
0112
00fe
00fc
0117
ffaf
ff61
ffa3
ff7d
ffda
004e
ff75
ff78
ff95
ff71
ff46
ff73
ffc4
ffdf
009a
0192
013b
00b0
007a
ff91
ff6d
ff43
ffc7
ffa5
0038
0026
ffb9
001d
ffae
003e
00d1
fff9
ffa2
0073
ffdd
ff3a
0057
00b1
ffb2
001a
010b
007f
000b
005f
ff3b
fe60
fee7
ff3a
ffaf
0056
0052
00b9
0038
0045
008e
0057
0091
00e7
0008
ffd8
ffff
002d
ffaf
ff8a
ffc4
ff3e
fed8
0046
00c9
0064
0021
004c
ff05
ff40
0048
004d
00a3
0062
ffd8
fff9
ff5c
fef5
001e
ff82
ff07
fff7
0084
0068
00df
00d8
00ca
00c2
003c
0033
001e
ff6a
ff34
feb4
fe0a
ff33
ffcc
0031
0166
00d9
0073
00ed
00a9
0029
0040
ffad
ff36
ff32
ff2f
0002
0043
ffc1
0000
ffd4
ff93
0035
010b
00d0
00e8
007b
ffc5
ff8b
ffdf
ff98
ffa7
ffb1
ff84
ffde
003f
ffd8
0006
0037
ffa6
000c
011e
0079
0099
0014
ff43
ff81
ffdf
ff94
ff11
ffbb
0027
ffdd
0031
0095
005a
ff4f
ffba
0065
ff7c
ffd4
0110
ffa3
ffc2
004e
ffcc
00d6
00e7
0043
0053
ffd9
fe7d
ff88
ff4c
fef3
fff5
00b0
ff8f
00e4
010c
0026
ffd6
0011
ff50
ffd2
0004
0037
ffe1
ff2f
ff3d
ffca
ffea
0106
0134
002c
fffc
007f
002a
ff7c
0016
ff56
fe96
ffdf
00b8
0030
012d
00ab
ff2b
ffc1
004f
ff99
000c
005c
ffd8
ffa7
00d0
003e
ffa1
0045
ff4c
fee6
009f
ffa4
ff67
0035
ff49
feea
0099
00bf
0001
00d8
0025
ffce
00a0
006b
ffbd
fff9
ff87
ffa8
0062
0056
ffe0
0048
fffe
feb5
ffad
00a2
ffc1
0015
0115
005e
0019
00f6
fff2
ff5c
0018
ff30
fea4
005a
ffdf
ff4e
0081
ffb9
ffa3
014e
008b
ffc0
00dc
ffe7
fea4
0000
ffcf
ff64
00a4
00ad
00a7
00aa
ffee
ff8e
0008
ff66
ff80
0036
0003
fffd
0067
0071
0053
0012
ffb2
ffbb
001c
001b
ffbe
0055
ff20
fe62
ffd1
0051
005d
0192
013e
ffea
0088
ffe5
ff4a
004a
ff44
feff
ff9f
ffb6
0044
00a5
ffbb
ff24
0052
007e
ffd8
00da
00a2
ff82
ffaa
0069
ffcf
fff4
00e8
0054
ffb0
0002
0034
ff48
fefe
ffb0
ff61
ff7f
00b6
0110
ffe4
ffda
0064
ffa2
ff7d
0084
ff89
ff27
0024
ff95
ff91
00c6
0009
001b
00e7
ffc1
ff82
0034
ff6f
0001
0106
ff9e
000b
00d2
ffc8
fffd
009f
ff33
ff45
fffe
ff8d
ff56
ffc9
ffbf
ffe7
0004
005a
005f
000e
ffd2
0029
ffc4
ff8d
0023
001d
ff8c
0048
00a0
0008
00c3
012e
005b
ffeb
005b
ff87
fec9
fef9
feec
ff26
ffb4
ffe2
00dc
0156
0153
010b
003c
ff8b
ff78
ff69
ff9a
004e
0044
ff89
0005
009c
002e
ff9c
0052
0019
feff
ffd1
008e
ffa7
0017
0046
ffc9
00ac
00fc
ffd0
ffc4
ffbf
fe75
ff36
ff6d
ff80
0088
003b
ffe6
00ae
004b
00cf
009b
ff66
ffa7
ff72
ff2c
00a9
00a5
0098
00cc
ffb5
ffda
0043
ff47
ff68
0045
ffa5
fec5
0037
0067
fffd
009a
0122
000a
ff50
0041
004b
ff83
ffeb
0055
ff9a
ff2e
ffed
ffbe
ff2d
0058
0070
000b
0059
0078
0023
0046
002c
ff6b
ffd0
ff9e
ff16
ffb7
00d2
007b
000d
00c8
ffdd
ffa0
0073
ffea
ff9d
008e
ff85
ff1f
0059
0024
ffa5
0099
002d
ff84
0055
009c
ffd6
0007
007f
ff4b
fea8
fff2
ffdc
ff2e
00a0
004c
ff06
0035
0099
0016
00df
00f7
0028
0016
0016
fff5
fffc
ff93
ffe6
ffaa
ff7d
fff9
002e
fffe
ffdd
ff9b
ffe1
0015
0072
0092
0072
001a
001d
ffd0
0003
0082
0011
004f
004d
ffa5
ff7a
ffd6
fff1
0073
ffe6
ff90
ffdd
ffe9
ff8b
011d
00e3
ff64
0047
009d
ff1a
002f
00a7
fef0
ff55
ffe1
ff05
ffc2
00fa
003d
0032
0064
ffc6
ffe5
00a6
0011
0071
011f
ffcf
ff4d
0083
fea8
ff15
0013
fe9a
ff4b
009d
ffca
fff6
0176
00d6
ffe9
0030
0033
ffc7
ffb4
ffaf
ffb5
ff23
ff7b
0085
0018
fff3
0012
ff6b
ff96
ffcc
ffd0
004a
0050
0070
00b2
fff1
ffaf
00b6
001a
ffad
fff3
ff80
fee4
001f
006e
0005
0102
00bb
ff83
0033
0036
ffb2
002a
ff7b
fee1
ff36
ffd9
0074
005e
0108
00ba
0014
008b
008a
ff99
ff99
fef0
fe98
ff36
ff85
0068
011b
00d6
0103
010d
00c2
0057
ffeb
ff44
ff0d
ff26
fede
fff8
00ad
ffd0
00a3
00c8
ffed
0098
008a
ff25
ff9a
ffce
fea1
ff9f
0044
ffa1
0008
00a6
00a6
00c6
00c4
ff75
ffaf
0022
ff59
000d
0036
ff74
ff6c
ffd0
ffc2
004c
0014
ffb9
0058
003b
ff9b
0111
00e2
ff8f
0008
0024
ff07
ffdc
00ad
ff9a
ff3b
0010
ff5e
ffbb
002c
0002
0002
0100
00f3
00b0
008c
0016
ff39
ff9f
ffa9
fefa
ffb6
fee4
ffa4
00ae
ffd9
00cf
010f
ffa4
ff6d
00a8
0030
ffc6
0013
ffa3
fee7
fff9
00f6
004a
0041
0034
ff57
ff7e
ffe3
0006
0011
000a
000b
0086
0058
0020
000d
ffaa
ff1f
ffcc
0029
0032
0076
015c
0032
ffa9
004a
ff31
fefc
004c
ff5d
fef5
ffcd
ffbc
0008
00c7
0083
0104
0092
ffea
ffbb
ff82
fee9
ff28
ff8f
ff5b
ffc0
00bb
00d9
008a
0181
0102
ff54
ffc6
001d
ff74
0074
004c
ff26
ffa2
ffb2
ffdf
ffe6
0085
00d2
ffe6
ff9c
0153
00aa
ffdd
002a
ff78
fe56
ffc2
0011
ffcb
005f
002a
ffa1
fff4
ffa3
ffb6
0091
00b5
0052
00c1
0081
ff3d
0019
0029
ff19
000b
ffe3
feea
0019
00a9
0049
0058
008a
fffb
ffd2
0043
00d8
ffc3
fee4
ff78
ff35
ff68
018e
01ad
ffb8
ffed
ffd1
fead
ff74
0041
fe99
ff10
0000
ffb5
0089
0133
0040
0013
fff2
ff6a
0069
008f
fee9
0083
006f
ff67
007c
009a
ffea
0008
ffdd
0029
ffe6
fefb
ff87
ffa3
ff62
0078
00df
003a
0097
0081
ffe1
ffb5
0022
ff47
ff02
fff5
0009
ff1b
0051
010e
0020
0047
0151
ffe3
ff22
0067
fffa
fec7
ffd0
ff33
fe08
ff6e
0084
0136
019d
01d3
011e
00a2
ffb5
ff48
fee6
fe27
fe41
ffbe
0006
0012
0160
0143
0071
0110
00bb
ffa1
ffd8
ff7b
fe9c
ff35
ff69
ffbe
008b
000f
0089
00b3
ffba
ffa8
003d
ff23
ff5a
0103
0084
ffca
00ba
fffe
ffb5
ffe4
ffc2
ff6d
ff83
ffd8
001f
0074
00dd
0102
00a0
ff62
ff84
009a
ff2a
ff82
0036
feb2
ff0a
0081
fff4
003d
0154
0037
0002
00d7
0095
0053
ffdc
ff34
ff2f
ffc4
ffc0
ffd8
fff8
ff71
ff53
0023
0008
008a
0095
0012
fff5
ffc6
ffa0
0025
004c
0045
0033
ffd9
0012
009c
ffc1
ffc4
ff77
ff1c
ffb5
004b
00c9
007d
006f
0076
ffaa
ff05
ffd6
ff6b
ff65
0064
00b5
0036
0063
00bd
0042
ff8f
ff77
0002
ff50
ff05
fff4
0083
006e
0121
00cc
fff1
002d
0037
ff70
ffa5
ff38
fe68
fea4
ffc7
00b8
0181
0122
0086
ffc8
ffa6
0017
fff7
ffc0
0057
ffdf
ffbf
000b
ffec
005e
ffca
fe8b
ff8f
0051
006f
0158
00cd
0058
ffff
ffec
009a
003c
ff93
ffa6
fec7
fe8b
ff92
ff9f
ffc4
0151
0031
009a
01bb
002d
0044
00cc
ff04
ff93
ffee
ffb7
fff6
006e
ff60
fe8e
ff86
002c
0028
00e1
00a3
000f
ffaa
0052
0047
ff66
ffb4
ffc4
ff65
0056
0082
00e6
008c
ff75
ffca
fff5
ff0d
ff7e
006b
ffa2
ffa9
00ec
0092
fffa
005b
006c
ffec
ffd2
ff99
ff9f
ff07
fee9
ffb7
002c
ffed
00c8
00fd
0005
ffee
008d
ffd6
ff2f
0066
ffbd
ff7c
00da
00d4
ffeb
003b
ff87
feb2
ff8d
ffe7
ffb3
0109
ffdc
0095
0098
ffce
00be
0135
ff2f
ffd3
0054
ff4b
feef
ffb7
feb2
feb1
0040
00c5
00d1
0119
00d2
fffe
ff4a
ffee
0059
ffc2
0007
002d
ff6b
ffa0
ffeb
ffe6
ff8e
ffc8
00ac
0043
fff6
0049
00da
ff94
ff72
009d
006d
ff85
0054
008c
ff9c
ff5b
ff87
fe65
fe98
001b
0029
00db
0170
00a9
0090
0077
ff9f
000c
ff55
fefc
ffda
ffd1
ffe7
00ed
fff3
ffdf
00e0
0019
ffcb
0057
ff11
ff87
0012
ffee
00bc
007f
0024
008a
0026
ffb9
0051
ff30
fe82
ff04
ff8d
ffb1
00bb
00f3
00b7
003c
0064
0081
0004
0028
002f
ff91
ffb4
0002
000a
ffc7
ffb1
fff7
ffb7
ffc7
0142
003e
ff78
00bd
ff88
fecb
00b6
007f
ff6f
0060
0042
feb9
ffbd
004c
ff72
ff43
0024
fffe
0027
0102
0133
0091
0003
ffcc
002e
ffb5
ff7c
0003
0001
feb6
ff3e
0047
ff51
002f
0103
0053
0045
0061
ffb0
ff8e
0050
0087
ffe1
0009
0055
0049
0010
003d
0030
fe85
fe2d
ff62
ff46
ffdf
016a
010e
0030
00d6
00b5
0003
ffde
ffd4
ff53
fef7
ff30
ffc5
ff9c
000d
00d2
00be
00d9
0115
0067
0061
0059
ff09
ff6a
ff5f
fef1
0053
0068
ff7d
009d
fff2
ff33
ffef
fffe
ff50
ff96
000c
000b
007e
0138
006a
001d
0107
00cc
0029
0053
ffaf
fe99
fed5
fefd
ff2f
000a
002a
00a4
017d
00d1
00b6
0087
ff4b
ff12
ff7a
fecb
ff7b
00ac
0057
0046
005f
ffeb
0004
ff83
0007
0022
fef8
ff79
0086
ff78
fff4
0205
00de
009f
0163
0025
fefc
ff89
ff24
fea7
fe8c
ff71
ffd8
ff58
013a
0175
fffb
0029
00b9
ffbc
002a
006c
ff42
fed1
ff45
ffae
0030
00c6
00c8
00a5
0008
0058
0046
ff97
ff61
ff29
fe9f
ff92
0071
00cf
0108
00f0
fff8
fffa
fff6
ffe5
ffa7
ffa9
ff07
ff16
ff7b
ff7e
0030
00af
ffe1
0087
00c3
ff6c
0012
00e0
ffd4
ff10
005c
003b
ff33
0065
009a
ff41
ffff
0069
ff98
fffe
0071
003c
005d
fff2
0078
0022
ff6d
ffe1
ffe5
ff09
ffde
ffc1
ffec
0063
00ef
fff2
0080
015f
ffe1
fed1
0015
ffb3
ff21
ffd5
ff90
fedd
0041
00d6
00f0
01ae
001c
ff8a
0073
ff93
ffba
00cd
ff14
ff1d
0039
ff39
ffa2
00c7
ffd2
ffad
006a
005e
00c9
003c
0041
ffce
ff32
0011
00ed
ffda
0044
0079
ffbc
ff7e
ffff
ffc7
ffa6
ff5b
ff57
002f
000f
ffc5
007c
ffc0
ff5f
00b3
0091
ffe2
005c
ffd3
ff7e
0002
001a
fff6
0054
0031
0013
ffec
ffac
ffd8
ff84
ff2d
ffbf
0074
0024
ffec
00f5
0075
ffd4
00f7
0077
ff32
0016
ffe7
feaf
ffd2
0082
fee8
ff86
00bf
0006
ffff
009a
000b
ffaa
ffe7
0097
0011
003e
003f
0008
ffbc
007d
ff9b
ff7f
000b
ff94
ffec
00b8
ff89
00be
00fd
ff31
009f
00d1
fee2
ffde
0022
fede
ffc1
009e
001f
007e
00e1
0035
fffe
ffff
ffff
ff9e
ff82
ff4e
ff06
ffb2
0091
009b
00ad
004a
0021
000a
0077
0015
ffa8
ff0f
fe89
ff4f
0041
fff9
0100
00d0
ffd7
0037
009d
0010
0008
0021
ffaf
ff6a
ffac
006b
ffff
fff8
ffff
ff77
ff39
fff0
ff8d
fff6
0042
0043
0045
fff6
0032
007a
ffa0
ff4b
001c
ffd8
ff84
00d9
0061
ff96
0072
0071
ffda
ffc7
0036
ffce
ff88
0016
004c
ffb8
ffa5
005c
fffd
ff4e
ffc2
0091
ffdb
ff9b
0130
00df
ffb0
0068
0071
fed6
ff58
ffd2
fef6
000f
00f5
fff0
00de
0108
ff99
001c
fffb
feab
0036
000d
ff39
0088
004b
ff15
00d8
0046
fef4
00c2
006a
ff12
004d
0017
ff3e
0014
009e
ffc1
0051
00cf
ffc2
0006
ffd3
ff68
ff87
ff93
ff3a
0076
0121
0086
006f
ffb5
feec
ff65
ffe5
0012
009c
00c6
0009
0074
0099
0046
fffa
ff23
fee2
ff61
ffe8
006c
00d7
002f
ffde
0072
00d1
004e
0037
000b
fe7a
fe7f
0066
0000
ffcf
0133
00a6
ff68
0056
000e
fe75
ff00
ffd8
ff5a
0064
00ef
010a
006f
fff0
003d
ffab
ff76
ff87
ff9f
002d
0056
0031
00f4
0009
ff15
0004
ffae
ff9a
00cd
0034
ff81
006a
ffb5
ff51
00a3
002b
ffb7
005e
ffe4
fff0
00ca
ffb1
ff5c
ffe3
fed2
ff26
00ac
004d
ff7a
007a
0046
0063
012b
0040
ffdb
0054
ff53
ff10
000e
ff78
ff54
00b6
009c
00c8
0125
0056
ff94
ff77
ff77
ff90
0000
0031
ffe1
0004
00d0
0058
0076
002b
feca
ff4c
ffc4
ffb6
00ac
001f
ff17
ffac
ffe2
002a
00fc
0072
ff5c
ff7f
0010
0047
009e
0129
0047
ffeb
00b6
0063
ff2f
ff64
ffe5
fe91
ff8f
00aa
0086
008b
0089
ff42
fff0
0021
ff15
ffea
00a3
ff8a
007a
0102
ffce
ff86
0055
fecf
feb4
00a5
0051
ff64
0122
0061
ff32
0021
ffc2
ff0d
001d
004a
ff7c
0071
00e8
0021
000c
0063
0013
ffb0
ff86
ffe1
ffad
ff9f
000c
0061
0015
ffc9
0043
006e
ff97
ffe7
0017
ff42
ffb8
0080
fff4
0095
0037
ff79
fff5
ff2e
ff22
0035
ff51
ffb4
0142
000b
0085
01f3
0032
ff10
0011
ff9e
fedd
ffd4
002a
ff28
ff03
004e
00b6
00b8
015b
014f
ffc2
ff86
ffc5
ff62
ff3f
ff9a
ff59
ffd4
000e
0085
016e
0092
ffb3
009a
ff7c
fefe
0109
ffcf
fe8b
00c7
ffe5
fed8
00a0
00bb
ff28
ffce
00ed
fff9
ffe4
00b1
ffc6
fef5
ff59
001c
004b
0011
008d
00ff
003b
ffe4
0085
ffc4
fe56
ffee
005d
ff6f
0075
00d8
ff49
fef8
003d
0065
0069
0057
0062
ffb8
fef2
002c
003d
ffbb
00a0
0086
ff4c
000f
002d
ff35
ff71
0050
ffee
0001
00de
00b5
0060
0044
ff9d
ff8b
ff71
ff55
000b
ffd6
ff0b
ffca
ffa9
fff8
00a6
00cb
0095
0047
00b7
00e1
ffc1
ffa7
ffff
fe6a
feb6
0064
0038
ffff
00ab
0014
ff71
0040
00b4
0017
001c
0022
ff8f
ff79
ffd6
ffd8
ff99
0047
ffae
ffe4
0083
fffc
000d
0075
0000
ffa4
001a
006b
fffa
004b
0031
ff9f
ff69
feed
ff13
fff5
fff9
003f
017f
016f
00a4
00ae
ffe3
feec
fed6
ff86
ff8b
fffc
0092
0077
001a
007c
0129
011c
fff8
ffe8
ffd2
fecb
ff46
006f
ffaa
fef2
ffc4
002b
003a
0192
011c
ff9d
ffc5
ff78
ff69
006d
004d
fff3
ffd6
ff23
ff97
0080
ffa1
ff55
0029
0019
004e
014e
012f
ff82
ffae
0001
ff03
ff60
00bd
ffad
ff88
0069
ffde
001e
0120
005c
0050
0015
ffa8
ff60
0003
ff8e
ff9f
ff42
feef
ff25
0066
0058
0065
006e
0049
ffe4
0077
00fa
00a5
ffe6
ff65
fecc
fed4
ffaa
ffdb
ffd3
006a
008b
005d
00ea
00f7
0017
ffa4
fffc
ff52
ffe8
0095
006a
fff6
000c
ff22
fe87
ff17
ff62
0006
00af
006b
0065
0108
00fb
0084
0007
ffbc
ff15
ff50
ffb9
001f
ffea
ffbc
0010
fff4
002c
00db
007d
ffff
fffb
ffa1
ff74
ffd4
0002
ff9b
ff97
fff6
002f
0075
008f
0070
ff62
ff4e
ff69
ff52
0002
0094
ffbd
0043
0116
0089
0073
003e
0049
ffa7
ff9e
ffa9
ff5d
ff4f
ff6b
ffb5
0060
0035
0047
007e
008f
0032
ffb7
ffd5
ff85
ff80
0044
00ef
0042
0011
001f
ff97
ff81
001c
ffca
ff4e
0051
0009
ffb1
0123
0094
0019
011e
001a
ff83
ffdb
fed4
ff23
ff98
ff05
ffd7
0069
ff71
00c3
01da
0090
0053
0067
ff45
ff99
ffe8
ff9e
ff68
0075
005f
ffb1
ffa9
0070
fff6
0052
0022
00a7
009e
ff91
ff46
ffdd
fe91
fed8
0055
ffe2
0045
0213
009c
ffda
00a3
ff08
feb3
0035
ffe7
ffb7
00a0
0039
ffde
0061
ffee
ff64
ff90
ff32
ffc8
0046
0005
0069
009c
0030
0062
ffde
ff3d
0009
ff5e
ff4f
fff2
ff9a
ffff
0119
00af
00b4
0110
ff91
fe89
ff93
fed9
fedd
00f7
011f
0073
014b
0124
0060
00a7
ffaf
ff36
ff72
fedb
ff9c
ffe0
ff17
ff56
fffe
ffd1
006d
00ed
0059
00ec
0131
003a
0020
00dc
ff81
ff29
ffc4
ff71
ff4c
0038
ff33
feea
ffb1
ff70
fff0
018b
00e3
006b
012b
008d
ffb0
0044
00a8
ff2a
ff35
0051
feec
fef4
006e
fed8
ff44
0075
ffc1
0068
0175
0077
009a
00f3
ffea
ff23
ff6c
ffc9
ffee
ff73
ffb6
fff7
ff7f
004d
00cf
003a
ff7e
ff84
ff5f
ffb4
0088
0132
0071
003d
0121
0039
ff88
004e
ff36
fe6c
fed7
fec9
ffa3
00c9
003e
00f7
00fe
ffc1
008f
00c3
ff85
ffcd
fff1
ff72
0020
00d4
fff9
ffde
fff6
ff61
feed
ffd0
0016
ff3c
ff97
fff2
0051
00ff
0134
00b9
006e
ffb7
ffde
0040
ffca
ff0a
ff5f
ff3c
ff22
0034
00a6
ffd3
ffff
ffdc
ffb4
0099
0065
006d
fff5
fec4
0045
00d5
ff1c
003d
000d
fe4e
fffb
019d
007f
0114
00ca
fef3
ff19
000c
ff90
ff71
ffb3
ffa4
0034
012b
0108
009e
ff98
ff00
ffc1
000f
ffc3
003a
0045
ff04
ffe1
00ce
ffc8
ff65
fffd
ff34
ff8d
00d2
0129
00e2
00ba
008d
005d
ffd9
0046
0005
fe81
ff28
ff79
feb6
0023
00b8
fffa
0031
0108
0094
00ae
005c
ff72
fff2
ff3c
ff0c
007f
00be
ff47
0040
004b
ff52
00a4
0102
ffcd
ffab
0010
feef
ff0b
004c
00c1
ff78
000d
01dc
ffb5
001b
0101
feeb
feae
ffad
ff3f
ff8a
000e
fffc
ffc0
ff7b
0087
00bf
0059
00e5
0042
ff5d
fffa
005b
000b
002d
001e
ffb7
009c
00b8
ffff
0050
ff98
fe88
ff32
ff63
ff3d
0061
007a
ffd3
00e2
005c
001d
009f
0074
000f
0024
ffbf
ffe5
ff5f
ff48
ff57
ff5f
ffc0
006d
0034
0080
0051
005a
0062
ffd4
ffc3
0033
ff71
001b
0106
ffca
ffce
011b
ff9d
ff04
00d0
000c
ff43
0023
ff8a
fec7
0007
0087
0072
0153
00db
0020
0012
0017
0013
005f
ff76
ff22
ffbf
ff52
fedf
0010
ff46
fe95
00ff
00af
0006
01eb
01b0
000a
007b
0027
ff82
ffc5
ffbb
ff12
ff89
ffae
ff6c
ffe7
ffdf
ffa2
0020
ffb9
0017
00a5
ffcc
006b
00e8
ffd6
ffd9
0062
0025
001e
0067
0032
ff6c
fea5
ff81
005f
ffd6
ff85
0075
0058
ff9c
006d
0100
ffe3
0016
00ec
ffcf
ff75
0056
ff0d
ff0a
ffa4
ff88
ffc9
ff4d
00b2
000d
ffb9
0103
0093
ffae
0082
0076
ff9f
005e
0045
ffa3
fff9
fff8
ff6e
0038
ff87
fef6
ff85
ff6f
ffb2
00fd
00a0
0044
00cd
0095
ffc7
002b
ffe6
ff75
ff56
ff87
ffc2
ffe2
ffd2
00a5
003e
0000
003c
ff7a
ff19
005f
ff6f
ff52
009b
ffe2
fff3
00c3
0063
0051
004c
fffc
000d
ff7a
ff67
0003
006e
00c3
00b0
00ef
ffc1
ff4c
ffa9
ff99
ff66
fffe
fff4
ff19
ffab
013e
00aa
00da
00f4
ffa6
ff1b
ffb3
ff92
ff03
ff32
ff53
ffb0
00f4
0189
0152
0060
0016
ffd5
ffb1
000b
ffee
ffcf
ffee
ffc2
006a
00b0
002e
0039
fff8
ff24
ff33
fff9
ffab
ff43
ffa5
ff80
000b
00e0
00e8
0154
0127
004a
ffef
ff59
fed9
feea
fed0
ff11
ffee
003c
0000
007c
00fd
fff8
001f
00d6
ffa8
ffac
0087
ff5a
ff70
0092
0025
002e
0127
000e
ff0b
fffb
ff74
ff85
001e
ffa0
ffda
0029
ffe9
0055
0093
ffe3
0084
000a
fff7
005f
ffb4
ffa0
ffe7
ff27
ff17
ff4c
ffad
0012
0072
0030
00c9
00a2
0001
009f
0068
0033
0056
002e
0000
ff8e
ffae
ffdb
ff79
ff91
ffc7
ff67
ffa2
00c0
005a
0066
00d1
002f
fff6
fff9
0008
ffe2
ff63
ff9c
0023
ff6b
ff4c
00ea
006a
ff8e
00c8
00e0
ffa8
fff3
0021
ff4b
ffa4
fff9
ffb7
ffaf
001a
0011
0012
0068
001a
ffd3
001d
ff87
ffe7
0094
ffb7
0034
009a
ffe6
0002
0095
ffd4
ff98
0036
ff4d
0052
00b9
ff89
ffd8
ffa1
ff17
0062
ff6d
ff5e
00d3
ffcf
001d
0161
0096
fffc
0046
ff57
ffb1
ffc0
ff64
ff89
ff79
ff28
00a2
00b2
0085
0106
0067
ff51
fff8
ffee
ff6a
ffdc
ffff
ff8b
ff91
0014
0006
ff93
0027
ffed
ffe2
00ad
00e0
001c
0021
ffc7
fefc
ffcb
001d
0043
0018
fffd
002b
0075
ffbf
ff42
ffd2
ff7f
ff51
00a9
012d
0025
ffc4
ffa0
ff1e
ff7c
fff0
ffcb
002b
ffef
ff69
00a3
00f3
fff9
00c8
00d4
ff6f
00a0
00f1
fea8
ffa7
ff52
fe0a
ffee
00b2
fff7
0111
00aa
ffe4
00dc
0003
ff6c
006d
fff8
ff9f
0018
ffa9
ffbc
0044
fffa
0058
ffce
ffe5
00cb
ffe7
ffad
007f
ff4a
ff2b
007a
00cb
00e6
00c1
ffdb
ff65
ff4a
ff55
ffd7
fff0
ffca
003b
005c
001f
0083
fffb
ff40
ff88
fff1
0081
00c0
0093
005e
ffd8
ff4c
ffbb
ffed
ffbc
ffb1
fff8
0014
ffbd
ffb6
fff5
ffad
0056
00a6
007f
0061
ff99
ff58
ffa2
ffb5
002c
005d
ff47
001d
00c1
ff98
0021
00f2
ffed
ff27
004e
0038
ff47
ffae
006c
fef7
ffd8
008d
fff5
004f
00c5
0021
ffea
0057
ffed
ff53
fffb
ff7d
ff55
0108
008c
0031
0116
ff9a
ff60
00cc
ffb0
ff9b
005c
fed0
ff41
0080
004b
006a
018f
002c
ff5f
ffcf
ffc1
ff69
ffe5
ff5a
feeb
ffd0
0087
012d
01eb
0113
ffcb
ffdf
ff30
feb0
ffb0
fffe
ff4e
ffd4
00cb
0048
0074
00e8
ff98
ffaf
005b
ff57
ffc2
0016
ff5c
ffd0
0058
0038
007a
0058
001c
001b
0005
ff2e
fee3
ff0f
ffc2
ff84
007d
018d
0050
000d
00ac
ffad
fff3
fff0
ff9f
005e
fffc
ffa0
0010
ff8e
ffcb
0007
ff99
006d
007f
ff70
0007
005c
ff4f
ffd9
00a1
ffce
00ac
00fb
000f
0047
ff79
ff0b
ff9e
ff3f
ff67
ffe1
ffe8
0040
0073
00dd
0127
003b
0021
ffe5
ff1c
001f
004a
ff2c
ff9d
0020
ff59
fffe
00ef
00a2
ffb5
000f
fff8
ff27
ffc6
0073
ffbe
0001
00ee
0085
0010
0026
ff53
feed
ff21
ff8e
008b
00ba
0013
00c3
0060
ffbb
006b
0035
ff76
ff7c
0019
ff8b
ffdb
00c0
ffc7
ff9b
fff3
ffd3
0022
00b7
00b6
ffdd
ffba
ff38
ffb8
009d
fff9
ffec
0012
ff11
feba
00c0
00be
feef
006c
0127
ff50
00e7
019b
ff5f
ff91
0036
ff5d
ffdc
00e6
006c
ffaa
ffd7
ff93
feef
ff2c
001b
ffef
ffba
00fa
010a
ffbf
0066
0047
ff2d
ff8a
0068
ffd2
0030
0071
ff9b
ffb2
ff94
febd
ff81
0036
ffdd
007e
0122
fff8
0062
0162
0018
0080
0112
ff06
ff25
ff43
fe85
feb8
ff7f
ffe5
0032
00c0
0113
00d0
0021
fffd
ffff
ff84
ffae
00c6
00ba
ffb5
0039
0026
ff60
ff46
0034
ffa0
ff12
fff0
00be
ffea
0045
010b
002d
ffed
0097
0048
001e
002f
ffb2
feda
fea1
febe
ff40
0074
008a
00a7
00fd
00ce
0163
0050
ffe2
0030
fee8
fe3f
ff9f
ff76
ffd4
00e1
00a0
00cf
013e
0054
ffe6
ffa5
ff07
ff27
ff5f
ff85
ffcb
0048
0078
0097
0121
010d
0012
ff52
ff42
fefb
fed3
fff3
0067
0014
0050
00fa
00ca
00ca
001b
ff52
ff02
fef1
ff81
0021
0048
0053
0039
0034
0075
0082
ffcc
ff92
ffb7
ff23
ff68
0052
0073
0080
00f0
00bc
005e
000f
ffdf
ff08
fef3
fedb
fef6
ff25
0087
0107
0068
00a1
00af
0068
009c
0006
ff2f
ff20
ff27
fe54
ff37
fff5
ff7c
0063
011e
010b
018e
0180
00b5
0053
ff9d
feca
ff23
fefe
ffa8
0057
001c
0035
0074
ffee
ffb3
ffdb
ff47
ff62
ffae
ff94
ffdd
009c
007f
009f
0129
00ae
009f
00e7
ff7c
fedd
fee6
fe65
fe78
005b
009a
fff6
0154
0165
ffc9
00df
00de
fe81
fec8
ffc9
fecc
ff89
009e
ffab
ffcb
006f
012d
00e5
007a
006d
ffa2
febd
ff50
ffa2
ff69
0058
0043
00ae
0197
0154
008e
0062
ff37
fe3e
feef
ff73
ff4f
ff91
0035
ff98
ff92
0147
00bb
ffeb
016d
004d
fed0
0041
fffe
fe97
0098
006c
0012
00ff
0072
ff73
ffd3
ff73
ff6d
ff95
ffd8
007a
001a
004e
00b5
0031
fffd
003e
0013
fed1
feda
ff27
fef1
ffa6
009f
010d
011e
0135
0138
00a0
ffca
ff46
fefb
ff27
ff5a
ffe7
0036
0056
0036
0094
0074
004d
0040
ff6d
ff1a
ffc7
ffac
ffa2
ff83
ff20
ff9c
0040
009b
013e
0130
fffa
0000
ffdd
ffde
0075
ffde
ff48
000a
ff99
ff86
0044
004b
0003
0041
00c1
005f
001a
0000
ff3a
feee
ff7a
0002
0076
00b9
007b
005e
0003
0033
000f
ffbe
ffd0
ffee
ffab
ff4e
ffab
ffe2
ff54
0078
019b
005a
0051
00fd
ffd1
ff52
ffae
ff70
ffc3
ffc7
005b
0123
fffe
ffc3
0053
ff99
ffab
ffdc
ff4a
0025
0097
ffc9
0049
0044
ffc4
009d
00cb
ffde
ffac
ff0b
fe25
ff05
0007
0004
009d
0166
00d2
002a
00e3
0054
ff36
ff99
ff80
febf
0035
00ba
0001
0017
00c6
ff73
0038
00db
0054
0054
ff8e
fee7
ff82
fef3
ff4e
fffa
ff99
0075
0113
004c
00ad
00ac
0029
ffae
ffa5
ff84
fefe
fee7
0008
0067
0008
008f
00aa
ffa0
ffd4
0001
fff5
ffc4
ff7d
000e
ffb1
ff81
0178
0118
ffa3
004d
ffb9
fe6e
ff71
fff9
0005
0098
0067
0047
0035
00a9
010f
0078
fff1
fff2
feec
ff1b
002f
fff9
ffa7
ffbb
ffa2
ffd9
0025
0113
0112
ffd6
ffea
ffce
ff28
ff42
ffbd
ffba
ff83
ff9d
0043
00d9
00b3
0111
0079
ffb4
ff7c
ff7c
ff7b
0006
ffff
ffd4
ffcb
0053
0061
0122
009b
009c
004d
fee0
fe9f
ffc1
ff9a
ff4c
0040
0081
ffb2
0008
00f6
00e6
ff61
0009
001d
fee6
ffed
013e
ff8d
002f
ffea
ff44
ff99
0064
ffdb
0002
002d
ffbe
ffbe
0043
008e
00d7
000e
003d
0042
ff46
ffc0
002c
ff4d
fffe
0026
ff93
0097
0082
0075
001e
ffd0
003b
003e
ff81
ff5c
ffac
fed9
fe96
001c
00c6
fff0
009d
013e
00c2
00a1
00ac
0046
ff57
fecf
ff17
fef8
ff62
007d
007c
00ad
00e2
0048
ffd9
ff9a
fff7
ffe1
ff47
002f
005d
ff82
fff8
005f
ff55
0020
0095
ff97
0005
00b5
ffd5
0036
0019
ff4b
ffd0
ffe7
ff49
0080
00e9
001c
ffe9
002e
ff78
ff60
007a
ffc7
0002
00c4
ff99
ff80
006a
ffb2
ffc7
0088
fffa
ff83
0047
0021
ffce
00a0
0002
ffa7
ffed
ffe3
0044
0026
ffde
006b
ffa0
ff87
0096
0032
ffeb
001b
ffc5
ffc1
ffbb
fff9
0062
0006
ffdd
0082
00d5
000e
0026
0012
ff1f
ff6d
ffe1
ff9c
ff0b
ffa2
0031
0033
0038
00f4
004e
fff0
fffd
002e
ffa6
ff66
ff94
ff94
ff32
009b
012c
004c
0141
00dd
fed1
ff77
0023
ff13
0004
00ad
ff24
fff7
00de
fff5
0043
010e
ff85
ff2a
000b
ffc7
ff4f
0000
ff3e
ffd1
ffff
002d
0089
00a1
0068
ffbf
ffd0
000c
ffe9
ffcb
ffd6
0026
0001
00bd
0012
ffd8
006f
ffc9
fffd
0078
ffd1
ff82
fea5
ff0d
ffea
ffae
0082
00f1
0014
00b5
0136
fffa
ffcb
0001
fe88
ff12
0066
000a
0013
009c
ffe8
ffce
ffd1
007a
ffc0
ff1f
ff44
ff45
ff55
00ae
0112
00d4
0039
0013
0015
003f
0016
ffd7
ff32
fed0
ff6b
0055
0091
00ce
0070
0065
001b
fff6
ffe2
fffd
ff9c
ff78
fffe
ffc4
0093
010d
ff55
ff60
ffdf
ff0f
ffeb
008e
ffb4
ff82
005a
0010
0099
012c
0071
ffcf
001e
ffda
ffa5
ffea
ffb2
fed9
ff6a
ff9b
0087
015d
0043
ffd5
00ae
ffdc
ffcb
0143
ff9e
feba
ffc8
ffb3
0002
0153
ffde
ff95
006e
ffd6
0097
00da
ff37
ff8e
ffa1
ff41
004e
00bc
ffcb
ff96
0026
ffdc
ffe7
00aa
000a
ff24
ffd4
ffd5
0008
011f
005a
ffa1
ff9c
0027
ffdb
0063
fff5
ff78
ff46
ff1f
ff60
00e3
0096
001e
011e
0058
000e
0120
0003
ff05
ff47
fe90
ff21
003a
00cf
00db
008e
001f
0011
0008
ffb1
ffe2
ff7d
fef8
ffc4
00bc
00da
0058
ffac
ff5a
ff9c
ffe1
0090
0028
ff89
ffd3
ffd5
ffed
00be
0061
ffb8
ffe8
0008
ffc6
006d
000a
ff85
ff89
fff9
006c
00ba
011a
009f
ff91
ff8d
ffca
ff56
ffc4
ff5d
ff86
004b
0040
00cf
013f
ff82
ff9d
005e
ff69
0008
00ee
ff72
ff13
fffd
ff36
ffe1
013f
00e1
0053
00ba
0036
ff62
ff56
ff92
ff6f
ffde
ffec
ffaa
003b
0050
ffb6
006b
ffff
ff03
ff88
001b
001d
00ca
00ea
ffb9
ffcf
0035
0021
006f
005d
0036
ff77
fec4
ff58
ff5d
fee2
00bf
0133
0057
019a
0109
ff46
ffc8
ff71
fe8d
ff29
ffb3
ffbf
ffe7
0111
00f6
ff79
ffe9
0081
ff43
0076
00ae
ffcf
ff55
ff4d
ff17
ffef
007f
00c1
00c4
007b
0068
0020
ff93
fff6
ffa9
fe95
ffed
006b
0046
00a0
005f
ffdd
ff4a
ff08
ff75
000b
0051
00b9
008c
ffef
ff95
ffc1
0078
0015
000b
0070
ffdf
ff5d
ffbf
ff89
feaf
ffa0
0099
fffa
004e
016b
0017
ffdd
00b5
001a
0023
0014
0036
0020
ff83
fff5
ffe7
fed3
fecb
ffff
fffd
002e
0125
003d
ff54
0023
00c7
0043
0087
007a
ff5c
ffeb
0016
ffd8
ffd1
ff2f
ff3c
fff2
0018
0093
00a8
ffbf
ff6b
0032
0024
0016
0117
009e
ff5f
00a5
00cb
ff4d
ff4e
ff35
fed8
ff07
0074
0129
0050
0032
00b8
0014
0028
003a
ffac
ffdc
ffa4
ffab
0065
fff3
ff4d
0046
ffc1
ffb2
0119
0027
feab
ffa4
ffa4
fea8
000b
00ea
0043
00f4
018d
008d
00b9
0068
feb2
fe71
ff0b
fedc
ff44
0055
0111
010f
00f1
013b
00b7
0068
ff5e
feea
ff30
fea8
feb7
ffcc
fff4
0072
00ab
0115
00eb
0011
0005
0017
fedc
ff2e
fffd
ff70
000c
0132
00d7
00e1
0104
0000
ff64
ff9b
ff5d
ff26
ffd5
ff95
ffb6
fffb
0006
00af
00df
ffe0
0030
ffdf
ff80
0081
ff57
fe7b
ffc2
ff37
ff70
01ee
01cf
0109
0141
001a
ff5f
ffa0
ff38
ff64
ff5b
feee
ff27
fffa
0020
0027
00e2
00ac
0040
0053
006e
ff82
ffb8
002d
ff7e
ff9d
0052
fffc
ffd8
005b
0013
ff65
ff2d
feec
ffe1
0025
0038
00ff
015d
00f2
00fe
00cf
ffec
fede
fed7
fee4
feea
ff9e
ffb2
ffaa
ffd3
0084
00cb
00ca
00e9
0065
ffea
fffb
ff65
0064
00eb
ffdf
fffe
0078
ff5a
ff7e
fffb
fef3
fe7b
ff27
ff4b
ff95
007f
00fb
004d
00bf
00d6
008f
0086
0021
fffd
ffc0
ff5a
ff45
ff86
ff43
ffd6
fff1
ffe9
0089
0074
0073
0103
0087
ff9b
ffbe
001a
ff87
0016
fff4
ff33
0004
fffe
ffa0
0044
0011
feff
0019
0083
ffbd
0061
00b3
ffa5
ffcd
00de
0107
0062
00dc
009b
fec6
fee7
ffa8
fe82
fea6
ffd2
ffe3
0088
00f7
00b2
00f8
0032
ffad
0026
ffe4
ff67
0001
ffc4
ff9e
ffb6
ffa4
ffe5
0017
0097
00f4
ffd7
001b
00aa
ff4e
ff8b
0037
ffa2
ffad
00d2
00ec
0042
0050
fff9
ff79
ff8f
0041
ffcf
ff0b
ff69
ff2d
ff15
004c
00c7
0021
00a7
003c
001b
0049
001c
ffd9
ffd8
ff6f
0042
00b8
006c
0044
0003
ff16
ff19
fffd
0004
ffc4
0024
0028
008a
004f
0098
00f0
ffd0
ff5d
004c
ffb4
ff80
0016
ff61
fefd
ffea
ffec
ffd1
0089
0024
ff70
007b
00d6
0097
0097
0023
ff2d
fffb
fff9
ff5e
0076
0050
ff09
009b
0090
ff57
0074
0055
ff36
001c
0033
fec6
ff9a
0072
ff5e
00b8
012b
ffe7
00d8
00af
ffc0
ffef
007f
ff0d
ff55
00ad
ffc1
ffa4
00e0
ff6c
ffb3
00c9
ff59
ffd0
00ea
0017
004e
002c
ff4f
ff63
ff84
ffcb
0029
0050
ffe1
ffd3
ffe4
ffd7
003a
002f
ff59
0088
006a
ffa8
00d6
0083
ff3f
0003
ffea
ffa8
001d
0084
ffbb
0018
0036
ff64
000d
004d
ffa1
ff9a
ff7f
ff92
ff71
ff35
0005
0066
0079
0140
00f9
0024
0014
ff65
ff73
ffe5
ff50
ff56
002d
ffb8
0021
00ab
0012
ff90
0030
0043
fff1
fffb
00a3
ffc5
ffed
ffee
ffcf
fff7
0038
005b
0079
0021
ff9b
ffc2
ffe4
0001
0014
ffc6
ff88
006d
0056
0049
0078
ffac
ff54
ff83
ff88
005b
0086
0027
ff51
ff53
005c
004f
fffc
00d7
ffd6
ff2e
002d
0079
ffe5
00a5
ffbd
ff12
00a3
008a
fffc
00ae
ff9c
fee1
0025
ffc3
ffa4
005d
0026
fef0
ffd0
00a0
0031
008f
0114
0043
ff6a
ffe6
005d
ffb4
ff88
ffa4
ff37
ff22
0061
0076
0014
0111
00fa
ff61
fff7
00d6
ff33
0007
00f4
ff61
ff1e
ffe8
ff9a
ffe0
0035
ffb1
ff38
0029
0041
00df
0103
0058
ffb1
0020
ffc3
fffa
fff0
ff7a
fee1
fef5
ff41
002c
008e
010b
0132
00ad
0077
0059
ffab
fe90
fef6
ffc7
fee1
ff94
00e6
fff5
ffc5
0160
0006
ff41
009e
ff7b
ff39
0125
ffd4
ff95
00cb
ffb3
ffb2
00b4
ffd5
ffcc
00a8
ffdc
ffc5
0021
ff13
ff27
fff6
ffb4
0075
00c2
ffe2
fff8
00b6
0034
0005
008d
0033
ff51
0040
010c
ffa1
ffe0
0066
ff1c
ff08
004e
ff69
ff12
fff6
004b
ffdd
00c0
0142
00bc
007a
fffe
ffa9
ff7e
ff42
ff8e
ff80
ffe2
0038
00c7
00d5
00cf
00ff
0003
ff41
ff76
ff02
ff7d
0063
008d
00c4
0038
002c
ffa3
ff9a
0031
ffe7
ff76
0037
007d
ffe9
ffe5
fff9
ff43
ff45
ff5b
0015
ffab
0013
00b2
004d
004f
00a5
0017
006a
ffd5
ffa8
0014
ff4d
ff12
0037
ff81
ff7a
012d
0084
ff77
ffdb
001b
ff81
003b
00de
007b
0026
0077
00a9
ffd3
ff0d
ff27
fe7c
feb8
002b
0102
0035
001b
ffed
ff70
ffae
0057
ffe5
ff77
0014
0065
fffe
0060
0079
ffea
0055
003d
001c
ff9d
ff49
ffa1
ff8d
ffb7
004c
009c
008a
00ca
0110
0097
ff91
ffa5
ffad
ff65
ff88
fff4
ff6c
ff6c
ffdc
ff9a
ff98
0043
0066
0012
00c3
00f2
000c
0034
0036
ff4f
ff9d
0006
0080
00b1
001c
0082
ffd8
fede
ff5e
ff9a
ff12
ff85
0003
005e
0081
0144
01fe
0127
002d
ffad
fe62
fe3f
ff56
fee9
ffdd
0104
00a1
fffb
00c4
0095
003d
ffb8
fff1
ff54
fe99
ff93
0043
0001
00e0
0108
0032
00db
0087
ffd1
ff6d
fed1
fed4
ffb5
ffc5
0040
00f7
003e
ff76
0087
0029
ff9a
009f
00aa
ffd2
ffd2
005e
ff7a
ff4b
0082
ff1a
ff54
00a0
ff65
ffd3
0094
ff81
ffbe
0097
007d
014d
00ff
ff96
ffde
ffe7
ff29
0004
0109
ffe8
ff61
0006
ff6b
feed
ffa4
ff96
ff44
0025
00bb
007c
00a7
00d1
ff97
ff50
ffce
ffad
ff87
00fd
00d4
0070
009b
003a
ff83
ffbc
ff19
fed7
ff30
fee7
ff85
0080
0084
0174
017a
00ba
0119
00f7
ff8d
ffae
ff91
feab
feee
ffa3
ff7f
ffa2
005f
fff0
ffee
006b
000d
0042
0037
fffe
0079
00b9
0009
0018
00d0
ffdb
ff9c
0061
fef4
febb
0036
000d
0014
00c6
ffc5
ff09
ff97
fff4
010e
014d
0102
009f
0000
ff80
005e
001f
ff0e
fedb
ff5c
ffaf
ffdd
0059
0067
ff9e
0026
008c
0028
0032
0028
fe9a
ff5e
0076
0051
00c4
0104
ffcc
0017
0008
ff81
ffdf
ff4b
fe7f
ff4c
001a
0095
010d
00cd
fffd
ffd2
ffe2
00d9
00da
006b
000f
fecb
ff20
ff6f
ff20
ff73
ffc5
ff7a
0067
00f3
0093
00d8
00b2
ffeb
ff5d
ffd6
fff6
ffb0
ff8f
ffc1
ff6f
001b
00f7
00f9
0080
fff6
ff1d
ff01
ffc2
ffda
ffc4
000e
ff90
001e
006f
00bf
00d0
0044
ff11
ff64
ffb8
0026
00b8
0058
ffc2
fffa
ffbe
ffec
003e
ffe4
ff68
ff76
ff89
0080
006a
004a
00aa
ff69
ffd0
fff7
ff8e
0053
0015
fffa
0068
ff94
ffc0
ffd7
ff0f
ff76
008b
0048
0090
00f7
0024
006e
0077
ff6d
003e
ffe3
fe9c
ff65
ffa7
ff80
00a1
0020
ffa0
00ef
0075
fff6
00f6
002f
fefd
ffc8
ffc1
000b
018c
00e1
fff5
fffa
feb2
feb4
002b
ff5a
ffd2
0073
ff6d
00e0
0189
ffe3
ffa9
ffee
ff03
ffa8
011c
013a
ff8a
ff63
ff44
ff19
00c6
00b6
0055
0094
ffa4
ff92
00a1
0056
ffd8
ffca
ff10
ff54
007e
001f
ff5f
ff74
ff56
ff7c
011a
012a
00c8
00b2
ff65
001e
0057
ff96
ffc5
ffb6
ff7c
0074
0050
005f
000d
fe9a
fef0
ffc5
0002
0095
006e
004f
0026
ffb0
00a8
0083
ffa7
ff87
ff85
ff5f
0009
ff8d
ff57
ffab
ff1f
002c
01b0
0089
00ed
012a
ff60
ff6f
00fc
fff5
ffcf
011b
0002
febd
ff6d
ff02
fe87
ff73
0008
fffb
008b
0117
010e
009f
000a
ff87
ff51
ff55
0082
00b9
0045
003e
ffd7
feb5
fef0
ff97
ff9f
000d
0098
001f
0112
0128
0095
013b
00c4
ff61
0050
ffd5
fea6
ff20
ff37
fe6c
ff59
004e
0062
0163
01da
006c
0022
ffe3
fefa
ff0c
0040
002e
ffb7
00b7
00df
ffdf
006e
0013
fedf
ffb6
006c
ff99
ffac
ff90
ff48
ff7a
fff4
0128
0140
003f
0016
0039
ffbd
0011
fffe
fef5
ff18
ff81
ffd6
00ca
0106
0047
0073
ffd0
ffa5
0042
ffaa
ff10
ff8b
ff0a
fef4
0027
0080
0044
0074
0046
00bf
0078
ffbc
0004
ffb7
ff5b
0050
ffbd
0024
00eb
0049
0018
0074
ff56
ff2f
fef4
ff5a
ffcd
ffdf
0062
00b2
008c
0113
00e5
003c
fffb
ff84
fee0
fedd
ff1b
ff84
ffda
ff52
ffe8
00d2
003e
00c3
01cf
0075
ffdc
ffff
ff2e
fee2
ffd4
ffda
0018
008a
002b
ffb3
fff8
ffb3
ff35
ffd7
ffdc
ff7a
005f
00f0
0079
0106
00db
008f
002f
ffb7
ff04
ff14
ff36
fef9
ff14
ff6b
ffa6
0062
0184
017b
00de
0076
ffb7
ff96
001a
ff97
0040
0071
0020
0023
ffdb
0019
ffe2
ff68
fff3
ffaa
ffb7
ffae
ff69
fff0
0017
0056
0117
011e
00fa
00f8
ffef
ffa5
ff36
fe70
fedd
ff0f
ff18
0028
011d
00df
011a
009e
002e
0013
fef0
feef
0037
ffbb
ff95
00c1
0085
0012
00a3
0037
fff1
ffe0
ffa3
ffa5
ff08
ff64
0007
ffe0
0088
009d
009a
0111
015f
0022
0011
fec3
fe31
ff06
ff0a
ff93
0028
ffa7
0067
009e
0015
00e5
00bb
ff5b
002c
005b
ff70
000a
00a5
ffe7
001b
000b
fff6
0084
ffea
ff7b
ffee
ff9d
ff74
002c
0094
0050
00b1
006a
ffeb
0001
ffab
ffa1
ffc8
ff4e
ffd8
0013
ff5e
ffba
002a
ffad
0009
006d
0065
00d8
00f6
0000
ffa8
0037
ff70
ff5c
ffde
fff7
005e
009e
00b7
004d
ffd3
ffa6
ffd1
0020
ffed
ffb4
ff91
ff20
ffec
002e
fffe
0075
00ad
002c
ffc2
0007
0049
ff8c
ffbf
ffb3
ff92
0098
00c6
0047
0076
0007
ff15
ff3d
ffdf
ff78
0071
007a
ff88
00a1
0028
fec0
0085
0098
ff2d
00b9
0087
ff46
fff5
0016
ff4d
0022
ffc6
ff33
0015
003e
ffc0
008a
00dd
0058
004d
00ce
001f
ffc8
ffd4
fec1
ff2b
ffa8
ff24
0078
01cb
0059
006a
005f
ff17
ff51
ffd8
ff68
fffd
0006
ffb3
00ee
013f
ffd5
00c9
ffce
fefc
002c
ffa1
ff4d
ff2b
ff49
ff72
ff9c
00a7
0117
0037
001a
004d
ffcf
006d
0062
0049
0012
ff2b
ffd4
0024
ffba
003c
0049
ff0b
ffac
0061
ffa0
0054
0098
ff41
0002
001b
ffff
0133
0081
ff92
0041
ff44
ff32
0026
ff2c
ff08
0019
ffd6
008f
0111
008f
00d5
005f
ff53
ffc4
ff70
feae
0048
002b
ffc2
00d5
00dc
0023
00f4
0027
ff5b
ffbe
fedd
ff00
0064
005b
fff0
0120
008e
0042
00e7
009c
ffa8
ff3d
feed
ff4e
ffbe
0017
006f
ffe4
ffe5
0032
fff3
ffc5
0047
ffe8
ff7d
0081
0025
ffe0
00a7
0020
fee1
fffd
008a
ff37
fff9
002a
ff06
005a
00bd
0011
00df
006a
ff74
006e
00a4
ffd8
ffef
0038
ff47
ff1c
ffd9
ffa2
ff25
fff8
0077
ffc5
00cf
0100
ff3f
0012
0059
ff52
ff8f
ffe3
ff7d
0015
0029
004b
001e
ffd2
ffe0
000b
0040
005d
ffe9
ff8c
0026
0045
ffc5
ff8c
003b
0035
ffe0
004d
004c
ff8f
ff8e
0052
0085
003d
0082
00a1
000c
0027
003e
ff4f
fe82
fef7
ff4a
ffe8
00a9
0055
008e
00c7
000b
008f
00ab
ff61
ff9c
ffde
ff5d
ffde
0026
ffa9
0026
0120
00a7
004c
0098
ffcd
ff63
0038
ff87
fee4
ff81
ff6d
0002
009d
00c5
0094
0016
ff96
006b
0080
ff99
ffc1
ff9a
ff2f
ffbe
ffe1
ffde
0011
0066
0016
00a0
0093
0042
ff8b
ffa6
ffa8
ff44
ffba
0084
0016
0032
0052
ffb2
ffca
ff74
ff57
fffb
0002
002c
00d0
0076
0016
0022
007b
ffcd
ff96
000e
ff35
febc
0000
ffe5
ffae
00dc
00e9
0038
003e
00af
0060
ff47
ff80
fecb
fe81
ff81
00b4
0105
00c3
0075
0029
ff7d
0031
0092
ffd1
ff29
ff53
ff46
ff73
008f
0104
ffe8
ffee
0059
ff6e
ffe0
00ba
ffeb
ff25
ffd2
ffb4
ffbb
0085
00f8
ffc3
001a
00f5
0026
006b
00a5
ff23
fff8
ff99
ff74
00e5
ff4c
fec3
011d
0024
ff7e
01a1
00d6
fe68
ff6f
ffe2
ff40
0001
00be
0050
fffd
005b
0082
ff9d
ff93
ff90
fecc
ff4f
0067
00b8
00fc
00d2
00c0
0016
ffc3
007e
ffcd
fee9
ffa1
ffd6
ff1a
002f
00e0
0031
ff5a
ffda
fffb
ff94
0027
00c9
0045
ff4b
005b
010f
0020
0020
ffd7
fe83
ff36
ffea
ff79
ff80
004a
ffdd
0077
010f
007b
ffd8
ff5e
fed9
ffc4
0046
0042
011c
0075
ff16
ffba
004f
ff9e
0019
00eb
0023
000d
0038
006a
ffe8
ff7c
ffe3
ffe6
ff5d
0054
013d
fff0
ff5f
0092
ff86
ff14
00db
0068
fed4
ffd5
ffce
ff20
0070
009c
ffed
0062
0060
0057
001d
ffcb
0001
0002
ffc5
0123
0122
0036
0040
ff6a
fe9d
ff12
feb5
ff94
fff4
ffd3
0114
014a
00a6
0109
006f
ff9e
ffa3
ffd1
ffba
ff98
005f
ff69
000a
0093
0038
00b4
00c7
ff52
ff0e
ff60
fedd
ff7d
009b
0009
ffff
00d5
010f
00fd
0082
ff8d
ff3d
ffcf
ff16
ff9b
00a4
ff68
ff42
0001
ff91
ffec
003f
ffe8
fff0
0080
0083
0085
0027
fff2
fff9
ffda
ff96
002f
0016
ff36
ff7d
ffc2
ff75
ffc1
001f
ffc7
ffdd
00db
00b7
007e
00f2
0021
ff4c
0003
001c
ffcb
006e
ffef
feb9
ff36
fff0
ffc5
009f
00ba
ffa0
ff96
ffd8
ff73
0056
0032
ff31
0034
0090
00d1
0155
013a
0045
fefa
fe79
ff77
ff03
ffca
0078
ffd7
0083
00ff
009d
00e2
00a1
ffa6
ff28
ff95
ffc4
ff6c
ffe1
0003
ff72
ffee
ffe3
000a
006d
0044
fff6
000f
fff5
ffc3
ffd4
002f
001c
004c
005e
0025
ffdd
ffdd
ffa8
ffde
fffa
ffc0
fffc
ffe0
0004
005b
0089
fff5
ffb6
0036
ffa5
ffbd
0077
ffe3
ff4b
ffaf
0025
ffc3
010e
0110
00cd
00db
ffd1
ff50
ff1a
fe4b
ff06
fef6
fe94
0068
0148
0039
01e4
01c1
ffdd
004a
0057
ff38
ffdc
0060
ff04
ff42
ffbd
ffc0
0063
0024
0005
ffc3
ffb6
003e
0056
008e
0092
0016
003a
00aa
0073
ffc3
ff26
fe00
fe00
ffd6
0024
006f
0143
00c6
0024
0038
0023
001b
ff4c
ff78
ffcc
0042
0165
00e2
0016
00c4
ff3f
fefb
fffc
ff33
ff70
0008
ff9a
ffb1
000c
ffbb
005c
004e
ffee
008c
0095
ffbf
0099
0054
ff93
007d
ffd2
ff17
005b
ff87
ff25
fff4
ff6d
ff93
0001
ffe5
00d2
0141
00fa
0074
00a7
000e
feb8
ffe5
002d
fec5
ffd6
0082
fe52
ff4b
011c
001d
008d
0140
ffff
002c
0051
ff28
fef4
ffe6
ff0e
ffb0
0136
0068
00d6
0145
003d
007d
00b3
ff7c
ff2a
ff13
fef0
ff88
002f
ffe1
ffc2
ffb1
004a
013d
0108
00cc
008e
ffda
fecb
fee5
fffb
ff99
0014
0067
fff7
0011
004a
ff31
ff45
ffc9
ffe1
ff95
0063
00bb
005d
003d
00b7
007d
000a
00a8
00aa
ff10
ff2f
ff36
fdd8
fe99
000a
ffea
00c7
01d8
00b3
007d
00e8
007b
ffc7
ff9a
fed4
fea5
fef4
ffb2
006e
00ec
00d5
ffd0
ffcf
0090
ff99
ffc5
0021
ff1e
ff35
00b3
0059
00fb
010e
0054
0028
ffe9
ff46
ff6e
feb8
feb1
ffc0
ff1c
ff8e
0175
0098
00f3
01e6
0056
0011
0078
ff84
ff02
ff8e
fe9b
ff30
006a
ffdc
0077
0102
0072
ffdd
003e
fff6
ff17
ff70
ffca
ff3e
0049
0057
ffc2
00c5
012f
0013
0056
ffd2
fec6
fee1
ffb9
ff67
0022
0084
0073
00e7
013f
007a
0096
0001
ff56
ff54
ff33
ff30
ff0d
ff9c
007a
003c
007e
0152
008f
0073
00d6
ff24
ff03
ff89
fedf
ffb9
00dd
006f
0108
00b8
fffd
ffc0
ff68
ff04
ff0c
ff67
002d
007a
0060
00d5
0027
ffc2
000c
00ce
000c
ffcb
ff3b
fed8
ff93
ffef
ffab
00be
00c3
007e
0171
011a
0013
ffd5
ffb9
fed3
fe9f
ff5a
ff47
ffc0
008c
ffae
ffed
00e3
0083
008e
0139
0042
fff7
ffb6
ff07
ff74
ff8b
ff25
004b
009f
0097
016c
009a
ff27
ffb6
ff5b
fe60
ffd6
0033
ff99
003c
00c2
006d
fffe
0094
0039
ff55
ffb1
ffd3
ff04
ff9d
0034
ffbb
0027
00c3
0096
00d5
009a
fff2
0054
fffb
ff46
ffee
005f
ffb4
0039
0044
ff77
ff9e
ff98
ff50
005f
005c
ffd1
0057
001b
ffa8
ffe5
ffdc
ff77
002d
009d
0066
00ee
00d4
ff15
ff38
ffbd
fe9c
ff7e
0129
002b
004b
011b
009f
008b
0146
ff7f
fec4
ff6a
ff17
ff46
0083
fffb
ff7b
0036
0024
005d
015a
0059
ff7f
0012
fee1
fed3
0044
0005
ffbc
00c4
0085
000d
00ee
0063
ff48
0022
ffd4
fef1
ff66
fff5
ff60
ffec
ffd8
ffa4
0011
00d6
00b5
011e
00dc
0039
0008
ff18
ff1e
fff2
ffb8
ff81
0057
ffe3
ff77
00b1
00ba
004d
008f
0032
ff8f
ff74
0012
ffdb
ff9c
0005
0046
ffc6
004b
00ab
0041
ff3c
ff17
feba
fec4
ff9b
00f1
00c3
007c
017a
005b
ff8b
009e
ffa2
fec5
0002
ff79
ffa0
fffa
fff6
00c5
007b
ffbf
0096
0018
002a
00db
fff1
fee0
ff16
fee6
ff35
002b
0086
013f
0124
0032
00be
005c
ff2d
ff4a
ff1b
fe41
ff54
fff4
ffef
00b4
0130
0113
00c2
007a
002c
ff97
feaa
ff45
ffcd
ff3a
ffe4
00ff
009d
002b
0124
00ac
ffa2
ff46
ffd1
feeb
ff20
009f
008e
0029
014b
002d
ff81
0085
ff2d
fef9
fffb
ff66
ffef
0074
007a
012f
011f
00a1
0009
ff1c
fe3f
fed3
ff6f
ff49
ffbb
0026
00b6
00ed
01a0
01a0
009c
ffc7
ff65
ff0a
ff12
ffde
ff71
ff79
0068
ffdc
0038
001f
ffcf
009e
ffee
000a
00f3
0031
0035
0042
ff69
000f
ffad
ff11
ffec
0069
003e
009c
00d9
ffb9
ff62
ff8e
fee5
ff61
ffa9
ffec
007d
00e9
006b
0108
001f
ff67
ffd1
ffa9
fed3
ffa4
ffee
ff41
ffa0
0084
0016
0040
00cb
0066
0076
004c
ff66
0089
008f
ff99
ffca
ff71
ff2d
004c
007e
0017
0023
ff87
fefc
0118
0127
ffb8
0089
ffb5
fe86
ff99
0049
ffeb
fff0
000d
ffe1
ffc9
ffca
ffe9
ffb4
ff2e
ff7a
0030
00d8
0165
00e7
00b5
00a1
ff8c
ffd0
ffea
ffb2
0025
ff3c
ff7a
0060
ff92
ffc9
00b9
006f
0047
000d
ffb3
ffa2
ff92
ffd2
00ae
0004
ff7c
0028
0065
ff75
ffd4
0085
ff95
ff78
007c
00b3
ffef
0071
004a
fef2
ff20
0031
ffaa
ffb9
00f4
0068
0025
012e
0020
ff85
ffc2
ff56
ffae
fff8
ffc5
000f
00ab
008a
0069
00e7
0039
ff6d
ff91
ff00
ff14
ffd5
0020
ffc0
0026
005b
004a
0041
0083
0059
ff4b
fedb
ffa9
ff74
ffb6
00b9
0073
ff7b
006d
0044
ff6f
0095
0007
fe3e
005e
00bf
ff85
013c
00dd
ff96
0001
ff86
ff87
ffad
ff33
ff50
ff4b
ff59
0054
00e8
00aa
00ba
00d6
004a
ffc4
ffb1
000e
ff72
ff4e
ffad
ff58
0009
006b
0045
0068
ffc6
002a
000e
ffa3
005b
0044
ffab
0000
0014
ff86
ff48
004d
0050
0022
0091
00c9
fffd
ff40
fff0
fffd
ffa5
002e
0075
0002
0056
018a
0027
ff76
008f
ff41
fee1
0040
ffc6
ff99
0053
ffa5
ffca
00ab
ffe7
003b
008a
ff9a
001e
00c3
ffcb
003e
0046
0056
ffd2
0013
005c
ff0c
fef5
000b
ff25
ff79
00da
003e
ffc6
00bf
ffd7
ffe4
00d5
0014
fffe
0059
ff5e
ffed
ffdf
ff1a
0038
ffb7
ff41
008a
0048
ffc0
00e5
003d
ff57
002f
fffb
ff61
0097
005f
005e
0022
008f
001f
ffc7
ff7c
ff24
ff06
ff62
ffb8
fff2
fffa
fffa
000a
00cf
00fe
0092
00af
ff89
fed8
ffa0
ffd5
ff94
0031
00a2
0034
0023
00ea
0066
ff51
ff50
ff43
ff51
003b
00ee
0136
00f2
004d
003f
ffa6
febb
ff27
000a
ff71
0030
0094
004f
00da
0069
ffdd
0021
ff3d
ff2b
ffac
ff76
ff64
0054
003e
004d
0138
00de
0075
0078
ff53
ff3f
ff8b
ff4d
001c
0015
ffd5
00b7
0036
0016
0091
0024
ff82
ffe6
fff4
ff5b
0015
0077
ff5b
ff8e
002c
ffc8
0025
0076
ffce
ffd4
ff5b
fefa
ffd6
0010
ffe6
007e
00f1
0062
0025
003d
002c
0005
ffcf
ffd8
ffec
ff5d
0001
007c
ffde
0025
004b
ff33
ff67
006e
ff98
ffe1
009f
ffaa
ffbc
00bd
0045
0018
00b1
005e
ffc4
ff75
ffbd
ffae
ff9f
ffa2
ffbf
0000
000a
0051
00b8
006a
ffa9
ff67
ff87
ffdf
004f
00a3
0029
006b
009a
ffea
0056
ffc2
fefb
ff6f
ff91
fff3
00b6
0039
ff74
ffe7
0018
fffd
00bf
00c9
fff3
ff98
fff0
ffc0
000c
0023
ff8f
ff19
0005
0016
fff6
00ab
001e
ff07
ffd5
003d
002d
0094
0013
ff70
0015
0068
004a
0103
0074
ff67
fff7
ff31
ff2a
ffa8
ff25
fedb
002a
0041
0065
01d4
00d9
ff72
0011
ffc8
ff4b
003b
0079
ffa5
ffca
0064
fff1
004c
0084
ffa4
ff85
ffef
ffc6
fff7
00bd
0045
ff8b
0017
0068
0058
00a3
0036
ff2a
ff21
ff9d
ff67
ff8f
ffbd
ff21
ffa4
00c3
00f7
00bd
0013
ff88
ffe0
fff6
001b
01d1
0070
fedd
002d
ff27
fe94
0089
0024
ff52
00a5
006a
0024
012f
009e
ffd6
004a
ffaf
ff8b
00c1
fff8
ff45
ff96
ff14
ff3d
0046
0066
0056
00c2
0017
ffc3
0041
ffa5
ff6d
0009
ff95
ffc5
008f
fff6
ffce
0046
ffd2
0011
0042
fff5
0099
006a
ffd6
ffd5
0045
0048
ffe1
0038
0045
ff91
ffcb
0048
ff52
ff01
ff71
ffe0
ffcc
0023
00c2
0097
002d
004a
0054
ff6a
ff75
001a
ffe5
001b
0071
004c
0012
ffdc
0071
0062
ffe2
ffed
ffbb
fefb
ffd0
0016
ffa5
0012
000e
ffc7
0106
00b4
0008
ffc7
feca
fec3
ff8d
ffa1
0033
00a2
0061
0057
0101
0073
ffc4
003b
ffba
ff32
ffea
0030
ffbd
ff12
ffca
ff51
ff25
00c4
0087
004f
0139
004a
ff88
0031
ff8c
ff54
0031
0054
ffdf
0071
000a
ffa2
0038
ffed
ffdb
0084
ffea
ffd3
0063
0007
ff83
0007
006b
ffcb
007c
00e5
ffb5
ff72
ff54
fe42
fe9e
ff7b
ffd1
00f8
01b0
0107
00df
004f
ffd0
ff9e
ffcf
ffdd
ff80
ff87
0012
0000
00c7
004a
ff1a
00b1
0044
feee
00f6
ffe0
fdca
0003
ffe5
fedd
0199
010c
ffcf
009c
00ab
ff63
ffcf
ff34
fead
003c
006a
0053
00b6
003c
ffd4
002e
009b
00c2
004b
ff41
fee2
fee0
ff11
0005
0098
006c
0088
0021
0052
00f5
0030
ffbf
ff88
fea6
ff23
000f
0040
00a3
0077
fff6
fffe
ffe2
003a
001a
000d
ff85
ffab
0055
ffee
0025
00b2
fff1
ffb1
00d3
ffea
ffb2
0039
ff19
fec9
ffb2
ff32
ff94
0187
006e
000c
0147
00d4
0039
00bd
ffe7
ff1d
ff4b
ff53
ff59
ffe3
ffe7
ff4f
ff7e
fff9
ffbf
0033
00a9
0043
0056
005b
0039
008c
005b
ffea
0006
ffec
ffc4
0080
0066
fe93
ff63
ffca
ff41
00ad
012b
0045
007f
0014
0003
008e
ff76
ff94
ffb2
fed1
ff27
006d
0019
0056
0016
004c
0051
0052
003c
0045
ff6d
ff77
0050
fff7
0032
00ff
0001
0086
00c3
0021
ffd0
fee7
fea1
ff5f
ff4e
004e
00bf
0082
0170
0072
ffb0
0068
ff67
ff96
00a0
002b
ff5f
0005
ffbb
ff6b
0038
002d
0012
ffd9
fff6
ffbd
ff60
ffc6
003d
ffc8
0052
0164
007d
00a6
0088
ff53
ff7a
ffca
ff2c
ffbe
ff95
fef1
ffee
0087
ffed
0024
0060
0035
000b
007d
00a9
ffbe
fee1
ffb1
ff2d
ff1e
00a8
001b
ffd0
010b
0089
ffa8
0051
ffb1
fefc
ff8e
0001
0038
00bb
0072
008a
0034
ff63
0013
005f
ff66
ffe5
0037
ff7c
ff49
002a
0069
ffbc
001d
00b8
ffbd
ffdc
0090
ffea
feef
0022
002d
ffc4
008c
016e
007c
ff72
0007
fff7
feda
ffc8
0003
ff69
0002
003a
ffd7
0048
0027
ffb5
00ae
00cc
fff2
008b
ffca
fec9
002a
000f
ff4e
00bc
00ab
ff93
0087
0112
003d
fffa
ff6b
fec6
ff79
0006
0015
0009
ffd4
ff5d
ff4f
0058
007b
005f
002b
fef1
ff65
003c
fffd
00a5
0095
ff32
ffab
00ac
0055
0056
00e8
ff9d
ff29
0034
0043
003c
0083
0040
ffb0
ff4c
0003
ffd3
ffa9
ffdf
007e
ffcb
ffe0
006d
ffec
ff92
000b
ff90
fffd
ffd6
ffd8
008e
0032
ffbb
002d
ffc6
ff62
0008
0084
ffd0
0034
008f
0019
ffb8
00a2
0035
ff0b
ff9c
ffb5
fef9
ffdf
007b
ffdb
00d7
007f
004a
00ed
00ab
005d
0060
ff72
feb8
fed7
fee8
ff79
001c
006a
006c
0093
0060
ffff
0043
0098
ffe2
ffb2
ff72
fee1
fefa
ffe8
ffee
0096
01bc
0112
00b5
00eb
ff83
ff72
fffb
fe9e
ff03
ffc7
ff32
0099
010a
0009
006a
00c7
ff8f
ffb8
fffd
ff29
ff53
006e
ffb0
0001
00c9
0003
0050
00d6
ffce
ffba
0022
ff6a
ff58
fffb
0028
0018
011f
017d
00c7
0011
0009
ffb1
fee9
ff17
ffff
ff67
ff8d
00af
008a
009d
00d1
001f
ff73
fefb
ff1d
ffad
ffcd
000c
0083
001b
0022
0080
005e
ffff
000b
ffb6
ff7e
ffb7
ff87
ffd9
004b
ff6f
fff5
0076
0000
ffae
0161
00ca
ff8d
005e
ffb4
febe
000e
ffd9
ff42
ffc0
ffed
ff65
0066
0104
0037
0098
00f9
ffb4
ffc1
0000
fef1
fea7
ff91
ffe6
0075
00a4
0048
006b
ffc4
ff90
fff4
0000
ffe2
00b4
007d
001b
006d
009d
ffca
ffa2
ffbb
000a
ffc8
ffb5
ffce
ff95
ff7b
0031
00ac
0059
ffcc
001f
ff98
fef0
ff70
ffef
ffa8
0038
0113
008e
00c3
010d
004c
ffad
ff8c
fef2
ff45
fffa
ffc8
00c5
00a1
ff9b
0011
ffec
ffa7
00ce
0056
ffef
0046
ff44
ffab
00cc
0004
ff69
ff7c
ff08
ff99
00b7
0106
0032
ff48
ff74
004d
ffdd
ffd5
00de
ff59
fe56
0068
007e
0019
009f
0031
ff4f
002e
fff6
fff3
005e
0001
ff7a
009a
0020
0044
00ac
ff7b
ff04
0001
ffcd
ffdd
00ee
00bc
0083
006b
0065
ff6f
ffa4
ff6c
fe5b
ff08
ffef
ffd7
00f2
0121
0045
0021
004f
ff5e
0077
fff5
ff13
006d
006e
ffab
00d0
00ba
ffd5
fffa
002a
ff70
ff5a
ff7d
fed5
ff33
00af
00ec
013e
018d
00a1
001b
0010
ff36
ff20
ff8f
fed4
ff6c
0020
ffef
0084
00ac
ff50
ffe1
005e
ff9b
005b
009d
ff72
ff8c
002d
0090
001e
004a
006d
ffa7
ff7f
00cb
000a
ff92
ffab
fec6
ff1f
00d2
00b0
007e
009e
ffa1
ff91
00a5
005f
0030
005d
ff38
fefb
ffd2
fff2
002b
fff3
ffdc
ffd7
000a
0076
002f
003d
ffed
feed
ffe6
011e
00fe
0130
00b2
ffe7
ff97
ffd9
ffe5
ff99
fedb
ff15
ffb3
fffc
00ad
00f6
0028
ffb0
0015
0044
004c
007b
001b
feb8
ff00
ffac
ff8b
001a
00db
009a
0005
0005
0037
ff94
ff6b
ff34
ffec
00c2
00be
00d9
0107
ffc0
ffac
0031
ff64
ff4d
0001
ff67
ff86
003e
0029
0051
003b
ff99
ffeb
ffee
ff6c
ffa0
ff83
ff41
ff93
0086
011d
018b
00d5
00b6
0030
ff4f
ffb8
fec5
feb5
ffb2
ffef
ffe2
0097
0034
002b
005a
0052
0083
00db
009a
ffdc
ffbb
ff7a
ff7d
ffa5
fff1
003d
0066
0077
000c
ffe5
ff89
ff4f
ff1a
ff53
ffc3
0015
00b4
0109
0082
ffc9
0007
0009
ffc3
fff0
ffdf
ff64
ffa2
ffce
ffac
00dc
00bd
ffea
000f
001f
ff78
ffcc
0066
fff4
ffcf
0075
ffc4
0042
0108
ffb6
ffba
ff6c
fed8
ff3e
fffe
ffbb
ffc2
00bf
0092
ffdb
00b4
0038
ff00
ffc8
0029
ffeb
00db
0080
ffe8
0054
ffd6
ffe7
007d
ffff
ff8b
ffe0
ff19
ff7e
009c
fff4
0028
00c3
ffb3
fffd
0134
ffc5
002e
0058
fecf
ff4e
ffb8
ffaa
0143
009b
ffb3
0008
ffc5
ff29
ffee
0014
ff25
ffd8
0036
0023
00d2
00f6
0048
00ba
0030
ff59
ffee
ff9d
fef7
ffbd
ffc8
ff92
0071
ffff
0046
010e
00b0
fff9
ffad
ff60
ff1f
004a
00bd
005e
0154
0004
fee6
ff74
ff44
ff08
ff8c
ff80
ffaa
0026
0021
010b
01ac
004f
fffb
00b7
ffa1
ff7b
005f
ff8b
fed2
ff94
ffc6
ff72
00f2
00fd
ffe4
0063
00ae
ff8d
ffb6
0008
ff15
ffd7
0077
fff1
009f
00d5
0001
000f
ffb1
ff02
ff4e
ff3d
ff39
0030
004b
ff9b
007c
0123
0040
00da
0138
0016
ff7c
ff1e
ff2f
ff9e
ff19
fff6
00ec
0066
0079
0113
ffbf
ff32
0027
ff24
fea7
002b
0022
0057
015d
00db
000f
005a
0045
ff49
ff53
ffb9
ff10
ff46
ffc3
ffb1
008b
0071
000b
00d7
0036
ffc8
0087
fff4
fed0
fef4
ff86
ffc9
ffd5
00c2
014b
009f
00ea
0207
00b5
ff73
ff83
ff86
fe09
feca
ffd3
fe8e
fed2
007b
00b9
0114
01e8
01aa
fff9
ff34
ffd4
ff18
ff28
ffcc
ff92
ff89
ffc6
00c8
0068
ffb6
ffe8
0031
fec7
ffcb
0126
0028
0096
0180
0094
00e1
00f8
ff6e
feed
ff50
fe96
fee2
fefc
fee2
0011
0068
ff7a
0170
0200
0006
00d4
014a
ff37
fefe
001d
fe73
fe61
0050
0012
0010
00d6
0066
0015
001c
ffc0
ffe5
ffb1
ff22
005a
003d
0023
0180
00b0
ff87
009c
0011
ff7c
ffa9
ff4b
fea3
fec6
ff9f
ffc8
008d
0125
00b2
00b9
00af
ffa4
ffcd
ffca
ff0b
ff22
ffca
ffdb
006d
00e5
003f
ffb3
003e
ffe1
ffc3
00c3
006d
ff08
0055
0062
ffab
0072
0077
fff1
0079
ffc7
ff6f
ffce
fee8
fee3
ffeb
ff86
0049
014c
0104
00b1
00b5
0040
ffb2
ff24
ffd9
ff82
ff6b
0080
ff39
fefe
00b0
0013
002c
018b
0114
0036
0003
ffc9
ff7f
ff63
ff7f
fffb
0047
ffee
0030
ffd7
ffcd
0021
ffde
ff3f
ffc3
0044
0025
00c1
0134
ffdf
ff3c
003a
ff83
ff44
009c
ffaf
feaa
001c
ffc2
fecd
00a4
007c
ff51
0125
018d
0054
0112
00d1
ff62
fee9
ffe8
ff2c
ff6c
0094
ff41
fece
004a
ffe8
0049
013a
0088
ffe6
0085
008a
001c
0096
0025
ff39
ffe4
ff50
ff0f
ffe6
ff28
fef1
003a
0075
000f
00eb
00db
0093
00e9
0041
ffec
0032
ffb0
ffd3
00cb
0041
ff96
ffae
ff92
ff02
ff5f
0015
ff8c
ff5c
0080
006d
003b
019f
00eb
fffb
003a
0027
ff72
ff43
fff5
ffa6
ff32
ffc2
ffcd
ffd0
0010
0043
008a
0001
ffaa
fffb
ffe1
ff69
005d
004a
ff69
0027
00a4
ff98
ffdb
fff3
ff35
fff6
0098
fff6
00bf
00e2
ff5e
ff92
0040
ffdf
0065
fff5
ffca
00c4
ff8e
ff7b
0098
ffa4
fee4
00b7
002b
fec8
ffd9
0005
fefd
fffd
00a1
ffdc
0023
00e3
0085
0051
00b6
0028
ffc1
ffc0
ff83
ffc7
004e
ff6c
fff7
00ac
ffc2
ffc4
0189
ffe3
ff1c
00ec
ffe5
fee7
0042
ffd6
ff4e
ffe9
ff64
ffa2
0099
003a
00d2
009b
004d
0036
ffee
ff99
ffd8
ffd0
ff28
ff1a
0024
00df
0082
00cf
00a0
ff7e
ff8e
ffe9
ffb9
fff0
ffa9
fef9
ff60
000f
0061
00cf
008c
0026
001e
ff9c
ffb4
006a
000e
ffd4
007a
001a
ffb2
005f
ffb2
fef7
ffd4
ffe7
ff7c
0093
00cf
ffde
ff9c
00c9
0026
001d
