label,fault_detail,load_nm,aceleracao_x_mancal_a,aceleracao_y_mancal_a,aceleracao_x_mancal_b,aceleracao_y_mancal_b,temperatura_mancal_a,temperatura_mancal_b,corrente_fase_u,corrente_fase_v,corrente_fase_w,temperatura_mancal_a_valida,temperatura_mancal_b_valida,corrente_fase_u_valida,corrente_fase_v_valida,corrente_fase_w_valida
desgaste_rolamento,BPFI_03,0,-3470,2946,-996,1700,27550,27472,11660,5761,-17132,True,True,True,True,True
desgaste_rolamento,BPFI_03,0,900,-419,-1738,5340,27550,27472,13069,5581,-18422,True,True,True,True,True
desgaste_rolamento,BPFI_03,0,106,420,-812,3762,27550,27472,13578,5963,-19412,True,True,True,True,True
desgaste_rolamento,BPFI_03,0,-3060,3130,-439,2421,27550,27472,12935,7173,-19603,True,True,True,True,True
desgaste_rolamento,BPFI_03,0,-502,-158,3,-535,27550,27472,14495,6622,-21173,True,True,True,True,True
desgaste_rolamento,BPFI_03,0,-135,-991,679,-2355,27550,27472,15018,5548,-20736,True,True,True,True,True
desgaste_rolamento,BPFI_03,0,-2843,1578,388,3213,27550,27472,14116,4830,-19172,True,True,True,True,True
desgaste_rolamento,BPFI_03,0,-97,-674,397,1689,27550,27472,12843,5387,-18465,True,True,True,True,True
desgaste_rolamento,BPFI_03,0,3204,-2018,107,-792,27550,27472,12959,4178,-17050,True,True,True,True,True
desgaste_rolamento,BPFI_03,0,427,715,-1444,1257,27550,27472,13625,3212,-16760,True,True,True,True,True
desgaste_rolamento,BPFI_03,0,450,76,-511,-5151,27550,27472,14655,3494,-18214,True,True,True,True,True
desgaste_rolamento,BPFI_03,0,2241,-1545,-98,-6234,27550,27472,14496,4351,-19068,True,True,True,True,True
desgaste_rolamento,BPFI_03,0,-1818,676,-944,1191,27550,27472,15461,4774,-19936,True,True,True,True,True
desgaste_rolamento,BPFI_03,0,-2391,615,1178,99,27550,27472,16753,4045,-19979,True,True,True,True,True
desgaste_rolamento,BPFI_03,0,53,-1405,2492,-97,27550,27472,16267,2724,-18805,True,True,True,True,True
desgaste_rolamento,BPFI_03,0,-586,-412,1178,2488,27550,27472,15549,2794,-17999,True,True,True,True,True
desgaste_rolamento,BPFI_03,0,-970,135,2076,-1356,27550,27472,14513,2846,-17375,True,True,True,True,True
desgaste_rolamento,BPFI_03,0,1699,-1011,2200,-1396,27550,27472,14971,1300,-16218,True,True,True,True,True
desgaste_rolamento,BPFI_03,0,2444,-390,438,-32,27550,27472,15875,409,-16218,True,True,True,True,True
desgaste_rolamento,BPFI_03,0,2009,646,-1023,-2648,27550,27472,16546,1226,-17971,True,True,True,True,True
desgaste_rolamento,BPFI_03,0,1465,748,-2718,302,27550,27472,15673,2808,-18675,True,True,True,True,True
desgaste_rolamento,BPFI_03,0,1329,820,-2338,-110,27550,27472,17466,2145,-19713,True,True,True,True,True
desgaste_rolamento,BPFI_03,0,-42,724,-1740,-188,27550,27472,17570,652,-18268,True,True,True,True,True
desgaste_rolamento,BPFI_03,0,-1381,825,-2240,5495,27550,27472,17166,159,-17422,True,True,True,True,True
desgaste_rolamento,BPFI_03,0,-1784,540,-149,2573,27550,27472,16018,979,-17208,True,True,True,True,True
desgaste_rolamento,BPFI_03,0,-1099,-141,1707,-885,27550,27472,16129,166,-16171,True,True,True,True,True
desgaste_rolamento,BPFI_03,0,-1779,-62,359,3022,27550,27472,16658,-1175,-15538,True,True,True,True,True
desgaste_rolamento,BPFI_03,0,-2452,135,1731,-68,27550,27472,17125,-1475,-15990,True,True,True,True,True
desgaste_rolamento,BPFI_03,0,-1035,-560,2472,-2181,27550,27472,17122,69,-17356,True,True,True,True,True
desgaste_rolamento,BPFI_03,0,-387,-712,-199,2707,27550,27472,17361,663,-18099,True,True,True,True,True
desgaste_rolamento,BPFI_03,0,-674,119,963,-423,27550,27472,17910,-790,-17530,True,True,True,True,True
desgaste_rolamento,BPFI_03,0,1280,-209,1590,-1489,27550,27472,18290,-1777,-16440,True,True,True,True,True
desgaste_rolamento,BPFI_03,0,2732,-730,-652,-1452,27550,27472,17822,-1558,-16155,True,True,True,True,True
desgaste_rolamento,BPFI_03,0,889,251,-895,-4487,27550,27472,16668,-1396,-16266,True,True,True,True,True
desgaste_rolamento,BPFI_03,0,339,152,-730,-1478,27550,27472,17433,-2332,-15259,True,True,True,True,True
desgaste_rolamento,BPFI_03,0,573,-844,-719,-1518,27550,27472,18314,-3400,-14937,True,True,True,True,True
desgaste_rolamento,BPFI_03,0,-710,-392,-770,-2190,27550,27472,18552,-2918,-15698,True,True,True,True,True
desgaste_rolamento,BPFI_03,0,-1044,23,-1643,3246,27550,27472,17379,-1191,-16356,True,True,True,True,True
desgaste_rolamento,BPFI_03,0,717,-567,40,-231,27550,27472,18226,-2077,-16441,True,True,True,True,True
desgaste_rolamento,BPFI_03,0,1343,-379,1093,-1085,27550,27472,18876,-3554,-15527,True,True,True,True,True
desgaste_rolamento,BPFI_03,0,61,763,-885,5832,27550,27472,18998,-3983,-15192,True,True,True,True,True
desgaste_rolamento,BPFI_03,0,458,501,311,806,27550,27472,18014,-2754,-15559,True,True,True,True,True
desgaste_rolamento,BPFI_03,0,642,196,666,844,27550,27472,18099,-3010,-15129,True,True,True,True,True
desgaste_rolamento,BPFI_03,0,-989,966,-1795,5389,27550,27472,18904,-4547,-14454,True,True,True,True,True
desgaste_rolamento,BPFI_03,0,-1247,722,-305,-645,27550,27472,19316,-5152,-14238,True,True,True,True,True
desgaste_rolamento,BPFI_03,0,-243,166,513,-142,27550,27472,18854,-3680,-14657,True,True,True,True,True
desgaste_rolamento,BPFI_03,0,-832,358,-174,2988,27550,27472,18611,-2979,-14646,True,True,True,True,True
desgaste_rolamento,BPFI_03,0,-994,236,878,-1339,27550,27472,19245,-4902,-14460,True,True,True,True,True
desgaste_rolamento,BPFI_03,0,-870,-242,729,-620,27550,27472,19987,-6087,-13992,True,True,True,True,True
desgaste_rolamento,BPFI_03,0,-586,-570,400,-2655,27550,27472,19732,-5441,-14192,True,True,True,True,True
desgaste_rolamento,BPFI_03,0,-272,-771,998,-5933,27550,27472,18686,-4069,-14733,True,True,True,True,True
desgaste_rolamento,BPFI_03,0,431,-198,38,138,27550,27472,19731,-5849,-14016,True,True,True,True,True
desgaste_rolamento,BPFI_03,0,1406,-171,703,-1651,27550,27472,20399,-7283,-13473,True,True,True,True,True
desgaste_rolamento,BPFI_03,0,2357,-368,547,-3724,27550,27472,19769,-7179,-13372,True,True,True,True,True
desgaste_rolamento,BPFI_03,0,1173,577,-1360,2496,27550,27472,18510,-5079,-13745,True,True,True,True,True
desgaste_rolamento,BPFI_03,0,293,425,698,-2088,27550,27472,18562,-5738,-13108,True,True,True,True,True
desgaste_rolamento,BPFI_03,0,697,-758,658,-2203,27550,27472,19643,-7218,-12629,True,True,True,True,True
desgaste_rolamento,BPFI_03,0,-377,-252,-2624,6238,27550,27472,20083,-7699,-12615,True,True,True,True,True
desgaste_rolamento,BPFI_03,0,-1878,221,-990,1294,27550,27472,19480,-6584,-13294,True,True,True,True,True
desgaste_rolamento,BPFI_03,0,-298,-540,-535,-598,27550,27472,19901,-6974,-13125,True,True,True,True,True
desgaste_rolamento,BPFI_03,0,-75,-177,-2732,3646,27550,27472,21016,-8520,-12674,True,True,True,True,True
desgaste_rolamento,BPFI_03,0,-1429,745,-84,-2948,27550,27472,21024,-8996,-12231,True,True,True,True,True
desgaste_rolamento,BPFI_03,0,-249,260,551,-1077,27550,27472,18921,-7181,-11912,True,True,True,True,True
desgaste_rolamento,BPFI_03,0,862,-276,-94,4037,27550,27472,17995,-6300,-11892,True,True,True,True,True
desgaste_rolamento,BPFI_03,0,-714,821,1967,1072,27550,27472,18603,-7611,-11336,True,True,True,True,True
desgaste_rolamento,BPFI_03,0,-480,1050,1663,3145,27550,27472,19648,-8536,-10941,True,True,True,True,True
desgaste_rolamento,BPFI_03,0,620,149,1467,455,27550,27472,19885,-7943,-11290,True,True,True,True,True
desgaste_rolamento,BPFI_03,0,11,727,1589,-1804,27550,27472,19556,-7527,-12134,True,True,True,True,True
desgaste_rolamento,BPFI_03,0,-367,789,170,1376,27550,27472,20916,-9681,-11522,True,True,True,True,True
desgaste_rolamento,BPFI_03,0,473,-844,710,-4113,27550,27472,21301,-10698,-10714,True,True,True,True,True
desgaste_rolamento,BPFI_03,0,565,-1032,249,-5066,27550,27472,19835,-9703,-9973,True,True,True,True,True
desgaste_rolamento,BPFI_03,0,-1352,-363,-2166,-73,27550,27472,18451,-8065,-10444,True,True,True,True,True
desgaste_rolamento,BPFI_03,0,-84,-1040,-444,-3833,27550,27472,17592,-8310,-9550,True,True,True,True,True
desgaste_rolamento,BPFI_03,0,1150,-1273,-701,-1153,27550,27472,18828,-9669,-9193,True,True,True,True,True
desgaste_rolamento,BPFI_03,0,199,58,-2312,4037,27550,27472,19665,-10405,-9284,True,True,True,True,True
desgaste_rolamento,BPFI_03,0,910,57,-537,-1135,27550,27472,19879,-9972,-10048,True,True,True,True,True
desgaste_rolamento,BPFI_03,0,2034,-579,-214,-149,27550,27472,20670,-10639,-10289,True,True,True,True,True
desgaste_rolamento,BPFI_03,0,576,32,-714,1612,27550,27472,21520,-11983,-9779,True,True,True,True,True
desgaste_rolamento,BPFI_03,0,-249,656,397,-1307,27550,27472,20385,-12082,-8831,True,True,True,True,True
desgaste_rolamento,BPFI_03,0,-320,222,90,2472,27550,27472,18659,-10837,-8461,True,True,True,True,True
desgaste_rolamento,BPFI_03,0,-634,332,273,2734,27550,27472,17666,-9593,-8330,True,True,True,True,True
desgaste_rolamento,BPFI_03,0,-702,460,672,511,27550,27472,17296,-10122,-7272,True,True,True,True,True
desgaste_rolamento,BPFI_03,0,-1700,716,-184,1278,27550,27472,18885,-11699,-7209,True,True,True,True,True
desgaste_rolamento,BPFI_03,0,-777,-147,930,-3062,27550,27472,19567,-11997,-7717,True,True,True,True,True
desgaste_rolamento,BPFI_03,0,-1322,306,321,-239,27550,27472,19782,-11218,-8872,True,True,True,True,True
desgaste_rolamento,BPFI_03,0,-564,-275,465,3415,27550,27472,21250,-13285,-8551,True,True,True,True,True
desgaste_rolamento,BPFI_03,0,-1674,-333,2716,-984,27550,27472,21019,-13978,-7676,True,True,True,True,True
desgaste_rolamento,BPFI_03,0,1385,-4726,1363,1595,27550,27472,19201,-12723,-6557,True,True,True,True,True
desgaste_rolamento,BPFI_03,0,-8555,1378,-346,2241,27550,27472,18346,-11539,-6858,True,True,True,True,True
desgaste_rolamento,BPFI_03,0,2514,14287,803,-3127,27550,27472,17320,-11579,-5751,True,True,True,True,True
desgaste_rolamento,BPFI_03,0,15503,-6794,-1210,-1329,27550,27472,17672,-12359,-4998,True,True,True,True,True
desgaste_rolamento,BPFI_03,0,12084,-1528,-2301,-833,27550,27472,18762,-13493,-5383,True,True,True,True,True
desgaste_rolamento,BPFI_03,0,-9850,10780,-1044,-2571,27550,27472,19393,-13458,-6196,True,True,True,True,True
desgaste_rolamento,BPFI_03,0,534,-12249,-1544,168,27550,27472,20560,-14169,-6708,True,True,True,True,True
desgaste_rolamento,BPFI_03,0,4079,-11888,-709,-1063,27550,27472,21034,-15277,-6004,True,True,True,True,True
desgaste_rolamento,BPFI_03,0,-17056,8541,-2203,-2945,27550,27472,18351,-15517,-4627,True,True,True,True,True
desgaste_rolamento,BPFI_03,0,-1677,-3489,1948,-1728,27550,27472,16729,-15402,-4564,True,True,True,True,True
desgaste_rolamento,BPFI_03,0,5114,-5850,4498,2417,27550,27472,17551,-13157,-4548,True,True,True,True,True
desgaste_rolamento,BPFI_03,0,-10801,7209,-1210,7842,27550,27472,16914,-13827,-3192,True,True,True,True,True
desgaste_rolamento,BPFI_03,0,-1345,3283,-472,972,27550,27472,17576,-15046,-2694,True,True,True,True,True
desgaste_rolamento,BPFI_03,0,2213,-6798,4188,-10027,27550,27472,18453,-15437,-3371,True,True,True,True,True
desgaste_rolamento,BPFI_03,0,1329,6829,-3057,-2139,27550,27472,19027,-14719,-4726,True,True,True,True,True
desgaste_rolamento,BPFI_03,0,1429,7912,-992,4768,27550,27472,19904,-16089,-4010,True,True,True,True,True
desgaste_rolamento,BPFI_03,0,8549,-1870,2620,4224,27550,27472,18781,-16352,-2513,True,True,True,True,True
desgaste_rolamento,BPFI_03,0,5072,1489,-3928,12245,27550,27472,17813,-16050,-1958,True,True,True,True,True
desgaste_rolamento,BPFI_03,0,1111,1234,-1361,2099,27550,27472,17450,-15099,-2582,True,True,True,True,True
desgaste_rolamento,BPFI_03,0,-3264,-9102,4002,-10351,27550,27472,16576,-15160,-1749,True,True,True,True,True
desgaste_rolamento,BPFI_03,0,-3237,-2898,990,-4409,27550,27472,16323,-15893,-633,True,True,True,True,True
desgaste_rolamento,BPFI_03,0,-3829,-130,2170,-407,27550,27472,17208,-16742,-650,True,True,True,True,True
desgaste_rolamento,BPFI_03,0,-3871,-2981,3410,4168,27550,27472,18071,-16621,-1794,True,True,True,True,True
desgaste_rolamento,BPFI_03,0,-2034,4841,1663,5536,27550,27472,18657,-16633,-2438,True,True,True,True,True
desgaste_rolamento,BPFI_03,0,2597,3885,886,826,27550,27472,18233,-17254,-1207,True,True,True,True,True
desgaste_rolamento,BPFI_03,0,4251,-2579,99,-5095,27550,27472,17101,-17478,185,True,True,True,True,True
desgaste_rolamento,BPFI_03,0,-1248,1400,-3977,-7687,27550,27472,16674,-17027,307,True,True,True,True,True
desgaste_rolamento,BPFI_03,0,1919,1497,-4830,-4455,27550,27472,16728,-15909,-562,True,True,True,True,True
desgaste_rolamento,BPFI_03,0,5596,-5355,-5599,633,27550,27472,15668,-16628,730,True,True,True,True,True
desgaste_rolamento,BPFI_03,0,-1404,1069,-3314,1306,27550,27472,15605,-17540,1659,True,True,True,True,True
desgaste_rolamento,BPFI_03,0,-4902,3299,-1494,1726,27550,27472,16686,-17977,868,True,True,True,True,True
desgaste_rolamento,BPFI_03,0,4664,-4346,2491,507,27550,27472,17314,-17044,-668,True,True,True,True,True
desgaste_rolamento,BPFI_03,0,-2461,-3639,1744,-2597,27550,27472,17467,-17787,-12,True,True,True,True,True
desgaste_rolamento,BPFI_03,0,-8648,5063,3586,760,27550,27472,16334,-18233,1636,True,True,True,True,True
desgaste_rolamento,BPFI_03,0,2451,-1780,5529,1159,27550,27472,15918,-18249,2142,True,True,True,True,True
desgaste_rolamento,BPFI_03,0,1342,-2257,518,4416,27550,27472,16062,-17440,1144,True,True,True,True,True
desgaste_rolamento,BPFI_03,0,-5221,7576,1123,7371,27550,27472,15620,-17470,1579,True,True,True,True,True
desgaste_rolamento,BPFI_03,0,3422,3760,1597,5416,27550,27472,14931,-18173,3011,True,True,True,True,True
desgaste_rolamento,BPFI_03,0,6857,-4461,-2964,1337,27550,27472,15040,-18685,3515,True,True,True,True,True
desgaste_rolamento,BPFI_03,0,367,1870,-2280,3589,27550,27472,16323,-18551,1865,True,True,True,True,True
desgaste_rolamento,BPFI_03,0,788,560,-1513,-568,27550,27472,16518,-18274,987,True,True,True,True,True
desgaste_rolamento,BPFI_03,0,3840,-5293,-1253,-9780,27550,27472,15579,-18938,2845,True,True,True,True,True
desgaste_rolamento,BPFI_03,0,1747,-1051,-2484,-2990,27550,27472,14963,-19615,3969,True,True,True,True,True
desgaste_rolamento,BPFI_03,0,-6391,3862,-2769,-1583,27550,27472,14975,-19339,3214,True,True,True,True,True
desgaste_rolamento,BPFI_03,0,-1825,-181,1606,-9049,27550,27472,15558,-18186,2168,True,True,True,True,True
desgaste_rolamento,BPFI_03,0,2002,-2618,550,-195,27550,27472,14881,-18937,3846,True,True,True,True,True
desgaste_rolamento,BPFI_03,0,-5353,2526,8,-392,27550,27472,14772,-19834,5181,True,True,True,True,True
desgaste_rolamento,BPFI_03,0,-2982,1163,3686,-6280,27550,27472,15347,-19947,4955,True,True,True,True,True
desgaste_rolamento,BPFI_03,0,5275,-4576,3009,4485,27550,27472,15207,-18723,3355,True,True,True,True,True
desgaste_rolamento,BPFI_03,0,-1613,-132,-171,6440,27550,27472,14660,-18841,4040,True,True,True,True,True
desgaste_rolamento,BPFI_03,0,-2499,2968,1982,2771,27550,27472,14053,-19852,5596,True,True,True,True,True
desgaste_rolamento,BPFI_03,0,3233,-3364,347,5318,27550,27472,13923,-20175,6040,True,True,True,True,True
desgaste_rolamento,BPFI_03,0,3765,-1996,-1355,903,27550,27472,14436,-19360,4781,True,True,True,True,True
desgaste_rolamento,BPFI_03,0,-1596,2368,-1696,-2581,27550,27472,14298,-19431,4801,True,True,True,True,True
desgaste_rolamento,BPFI_03,0,515,-182,-2354,-2273,27550,27472,13727,-20455,6399,True,True,True,True,True
desgaste_rolamento,BPFI_03,0,3138,-1307,-569,-4416,27550,27472,13481,-20858,7227,True,True,True,True,True
desgaste_rolamento,BPFI_03,0,-2925,3219,-2209,4505,27550,27472,13597,-19887,5882,True,True,True,True,True
desgaste_rolamento,BPFI_03,0,-5816,3466,-674,4357,27550,27472,13452,-18901,4705,True,True,True,True,True
desgaste_rolamento,BPFI_03,0,1958,-221,1604,-1024,27550,27472,12924,-19334,6219,True,True,True,True,True
desgaste_rolamento,BPFI_03,0,88,86,197,3649,27550,27472,12462,-20359,7673,True,True,True,True,True
desgaste_rolamento,BPFI_03,0,-3003,1994,2485,530,27550,27472,12645,-20501,7514,True,True,True,True,True
desgaste_rolamento,BPFI_03,0,2699,-1780,5166,-5087,27550,27472,13384,-19813,5953,True,True,True,True,True
desgaste_rolamento,BPFI_03,0,2866,-3026,1188,3273,27550,27472,12913,-20785,7637,True,True,True,True,True
desgaste_rolamento,BPFI_03,0,-1308,608,-935,3206,27550,27472,12390,-21488,9127,True,True,True,True,True
desgaste_rolamento,BPFI_03,0,-572,-15,1725,-3601,27550,27472,12193,-21050,8826,True,True,True,True,True
desgaste_rolamento,BPFI_03,0,1798,-2132,-3841,3278,27550,27472,12357,-19332,6599,True,True,True,True,True
desgaste_rolamento,BPFI_03,0,762,-741,-3336,-664,27550,27472,11608,-18512,6713,True,True,True,True,True
desgaste_rolamento,BPFI_03,0,-2616,901,-1595,-6851,27550,27472,11195,-19741,8245,True,True,True,True,True
desgaste_rolamento,BPFI_03,0,-91,-561,-2927,-2548,27550,27472,11050,-20439,9035,True,True,True,True,True
desgaste_rolamento,BPFI_03,0,2591,-1462,-133,-3074,27550,27472,11671,-20414,8549,True,True,True,True,True
desgaste_rolamento,BPFI_03,0,-2389,951,1852,-2084,27550,27472,11828,-20888,8915,True,True,True,True,True
desgaste_rolamento,BPFI_03,0,-1164,1894,1113,2952,27550,27472,11288,-22253,10670,True,True,True,True,True
desgaste_rolamento,BPFI_03,0,2714,-1121,2636,2000,27550,27472,10922,-22171,11527,True,True,True,True,True
desgaste_rolamento,BPFI_03,0,1067,-67,1184,1701,27550,27472,10771,-20049,9890,True,True,True,True,True
desgaste_rolamento,BPFI_03,0,-1051,2201,-646,691,27550,27472,10547,-20840,8378,True,True,True,True,True
desgaste_rolamento,BPFI_03,0,1503,17,188,-205,27550,27472,9578,-22052,9281,True,True,True,True,True
desgaste_rolamento,BPFI_03,0,3028,-957,-2966,2794,27550,27472,9398,-20243,10514,True,True,True,True,True
desgaste_rolamento,BPFI_03,0,-1679,2859,-3287,1722,27550,27472,9804,-20703,10710,True,True,True,True,True
desgaste_rolamento,BPFI_03,0,-2125,1866,-1525,284,27550,27472,10666,-20703,9841,True,True,True,True,True
desgaste_rolamento,BPFI_03,0,2602,-1732,-1933,-1419,27550,27472,10270,-22193,11772,True,True,True,True,True
desgaste_rolamento,BPFI_03,0,-2206,-46,101,-5863,27550,27472,9549,-22641,12833,True,True,True,True,True
desgaste_rolamento,BPFI_03,0,-5229,1192,1686,-2986,27550,27472,8857,-21133,11829,True,True,True,True,True
desgaste_rolamento,BPFI_03,0,1245,-3007,2879,-1743,27550,27472,9150,-19798,10327,True,True,True,True,True
desgaste_rolamento,BPFI_03,0,320,-2480,2668,-884,27550,27472,8258,-18671,10076,True,True,True,True,True
desgaste_rolamento,BPFI_03,0,-3684,1558,253,4755,27550,27472,7575,-19007,10923,True,True,True,True,True
desgaste_rolamento,BPFI_03,0,313,-351,281,287,27550,27472,7744,-20131,12071,True,True,True,True,True
desgaste_rolamento,BPFI_03,0,3384,-2478,855,-4301,27550,27472,8373,-20597,12056,True,True,True,True,True
desgaste_rolamento,BPFI_03,0,-1303,1550,-2601,205,27550,27472,8781,-21439,12543,True,True,True,True,True
desgaste_rolamento,BPFI_03,0,-1734,1770,-1668,-604,27550,27472,8251,-22351,13950,True,True,True,True,True
desgaste_rolamento,BPFI_03,0,3842,-2103,190,-3002,27550,27472,7033,-21248,14050,True,True,True,True,True
desgaste_rolamento,BPFI_03,0,2066,0,-616,2615,27550,27472,6583,-19896,12807,True,True,True,True,True
desgaste_rolamento,BPFI_03,0,-3031,2252,661,3222,27550,27472,7059,-19215,11495,True,True,True,True,True
desgaste_rolamento,BPFI_03,0,2540,-1328,1932,914,27550,27472,5976,-18430,12120,True,True,True,True,True
desgaste_rolamento,BPFI_03,0,2664,-1718,1142,3317,27550,27472,5570,-19149,13359,True,True,True,True,True
desgaste_rolamento,BPFI_03,0,-1695,1016,1676,2991,27550,27472,6093,-19951,13796,True,True,True,True,True
desgaste_rolamento,BPFI_03,0,-368,268,1078,1292,27550,27472,7120,-20415,13238,True,True,True,True,True
desgaste_rolamento,BPFI_03,0,10241,-4855,-494,520,27550,27472,6737,-21589,14755,True,True,True,True,True
desgaste_rolamento,BPFI_03,0,-2337,3765,-1760,734,27550,27472,5727,-21219,15364,True,True,True,True,True
desgaste_rolamento,BPFI_03,0,-19352,12130,-2734,1944,27550,27472,4997,-19881,14614,True,True,True,True,True
desgaste_rolamento,BPFI_03,0,10912,-6671,-1187,-510,27550,27472,5415,-19241,13559,True,True,True,True,True
desgaste_rolamento,BPFI_03,0,-7462,1420,-952,-1091,27550,27472,4719,-18325,13358,True,True,True,True,True
desgaste_rolamento,BPFI_03,0,-16928,9332,-702,945,27550,27472,3753,-18032,14082,True,True,True,True,True
desgaste_rolamento,BPFI_03,0,10891,-11968,558,-1971,27550,27472,3675,-18953,15094,True,True,True,True,True
desgaste_rolamento,BPFI_03,0,6986,-8009,2786,-3853,27550,27472,4466,-19803,15078,True,True,True,True,True
desgaste_rolamento,BPFI_03,0,-7716,7782,3182,-2009,27550,27472,4887,-19734,15075,True,True,True,True,True
desgaste_rolamento,BPFI_03,0,7300,-4529,749,-2119,27550,27472,3806,-19217,16012,True,True,True,True,True
desgaste_rolamento,BPFI_03,0,14010,-5445,-662,-1976,27550,27472,2814,-19350,16515,True,True,True,True,True
desgaste_rolamento,BPFI_03,0,-3443,6498,1869,-2571,27550,27472,2502,-18808,15751,True,True,True,True,True
desgaste_rolamento,BPFI_03,0,3511,-1337,-1353,-2287,27550,27472,3136,-18605,14476,True,True,True,True,True
desgaste_rolamento,BPFI_03,0,9214,-3660,-5055,846,27550,27472,2234,-17578,15085,True,True,True,True,True
desgaste_rolamento,BPFI_03,0,-5351,5341,-445,-4536,27550,27472,1439,-17563,15990,True,True,True,True,True
desgaste_rolamento,BPFI_03,0,-5589,3985,-3152,-1804,27550,27472,2113,-18548,16440,True,True,True,True,True
desgaste_rolamento,BPFI_03,0,-1820,392,-1892,9100,27550,27472,3394,-19316,15827,True,True,True,True,True
desgaste_rolamento,BPFI_03,0,-8314,1853,2479,4810,27550,27472,2959,-20001,16797,True,True,True,True,True
desgaste_rolamento,BPFI_03,0,-4909,-636,942,1447,27550,27472,1657,-18910,17107,True,True,True,True,True
desgaste_rolamento,BPFI_03,0,111,-3552,-958,5936,27550,27472,1184,-18224,16960,True,True,True,True,True
desgaste_rolamento,BPFI_03,0,-612,-2000,2369,-1477,27550,27472,1785,-18081,16028,True,True,True,True,True
desgaste_rolamento,BPFI_03,0,5171,-1093,275,-5637,27550,27472,1421,-17537,15718,True,True,True,True,True
desgaste_rolamento,BPFI_03,0,4350,578,-3752,3893,27550,27472,133,-16682,16349,True,True,True,True,True
desgaste_rolamento,BPFI_03,0,312,3326,69,3867,27550,27472,-397,-16787,16889,True,True,True,True,True
desgaste_rolamento,BPFI_03,0,2853,1527,-1459,-407,27550,27472,889,-18046,16892,True,True,True,True,True
desgaste_rolamento,BPFI_03,0,1151,-1115,-2258,-1893,27550,27472,1726,-18428,16708,True,True,True,True,True
desgaste_rolamento,BPFI_03,0,-6708,1329,3419,-6739,27550,27472,388,-18055,17424,True,True,True,True,True
desgaste_rolamento,BPFI_03,0,-2678,-261,3533,-5675,27550,27472,-988,-17175,17935,True,True,True,True,True
desgaste_rolamento,BPFI_03,0,2324,-4334,3942,-1449,27550,27472,-724,-17007,17648,True,True,True,True,True
desgaste_rolamento,BPFI_03,0,-4048,236,7144,-2607,27550,27472,578,-17298,16615,True,True,True,True,True
desgaste_rolamento,BPFI_03,0,-2288,1807,4503,540,27550,27472,-848,-16584,17198,True,True,True,True,True
desgaste_rolamento,BPFI_03,0,6576,-4395,-1697,2293,27550,27472,-1860,-16689,18340,True,True,True,True,True
desgaste_rolamento,BPFI_03,0,1661,-1068,1849,-1017,27550,27472,-1504,-17336,18729,True,True,True,True,True
desgaste_rolamento,BPFI_03,0,-1806,3601,-3127,2448,27550,27472,-454,-17167,17359,True,True,True,True,True
desgaste_rolamento,BPFI_03,0,7714,-1905,-6518,1574,27550,27472,-1054,-17169,17832,True,True,True,True,True
desgaste_rolamento,BPFI_03,0,6923,-1419,-3550,2847,27550,27472,-2439,-16391,18611,True,True,True,True,True
desgaste_rolamento,BPFI_03,0,-3592,5455,-5802,7995,27550,27472,-2895,-16095,18876,True,True,True,True,True
desgaste_rolamento,BPFI_03,0,-959,1567,-3384,1465,27550,27472,-1950,-16411,18117,True,True,True,True,True
desgaste_rolamento,BPFI_03,0,1725,-3737,792,1613,27550,27472,-1953,-16313,17885,True,True,True,True,True
desgaste_rolamento,BPFI_03,0,-8986,1536,745,1069,27550,27472,-3368,-15592,18866,True,True,True,True,True
desgaste_rolamento,BPFI_03,0,-9303,3029,4620,-7302,27550,27472,-4141,-15247,19335,True,True,True,True,True
desgaste_rolamento,BPFI_03,0,2303,-4307,5872,-1420,27550,27472,-3113,-15631,18529,True,True,True,True,True
desgaste_rolamento,BPFI_03,0,-345,-806,4129,1754,27550,27472,-2185,-15827,17978,True,True,True,True,True
desgaste_rolamento,BPFI_03,0,-5568,5863,4728,-3447,27550,27472,-3923,-15022,19041,True,True,True,True,True
desgaste_rolamento,BPFI_03,0,3768,-837,848,5514,27550,27472,-5368,-14631,19924,True,True,True,True,True
desgaste_rolamento,BPFI_03,0,6444,-3195,-2673,2633,27550,27472,-5050,-14783,19783,True,True,True,True,True
desgaste_rolamento,BPFI_03,0,-3669,4018,-3371,-5696,27550,27472,-3700,-15248,18944,True,True,True,True,True
desgaste_rolamento,BPFI_03,0,785,44,-6571,-919,27550,27472,-5124,-14780,19788,True,True,True,True,True
desgaste_rolamento,BPFI_03,0,9158,-6374,-5022,-3886,27550,27472,-6428,-14176,20462,True,True,True,True,True
desgaste_rolamento,BPFI_03,0,647,621,-2638,-2773,27550,27472,-6147,-13861,19972,True,True,True,True,True
desgaste_rolamento,BPFI_03,0,-3485,2350,-1936,3493,27550,27472,-4394,-14041,18487,True,True,True,True,True
desgaste_rolamento,BPFI_03,0,5195,-4993,2753,-3782,27550,27472,-4602,-13525,18192,True,True,True,True,True
desgaste_rolamento,BPFI_03,0,334,-1434,3750,-3338,27550,27472,-6233,-13235,19255,True,True,True,True,True
desgaste_rolamento,BPFI_03,0,-7382,4170,3060,3246,27550,27472,-6830,-13152,19846,True,True,True,True,True
desgaste_rolamento,BPFI_03,0,447,-1030,5836,-2454,27550,27472,-6148,-13604,19636,True,True,True,True,True
desgaste_rolamento,BPFI_03,0,4592,-1766,1429,4448,27550,27472,-6366,-13709,19821,True,True,True,True,True
desgaste_rolamento,BPFI_03,0,-2389,4660,-2262,9288,27550,27472,-7854,-13222,21049,True,True,True,True,True
desgaste_rolamento,BPFI_03,0,-344,2997,63,608,27550,27472,-8172,-12703,21273,True,True,True,True,True
desgaste_rolamento,BPFI_03,0,4757,-1574,-2921,4715,27550,27472,-6582,-12318,19644,True,True,True,True,True
desgaste_rolamento,BPFI_03,0,-846,1046,-3517,2005,27550,27472,-5966,-12120,18257,True,True,True,True,True
desgaste_rolamento,BPFI_03,0,-5657,1839,-321,-4839,27550,27472,-7022,-11585,18478,True,True,True,True,True
desgaste_rolamento,BPFI_03,0,-157,-2398,-1059,1536,27550,27472,-8587,-11253,19605,True,True,True,True,True
desgaste_rolamento,BPFI_03,0,1599,-2433,974,123,27550,27472,-8677,-11535,20007,True,True,True,True,True
desgaste_rolamento,BPFI_03,0,-3827,1342,3204,-3047,27550,27472,-7798,-12254,19926,True,True,True,True,True
desgaste_rolamento,BPFI_03,0,-1686,477,1952,1131,27550,27472,-9352,-11871,21225,True,True,True,True,True
desgaste_rolamento,BPFI_03,0,3992,-2431,4458,-5960,27550,27472,-10336,-11163,21586,True,True,True,True,True
desgaste_rolamento,BPFI_03,0,-72,67,2613,-3480,27550,27472,-9543,-10582,20245,True,True,True,True,True
desgaste_rolamento,BPFI_03,0,-2183,1522,-444,3794,27550,27472,-8152,-10747,18723,True,True,True,True,True
desgaste_rolamento,BPFI_03,0,3030,-1717,481,-2704,27550,27472,-8086,-10183,17862,True,True,True,True,True
desgaste_rolamento,BPFI_03,0,3362,-1722,-2618,145,27550,27472,-9220,-9782,18651,True,True,True,True,True
desgaste_rolamento,BPFI_03,0,-948,1613,-5602,3737,27550,27472,-10124,-9774,19773,True,True,True,True,True
desgaste_rolamento,BPFI_03,0,599,534,-2938,-4405,27550,27472,-9951,-10311,20273,True,True,True,True,True
desgaste_rolamento,BPFI_03,0,3779,-2187,-3114,-818,27550,27472,-10262,-10751,20936,True,True,True,True,True
desgaste_rolamento,BPFI_03,0,-1758,121,-2288,1291,27550,27472,-11631,-10257,21891,True,True,True,True,True
desgaste_rolamento,BPFI_03,0,-5559,2203,2760,-3303,27550,27472,-11800,-9120,20887,True,True,True,True,True
desgaste_rolamento,BPFI_03,0,155,-883,2521,2802,27550,27472,-10498,-8498,19199,True,True,True,True,True
desgaste_rolamento,BPFI_03,0,-210,-537,3442,3493,27550,27472,-9272,-8655,18199,True,True,True,True,True
desgaste_rolamento,BPFI_03,0,-4795,3676,3848,3321,27550,27472,-9902,-7985,17579,True,True,True,True,True
desgaste_rolamento,BPFI_03,0,-71,1445,2212,6979,27550,27472,-11268,-7814,18842,True,True,True,True,True
desgaste_rolamento,BPFI_03,0,4144,-2064,2889,-1465,27550,27472,-11576,-8265,19676,True,True,True,True,True
desgaste_rolamento,BPFI_03,0,-293,1212,-993,-2383,27550,27472,-11243,-9132,20126,True,True,True,True,True
desgaste_rolamento,BPFI_03,0,-753,1536,-3846,1701,27550,27472,-12716,-8879,21360,True,True,True,True,True
desgaste_rolamento,BPFI_03,0,4127,-3132,-779,-4966,27550,27472,-13403,-8038,21022,True,True,True,True,True
desgaste_rolamento,BPFI_03,0,2125,-1598,-3013,711,27550,27472,-12485,-7227,19437,True,True,True,True,True
desgaste_rolamento,BPFI_03,0,-2884,2129,-4260,4280,27550,27472,-11496,-7268,18534,True,True,True,True,True
desgaste_rolamento,BPFI_03,0,882,-981,255,-4530,27550,27472,-11231,-6461,17444,True,True,True,True,True
desgaste_rolamento,BPFI_03,0,2698,-2561,-195,-2157,27550,27472,-11974,-5679,17359,True,True,True,True,True
desgaste_rolamento,BPFI_03,0,-3733,1978,-857,-578,27550,27472,-13026,-5744,18921,True,True,True,True,True
desgaste_rolamento,BPFI_03,0,-2909,1347,1892,-5374,27550,27472,-13006,-6348,19830,True,True,True,True,True
desgaste_rolamento,BPFI_03,0,2726,-2650,1087,335,27550,27472,-13312,-7203,20556,True,True,True,True,True
desgaste_rolamento,BPFI_03,0,-912,391,263,1320,27550,27472,-14325,-6521,20881,True,True,True,True,True
desgaste_rolamento,BPFI_03,0,-2966,2465,872,-627,27550,27472,-14219,-5102,19170,True,True,True,True,True
desgaste_rolamento,BPFI_03,0,2813,-2078,-198,2511,27550,27472,-13479,-4791,18342,True,True,True,True,True
desgaste_rolamento,BPFI_03,0,2714,-1876,-1167,-1344,27550,27472,-12466,-5136,17966,True,True,True,True,True
desgaste_rolamento,BPFI_03,0,-2202,1949,-1235,-843,27550,27472,-12868,-3922,17971,True,True,True,True,True
desgaste_rolamento,BPFI_03,0,296,259,-960,2400,27550,27472,-13773,-3144,18916,True,True,True,True,True
desgaste_rolamento,BPFI_03,0,4566,-1296,164,-660,27550,27472,-14511,-4144,18497,True,True,True,True,True
desgaste_rolamento,BPFI_03,0,2161,2301,383,2584,27550,27472,-14257,-5210,19308,True,True,True,True,True
desgaste_rolamento,BPFI_03,0,-1377,-2513,1274,4035,27550,27472,-15081,-4744,20067,True,True,True,True,True
desgaste_rolamento,BPFI_03,0,-8788,2546,2769,-637,27550,27472,-15435,-3490,19034,True,True,True,True,True
desgaste_rolamento,BPFI_03,0,-6703,3469,1290,2485,27550,27472,-15265,-2967,18046,True,True,True,True,True
desgaste_rolamento,BPFI_03,0,430,-2936,-1109,938,27550,27472,-14445,-3329,17661,True,True,True,True,True
desgaste_rolamento,BPFI_03,0,3310,1810,-143,-4673,27550,27472,-14118,-2887,16953,True,True,True,True,True
desgaste_rolamento,BPFI_03,0,811,1351,-295,-999,27550,27472,-14713,-1705,16355,True,True,True,True,True
desgaste_rolamento,BPFI_03,0,5698,-3164,-1747,-1991,27550,27472,-15371,-1277,17210,True,True,True,True,True
desgaste_rolamento,BPFI_03,0,465,99,-1964,-2859,27550,27472,-15503,-2523,18377,True,True,True,True,True
desgaste_rolamento,BPFI_03,0,1343,-856,-1934,1445,27550,27472,-15545,-3569,18552,True,True,True,True,True
desgaste_rolamento,BPFI_03,0,4140,-2405,-641,-166,27550,27472,-16236,-2287,18399,True,True,True,True,True
desgaste_rolamento,BPFI_03,0,-629,251,344,1239,27550,27472,-16438,-844,17326,True,True,True,True,True
desgaste_rolamento,BPFI_03,0,429,269,1560,2811,27550,27472,-15965,-1000,16971,True,True,True,True,True
desgaste_rolamento,BPFI_03,0,649,-1806,2733,-3811,27550,27472,-15078,-1954,16950,True,True,True,True,True
desgaste_rolamento,BPFI_03,0,-6417,1029,1418,-1314,27550,27472,-15593,-526,15983,True,True,True,True,True
desgaste_rolamento,BPFI_03,0,-5370,1003,2130,2552,27550,27472,-16350,562,15774,True,True,True,True,True
desgaste_rolamento,BPFI_03,0,-1693,-1251,2887,-2967,27550,27472,-16768,62,16502,True,True,True,True,True
desgaste_rolamento,BPFI_03,0,-2242,810,-810,3005,27550,27472,-16465,-1341,17340,True,True,True,True,True
desgaste_rolamento,BPFI_03,0,-758,3276,-2119,4611,27550,27472,-16830,-913,17438,True,True,True,True,True
desgaste_rolamento,BPFI_03,0,5759,-814,-720,-3041,27550,27472,-17147,678,16452,True,True,True,True,True
desgaste_rolamento,BPFI_03,0,5539,-763,-3768,26,27550,27472,-17302,1209,15964,True,True,True,True,True
desgaste_rolamento,BPFI_03,0,161,2776,-3239,26,27550,27472,-16689,526,16090,True,True,True,True,True
desgaste_rolamento,BPFI_03,0,2728,-771,-2578,-2262,27550,27472,-16467,665,15888,True,True,True,True,True
desgaste_rolamento,BPFI_03,0,3505,-2829,-3355,3720,27550,27472,-17217,2040,15061,True,True,True,True,True
desgaste_rolamento,BPFI_03,0,-5543,2583,-166,2644,27550,27472,-17921,2803,15155,True,True,True,True,True
desgaste_rolamento,BPFI_03,0,-2826,779,-70,382,27550,27472,-17601,1747,16210,True,True,True,True,True
desgaste_rolamento,BPFI_03,0,332,-2782,1538,-75,27550,27472,-16949,774,16172,True,True,True,True,True
desgaste_rolamento,BPFI_03,0,-4428,904,4236,-4110,27550,27472,-17879,2298,15358,True,True,True,True,True
desgaste_rolamento,BPFI_03,0,-2879,939,2846,-2719,27550,27472,-18608,3722,14729,True,True,True,True,True
desgaste_rolamento,BPFI_03,0,2164,-2758,1667,-1493,27550,27472,-18349,3440,14815,True,True,True,True,True
desgaste_rolamento,BPFI_03,0,781,-919,2816,-1918,27550,27472,-17466,2002,15277,True,True,True,True,True
desgaste_rolamento,BPFI_03,0,-613,1724,379,1109,27550,27472,-18031,3045,14731,True,True,True,True,True
desgaste_rolamento,BPFI_03,0,2485,-402,445,-1565,27550,27472,-18825,4534,14178,True,True,True,True,True
desgaste_rolamento,BPFI_03,0,3847,-1301,194,-3717,27550,27472,-18979,4545,14241,True,True,True,True,True
desgaste_rolamento,BPFI_03,0,1496,1002,-2974,200,27550,27472,-17911,2946,14551,True,True,True,True,True
desgaste_rolamento,BPFI_03,0,654,855,-2500,-1788,27550,27472,-17519,3186,14089,True,True,True,True,True
desgaste_rolamento,BPFI_03,0,1681,-1554,-2500,594,27550,27472,-18511,4850,13687,True,True,True,True,True
desgaste_rolamento,BPFI_03,0,-678,-69,-3521,2846,27550,27472,-19024,5463,13508,True,True,True,True,True
desgaste_rolamento,BPFI_03,0,-4699,2256,-1531,-984,27550,27472,-18523,4572,14039,True,True,True,True,True
desgaste_rolamento,BPFI_03,0,-2057,295,-284,2953,27550,27472,-18365,4477,14237,True,True,True,True,True
desgaste_rolamento,BPFI_03,0,543,-896,1250,3908,27550,27472,-19562,6066,13520,True,True,True,True,True
desgaste_rolamento,BPFI_03,0,-2106,1815,3016,1127,27550,27472,-19837,6938,13219,True,True,True,True,True
desgaste_rolamento,BPFI_03,0,100,503,2569,5103,27550,27472,-18895,5867,13563,True,True,True,True,True
desgaste_rolamento,BPFI_03,0,2967,-1838,1556,3257,27550,27472,-17953,4490,13410,True,True,True,True,True
desgaste_rolamento,BPFI_03,0,-213,495,2517,-2174,27550,27472,-17911,5483,12264,True,True,True,True,True
desgaste_rolamento,BPFI_03,0,-1589,981,-1313,3265,27550,27472,-18880,6973,11893,True,True,True,True,True
desgaste_rolamento,BPFI_03,0,538,-1351,-997,-1225,27550,27472,-19063,6970,12187,True,True,True,True,True
desgaste_rolamento,BPFI_03,0,15,-482,-904,-4459,27550,27472,-18821,6038,12864,True,True,True,True,True
desgaste_rolamento,BPFI_03,0,-1073,423,-2484,681,27550,27472,-19737,7173,12475,True,True,True,True,True
desgaste_rolamento,BPFI_03,0,-719,-548,-574,-4439,27550,27472,-20441,8676,11956,True,True,True,True,True
desgaste_rolamento,BPFI_03,0,1134,-1121,75,-5713,27550,27472,-19847,8597,11700,True,True,True,True,True
desgaste_rolamento,BPFI_03,0,-793,-56,-784,-2140,27550,27472,-18235,6746,11524,True,True,True,True,True
desgaste_rolamento,BPFI_03,0,-1851,818,1893,-5220,27550,27472,-17454,6582,10907,True,True,True,True,True
desgaste_rolamento,BPFI_03,0,1322,-691,2544,-448,27550,27472,-18098,7857,10350,True,True,True,True,True
desgaste_rolamento,BPFI_03,0,2410,-967,1541,5442,27550,27472,-19062,8813,10070,True,True,True,True,True
desgaste_rolamento,BPFI_03,0,597,931,2437,817,27550,27472,-19289,8433,10626,True,True,True,True,True
desgaste_rolamento,BPFI_03,0,2995,238,-108,5642,27550,27472,-19488,8347,11211,True,True,True,True,True
desgaste_rolamento,BPFI_03,0,3522,-688,-1394,4240,27550,27472,-20828,10065,10793,True,True,True,True,True
desgaste_rolamento,BPFI_03,0,216,1203,-907,-2308,27550,27472,-20636,10738,9949,True,True,True,True,True
desgaste_rolamento,BPFI_03,0,-1359,1308,-4068,2084,27550,27472,-18844,9357,9543,True,True,True,True,True
desgaste_rolamento,BPFI_03,0,-475,-336,-3622,-145,27550,27472,-17769,7981,9782,True,True,True,True,True
desgaste_rolamento,BPFI_03,0,-926,-413,-1039,-3040,27550,27472,-17250,8478,8800,True,True,True,True,True
desgaste_rolamento,BPFI_03,0,-2745,734,-1643,2073,27550,27472,-18294,9798,8563,True,True,True,True,True
desgaste_rolamento,BPFI_03,0,-1697,65,836,-345,27550,27472,-18913,10042,8955,True,True,True,True,True
desgaste_rolamento,BPFI_03,0,441,-1114,3245,596,27550,27472,-19244,9680,9739,True,True,True,True,True
desgaste_rolamento,BPFI_03,0,-1715,667,2360,4307,27550,27472,-20561,10975,9631,True,True,True,True,True
desgaste_rolamento,BPFI_03,0,-1748,1295,3246,-1234,27550,27472,-20907,11900,8951,True,True,True,True,True
desgaste_rolamento,BPFI_03,0,1007,-696,2860,-1694,27550,27472,-19531,11263,8134,True,True,True,True,True
desgaste_rolamento,BPFI_03,0,546,-263,431,-1396,27550,27472,-18269,10175,8166,True,True,True,True,True
desgaste_rolamento,BPFI_03,0,-763,1214,115,-5398,27550,27472,-17123,9719,7425,True,True,True,True,True
desgaste_rolamento,BPFI_03,0,1820,-1006,-1780,-1089,27550,27472,-17043,10414,6598,True,True,True,True,True
desgaste_rolamento,BPFI_03,0,2789,-1854,-2393,-494,27550,27472,-18523,11160,6469,True,True,True,True,True
desgaste_rolamento,BPFI_03,0,-189,349,-1276,-3343,27550,27472,-19201,10970,7075,True,True,True,True,True
desgaste_rolamento,BPFI_03,0,31,-234,-2223,2020,27550,27472,-19661,11704,8134,True,True,True,True,True
desgaste_rolamento,BPFI_03,0,2114,-1816,-820,25,27550,27472,-20469,13061,7606,True,True,True,True,True
desgaste_rolamento,BPFI_03,0,-136,309,921,-636,27550,27472,-19547,13256,6285,True,True,True,True,True
desgaste_rolamento,BPFI_03,0,-1692,1459,-1012,5911,27550,27472,-18476,12261,6085,True,True,True,True,True
desgaste_rolamento,BPFI_03,0,1760,-405,863,2947,27550,27472,-17861,11338,6501,True,True,True,True,True
desgaste_rolamento,BPFI_03,0,1544,-65,1799,2139,27550,27472,-16473,11794,5202,True,True,True,True,True
desgaste_rolamento,BPFI_03,0,-1741,2238,111,4372,27550,27472,-16688,12696,4642,True,True,True,True,True
desgaste_rolamento,BPFI_03,0,-844,938,1055,-737,27550,27472,-18172,13170,4970,True,True,True,True,True
desgaste_rolamento,BPFI_03,0,590,-866,1064,389,27550,27472,-18785,12951,5951,True,True,True,True,True
desgaste_rolamento,BPFI_03,0,-2261,716,-182,1896,27550,27472,-19774,14062,5924,True,True,True,True,True
desgaste_rolamento,BPFI_03,0,-3231,793,476,-1938,27550,27472,-19363,14817,4973,True,True,True,True,True
desgaste_rolamento,BPFI_03,0,214,-1449,-32,-744,27550,27472,-18137,14342,3913,True,True,True,True,True
desgaste_rolamento,BPFI_03,0,-254,-788,306,-1398,27550,27472,-17626,13527,4076,True,True,True,True,True
desgaste_rolamento,BPFI_03,0,-1850,843,1828,-2972,27550,27472,-16919,13181,3690,True,True,True,True,True
desgaste_rolamento,BPFI_03,0,1299,-729,503,1021,27550,27472,-16378,13868,2455,True,True,True,True,True
desgaste_rolamento,BPFI_03,0,2468,-1167,725,-395,27550,27472,-17037,13567,1940,True,True,True,True,True
desgaste_rolamento,BPFI_03,0,-245,652,1567,-2042,27550,27472,-17879,13214,3052,True,True,True,True,True
desgaste_rolamento,BPFI_03,0,1404,-12,-1773,1605,27550,27472,-18649,14989,4291,True,True,True,True,True
desgaste_rolamento,BPFI_03,0,2586,-1191,-1222,-2318,27550,27472,-18996,15986,3287,True,True,True,True,True
desgaste_rolamento,BPFI_03,0,853,-9,-1011,-3459,27550,27472,-17570,16024,1682,True,True,True,True,True
desgaste_rolamento,BPFI_03,0,-569,840,-3850,1228,27550,27472,-17144,15397,1689,True,True,True,True,True
desgaste_rolamento,BPFI_03,0,1860,-790,-1757,-1078,27550,27472,-16920,14499,2390,True,True,True,True,True
desgaste_rolamento,BPFI_03,0,534,225,-263,1057,27550,27472,-15982,14928,1139,True,True,True,True,True
desgaste_rolamento,BPFI_03,0,2016,1125,-1191,3618,27550,27472,-15844,15673,100,True,True,True,True,True
desgaste_rolamento,BPFI_03,0,-8176,3475,687,384,27550,27472,-16472,16000,577,True,True,True,True,True
desgaste_rolamento,BPFI_03,0,30,-3274,1446,2926,27550,27472,-17423,15732,1968,True,True,True,True,True
desgaste_rolamento,BPFI_03,0,4300,-10406,1111,2848,27550,27472,-17997,16194,1788,True,True,True,True,True
desgaste_rolamento,BPFI_03,0,-2643,3523,1837,-1242,27550,27472,-17103,16658,358,True,True,True,True,True
desgaste_rolamento,BPFI_03,0,-2495,7065,1071,307,27550,27472,-16335,16835,-354,True,True,True,True,True
desgaste_rolamento,BPFI_03,0,6679,201,1680,-1079,27550,27472,-16274,16178,223,True,True,True,True,True
desgaste_rolamento,BPFI_03,0,-432,4549,2186,840,27550,27472,-15992,15799,158,True,True,True,True,True
desgaste_rolamento,BPFI_03,0,-4419,3958,4,6190,27550,27472,-15172,16498,-1337,True,True,True,True,True
desgaste_rolamento,BPFI_03,0,-325,-3847,217,-2303,27550,27472,-15175,16978,-2088,True,True,True,True,True
desgaste_rolamento,BPFI_03,0,-584,-2296,595,-6631,27550,27472,-16061,16526,-877,True,True,True,True,True
desgaste_rolamento,BPFI_03,0,-2692,1818,-1852,-372,27550,27472,-16518,16371,296,True,True,True,True,True
desgaste_rolamento,BPFI_03,0,772,-2043,-389,-4460,27550,27472,-16266,17425,-988,True,True,True,True,True
desgaste_rolamento,BPFI_03,0,1787,-1897,779,-597,27550,27472,-15509,17995,-2510,True,True,True,True,True
desgaste_rolamento,BPFI_03,0,433,-1798,-2845,8174,27550,27472,-15460,17750,-2314,True,True,True,True,True
desgaste_rolamento,BPFI_03,0,976,-3648,539,-4605,27550,27472,-15716,17016,-1165,True,True,True,True,True
desgaste_rolamento,BPFI_03,0,3000,-3437,-1062,-6614,27550,27472,-15137,17482,-2136,True,True,True,True,True
desgaste_rolamento,BPFI_03,0,2198,1504,-3028,-424,27550,27472,-14519,18199,-3681,True,True,True,True,True
desgaste_rolamento,BPFI_03,0,3116,2339,-253,-3754,27550,27472,-14557,18335,-3636,True,True,True,True,True
desgaste_rolamento,BPFI_03,0,952,4594,-983,5039,27550,27472,-15346,17858,-2041,True,True,True,True,True
desgaste_rolamento,BPFI_03,0,-542,3927,-1044,7610,27550,27472,-15362,18000,-2310,True,True,True,True,True
desgaste_rolamento,BPFI_03,0,-1678,496,1763,-2270,27550,27472,-14639,18649,-4004,True,True,True,True,True
desgaste_rolamento,BPFI_03,0,-4388,-1668,982,-2441,27550,27472,-14352,19016,-4677,True,True,True,True,True
desgaste_rolamento,BPFI_03,0,-5465,-1008,1327,-2232,27550,27472,-14812,18275,-3736,True,True,True,True,True
desgaste_rolamento,BPFI_03,0,-1066,-2956,3755,-2413,27550,27472,-14915,17931,-3452,True,True,True,True,True
desgaste_rolamento,BPFI_03,0,-982,-581,-82,9010,27550,27472,-14078,19036,-4918,True,True,True,True,True
desgaste_rolamento,BPFI_03,0,-788,2123,1151,7022,27550,27472,-13529,19808,-5735,True,True,True,True,True
desgaste_rolamento,BPFI_03,0,2379,335,939,1979,27550,27472,-13764,19119,-4678,True,True,True,True,True
desgaste_rolamento,BPFI_03,0,2973,-662,-1278,2013,27550,27472,-14113,17929,-3847,True,True,True,True,True
desgaste_rolamento,BPFI_03,0,-683,991,-1552,-4805,27550,27472,-13395,18566,-5110,True,True,True,True,True
desgaste_rolamento,BPFI_03,0,1769,-284,-527,-6120,27550,27472,-12854,19564,-6592,True,True,True,True,True
desgaste_rolamento,BPFI_03,0,1493,-1012,-2054,-379,27550,27472,-13062,19512,-6442,True,True,True,True,True
desgaste_rolamento,BPFI_03,0,-1324,1793,-217,-74,27550,27472,-13537,18936,-5299,True,True,True,True,True
desgaste_rolamento,BPFI_03,0,-731,689,1136,620,27550,27472,-13158,19673,-6316,True,True,True,True,True
desgaste_rolamento,BPFI_03,0,184,-1679,-1319,-459,27550,27472,-12725,20675,-7949,True,True,True,True,True
desgaste_rolamento,BPFI_03,0,-2330,-1256,658,-5779,27550,27472,-12495,20218,-7845,True,True,True,True,True
desgaste_rolamento,BPFI_03,0,-399,-1627,-1080,-2067,27550,27472,-12347,18208,-5795,True,True,True,True,True
desgaste_rolamento,BPFI_03,0,43,-2017,-1030,-3756,27550,27472,-12008,17829,-5584,True,True,True,True,True
desgaste_rolamento,BPFI_03,0,1143,494,-793,-2500,27550,27472,-11630,18897,-7152,True,True,True,True,True
desgaste_rolamento,BPFI_03,0,1563,1632,-1640,2818,27550,27472,-11353,19731,-8111,True,True,True,True,True
desgaste_rolamento,BPFI_03,0,1806,1792,405,2246,27550,27472,-11932,19558,-7510,True,True,True,True,True
desgaste_rolamento,BPFI_03,0,1654,655,573,6357,27550,27472,-12355,19516,-7336,True,True,True,True,True
desgaste_rolamento,BPFI_03,0,794,-379,-219,8816,27550,27472,-11695,20844,-9173,True,True,True,True,True
desgaste_rolamento,BPFI_03,0,-1624,-520,1830,1293,27550,27472,-10717,20774,-9876,True,True,True,True,True
desgaste_rolamento,BPFI_03,0,-1085,-1025,3070,-1073,27550,27472,-10623,19308,-8429,True,True,True,True,True
desgaste_rolamento,BPFI_03,0,-773,-721,2074,-898,27550,27472,-11297,18647,-7420,True,True,True,True,True
desgaste_rolamento,BPFI_03,0,-2197,1661,3238,-3576,27550,27472,-10382,18737,-8341,True,True,True,True,True
desgaste_rolamento,BPFI_03,0,-1256,1792,1288,1581,27550,27472,-9741,19458,-9490,True,True,True,True,True
desgaste_rolamento,BPFI_03,0,272,501,-558,783,27550,27472,-10106,19758,-9770,True,True,True,True,True
desgaste_rolamento,BPFI_03,0,131,1080,-1281,-5008,27550,27472,-10730,19879,-9157,True,True,True,True,True
desgaste_rolamento,BPFI_03,0,-337,704,-4728,-4734,27550,27472,-10503,20987,-10274,True,True,True,True,True
desgaste_rolamento,BPFI_03,0,1493,-626,-4477,-7125,27550,27472,-9862,21275,-11417,True,True,True,True,True
desgaste_rolamento,BPFI_03,0,2170,-631,-3668,-3764,27550,27472,-9228,20118,-10854,True,True,True,True,True
desgaste_rolamento,BPFI_03,0,75,83,-3077,4067,27550,27472,-9214,18793,-9341,True,True,True,True,True
desgaste_rolamento,BPFI_03,0,570,-1109,80,2689,27550,27472,-8816,17917,-8829,True,True,True,True,True
desgaste_rolamento,BPFI_03,0,1097,-2186,1303,1963,27550,27472,-8246,18323,-9864,True,True,True,True,True
desgaste_rolamento,BPFI_03,0,-1929,-1325,1097,1168,27550,27472,-7676,19998,-10884,True,True,True,True,True
desgaste_rolamento,BPFI_03,0,-1645,-969,4186,-4617,27550,27472,-8153,20430,-10632,True,True,True,True,True
desgaste_rolamento,BPFI_03,0,-181,-1356,1851,-1469,27550,27472,-9350,20295,-11049,True,True,True,True,True
desgaste_rolamento,BPFI_03,0,-945,586,-277,2694,27550,27472,-8759,21338,-12724,True,True,True,True,True
desgaste_rolamento,BPFI_03,0,-1218,1923,721,1058,27550,27472,-7636,20525,-12995,True,True,True,True,True
desgaste_rolamento,BPFI_03,0,408,1167,-746,2132,27550,27472,-7385,19135,-11569,True,True,True,True,True
desgaste_rolamento,BPFI_03,0,644,841,-592,1566,27550,27472,-7555,18273,-10404,True,True,True,True,True
desgaste_rolamento,BPFI_03,0,16,1088,837,-945,27550,27472,-6516,17639,-10926,True,True,True,True,True
desgaste_rolamento,BPFI_03,0,167,341,790,264,27550,27472,-6175,18455,-12212,True,True,True,True,True
desgaste_rolamento,BPFI_03,0,1139,-245,1679,1631,27550,27472,-6546,19235,-12751,True,True,True,True,True
desgaste_rolamento,BPFI_03,0,232,393,1557,3141,27550,27472,-7194,19858,-12571,True,True,True,True,True
desgaste_rolamento,BPFI_03,0,-441,821,787,1689,27550,27472,-7331,20536,-13948,True,True,True,True,True
desgaste_rolamento,BPFI_03,0,718,-176,309,-782,27550,27472,-6493,20089,-14811,True,True,True,True,True
desgaste_rolamento,BPFI_03,0,-95,-375,-1205,188,27550,27472,-5227,19011,-14097,True,True,True,True,True
desgaste_rolamento,BPFI_03,0,-711,-156,-1397,-1841,27550,27472,-5205,18206,-13136,True,True,True,True,True
desgaste_rolamento,BPFI_03,0,-636,-836,-1390,-1749,27550,27472,-4847,17484,-12531,True,True,True,True,True
desgaste_rolamento,BPFI_03,0,136,-1097,-2976,1721,27550,27472,-3962,17285,-13368,True,True,True,True,True
desgaste_rolamento,BPFI_03,0,253,-562,-2568,-2005,27550,27472,-3661,18383,-14875,True,True,True,True,True
desgaste_rolamento,BPFI_03,0,-33,-324,-1174,-2702,27550,27472,-4468,19177,-15071,True,True,True,True,True
desgaste_rolamento,BPFI_03,0,883,-899,-458,-829,27550,27472,-5408,19877,-14862,True,True,True,True,True
desgaste_rolamento,BPFI_03,0,1162,-957,604,-3476,27550,27472,-4414,20139,-15808,True,True,True,True,True
desgaste_rolamento,BPFI_03,0,-152,-407,1158,-402,27550,27472,-2952,18777,-15926,True,True,True,True,True
desgaste_rolamento,BPFI_03,0,114,-106,2192,2409,27550,27472,-2947,18131,-15181,True,True,True,True,True
desgaste_rolamento,BPFI_03,0,-313,165,3063,-699,27550,27472,-3359,17710,-14228,True,True,True,True,True
desgaste_rolamento,BPFI_03,0,-1224,1310,1684,1079,27550,27472,-2130,16723,-14603,True,True,True,True,True
desgaste_rolamento,BPFI_03,0,-1578,1859,1419,910,27550,27472,-1320,16883,-15666,True,True,True,True,True
desgaste_rolamento,BPFI_03,0,-536,1085,1596,-1406,27550,27472,-1743,17970,-16318,True,True,True,True,True
desgaste_rolamento,BPFI_03,0,-389,721,-205,2627,27550,27472,-2728,18811,-16023,True,True,True,True,True
desgaste_rolamento,BPFI_03,0,-915,702,-940,2105,27550,27472,-2634,19178,-16489,True,True,True,True,True
desgaste_rolamento,BPFI_03,0,-120,-108,19,-1167,27550,27472,-1331,18398,-16940,True,True,True,True,True
desgaste_rolamento,BPFI_03,0,1447,-561,-1406,2275,27550,27472,-600,17427,-17034,True,True,True,True,True
desgaste_rolamento,BPFI_03,0,798,-41,-1944,1229,27550,27472,-1144,17105,-16175,True,True,True,True,True
desgaste_rolamento,BPFI_03,0,930,40,-1573,-1626,27550,27472,-1207,16732,-15410,True,True,True,True,True
desgaste_rolamento,BPFI_03,0,2064,-629,-2590,1056,27550,27472,202,15836,-15952,True,True,True,True,True
desgaste_rolamento,BPFI_03,0,561,-309,-2016,-1775,27550,27472,869,16301,-17109,True,True,True,True,True
desgaste_rolamento,BPFI_03,0,-534,314,-698,-4038,27550,27472,-353,17495,-17000,True,True,True,True,True
desgaste_rolamento,BPFI_03,0,123,-595,-242,-2766,27550,27472,-1435,17752,-16276,True,True,True,True,True
desgaste_rolamento,BPFI_03,0,-763,-423,598,-2747,27550,27472,-348,17502,-17266,True,True,True,True,True
desgaste_rolamento,BPFI_03,0,-1619,452,1171,1541,27550,27472,1127,16520,-17667,True,True,True,True,True
desgaste_rolamento,BPFI_03,0,-1329,-67,2204,2907,27550,27472,1092,16305,-17228,True,True,True,True,True
desgaste_rolamento,BPFI_03,0,-1881,-216,2642,-56,27550,27472,348,16279,-16447,True,True,True,True,True
desgaste_rolamento,BPFI_03,0,-2455,319,2318,659,27550,27472,1299,15535,-16841,True,True,True,True,True
desgaste_rolamento,BPFI_03,0,4896,-3352,1665,178,27550,27472,2775,15428,-17356,True,True,True,True,True
desgaste_rolamento,BPFI_03,0,3726,-1067,1938,-1197,27550,27472,2682,16041,-17641,True,True,True,True,True
desgaste_rolamento,BPFI_03,0,2205,2285,629,2322,27550,27472,781,16267,-17770,True,True,True,True,True
desgaste_rolamento,BPFI_03,0,4722,-1704,-914,2131,27550,27472,794,16075,-17909,True,True,True,True,True
desgaste_rolamento,BPFI_03,0,-269,1052,-1169,-685,27550,27472,2571,15695,-18320,True,True,True,True,True
desgaste_rolamento,BPFI_03,0,-4279,4636,-2300,2410,27550,27472,3327,15288,-18709,True,True,True,True,True
desgaste_rolamento,BPFI_03,0,-887,-690,-2235,2892,27550,27472,2735,15537,-17843,True,True,True,True,True
desgaste_rolamento,BPFI_03,0,-2008,-280,-799,1939,27550,27472,2508,15557,-17310,True,True,True,True,True
desgaste_rolamento,BPFI_03,0,-4157,2259,-625,1857,27550,27472,3648,14766,-18425,True,True,True,True,True
desgaste_rolamento,BPFI_03,0,-2689,-1091,-969,-2927,27550,27472,4787,14653,-19546,True,True,True,True,True
desgaste_rolamento,BPFI_03,0,-780,-1413,396,-2297,27550,27472,3990,15289,-19185,True,True,True,True,True
desgaste_rolamento,BPFI_03,0,-2974,1704,308,2189,27550,27472,2853,15347,-17959,True,True,True,True,True
desgaste_rolamento,BPFI_03,0,466,-1433,905,433,27550,27472,3967,14639,-18559,True,True,True,True,True
desgaste_rolamento,BPFI_03,0,4005,-2262,937,2070,27550,27472,5350,14035,-19582,True,True,True,True,True
desgaste_rolamento,BPFI_03,0,3330,384,-511,-200,27550,27472,5181,14157,-19367,True,True,True,True,True
desgaste_rolamento,BPFI_03,0,4340,-919,226,-8015,27550,27472,4006,14523,-18512,True,True,True,True,True
desgaste_rolamento,BPFI_03,0,4166,-1220,-69,-5376,27550,27472,4687,14141,-19000,True,True,True,True,True
desgaste_rolamento,BPFI_03,0,-992,1601,177,-412,27550,27472,6220,13653,-20028,True,True,True,True,True
desgaste_rolamento,BPFI_03,0,-1275,221,2810,585,27550,27472,6382,13516,-20146,True,True,True,True,True
desgaste_rolamento,BPFI_03,0,-2719,-797,2686,3306,27550,27472,4849,13473,-18611,True,True,True,True,True
desgaste_rolamento,BPFI_03,0,-4183,968,1306,1289,27550,27472,4694,13155,-17913,True,True,True,True,True
desgaste_rolamento,BPFI_03,0,-2460,-58,3364,-2323,27550,27472,6218,12800,-19013,True,True,True,True,True
desgaste_rolamento,BPFI_03,0,-25,-710,1588,1005,27550,27472,7154,12414,-19961,True,True,True,True,True
desgaste_rolamento,BPFI_03,0,426,1408,-666,1465,27550,27472,8117,12751,-19484,True,True,True,True,True
desgaste_rolamento,BPFI_03,0,2402,1226,-1697,1856,27550,27472,8097,13150,-19046,True,True,True,True,True
desgaste_rolamento,BPFI_03,0,3209,-72,-3351,4856,27550,27472,7668,12680,-20339,True,True,True,True,True
desgaste_rolamento,BPFI_03,0,1637,1307,-3892,2267,27550,27472,8668,11905,-20693,True,True,True,True,True
desgaste_rolamento,BPFI_03,0,863,966,-3543,897,27550,27472,7673,11966,-19743,True,True,True,True,True
desgaste_rolamento,BPFI_03,0,2075,-1317,-3981,106,27550,27472,5838,11873,-18525,True,True,True,True,True
desgaste_rolamento,BPFI_03,0,-60,-225,-1704,-3224,27550,27472,6393,10872,-18318,True,True,True,True,True
desgaste_rolamento,BPFI_03,0,-1388,602,-625,-1313,27550,27472,8258,10740,-19177,True,True,True,True,True
desgaste_rolamento,BPFI_03,0,-888,-1533,537,-733,27550,27472,8579,10983,-19515,True,True,True,True,True
desgaste_rolamento,BPFI_03,0,-2605,-783,3459,-3500,27550,27472,8049,11498,-19494,True,True,True,True,True
desgaste_rolamento,BPFI_03,0,-4464,794,3898,-202,27550,27472,8962,11256,-20424,True,True,True,True,True
desgaste_rolamento,BPFI_03,0,-2063,-1014,3842,-743,27550,27472,10479,10486,-21545,True,True,True,True,True
desgaste_rolamento,BPFI_03,0,-56,-963,4617,-2833,27550,27472,10482,9994,-20893,True,True,True,True,True
desgaste_rolamento,BPFI_03,0,135,925,1469,33,27550,27472,8919,10080,-18935,True,True,True,True,True
desgaste_rolamento,BPFI_03,0,2890,92,-439,-512,27550,27472,8287,9606,-17917,True,True,True,True,True
desgaste_rolamento,BPFI_03,0,4426,-795,-1847,-607,27550,27472,9337,8975,-18263,True,True,True,True,True
desgaste_rolamento,BPFI_03,0,2355,347,-3465,2768,27550,27472,10913,8703,-19612,True,True,True,True,True
desgaste_rolamento,BPFI_03,0,820,66,-3444,1481,27550,27472,11067,9378,-19777,True,True,True,True,True
desgaste_rolamento,BPFI_03,0,255,-829,-2887,997,27550,27472,10742,10054,-20018,True,True,True,True,True
desgaste_rolamento,BPFI_03,0,-1083,-69,-1317,843,27550,27472,12116,9581,-21889,True,True,True,True,True
desgaste_rolamento,BPFI_03,0,-1198,464,657,-641,27550,27472,12765,8662,-21745,True,True,True,True,True
desgaste_rolamento,BPFI_03,0,-48,-19,878,978,27550,27472,11365,8406,-19994,True,True,True,True,True
desgaste_rolamento,BPFI_03,0,-67,419,1451,2252,27550,27472,10032,8449,-18535,True,True,True,True,True
desgaste_rolamento,BPFI_03,0,-861,997,2461,1508,27550,27472,10283,7322,-17592,True,True,True,True,True
desgaste_rolamento,BPFI_03,0,-1488,838,1144,4132,27550,27472,11519,6880,-18409,True,True,True,True,True
desgaste_rolamento,BPFI_03,0,-1173,225,767,1680,27550,27472,12106,7237,-19393,True,True,True,True,True
desgaste_rolamento,BPFI_03,0,-759,110,-147,-1511,27550,27472,11934,7868,-20032,True,True,True,True,True
desgaste_rolamento,BPFI_03,0,-541,297,-1320,236,27550,27472,13055,8013,-21348,True,True,True,True,True
desgaste_rolamento,BPFI_03,0,596,-363,-826,-248,27550,27472,14123,7301,-21794,True,True,True,True,True
desgaste_rolamento,BPFI_03,0,1369,-1002,-351,-1104,27550,27472,13851,6397,-20170,True,True,True,True,True
desgaste_rolamento,BPFI_03,0,-246,-561,-675,-2126,27550,27472,12688,6335,-18637,True,True,True,True,True
desgaste_rolamento,BPFI_03,0,-1075,-592,466,-5686,27550,27472,11785,5834,-17529,True,True,True,True,True
desgaste_rolamento,BPFI_03,0,-551,-1055,904,-5327,27550,27472,12430,4939,-17174,True,True,True,True,True
desgaste_rolamento,BPFI_03,0,-1082,-298,1729,-2189,27550,27472,13892,4694,-18427,True,True,True,True,True
desgaste_rolamento,BPFI_03,0,-728,385,2539,81,27550,27472,14111,5180,-19307,True,True,True,True,True
desgaste_rolamento,BPFI_03,0,1251,77,622,3050,27550,27472,14119,5902,-20125,True,True,True,True,True
desgaste_rolamento,BPFI_03,0,1959,304,705,2508,27550,27472,15397,5517,-21131,True,True,True,True,True
desgaste_rolamento,BPFI_03,0,994,858,451,725,27550,27472,15710,4282,-20252,True,True,True,True,True
desgaste_rolamento,BPFI_03,0,1479,391,-2570,1763,27550,27472,14646,4032,-18989,True,True,True,True,True
desgaste_rolamento,BPFI_03,0,1518,-100,-3850,2211,27550,27472,13680,4250,-18138,True,True,True,True,True
desgaste_rolamento,BPFI_03,0,306,305,-3316,2709,27550,27472,13779,3075,-16870,True,True,True,True,True
desgaste_rolamento,BPFI_03,0,-115,520,-2937,2255,27550,27472,14747,2300,-16938,True,True,True,True,True
desgaste_rolamento,BPFI_03,0,420,-156,-2003,411,27550,27472,15445,2680,-18157,True,True,True,True,True
desgaste_rolamento,BPFI_03,0,-675,119,447,-1934,27550,27472,15293,3589,-19091,True,True,True,True,True
desgaste_rolamento,BPFI_03,0,-1772,638,2081,-2905,27550,27472,16386,3913,-19958,True,True,True,True,True
desgaste_rolamento,BPFI_03,0,-1628,181,3441,-1688,27550,27472,17273,2853,-19682,True,True,True,True,True
desgaste_rolamento,BPFI_03,0,-756,-354,3260,918,27550,27472,16908,1780,-18417,True,True,True,True,True
desgaste_rolamento,BPFI_03,0,-1603,147,2755,-653,27550,27472,15925,2120,-17779,True,True,True,True,True
desgaste_rolamento,BPFI_03,0,-1183,267,1205,-1705,27550,27472,15210,1836,-17094,True,True,True,True,True
desgaste_rolamento,BPFI_03,0,656,-443,-323,338,27550,27472,15689,274,-16007,True,True,True,True,True
desgaste_rolamento,BPFI_03,0,1071,-829,-912,-2443,27550,27472,16838,-417,-16571,True,True,True,True,True
desgaste_rolamento,BPFI_03,0,653,-470,-2068,-2743,27550,27472,16739,827,-17788,True,True,True,True,True
desgaste_rolamento,BPFI_03,0,1190,-719,-2756,604,27550,27472,16578,2047,-18841,True,True,True,True,True
desgaste_rolamento,BPFI_03,0,1210,-1041,-1613,-956,27550,27472,17831,1208,-19201,True,True,True,True,True
desgaste_rolamento,BPFI_03,0,172,-189,-1138,-179,27550,27472,17998,-250,-17772,True,True,True,True,True
desgaste_rolamento,BPFI_03,0,-542,632,-1865,2332,27550,27472,17391,-341,-17182,True,True,True,True,True
desgaste_rolamento,BPFI_03,0,461,-14,-758,-1160,27550,27472,16491,186,-16840,True,True,True,True,True
desgaste_rolamento,BPFI_03,0,617,-16,660,-217,27550,27472,16617,-677,-15930,True,True,True,True,True
desgaste_rolamento,BPFI_03,0,-626,789,1360,2783,27550,27472,17094,-2086,-15504,True,True,True,True,True
desgaste_rolamento,BPFI_03,0,203,10,2242,1552,27550,27472,17430,-2011,-16154,True,True,True,True,True
desgaste_rolamento,BPFI_03,0,952,-520,1554,3610,27550,27472,17450,-364,-17280,True,True,True,True,True
desgaste_rolamento,BPFI_03,0,-1219,868,526,3615,27550,27472,17668,-229,-17684,True,True,True,True,True
desgaste_rolamento,BPFI_03,0,-757,817,598,-164,27550,27472,18249,-1684,-16964,True,True,True,True,True
desgaste_rolamento,BPFI_03,0,535,-261,199,1840,27550,27472,18684,-2409,-16004,True,True,True,True,True
desgaste_rolamento,BPFI_03,0,-832,633,236,404,27550,27472,16458,-461,-17447,True,True,True,True,True
desgaste_rolamento,BPFI_03,0,-1350,681,1135,-2159,27550,27472,15573,-281,-17500,True,True,True,True,True
desgaste_rolamento,BPFI_03,0,218,-691,713,1280,27550,27472,17798,-3027,-15011,True,True,True,True,True
desgaste_rolamento,BPFI_03,0,-625,-333,1379,-641,27550,27472,18779,-4024,-14881,True,True,True,True,True
desgaste_rolamento,BPFI_03,0,-2798,466,1203,-2962,27550,27472,18450,-3044,-15561,True,True,True,True,True
desgaste_rolamento,BPFI_03,0,-1789,-529,-593,-38,27550,27472,17759,-1869,-16158,True,True,True,True,True
desgaste_rolamento,BPFI_03,0,-4673,-1459,-494,-2521,27550,27472,18528,-2857,-15925,True,True,True,True,True
desgaste_rolamento,BPFI_03,0,871,-773,-257,-3637,27550,27472,19263,-4332,-15112,True,True,True,True,True
desgaste_rolamento,BPFI_03,0,9491,2047,-2335,-851,27550,27472,19051,-4300,-15063,True,True,True,True,True
desgaste_rolamento,BPFI_03,0,4482,1330,-2654,-2463,27550,27472,18199,-3280,-15333,True,True,True,True,True
desgaste_rolamento,BPFI_03,0,8177,104,-2260,869,27550,27472,18478,-3796,-14848,True,True,True,True,True
desgaste_rolamento,BPFI_03,0,1293,-864,-1673,3117,27550,27472,19393,-5261,-14137,True,True,True,True,True
desgaste_rolamento,BPFI_03,0,-4949,-2147,-612,-282,27550,27472,19549,-5562,-14110,True,True,True,True,True
desgaste_rolamento,BPFI_03,0,-2129,-2134,-739,574,27550,27472,18999,-3952,-14319,True,True,True,True,True
desgaste_rolamento,BPFI_03,0,-4523,749,-104,-246,27550,27472,18972,-3888,-14202,True,True,True,True,True
desgaste_rolamento,BPFI_03,0,-2977,682,4484,-2215,27550,27472,19670,-5870,-13941,True,True,True,True,True
desgaste_rolamento,BPFI_03,0,-1676,261,2774,4852,27548,27466,20432,-6930,-13548,True,True,True,True,True
desgaste_rolamento,BPFI_03,0,-4108,1262,-1669,4385,27547,27459,19760,-5732,-14014,True,True,True,True,True
desgaste_rolamento,BPFI_03,0,-2184,1374,1554,-3623,27547,27459,19212,-5184,-14311,True,True,True,True,True
desgaste_rolamento,BPFI_03,0,-2033,-1427,448,-1379,27547,27459,20302,-6994,-13676,True,True,True,True,True
desgaste_rolamento,BPFI_03,0,2655,2240,-2787,-695,27547,27459,20882,-8372,-13021,True,True,True,True,True
desgaste_rolamento,BPFI_03,0,3402,2830,-128,958,27547,27459,19990,-7440,-13045,True,True,True,True,True
desgaste_rolamento,BPFI_03,0,5147,-298,-1230,3487,27547,27459,18702,-5894,-13129,True,True,True,True,True
desgaste_rolamento,BPFI_03,0,5857,-348,-3173,213,27547,27459,18915,-6748,-12483,True,True,True,True,True
desgaste_rolamento,BPFI_03,0,388,-282,4,-2141,27547,27459,20064,-8277,-11991,True,True,True,True,True
desgaste_rolamento,BPFI_03,0,-2910,-3835,1935,-2624,27547,27459,20266,-8356,-12209,True,True,True,True,True
desgaste_rolamento,BPFI_03,0,-1344,-2017,1173,-3741,27547,27459,19904,-7553,-12733,True,True,True,True,True
desgaste_rolamento,BPFI_03,0,-3595,-47,1987,2475,27547,27459,20556,-8249,-12520,True,True,True,True,True
desgaste_rolamento,BPFI_03,0,-3272,-476,2700,3216,27547,27459,21790,-9880,-12049,True,True,True,True,True
desgaste_rolamento,BPFI_03,0,1193,1138,2672,-2045,27547,27459,21118,-9936,-11481,True,True,True,True,True
desgaste_rolamento,BPFI_03,0,1693,1429,722,3534,27547,27459,19008,-8047,-11305,True,True,True,True,True
desgaste_rolamento,BPFI_03,0,1566,-59,845,-153,27547,27459,18335,-7521,-11094,True,True,True,True,True
desgaste_rolamento,BPFI_03,0,2172,-246,-646,-3982,27547,27459,19025,-8868,-10446,True,True,True,True,True
desgaste_rolamento,BPFI_03,0,2475,47,-3524,3836,27547,27459,20244,-10472,-9988,True,True,True,True,True
desgaste_rolamento,BPFI_03,0,157,-421,-2686,1105,27547,27459,20237,-9691,-10610,True,True,True,True,True
desgaste_rolamento,BPFI_03,0,-238,446,-1450,-79,27547,27459,20248,-9180,-11225,True,True,True,True,True
desgaste_rolamento,BPFI_03,0,-1793,505,-2533,4733,27547,27459,21689,-11294,-10694,True,True,True,True,True
desgaste_rolamento,BPFI_03,0,-1222,-335,1524,-3568,27547,27459,21559,-11977,-9633,True,True,True,True,True
desgaste_rolamento,BPFI_03,0,-3020,-885,465,-4054,27547,27459,20043,-10580,-9345,True,True,True,True,True
desgaste_rolamento,BPFI_03,0,-3506,1086,303,2059,27547,27459,18458,-9201,-9421,True,True,True,True,True
desgaste_rolamento,BPFI_03,0,-1311,-147,4240,-2689,27547,27459,17995,-9672,-8691,True,True,True,True,True
desgaste_rolamento,BPFI_03,0,-1526,309,147,3546,27547,27459,19193,-11061,-8298,True,True,True,True,True
desgaste_rolamento,BPFI_03,0,-1138,2565,1110,5519,27547,27459,19969,-11499,-8508,True,True,True,True,True
desgaste_rolamento,BPFI_03,0,3051,839,3031,-1055,27547,27459,20256,-11220,-9281,True,True,True,True,True
desgaste_rolamento,BPFI_03,0,3409,-1111,-1460,-264,27547,27459,21300,-12159,-9467,True,True,True,True,True
desgaste_rolamento,BPFI_03,0,2914,78,-1343,-1277,27547,27459,21847,-13366,-8793,True,True,True,True,True
desgaste_rolamento,BPFI_03,0,3391,-1813,-760,-4192,27547,27459,20381,-13126,-7926,True,True,True,True,True
desgaste_rolamento,BPFI_03,0,1373,-1902,-3445,-3418,27547,27459,18824,-11621,-7853,True,True,True,True,True
desgaste_rolamento,BPFI_03,0,-63,102,-3343,-826,27547,27459,17676,-10633,-7323,True,True,True,True,True
desgaste_rolamento,BPFI_03,0,-1534,-86,-2276,-892,27547,27459,17733,-11429,-6486,True,True,True,True,True
desgaste_rolamento,BPFI_03,0,-870,21,-823,-3346,27547,27459,19286,-13017,-6380,True,True,True,True,True
desgaste_rolamento,BPFI_03,0,-1245,569,262,-1602,27547,27459,19729,-12690,-7258,True,True,True,True,True
desgaste_rolamento,BPFI_03,0,-1516,599,937,751,27547,27459,20367,-12612,-8101,True,True,True,True,True
desgaste_rolamento,BPFI_03,0,99,-117,3087,200,27547,27459,21692,-14438,-7708,True,True,True,True,True
desgaste_rolamento,BPFI_03,0,12,-355,3614,3132,27547,27459,20832,-14739,-6533,True,True,True,True,True
desgaste_rolamento,BPFI_03,0,-1135,815,1940,6128,27547,27459,19277,-13416,-6045,True,True,True,True,True
desgaste_rolamento,BPFI_03,0,-2,868,3129,3021,27547,27459,18295,-12381,-6053,True,True,True,True,True
desgaste_rolamento,BPFI_03,0,910,-562,2342,1851,27547,27459,17613,-12454,-4873,True,True,True,True,True
desgaste_rolamento,BPFI_03,0,1129,226,-740,2633,27547,27459,18151,-13491,-4268,True,True,True,True,True
desgaste_rolamento,BPFI_03,0,734,-1,-1252,-2627,27547,27459,18971,-14278,-4827,True,True,True,True,True
desgaste_rolamento,BPFI_03,0,734,-580,-2763,-2156,27547,27459,19651,-14223,-5772,True,True,True,True,True
desgaste_rolamento,BPFI_03,0,37,-97,-3758,-1167,27547,27459,20991,-15196,-6190,True,True,True,True,True
desgaste_rolamento,BPFI_03,0,-2360,905,-2650,-4638,27547,27459,20728,-15949,-5163,True,True,True,True,True
desgaste_rolamento,BPFI_03,0,-1963,587,-2171,-1296,27547,27459,18784,-15655,-3451,True,True,True,True,True
desgaste_rolamento,BPFI_03,0,-211,-128,-249,1416,27547,27459,18073,-14553,-3694,True,True,True,True,True
desgaste_rolamento,BPFI_03,0,-712,-5,2166,-287,27547,27459,17480,-13798,-3871,True,True,True,True,True
desgaste_rolamento,BPFI_03,0,578,47,2167,3870,27547,27459,16946,-14512,-2608,True,True,True,True,True
desgaste_rolamento,BPFI_03,0,1889,-1295,3852,957,27547,27459,17743,-15763,-2148,True,True,True,True,True
desgaste_rolamento,BPFI_03,0,627,-727,3834,-2656,27547,27459,18456,-15642,-3233,True,True,True,True,True
desgaste_rolamento,BPFI_03,0,1183,-9,188,2937,27547,27459,19331,-15609,-4226,True,True,True,True,True
desgaste_rolamento,BPFI_03,0,576,-614,609,344,27547,27459,19721,-16662,-3308,True,True,True,True,True
desgaste_rolamento,BPFI_03,0,-114,-556,-1149,-179,27547,27459,18508,-16910,-1797,True,True,True,True,True
desgaste_rolamento,BPFI_03,0,310,-12,-3635,2490,27547,27459,17760,-16371,-1670,True,True,True,True,True
desgaste_rolamento,BPFI_03,0,-937,157,-2117,-4152,27547,27459,17307,-15604,-2056,True,True,True,True,True
desgaste_rolamento,BPFI_03,0,-743,232,-1781,-4459,27547,27459,16485,-15697,-1131,True,True,True,True,True
desgaste_rolamento,BPFI_03,0,-19,528,-2151,1153,27547,27459,16427,-16492,-119,True,True,True,True,True
desgaste_rolamento,BPFI_03,0,-1768,1068,860,-1426,27547,27459,17278,-17183,-284,True,True,True,True,True
desgaste_rolamento,BPFI_03,0,-870,840,1981,3517,27547,27459,18190,-17030,-1570,True,True,True,True,True
desgaste_rolamento,BPFI_03,0,-17,-72,1470,6073,27547,27459,18557,-17156,-1827,True,True,True,True,True
desgaste_rolamento,BPFI_03,0,326,271,2395,-2557,27547,27459,17931,-17620,-498,True,True,True,True,True
desgaste_rolamento,BPFI_03,0,666,41,626,170,27547,27459,16857,-17932,812,True,True,True,True,True
desgaste_rolamento,BPFI_03,0,770,-444,-779,1296,27547,27459,16602,-17179,48,True,True,True,True,True
desgaste_rolamento,BPFI_03,0,1395,-242,-854,-2602,27547,27459,16385,-16496,-284,True,True,True,True,True
desgaste_rolamento,BPFI_03,0,347,346,-2724,1647,27547,27459,15530,-17085,1387,True,True,True,True,True
desgaste_rolamento,BPFI_03,0,-252,-73,-2649,-1265,27547,27459,15723,-18160,2169,True,True,True,True,True
desgaste_rolamento,BPFI_03,0,1093,-630,-1047,-6332,27547,27459,16591,-18042,995,True,True,True,True,True
desgaste_rolamento,BPFI_03,0,-504,-319,-912,-1397,27547,27459,17260,-17560,-59,True,True,True,True,True
desgaste_rolamento,BPFI_03,0,-967,-114,676,-1869,27547,27459,17020,-18181,915,True,True,True,True,True
desgaste_rolamento,BPFI_03,0,1049,-924,2570,-1158,27547,27459,16001,-18740,2469,True,True,True,True,True
desgaste_rolamento,BPFI_03,0,77,-121,1487,4506,27547,27459,15801,-18532,2537,True,True,True,True,True
desgaste_rolamento,BPFI_03,0,-46,504,2312,1232,27547,27459,15882,-17839,1740,True,True,True,True,True
desgaste_rolamento,BPFI_03,0,648,-176,2235,-1001,27547,27459,15373,-18062,2329,True,True,True,True,True
desgaste_rolamento,BPFI_03,0,414,-282,-55,608,27547,27459,14687,-18817,3809,True,True,True,True,True
desgaste_rolamento,BPFI_03,0,-981,621,-1316,-2068,27547,27459,15097,-19305,4010,True,True,True,True,True
desgaste_rolamento,BPFI_03,0,-51,-186,-1235,1474,27547,27459,16200,-19049,2196,True,True,True,True,True
desgaste_rolamento,BPFI_03,0,-285,-174,-1322,2480,27547,27459,16029,-18925,2019,True,True,True,True,True
desgaste_rolamento,BPFI_03,0,361,-168,-483,-296,27547,27459,15179,-19548,3915,True,True,True,True,True
desgaste_rolamento,BPFI_03,0,-2135,975,-865,4433,27547,27459,14605,-20245,4890,True,True,True,True,True
desgaste_rolamento,BPFI_03,0,2543,-1483,500,1028,27547,27459,14910,-19531,3719,True,True,True,True,True
desgaste_rolamento,BPFI_03,0,-807,-197,2032,-3228,27547,27459,15116,-18881,3312,True,True,True,True,True
desgaste_rolamento,BPFI_03,0,10223,-7351,-371,2994,27547,27459,14470,-19681,4963,True,True,True,True,True
desgaste_rolamento,BPFI_03,0,-9838,8492,839,-1474,27547,27459,13888,-20606,6565,True,True,True,True,True
desgaste_rolamento,BPFI_03,0,-16904,17585,1461,-3600,27547,27459,14262,-20290,5827,True,True,True,True,True
desgaste_rolamento,BPFI_03,0,22832,-16169,-1387,3323,27547,27459,14637,-19212,4424,True,True,True,True,True
desgaste_rolamento,BPFI_03,0,-3312,2610,-1169,-445,27547,27459,14078,-19479,5300,True,True,True,True,True
desgaste_rolamento,BPFI_03,0,-24937,16406,-604,-431,27547,27459,13471,-20575,6913,True,True,True,True,True
desgaste_rolamento,BPFI_03,0,18033,-22448,-1776,3040,27547,27459,13515,-20666,6986,True,True,True,True,True
desgaste_rolamento,BPFI_03,0,4309,-9867,662,-2520,27547,27459,13949,-19976,5897,True,True,True,True,True
desgaste_rolamento,BPFI_03,0,-17350,14189,1131,-2652,27547,27459,13718,-20317,6338,True,True,True,True,True
desgaste_rolamento,BPFI_03,0,9333,-8891,-222,-1507,27547,27459,13142,-21432,8017,True,True,True,True,True
desgaste_rolamento,BPFI_03,0,13803,-7001,896,-1528,27547,27459,12884,-21530,8509,True,True,True,True,True
desgaste_rolamento,BPFI_03,0,-12133,13616,1544,3972,27547,27459,12952,-20292,6720,True,True,True,True,True
desgaste_rolamento,BPFI_03,0,6148,-2351,625,1143,27547,27459,12717,-19457,6045,True,True,True,True,True
desgaste_rolamento,BPFI_03,0,9913,-7364,-952,-4032,27547,27459,12182,-19964,7543,True,True,True,True,True
desgaste_rolamento,BPFI_03,0,-6077,10782,-1978,-2417,27547,27459,11709,-21049,9146,True,True,True,True,True
desgaste_rolamento,BPFI_03,0,-4051,5717,-1584,-3638,27547,27459,12201,-20800,8215,True,True,True,True,True
desgaste_rolamento,BPFI_03,0,6024,-3273,516,5125,27547,27459,12658,-20561,7470,True,True,True,True,True
desgaste_rolamento,BPFI_03,0,-8980,5217,-200,12041,27547,27459,12210,-21630,9188,True,True,True,True,True
desgaste_rolamento,BPFI_03,0,-3136,-556,661,-301,27547,27459,11556,-22226,10597,True,True,True,True,True
desgaste_rolamento,BPFI_03,0,1037,-9982,-101,-1725,27547,27459,11546,-21383,9537,True,True,True,True,True
desgaste_rolamento,BPFI_03,0,-2441,-1541,743,1464,27547,27459,11415,-19530,7603,True,True,True,True,True
desgaste_rolamento,BPFI_03,0,918,-746,1207,-5080,27547,27459,10779,-19115,8000,True,True,True,True,True
desgaste_rolamento,BPFI_03,0,6433,-3651,-2873,2361,27547,27459,10348,-20252,9609,True,True,True,True,True
desgaste_rolamento,BPFI_03,0,-2005,6173,-1000,7219,27547,27459,10379,-20887,10145,True,True,True,True,True
desgaste_rolamento,BPFI_03,0,3216,4297,-2041,-2742,27547,27459,11016,-20875,9620,True,True,True,True,True
desgaste_rolamento,BPFI_03,0,3952,-3301,-4182,-6074,27547,27459,11037,-21562,10322,True,True,True,True,True
desgaste_rolamento,BPFI_03,0,-6453,2711,-346,-6159,27547,27459,10579,-23029,12234,True,True,True,True,True
desgaste_rolamento,BPFI_03,0,-4218,1743,1208,-7980,27547,27459,10139,-22220,12509,True,True,True,True,True
desgaste_rolamento,BPFI_03,0,6108,-7138,1533,-1918,27547,27459,10122,-20318,10378,True,True,True,True,True
desgaste_rolamento,BPFI_03,0,-5439,1456,6038,2844,27547,27459,9558,-19023,8966,True,True,True,True,True
desgaste_rolamento,BPFI_03,0,-4288,4252,6844,974,27547,27459,8780,-19109,9875,True,True,True,True,True
desgaste_rolamento,BPFI_03,0,8120,-6292,1996,-184,27547,27459,8597,-20584,11612,True,True,True,True,True
desgaste_rolamento,BPFI_03,0,-242,-2094,3625,-964,27547,27459,9316,-20781,11211,True,True,True,True,True
desgaste_rolamento,BPFI_03,0,-6130,6197,-18,-987,27547,27459,9892,-21160,11033,True,True,True,True,True
desgaste_rolamento,BPFI_03,0,8489,-3209,-5216,377,27547,27459,9566,-22743,12941,True,True,True,True,True
desgaste_rolamento,BPFI_03,0,5433,-2093,-4562,6187,27547,27459,8643,-22571,13633,True,True,True,True,True
desgaste_rolamento,BPFI_03,0,-4612,8204,-5482,8639,27547,27459,8352,-21027,12343,True,True,True,True,True
desgaste_rolamento,BPFI_03,0,1044,2277,-5012,4986,27547,27459,8358,-19661,10984,True,True,True,True,True
desgaste_rolamento,BPFI_03,0,4209,-5411,-2577,6664,27547,27459,7355,-18889,10696,True,True,True,True,True
desgaste_rolamento,BPFI_03,0,-7012,1717,-454,1230,27547,27459,6805,-19399,11738,True,True,True,True,True
desgaste_rolamento,BPFI_03,0,-7933,1886,3163,-9335,27547,27459,7105,-20276,12731,True,True,True,True,True
desgaste_rolamento,BPFI_03,0,3376,-6226,5631,-3399,27547,27459,7839,-20754,12609,True,True,True,True,True
desgaste_rolamento,BPFI_03,0,1244,-1348,5756,-1860,27547,27459,8136,-21800,13408,True,True,True,True,True
desgaste_rolamento,BPFI_03,0,-7082,6904,5356,-6481,27547,27459,7407,-22250,14562,True,True,True,True,True
desgaste_rolamento,BPFI_03,0,2705,-488,1740,2703,27547,27459,6114,-20893,14511,True,True,True,True,True
desgaste_rolamento,BPFI_03,0,5720,-3645,-1552,1042,27547,27459,6192,-19856,13008,True,True,True,True,True
desgaste_rolamento,BPFI_03,0,-6306,4890,-2421,-4970,27547,27459,6210,-18994,12106,True,True,True,True,True
desgaste_rolamento,BPFI_03,0,-1771,854,-5961,1684,27547,27459,5231,-18387,12787,True,True,True,True,True
desgaste_rolamento,BPFI_03,0,7990,-7336,-4183,-1820,27547,27459,4865,-19214,14108,True,True,True,True,True
desgaste_rolamento,BPFI_03,0,-93,384,-3012,507,27547,27459,5728,-19806,14043,True,True,True,True,True
desgaste_rolamento,BPFI_03,0,-3966,3210,-1676,8479,27547,27459,6390,-20619,14113,True,True,True,True,True
desgaste_rolamento,BPFI_03,0,5678,-5408,3123,-334,27547,27459,5855,-21520,15487,True,True,True,True,True
desgaste_rolamento,BPFI_03,0,2481,-1972,2910,-982,27547,27459,4700,-20728,15875,True,True,True,True,True
desgaste_rolamento,BPFI_03,0,-6504,4408,1843,2049,27547,27459,4382,-19693,15083,True,True,True,True,True
desgaste_rolamento,BPFI_03,0,647,-988,5537,-8502,27547,27459,4582,-19010,14178,True,True,True,True,True
desgaste_rolamento,BPFI_03,0,6520,-2194,1932,447,27547,27459,3743,-18083,14103,True,True,True,True,True
desgaste_rolamento,BPFI_03,0,-2129,5090,-3027,8491,27547,27459,2790,-18027,14964,True,True,True,True,True
desgaste_rolamento,BPFI_03,0,-1214,3529,425,-1429,27547,27459,2682,-19009,15890,True,True,True,True,True
desgaste_rolamento,BPFI_03,0,5828,-1854,-3007,5231,27547,27459,3657,-19803,15735,True,True,True,True,True
desgaste_rolamento,BPFI_03,0,-1172,942,-4265,3630,27547,27459,3973,-20319,16234,True,True,True,True,True
desgaste_rolamento,BPFI_03,0,-6754,2469,556,-7930,27547,27459,2889,-20014,17141,True,True,True,True,True
desgaste_rolamento,BPFI_03,0,165,-2983,-472,1278,27547,27459,1521,-18971,17335,True,True,True,True,True
desgaste_rolamento,BPFI_03,0,1332,-2813,46,3413,27547,27459,1995,-18608,16208,True,True,True,True,True
desgaste_rolamento,BPFI_03,0,-4220,1603,4206,-4101,27547,27459,2252,-18163,15425,True,True,True,True,True
desgaste_rolamento,BPFI_03,0,-1389,294,1351,1293,27547,27459,894,-17250,15953,True,True,True,True,True
desgaste_rolamento,BPFI_03,0,3675,-2131,1593,-3203,27547,27459,228,-17452,17130,True,True,True,True,True
desgaste_rolamento,BPFI_03,0,-706,250,1951,-6429,27547,27459,1249,-18173,17060,True,True,True,True,True
desgaste_rolamento,BPFI_03,0,-3255,1215,-1882,383,27547,27459,2189,-19318,16891,True,True,True,True,True
desgaste_rolamento,BPFI_03,0,2169,-1410,-1528,-3958,27547,27459,1443,-19489,17655,True,True,True,True,True
desgaste_rolamento,BPFI_03,0,3040,-1822,-2375,-1521,27547,27459,95,-18315,18077,True,True,True,True,True
desgaste_rolamento,BPFI_03,0,-1375,1376,-4482,4518,27547,27459,-64,-17781,17790,True,True,True,True,True
desgaste_rolamento,BPFI_03,0,711,1196,-1723,-1134,27547,27459,441,-17606,16850,True,True,True,True,True
desgaste_rolamento,BPFI_03,0,4339,-1787,-907,1871,27547,27459,-172,-16962,16826,True,True,True,True,True
desgaste_rolamento,BPFI_03,0,277,121,-1330,3964,27547,27459,-1559,-16089,17528,True,True,True,True,True
desgaste_rolamento,BPFI_03,0,-3660,2730,3241,-3387,27547,27459,-1884,-16529,18148,True,True,True,True,True
desgaste_rolamento,BPFI_03,0,910,-358,3291,2232,27547,27459,-298,-17578,17824,True,True,True,True,True
desgaste_rolamento,BPFI_03,0,1241,-875,2963,2744,27547,27459,3,-17821,17776,True,True,True,True,True
desgaste_rolamento,BPFI_03,0,-4586,3560,3425,-526,27547,27459,-1506,-17276,18504,True,True,True,True,True
desgaste_rolamento,BPFI_03,0,-1719,1803,527,7448,27547,27459,-2901,-16452,19174,True,True,True,True,True
desgaste_rolamento,BPFI_03,0,3611,-2985,1132,1240,27547,27459,-1945,-16584,18410,True,True,True,True,True
desgaste_rolamento,BPFI_03,0,-1820,-378,349,-4976,27547,27459,-1264,-16598,17743,True,True,True,True,True
desgaste_rolamento,BPFI_03,0,-3532,1327,-2714,1565,27547,27459,-2656,-15935,18368,True,True,True,True,True
desgaste_rolamento,BPFI_03,0,3182,-3632,-1338,-4838,27547,27459,-4080,-15303,19146,True,True,True,True,True
desgaste_rolamento,BPFI_03,0,2171,-2580,-859,-5912,27547,27459,-3339,-15725,18875,True,True,True,True,True
desgaste_rolamento,BPFI_03,0,-3826,2805,-2750,3950,27547,27459,-2159,-16554,18335,True,True,True,True,True
desgaste_rolamento,BPFI_03,0,951,-191,77,-2139,27547,27459,-3011,-16287,18846,True,True,True,True,True
desgaste_rolamento,BPFI_03,0,5209,-2952,201,-2506,27547,27459,-4473,-15545,19777,True,True,True,True,True
desgaste_rolamento,BPFI_03,0,-1975,2545,-1406,4207,27547,27459,-4532,-15425,19866,True,True,True,True,True
desgaste_rolamento,BPFI_03,0,-2407,2306,2244,-3444,27547,27459,-3460,-15768,18936,True,True,True,True,True
desgaste_rolamento,BPFI_03,0,4807,-3256,1617,-2578,27547,27459,-3802,-15498,19030,True,True,True,True,True
desgaste_rolamento,BPFI_03,0,-396,203,-216,3894,27547,27459,-5344,-14857,20092,True,True,True,True,True
desgaste_rolamento,BPFI_03,0,-4948,3491,1293,405,27547,27459,-5971,-14527,20260,True,True,True,True,True
desgaste_rolamento,BPFI_03,0,3468,-2397,170,2348,27547,27459,-4374,-14984,19107,True,True,True,True,True
desgaste_rolamento,BPFI_03,0,3877,-2307,-1762,2696,27547,27459,-4011,-14905,18828,True,True,True,True,True
desgaste_rolamento,BPFI_03,0,-2714,3496,-762,-1172,27547,27459,-5665,-14186,19815,True,True,True,True,True
desgaste_rolamento,BPFI_03,0,3444,-1622,-1469,1030,27547,27459,-7258,-13726,20857,True,True,True,True,True
desgaste_rolamento,BPFI_03,0,1238,-5183,-620,-994,27547,27459,-6225,-14152,20264,True,True,True,True,True
desgaste_rolamento,BPFI_03,0,-12477,7632,51,-904,27547,27459,-5441,-14430,19761,True,True,True,True,True
desgaste_rolamento,BPFI_03,0,-6158,3301,-1122,3863,27547,27459,-6891,-13960,20704,True,True,True,True,True
desgaste_rolamento,BPFI_03,0,5226,-5046,1484,513,27547,27459,-8341,-13362,21208,True,True,True,True,True
desgaste_rolamento,BPFI_03,0,2728,2564,2106,87,27547,27459,-7423,-13289,20266,True,True,True,True,True
desgaste_rolamento,BPFI_03,0,-3289,3251,539,1584,27547,27459,-5302,-12958,19202,True,True,True,True,True
desgaste_rolamento,BPFI_03,0,6598,-3602,1341,-3409,27547,27459,-5828,-12510,19121,True,True,True,True,True
desgaste_rolamento,BPFI_03,0,2733,-1228,-344,-2079,27547,27459,-7678,-12308,19842,True,True,True,True,True
desgaste_rolamento,BPFI_03,0,-555,857,-2241,-2039,27547,27459,-8037,-12383,20328,True,True,True,True,True
desgaste_rolamento,BPFI_03,0,1173,-876,418,-6435,27547,27459,-7325,-12918,20008,True,True,True,True,True
desgaste_rolamento,BPFI_03,0,5130,-3132,-1560,-656,27547,27459,-7815,-12870,20485,True,True,True,True,True
desgaste_rolamento,BPFI_03,0,1423,-279,-2304,1690,27547,27459,-9450,-12364,21776,True,True,True,True,True
desgaste_rolamento,BPFI_03,0,-3775,1621,871,-2821,27547,27459,-10500,-11571,20102,True,True,True,True,True
desgaste_rolamento,BPFI_03,0,-2670,-177,47,52,27547,27459,-8604,-11445,18448,True,True,True,True,True
desgaste_rolamento,BPFI_03,0,-807,-1358,1048,-441,27547,27459,-7111,-11241,18317,True,True,True,True,True
desgaste_rolamento,BPFI_03,0,-7005,2147,3279,-1874,27547,27459,-8245,-10649,18717,True,True,True,True,True
desgaste_rolamento,BPFI_03,0,-3701,1548,885,6979,27547,27459,-9859,-10314,19932,True,True,True,True,True
desgaste_rolamento,BPFI_03,0,4483,-1656,777,6345,27547,27459,-9347,-10967,20020,True,True,True,True,True
desgaste_rolamento,BPFI_03,0,2277,-773,40,1754,27547,27459,-9085,-11411,20353,True,True,True,True,True
desgaste_rolamento,BPFI_03,0,-1314,2760,-2993,1939,27547,27459,-10687,-11060,21687,True,True,True,True,True
desgaste_rolamento,BPFI_03,0,4180,-379,-1961,-3337,27547,27459,-11353,-10154,21548,True,True,True,True,True
desgaste_rolamento,BPFI_03,0,4590,-2764,-2884,-2032,27547,27459,-10254,-9852,20071,True,True,True,True,True
desgaste_rolamento,BPFI_03,0,-3382,2456,-4050,162,27547,27459,-8980,-9853,18464,True,True,True,True,True
desgaste_rolamento,BPFI_03,0,-3642,2781,-1461,-1308,27547,27459,-9074,-9253,17894,True,True,True,True,True
desgaste_rolamento,BPFI_03,0,3310,-3218,170,477,27547,27459,-10295,-8843,18782,True,True,True,True,True
desgaste_rolamento,BPFI_03,0,-2424,191,3040,237,27547,27459,-11099,-8853,19899,True,True,True,True,True
desgaste_rolamento,BPFI_03,0,-5414,3339,5224,-827,27547,27459,-10769,-9518,20295,True,True,True,True,True
desgaste_rolamento,BPFI_03,0,3750,-3548,4626,502,27547,27459,-11427,-9879,21205,True,True,True,True,True
desgaste_rolamento,BPFI_03,0,3533,-3296,4768,-1391,27547,27459,-12654,-9250,21827,True,True,True,True,True
desgaste_rolamento,BPFI_03,0,-4141,3096,2721,158,27547,27459,-12560,-7933,20427,True,True,True,True,True
desgaste_rolamento,BPFI_03,0,1580,-584,-1179,410,27547,27459,-11019,-7757,19107,True,True,True,True,True
desgaste_rolamento,BPFI_03,0,5796,-3922,-1910,-2478,27547,27459,-10145,-7605,17914,True,True,True,True,True
desgaste_rolamento,BPFI_03,0,-1605,2370,-3922,726,27547,27459,-11001,-6999,17565,True,True,True,True,True
desgaste_rolamento,BPFI_03,0,-1075,2322,-4527,1690,27547,27459,-12410,-6789,18803,True,True,True,True,True
desgaste_rolamento,BPFI_03,0,4473,-3064,-2788,-1229,27547,27459,-12264,-7533,19455,True,True,True,True,True
desgaste_rolamento,BPFI_03,0,-980,159,-2129,1122,27547,27459,-12357,-8127,20294,True,True,True,True,True
desgaste_rolamento,BPFI_03,0,-6341,3835,-1051,429,27547,27459,-13955,-7916,21414,True,True,True,True,True
desgaste_rolamento,BPFI_03,0,-1408,-727,1754,-1288,27547,27459,-14290,-6797,20550,True,True,True,True,True
desgaste_rolamento,BPFI_03,0,870,-1734,2176,1533,27547,27459,-13257,-6162,19118,True,True,True,True,True
desgaste_rolamento,BPFI_03,0,-3213,2486,2399,-238,27547,27459,-12367,-6128,18164,True,True,True,True,True
desgaste_rolamento,BPFI_03,0,-118,1176,2357,1454,27547,27459,-12218,-5209,17044,True,True,True,True,True
desgaste_rolamento,BPFI_03,0,6368,-2652,1694,5231,27547,27459,-13194,-4546,17357,True,True,True,True,True
desgaste_rolamento,BPFI_03,0,1328,754,499,715,27547,27459,-13983,-4446,18945,True,True,True,True,True
desgaste_rolamento,BPFI_03,0,-2758,2998,-1684,-224,27547,27459,-13770,-5391,19664,True,True,True,True,True
desgaste_rolamento,BPFI_03,0,1820,-1372,-3298,692,27547,27459,-14605,-6041,20619,True,True,True,True,True
desgaste_rolamento,BPFI_03,0,860,-1632,-1653,-5831,27547,27459,-15355,-5023,20313,True,True,True,True,True
desgaste_rolamento,BPFI_03,0,-4096,2181,-1799,-1763,27547,27459,-15304,-3546,18646,True,True,True,True,True
desgaste_rolamento,BPFI_03,0,-571,-382,-1308,1148,27547,27459,-14184,-4179,18147,True,True,True,True,True
desgaste_rolamento,BPFI_03,0,2677,-3124,691,-3413,27547,27459,-13564,-4073,17488,True,True,True,True,True
desgaste_rolamento,BPFI_03,0,-1082,382,555,1076,27547,27459,-14052,-2440,16282,True,True,True,True,True
desgaste_rolamento,BPFI_03,0,-2904,1299,1577,-1234,27547,27459,-15257,-1893,17039,True,True,True,True,True
desgaste_rolamento,BPFI_03,0,2093,-2351,2585,-4429,27547,27459,-15454,-2911,18213,True,True,True,True,True
desgaste_rolamento,BPFI_03,0,2399,-1247,1117,1804,27547,27459,-15538,-3788,19249,True,True,True,True,True
desgaste_rolamento,BPFI_03,0,-1594,2243,1079,220,27547,27459,-16229,-3092,19500,True,True,True,True,True
desgaste_rolamento,BPFI_03,0,2330,161,560,513,27547,27459,-16601,-1772,18370,True,True,True,True,True
desgaste_rolamento,BPFI_03,0,5522,-1769,-1772,6441,27547,27459,-16314,-1516,17550,True,True,True,True,True
desgaste_rolamento,BPFI_03,0,-1510,1936,-959,-240,27547,27459,-15380,-1908,17201,True,True,True,True,True
desgaste_rolamento,BPFI_03,0,-3275,2170,-1148,217,27547,27459,-15256,-1303,16420,True,True,True,True,True
desgaste_rolamento,BPFI_03,0,974,-1928,-2325,4494,27547,27459,-15802,-34,15981,True,True,True,True,True
desgaste_rolamento,BPFI_03,0,-1800,-93,71,-1804,27547,27459,-16409,241,17044,True,True,True,True,True
desgaste_rolamento,BPFI_03,0,-4766,2413,-399,1882,27547,27459,-16425,-1492,17854,True,True,True,True,True
desgaste_rolamento,BPFI_03,0,926,-1063,-444,3824,27547,27459,-16661,-2027,18081,True,True,True,True,True
desgaste_rolamento,BPFI_03,0,3191,-1672,1988,-2782,27547,27459,-17122,-615,17635,True,True,True,True,True
desgaste_rolamento,BPFI_03,0,-1418,1794,1699,-720,27547,27459,-17457,844,16582,True,True,True,True,True
desgaste_rolamento,BPFI_03,0,-691,502,133,307,27547,27459,-16628,5,16512,True,True,True,True,True
desgaste_rolamento,BPFI_03,0,3437,-2239,1719,-3709,27547,27459,-16087,-332,16224,True,True,True,True,True
desgaste_rolamento,BPFI_03,0,-209,1,670,2343,27547,27459,-16595,1090,15285,True,True,True,True,True
desgaste_rolamento,BPFI_03,0,-3036,1757,-104,3351,27547,27459,-17499,2087,15192,True,True,True,True,True
desgaste_rolamento,BPFI_03,0,1734,-1302,480,-1029,27547,27459,-17493,1198,15960,True,True,True,True,True
desgaste_rolamento,BPFI_03,0,1633,-1489,-1888,911,27547,27459,-17253,-115,16798,True,True,True,True,True
desgaste_rolamento,BPFI_03,0,-3165,1559,-1121,-5047,27547,27459,-17508,647,16547,True,True,True,True,True
desgaste_rolamento,BPFI_03,0,-1250,179,-333,-5309,27547,27459,-17939,2251,15648,True,True,True,True,True
desgaste_rolamento,BPFI_03,0,2367,-2122,-1658,1329,27547,27459,-17932,2413,15362,True,True,True,True,True
desgaste_rolamento,BPFI_03,0,-628,234,-300,-2686,27547,27459,-17106,1436,15639,True,True,True,True,True
desgaste_rolamento,BPFI_03,0,-1885,1551,-149,1507,27547,27459,-17110,1829,15277,True,True,True,True,True
desgaste_rolamento,BPFI_03,0,3164,-1023,-1087,5492,27547,27459,-17887,3314,14479,True,True,True,True,True
desgaste_rolamento,BPFI_03,0,2944,-749,1437,-2154,27547,27459,-18530,3988,14867,True,True,True,True,True
desgaste_rolamento,BPFI_03,0,-1909,2465,79,1614,27547,27459,-17818,2403,15703,True,True,True,True,True
desgaste_rolamento,BPFI_03,0,182,922,-630,4525,27547,27459,-17536,2064,15393,True,True,True,True,True
desgaste_rolamento,BPFI_03,0,2653,-1760,2181,-2810,27547,27459,-18336,3572,14586,True,True,True,True,True
desgaste_rolamento,BPFI_03,0,-2619,1133,925,1198,27547,27459,-19126,5019,13974,True,True,True,True,True
desgaste_rolamento,BPFI_03,0,-3921,1899,-293,1915,27547,27459,-18476,3977,14366,True,True,True,True,True
desgaste_rolamento,BPFI_03,0,1120,-1775,508,-3861,27547,27459,-17870,3054,14626,True,True,True,True,True
desgaste_rolamento,BPFI_03,0,-71,-652,-1333,1061,27547,27459,-18462,4194,14135,True,True,True,True,True
desgaste_rolamento,BPFI_03,0,-3710,2222,-1378,-51,27547,27459,-19338,5694,13592,True,True,True,True,True
desgaste_rolamento,BPFI_03,0,995,-766,-142,-3291,27547,27459,-19192,5150,13743,True,True,True,True,True
desgaste_rolamento,BPFI_03,0,3432,-2225,-1284,2407,27547,27459,-18127,3606,13628,True,True,True,True,True
desgaste_rolamento,BPFI_03,0,-1773,1400,712,-413,27547,27459,-17999,4196,13240,True,True,True,True,True
desgaste_rolamento,BPFI_03,0,87,580,2095,-2211,27547,27459,-18798,5856,12879,True,True,True,True,True
desgaste_rolamento,BPFI_03,0,4591,-2747,70,1739,27547,27459,-19182,6220,12817,True,True,True,True,True
desgaste_rolamento,BPFI_03,0,380,-18,699,-2324,27547,27459,-18521,5220,13496,True,True,True,True,True
desgaste_rolamento,BPFI_03,0,-1896,1630,1042,-2006,27547,27459,-18765,5601,13446,True,True,True,True,True
desgaste_rolamento,BPFI_03,0,2900,-1625,-814,1470,27547,27459,-19944,7146,12767,True,True,True,True,True
desgaste_rolamento,BPFI_03,0,1492,-597,-177,-1518,27547,27459,-20106,7488,12540,True,True,True,True,True
desgaste_rolamento,BPFI_03,0,-677,3260,-499,409,27547,27459,-18969,5991,13010,True,True,True,True,True
desgaste_rolamento,BPFI_03,0,-4048,-81,-722,1910,27547,27459,-17814,5269,12379,True,True,True,True,True
desgaste_rolamento,BPFI_03,0,-2555,-5253,221,686,27547,27459,-18016,6338,11450,True,True,True,True,True
desgaste_rolamento,BPFI_03,0,-4955,-2180,-1078,5691,27547,27459,-18965,7851,11074,True,True,True,True,True
desgaste_rolamento,BPFI_03,0,-2539,2277,45,2792,27547,27459,-18864,7318,11669,True,True,True,True,True
desgaste_rolamento,BPFI_03,0,4817,2534,809,-163,27547,27459,-19009,6880,12013,True,True,True,True,True
desgaste_rolamento,BPFI_03,0,5389,1983,48,3737,27547,27459,-19968,8173,11619,True,True,True,True,True
desgaste_rolamento,BPFI_03,0,1789,3339,1202,-540,27547,27459,-20485,9669,11107,True,True,True,True,True
desgaste_rolamento,BPFI_03,0,912,999,-162,-2205,27547,27459,-19538,8955,10886,True,True,True,True,True
desgaste_rolamento,BPFI_03,0,536,-2543,-1727,-1092,27547,27459,-17939,7340,10561,True,True,True,True,True
desgaste_rolamento,BPFI_03,0,9,-305,828,-4400,27547,27459,-17409,7475,9908,True,True,True,True,True
desgaste_rolamento,BPFI_03,0,-1884,1334,-193,-819,27547,27459,-18109,8791,9390,True,True,True,True,True
desgaste_rolamento,BPFI_03,0,1280,-1960,613,2402,27547,27459,-19134,9606,9058,True,True,True,True,True
desgaste_rolamento,BPFI_03,0,635,-1973,1179,426,27547,27459,-19166,9003,9827,True,True,True,True,True
desgaste_rolamento,BPFI_03,0,-4454,-196,-916,2208,27547,27459,-19641,9496,10215,True,True,True,True,True
desgaste_rolamento,BPFI_03,0,-3051,-3393,1601,-4256,27547,27459,-21049,11201,9813,True,True,True,True,True
desgaste_rolamento,BPFI_03,0,-124,-2626,1549,-9319,27547,27459,-20159,11471,8655,True,True,True,True,True
desgaste_rolamento,BPFI_03,0,-1725,2412,-1577,-121,27547,27459,-18698,9709,9096,True,True,True,True,True
desgaste_rolamento,BPFI_03,0,1356,2963,-309,2035,27547,27459,-17480,8739,8726,True,True,True,True,True
desgaste_rolamento,BPFI_03,0,5275,1565,-1112,757,27547,27459,-17201,9576,7636,True,True,True,True,True
desgaste_rolamento,BPFI_03,0,3674,2084,-4538,3958,27547,27459,-18224,10912,7317,True,True,True,True,True
desgaste_rolamento,BPFI_03,0,-456,1006,-1789,-3921,27547,27459,-18645,10728,8003,True,True,True,True,True
desgaste_rolamento,BPFI_03,0,120,-2264,-2212,-7610,27547,27459,-19269,10727,8549,True,True,True,True,True
desgaste_rolamento,BPFI_03,0,-155,-2522,-3379,209,27547,27459,-20615,12176,8451,True,True,True,True,True
desgaste_rolamento,BPFI_03,0,-4823,279,532,2119,27547,27459,-20393,12800,7461,True,True,True,True,True
desgaste_rolamento,BPFI_03,0,-2771,618,1211,6226,27547,27459,-18999,12017,6870,True,True,True,True,True
desgaste_rolamento,BPFI_03,0,341,-125,924,7838,27547,27459,-17823,10992,6855,True,True,True,True,True
desgaste_rolamento,BPFI_03,0,-1402,1055,4726,2184,27547,27459,-16705,10714,5960,True,True,True,True,True
desgaste_rolamento,BPFI_03,0,-1480,949,3495,224,27547,27459,-16982,11649,5313,True,True,True,True,True
desgaste_rolamento,BPFI_03,0,1821,-667,2361,-813,27547,27459,-18691,11997,4874,True,True,True,True,True
desgaste_rolamento,BPFI_03,0,1669,-186,3389,-1897,27547,27459,-19034,11819,5989,True,True,True,True,True
desgaste_rolamento,BPFI_03,0,2,1373,536,1818,27547,27459,-19620,12940,6801,True,True,True,True,True
desgaste_rolamento,BPFI_03,0,1113,894,75,-997,27547,27459,-20010,14081,6018,True,True,True,True,True
desgaste_rolamento,BPFI_03,0,3229,-1340,152,-3889,27547,27459,-18827,14205,4564,True,True,True,True,True
desgaste_rolamento,BPFI_03,0,-646,-559,-3099,-2047,27547,27459,-18125,12969,4982,True,True,True,True,True
desgaste_rolamento,BPFI_03,0,-1318,-697,-2568,-4724,27547,27459,-17315,12417,4819,True,True,True,True,True
desgaste_rolamento,BPFI_03,0,1373,-3236,-1350,-4086,27547,27459,-16183,12844,3280,True,True,True,True,True
desgaste_rolamento,BPFI_03,0,-942,-1665,-2934,-1764,27547,27459,-16894,13968,2743,True,True,True,True,True
desgaste_rolamento,BPFI_03,0,-2754,1725,-1479,-2075,27547,27459,-17795,14052,3707,True,True,True,True,True
desgaste_rolamento,BPFI_03,0,487,630,-372,3352,27547,27459,-18590,14092,4584,True,True,True,True,True
desgaste_rolamento,BPFI_03,0,1496,526,565,5456,27547,27459,-19358,15197,4370,True,True,True,True,True
desgaste_rolamento,BPFI_03,0,-862,2272,1980,3821,27547,27459,-18614,15648,3096,True,True,True,True,True
desgaste_rolamento,BPFI_03,0,598,727,2055,6604,27547,27459,-17593,15283,2353,True,True,True,True,True
desgaste_rolamento,BPFI_03,0,2419,-1479,2561,1212,27547,27459,-17117,14392,2739,True,True,True,True,True
desgaste_rolamento,BPFI_03,0,-748,-263,2321,-2300,27547,27459,-16385,14241,2142,True,True,True,True,True
desgaste_rolamento,BPFI_03,0,-2096,735,-187,2578,27547,27459,-16014,14871,719,True,True,True,True,True
desgaste_rolamento,BPFI_03,0,-309,-592,-91,-958,27547,27459,-16852,16084,339,True,True,True,True,True
desgaste_rolamento,BPFI_03,0,-1005,-43,102,-1729,27547,27459,-17439,15864,2043,True,True,True,True,True
desgaste_rolamento,BPFI_03,0,-1888,1388,-2911,2152,27547,27459,-18466,16079,2845,True,True,True,True,True
desgaste_rolamento,BPFI_03,0,486,198,-1132,-6050,27547,27459,-18137,16660,1620,True,True,True,True,True
desgaste_rolamento,BPFI_03,0,1231,-410,-1196,-5703,27547,27459,-16822,16830,62,True,True,True,True,True
desgaste_rolamento,BPFI_03,0,-136,1052,-2384,-255,27547,27459,-16688,15845,732,True,True,True,True,True
desgaste_rolamento,BPFI_03,0,-152,926,12,-3526,27547,27459,-16263,15288,938,True,True,True,True,True
desgaste_rolamento,BPFI_03,0,1913,-415,377,2600,27547,27459,-15361,15750,-361,True,True,True,True,True
desgaste_rolamento,BPFI_03,0,1394,-559,29,3564,27547,27459,-15334,16641,-1290,True,True,True,True,True
desgaste_rolamento,BPFI_03,0,582,-463,1101,-3777,27547,27459,-15971,16581,-465,True,True,True,True,True
desgaste_rolamento,BPFI_03,0,1542,-1598,210,960,27547,27459,-17065,16435,876,True,True,True,True,True
desgaste_rolamento,BPFI_03,0,1545,-2156,492,-330,27547,27459,-17150,16816,360,True,True,True,True,True
desgaste_rolamento,BPFI_03,0,-1193,-595,339,-3061,27547,27459,-16208,17308,-1114,True,True,True,True,True
desgaste_rolamento,BPFI_03,0,-1677,461,-2544,4707,27547,27459,-15613,17513,-1664,True,True,True,True,True
desgaste_rolamento,BPFI_03,0,-744,135,-287,-35,27547,27459,-15707,16556,-793,True,True,True,True,True
desgaste_rolamento,BPFI_03,0,-807,712,751,-2426,27547,27459,-15306,16416,-1176,True,True,True,True,True
desgaste_rolamento,BPFI_03,0,-891,1792,-920,4274,27547,27459,-14474,17197,-2706,True,True,True,True,True
desgaste_rolamento,BPFI_03,0,247,730,2667,-3127,27547,27459,-14695,17929,-3317,True,True,True,True,True
desgaste_rolamento,BPFI_03,0,1243,-286,4584,-2368,27547,27459,-15512,17079,-1600,True,True,True,True,True
desgaste_rolamento,BPFI_03,0,-785,998,1178,7849,27547,27459,-15836,17043,-993,True,True,True,True,True
desgaste_rolamento,BPFI_03,0,-1043,1125,3015,-868,27547,27459,-15383,17916,-2331,True,True,True,True,True
desgaste_rolamento,BPFI_03,0,772,-600,1044,1134,27547,27459,-14679,18588,-3818,True,True,True,True,True
desgaste_rolamento,BPFI_03,0,-442,-47,-2630,5911,27547,27459,-14949,17955,-2991,True,True,True,True,True
desgaste_rolamento,BPFI_03,0,-1268,813,-433,-4999,27547,27459,-14993,17485,-2223,True,True,True,True,True
desgaste_rolamento,BPFI_03,0,1483,-1007,-2813,-817,27547,27459,-14404,18010,-3319,True,True,True,True,True
desgaste_rolamento,BPFI_03,0,977,-1250,-3106,549,27547,27459,-13824,18749,-4900,True,True,True,True,True
desgaste_rolamento,BPFI_03,0,-745,595,140,-6374,27547,27459,-14049,18619,-4352,True,True,True,True,True
desgaste_rolamento,BPFI_03,0,330,-376,-1701,1591,27547,27459,-14676,18121,-2981,True,True,True,True,True
desgaste_rolamento,BPFI_03,0,1427,-1647,-812,844,27547,27459,-14458,18342,-3700,True,True,True,True,True
desgaste_rolamento,BPFI_03,0,-233,-219,2210,-4941,27547,27459,-13807,19059,-5358,True,True,True,True,True
desgaste_rolamento,BPFI_03,0,-911,17,-1193,2233,27547,27459,-13615,19322,-5730,True,True,True,True,True
desgaste_rolamento,BPFI_03,0,923,-1610,734,-1725,27547,27459,-14181,18426,-4548,True,True,True,True,True
desgaste_rolamento,BPFI_03,0,-68,-425,2155,-2858,27547,27459,-14034,18501,-4766,True,True,True,True,True
desgaste_rolamento,BPFI_03,0,-1884,1384,-2122,7027,27547,27459,-13276,19556,-6307,True,True,True,True,True
desgaste_rolamento,BPFI_03,0,-271,356,439,2146,27547,27459,-12385,19709,-7353,True,True,True,True,True
desgaste_rolamento,BPFI_03,0,248,359,1267,845,27547,27459,-12982,18651,-5729,True,True,True,True,True
desgaste_rolamento,BPFI_03,0,-1520,1915,-787,3958,27547,27459,-13164,18135,-5034,True,True,True,True,True
desgaste_rolamento,BPFI_03,0,-738,1011,1080,-4105,27547,27459,-12451,18857,-6311,True,True,True,True,True
desgaste_rolamento,BPFI_03,0,1161,-470,1259,-2258,27547,27459,-11868,19908,-7908,True,True,True,True,True
desgaste_rolamento,BPFI_03,0,448,206,234,1456,27547,27459,-12347,19515,-7184,True,True,True,True,True
desgaste_rolamento,BPFI_03,0,493,237,2183,-2903,27547,27459,-12564,19345,-6515,True,True,True,True,True
desgaste_rolamento,BPFI_03,0,2123,-966,-1486,4673,27547,27459,-12156,20200,-7808,True,True,True,True,True
desgaste_rolamento,BPFI_03,0,1789,-587,-2555,4415,27547,27459,-11713,21246,-9620,True,True,True,True,True
desgaste_rolamento,BPFI_03,0,-251,481,-555,-4266,27547,27459,-11475,20093,-8878,True,True,True,True,True
desgaste_rolamento,BPFI_03,0,124,-150,-3676,2183,27547,27459,-11227,18146,-6812,True,True,True,True,True
desgaste_rolamento,BPFI_03,0,138,-393,-2209,-2014,27547,27459,-10874,18115,-7092,True,True,True,True,True
desgaste_rolamento,BPFI_03,0,-887,656,33,-6513,27547,27459,-10382,19147,-8698,True,True,True,True,True
desgaste_rolamento,BPFI_03,0,-1865,896,-1713,3342,27547,27459,-9952,20088,-9630,True,True,True,True,True
desgaste_rolamento,BPFI_03,0,-432,575,1992,-440,27547,27459,-10850,19661,-8676,True,True,True,True,True
desgaste_rolamento,BPFI_03,0,-3781,830,3300,-2414,27547,27459,-11042,20018,-9177,True,True,True,True,True
desgaste_rolamento,BPFI_03,0,-1365,-1064,1443,1849,27547,27459,-10385,21419,-11124,True,True,True,True,True
desgaste_rolamento,BPFI_03,0,6969,-6182,3054,-3390,27547,27459,-9174,20739,-11472,True,True,True,True,True
desgaste_rolamento,BPFI_03,0,7147,-4777,1842,-752,27547,27459,-9618,19331,-9574,True,True,True,True,True
desgaste_rolamento,BPFI_03,0,580,1429,297,1634,27547,27459,-9303,17879,-8423,True,True,True,True,True
desgaste_rolamento,BPFI_03,0,-2511,3773,432,-1883,27547,27459,-8480,18255,-9545,True,True,True,True,True
desgaste_rolamento,BPFI_03,0,2330,3326,-2735,3631,27547,27459,-8154,19636,-11340,True,True,True,True,True
desgaste_rolamento,BPFI_03,0,-3564,2062,-1274,4847,27547,27459,-8805,19800,-11111,True,True,True,True,True
desgaste_rolamento,BPFI_03,0,-3794,2931,1799,1426,27547,27459,-9299,20175,-10823,True,True,True,True,True
desgaste_rolamento,BPFI_03,0,-3588,132,-1458,2145,27547,27459,-9070,21373,-12211,True,True,True,True,True
desgaste_rolamento,BPFI_03,0,-2363,-1364,-123,-3447,27547,27459,-8177,21288,-13105,True,True,True,True,True
desgaste_rolamento,BPFI_03,0,-3805,186,2288,-3771,27547,27459,-7627,19921,-12236,True,True,True,True,True
desgaste_rolamento,BPFI_03,0,-3810,1844,-1634,5620,27547,27459,-7710,18571,-10644,True,True,True,True,True
desgaste_rolamento,BPFI_03,0,1790,-3586,-253,5867,27547,27459,-7028,17802,-10199,True,True,True,True,True
desgaste_rolamento,BPFI_03,0,4586,-3741,40,903,27547,27459,-6519,18409,-11486,True,True,True,True,True
desgaste_rolamento,BPFI_03,0,1869,-613,-3694,-1403,27547,27459,-6396,19656,-13198,True,True,True,True,True
desgaste_rolamento,BPFI_03,0,6588,-2223,-1459,-6671,27547,27459,-7497,19757,-12392,True,True,True,True,True
desgaste_rolamento,BPFI_03,0,5646,-1034,-571,-7597,27547,27459,-7879,20515,-12717,True,True,True,True,True
desgaste_rolamento,BPFI_03,0,373,4050,-1920,-1409,27547,27459,-7114,21243,-14176,True,True,True,True,True
desgaste_rolamento,BPFI_03,0,-2276,3521,1941,2203,27547,27459,-5838,20006,-14189,True,True,True,True,True
desgaste_rolamento,BPFI_03,0,-2412,408,3570,2213,27547,27459,-6206,18978,-12490,True,True,True,True,True
desgaste_rolamento,BPFI_03,0,-2765,18,3593,-1797,27547,27459,-6008,17918,-11623,True,True,True,True,True
desgaste_rolamento,BPFI_03,0,-6448,-1009,6240,-3009,27547,27459,-5060,17479,-12258,True,True,True,True,True
desgaste_rolamento,BPFI_03,0,-2161,-2766,5440,-1895,27547,27459,-4703,18392,-13687,True,True,True,True,True
desgaste_rolamento,BPFI_03,0,2562,-2606,1241,429,27547,27459,-5255,19106,-13773,True,True,True,True,True
desgaste_rolamento,BPFI_03,0,335,838,1368,5251,27547,27459,-5929,19809,-13727,True,True,True,True,True
desgaste_rolamento,BPFI_03,0,1455,1228,-3152,6883,27547,27459,-5971,20225,-15240,True,True,True,True,True
desgaste_rolamento,BPFI_03,0,5884,389,-8042,4416,27547,27459,-4755,19574,-15620,True,True,True,True,True
desgaste_rolamento,BPFI_03,0,1465,1027,-7952,776,27547,27459,-3826,18554,-14987,True,True,True,True,True
desgaste_rolamento,BPFI_03,0,-344,1681,-7232,-1135,27547,27459,-4130,17930,-13780,True,True,True,True,True
desgaste_rolamento,BPFI_03,0,1770,-86,-6390,-2389,27547,27459,-3554,17123,-13400,True,True,True,True,True
desgaste_rolamento,BPFI_03,0,-163,625,-2559,-266,27547,27459,-2686,17153,-14345,True,True,True,True,True
desgaste_rolamento,BPFI_03,0,-3634,980,2892,-2282,27547,27459,-2395,18307,-15959,True,True,True,True,True
desgaste_rolamento,BPFI_03,0,-3734,530,5314,-1560,27547,27459,-3542,18933,-14687,True,True,True,True,True
desgaste_rolamento,BPFI_03,0,-2280,-1466,6409,1235,27547,27459,-4159,19899,-15234,True,True,True,True,True
desgaste_rolamento,BPFI_03,0,-3467,-1916,7346,-1736,27547,27459,-3120,19535,-16422,True,True,True,True,True
desgaste_rolamento,BPFI_03,0,-2392,-1027,3599,-2319,27547,27459,-1688,18206,-16604,True,True,True,True,True
desgaste_rolamento,BPFI_03,0,2708,-917,1853,-813,27547,27459,-2210,17821,-15502,True,True,True,True,True
desgaste_rolamento,BPFI_03,0,4594,-671,234,-3814,27547,27459,-2261,17216,-14833,True,True,True,True,True
desgaste_rolamento,BPFI_03,0,2418,1648,-3089,-2064,27547,27459,-998,16283,-15198,True,True,True,True,True
desgaste_rolamento,BPFI_03,0,3061,1661,-5619,3952,27547,27459,-350,16693,-16494,True,True,True,True,True
desgaste_rolamento,BPFI_03,0,2804,-1187,-3859,2477,27547,27459,-986,17616,-16715,True,True,True,True,True
desgaste_rolamento,BPFI_03,0,-368,-390,-3625,708,27547,27459,-2042,18539,-16519,True,True,True,True,True
desgaste_rolamento,BPFI_03,0,-1732,407,-981,-1204,27547,27459,-1555,18627,-16893,True,True,True,True,True
desgaste_rolamento,BPFI_03,0,1541,-1954,1589,-2715,27547,27459,-245,17730,-17334,True,True,True,True,True
desgaste_rolamento,BPFI_03,0,714,-1179,3681,58,27547,27459,321,16805,-17621,True,True,True,True,True
desgaste_rolamento,BPFI_03,0,-2507,2079,4841,3017,27547,27459,-420,16631,-16434,True,True,True,True,True
desgaste_rolamento,BPFI_03,0,-898,495,4377,2018,27547,27459,41,16137,-16002,True,True,True,True,True
desgaste_rolamento,BPFI_03,0,-330,307,1589,2826,27547,27459,1431,15230,-16624,True,True,True,True,True
desgaste_rolamento,BPFI_03,0,-3575,2310,-347,654,27547,27459,1838,16045,-17991,True,True,True,True,True
desgaste_rolamento,BPFI_03,0,-1474,1618,-1544,-2440,27547,27459,202,16938,-17060,True,True,True,True,True
desgaste_rolamento,BPFI_03,0,1693,-443,-4138,2101,27547,27459,-306,17250,-16852,True,True,True,True,True
desgaste_rolamento,BPFI_03,0,86,531,-5549,4152,27547,27459,912,16711,-17641,True,True,True,True,True
desgaste_rolamento,BPFI_03,0,-791,345,-3414,1211,27547,27459,2380,15812,-18162,True,True,True,True,True
